ablation,chain_length,destination_node,destination_satellite,epoch,failed_stage,failure_reason,feasible,request_id,reward,seed,slot_mod,source_node,source_satellite,template_id,total_delay_s,total_energy_j
sc_nfv,5,13,SAT_0_12,1,,,True,2,-9.906317252101346,44,0,1,SAT_0_0,5,23.71765303330089,698.7600646349795
sc_nfv,10,4,SAT_0_3,1,,,True,6,-19.30988078979164,44,0,13,SAT_0_12,11,45.861306269663295,1608.9304698772055
sc_nfv,5,4,SAT_0_3,1,,,True,3,-11.657692318229385,44,0,12,SAT_0_11,6,27.54978765723905,1062.9620922229403
sc_nfv,5,18,SAT_0_17,1,,,True,4,-8.543565650433044,44,0,5,SAT_0_4,7,20.180729763797288,785.456241523547
sc_nfv,5,7,SAT_0_6,1,,,True,1,-15.080793963816129,44,0,3,SAT_0_2,4,35.451579579809305,1500.2702198206775
sc_nfv,10,4,SAT_0_3,1,,,True,8,-27.821671182125062,44,0,7,SAT_0_6,12,65.42843498182994,2750.4953156551437
sc_nfv,10,12,SAT_0_11,1,,,True,7,-19.411414944835123,44,0,4,SAT_0_3,12,45.15075155502878,2251.857204706017
sc_nfv,10,8,SAT_0_7,1,,,True,5,-28.99244606146547,44,0,4,SAT_0_3,10,67.59721784110448,3255.9315417061257
