ablation,arrival_lambda_total_per_slot,arrival_mode,average_communication_delay_s,average_end_to_end_delay_s,average_energy_j,average_slot_crossings,chain_length_filter,deadline_acceptance_rate,delay_margin_jain_fairness,delay_margin_max,delay_margin_mean,failure_count,feasible_count,p95_end_to_end_delay_s,request_count,route_mode_local_count,route_mode_min_cost_max_flow_count,seed,slot_count,success_rate,task_completion_rate,template_count
ELARA-NR,4.9,total_per_slot,1.1236468397328148,33.194422631051104,1561.7406258586407,0.10206775186977562,5,0.968428049185776,0.9109800502052053,1.4657586093343111,0.6035349569282019,26,3009,51.93190750697977,3035,773,17411,42,606,0.9914332784184514,0.9914332784184514,8
ELARA-NR,4.9,total_per_slot,1.3109256881392723,37.92591937310598,1736.7482233117512,0.11835180830814018,5,0.916022841787034,0.9193907232454132,1.8229421347671466,0.6895621704201086,0,2977,59.242256861170176,2977,493,17369,43,606,1.0,1.0,8
ELARA-NR,4.9,total_per_slot,1.0603867466095056,31.775672424795157,1472.0740508478425,0.10001164279892887,5,0.9671673070206077,0.9043490795835837,1.38923156874933,0.5777394986326384,0,2863,51.7681587279651,2863,684,16494,44,606,1.0,1.0,8
ELARA-NR,4.9,total_per_slot,1.2111957374241664,31.59071932408402,1431.8022894166909,0.11325905292479109,5,0.960200668896321,0.8640304762740009,1.47215585660787,0.5743767149833472,2,2990,53.6461668197926,2992,514,17436,45,606,0.9993315508021391,0.9993315508021391,8
