ablation,arrival_lambda_total_per_slot,arrival_mode,average_communication_delay_s,average_end_to_end_delay_s,average_energy_j,average_slot_crossings,chain_length_filter,deadline_acceptance_rate,delay_margin_jain_fairness,delay_margin_max,delay_margin_mean,failure_count,feasible_count,p95_end_to_end_delay_s,request_count,route_mode_local_count,route_mode_shortest_hop_per_slot_count,seed,slot_count,success_rate,task_completion_rate,template_count
ELARA-SH,4.9,total_per_slot,3.384105759927909,32.955882000640756,926.2273802911578,0.33158527258822246,5,0.9764666887636725,0.9289239209299067,1.6074214475770614,0.5991978545571041,42,3017,49.53879817779489,3059,204,18102,42,606,0.9862700228832952,0.9862700228832952,8
ELARA-SH,4.9,total_per_slot,3.28894185367336,33.22836283612065,982.3399217947132,0.32614056720098644,5,0.983429151166723,0.9383490139348566,1.4015920657708525,0.6041520515658303,20,2957,48.61674570490595,2977,260,17582,43,606,0.9932818273429627,0.9932818273429627,8
ELARA-SH,4.9,total_per_slot,3.0793428303435117,31.16499732743986,897.6552405385029,0.30695261961652776,5,0.985252808988764,0.9235632979706412,1.336788030127437,0.5666363150443621,15,2848,48.07696055561277,2863,525,16634,44,606,0.9947607404820119,0.9947607404820119,8
ELARA-SH,4.9,total_per_slot,2.936841919547154,29.904710317394656,878.4028899583685,0.29452471903891936,5,0.9816237888406282,0.9100343253307667,1.3372355708972712,0.543722005770814,21,2993,47.73790976201599,3014,411,17652,45,606,0.9930325149303252,0.9930325149303252,8
