ablation,arrival_lambda_total_per_slot,arrival_mode,average_communication_delay_s,average_end_to_end_delay_s,average_energy_j,average_slot_crossings,chain_length_filter,deadline_acceptance_rate,delay_margin_jain_fairness,delay_margin_max,delay_margin_mean,failure_count,feasible_count,p95_end_to_end_delay_s,request_count,route_mode_local_count,route_mode_min_cost_max_flow_count,seed,slot_count,success_rate,task_completion_rate,template_count
ELARA,4.9,total_per_slot,1.5063008767069235,64.57966831381742,2994.7499075322858,0.14267698358413133,15,1.0,0.9869538699389399,0.6916902413678317,0.445377022853913,0,2924,77.74479839829473,2924,1806,44978,42,606,1.0,1.0,2
ELARA,4.9,total_per_slot,1.8133986522783856,64.66261465608764,2577.0997193984927,0.16959961950882046,15,1.0,0.9883945580582649,0.6311665884402107,0.4459490665937082,0,2891,76.7085703048715,2891,3080,43176,43,606,1.0,1.0,2
ELARA,4.9,total_per_slot,1.9015262928762358,66.79223184743084,2642.4975181611735,0.17830897879888505,15,1.0,0.9774540328312322,0.8569416178581754,0.4606360817064212,1,2959,83.3699722818335,2960,1317,46039,44,606,0.9996621621621622,0.9996621621621622,2
ELARA,4.9,total_per_slot,1.8243777589102308,63.956936447127575,2524.4412294434987,0.1761826042726348,15,1.0,0.9836900050666986,0.6586714544624023,0.44108232032501765,0,2949,78.70306566960107,2949,1502,45682,45,606,1.0,1.0,2
