ablation,arrival_lambda_total_per_slot,arrival_mode,average_communication_delay_s,average_end_to_end_delay_s,average_energy_j,average_slot_crossings,chain_length_filter,deadline_acceptance_rate,delay_margin_jain_fairness,delay_margin_max,delay_margin_mean,failure_count,feasible_count,p95_end_to_end_delay_s,request_count,route_mode_local_count,route_mode_shortest_hop_per_slot_count,seed,slot_count,success_rate,task_completion_rate,template_count
Fair-NFV,4.9,total_per_slot,1.6873102125612183,25.02126786683801,1015.5895333790572,0.1643143500466802,5,0.9996704021094265,0.9431344865753933,1.0770008462402323,0.4549321430334183,1,3034,35.77421861514449,3035,307,17902,42,606,0.999670510708402,0.999670510708402,8
Fair-NFV,4.9,total_per_slot,1.775271791164338,25.97302981992948,1058.4178505415061,0.17014239264491535,5,1.0,0.957621872985217,0.9789837734488024,0.4722369058168995,0,2973,36.044092482688484,2973,184,17654,43,606,1.0,1.0,8
Fair-NFV,4.9,total_per_slot,1.5166064521687874,23.18335775110324,943.9729717469298,0.146233554546513,5,1.0,0.9556981904807144,0.9278932402720887,0.42151559547460354,0,2863,32.30672115833113,2863,555,16623,44,606,1.0,1.0,8
Fair-NFV,4.9,total_per_slot,1.492167681068091,21.64991941755161,892.5703983475951,0.1488785769528229,5,1.0,0.933732900591248,0.9073013527875612,0.39363489850093963,0,3017,32.01871632140001,3017,247,17855,45,606,1.0,1.0,8
