action,arm_key,cross_orbit_transfer,epoch,estimated_reward,execution_feedback_reward,expected_saving,migration_cost,migration_delay_s,migration_energy_j,migration_route_mode,selected_source_node,service_id,source_node,source_plane,target_node,target_plane
add,"['add', 3, None, 7]",True,10,2.120055448830322,0.0,2.534381756275173,0.41432630744485077,0.6024014075565349,0.8409109782683484,min_cost_max_flow,6,3,,,129,7
add,"['add', 3, None, 1]",True,10,2.2022394582708396,0.0,2.534381756275173,0.33214229800433337,0.39750678196508926,0.46397897170311375,min_cost_max_flow,6,3,,,22,1
add,"['add', 3, None, 5]",True,10,2.141481251501033,0.0,2.534381756275173,0.3929005047741399,0.5489746209358703,0.7490976075266031,min_cost_max_flow,129,3,,,91,5
add,"['add', 23, None, 7]",True,10,2.1716772461992506,0.0,2.4238358097341948,0.25215856353494426,0.2789942620829575,0.5376947101331592,min_cost_max_flow,164,23,,,130,7
add,"['add', 5, None, 0]",True,20,1.890909126595487,0.0,2.2358185869114666,0.34490946031597974,0.5086235237064187,1.2946002728892707,min_cost_max_flow,72,5,,,1,0
add,"['add', 5, None, 1]",True,20,1.87229732746252,0.0,2.2358185869114666,0.36352125944894653,0.555612877693278,0.9880295032610524,min_cost_max_flow,72,5,,,23,1
add,"['add', 5, None, 8]",True,20,1.98953595296941,0.0,2.2358185869114666,0.24628263394205646,0.2632801054004261,0.47883518701220384,min_cost_max_flow,109,5,,,147,8
add,"['add', 23, None, 1]",True,20,1.8702222491939415,0.0,2.2258593094953376,0.3556370603013962,0.5375672352302701,0.6198738893447422,min_cost_max_flow,9,23,,,24,1
add,"['add', 4, None, 7]",True,30,2.2314980850691626,0.0,2.525326195498029,0.2938281104288667,0.3350889197331526,0.5474006035666672,min_cost_max_flow,148,4,,,131,7
add,"['add', 14, None, 3]",True,30,1.8143427884895051,0.0,2.12708415622655,0.31274136773704486,0.5396575853788192,0.7472465938276666,min_cost_max_flow,24,14,,,55,3
add,"['add', 14, None, 5]",True,30,1.8943152749114391,0.0,2.12708415622655,0.23276888131511084,0.3400574694690306,0.5265131637968741,min_cost_max_flow,55,14,,,92,5
add,"['add', 14, None, 0]",True,30,1.879575721437659,0.0,2.12708415622655,0.24750843478889087,0.3768072302489429,0.5925951001553592,min_cost_max_flow,55,14,,,3,0
add,"['add', 9, None, 7]",True,40,1.971365587165209,0.0,2.1277535707643156,0.15638798359910658,0.24912543654556885,0.25264043115620827,min_cost_max_flow,113,9,,,133,7
move,"['move', 3, 0, 2]",True,40,1.2392816924339876,0.0,1.8299927285184565,0.752479208209469,1.3974103185630042,1.0898049149858788,min_cost_max_flow,2,3,2,0,37,2
move,"['move', 3, 0, 5]",True,40,1.2329661843464468,0.0,1.8299927285184565,0.5970265441720097,1.0087158598696533,1.1316706481210455,min_cost_max_flow,6,3,6,0,93,5
move,"['move', 3, 1, 2]",True,40,1.5818595251933418,0.0,1.8299927285184565,0.2481332033251146,0.1377231799439187,0.3045558537855655,min_cost_max_flow,22,3,22,1,39,2
add,"['add', 2, None, 3]",True,50,2.0582401224529123,0.0,2.331090210254634,0.27285008780172126,0.28608573219025857,0.5688047585770797,min_cost_max_flow,22,2,,,56,3
add,"['add', 2, None, 4]",True,50,2.089177094607808,0.0,2.331090210254634,0.24191311564682558,0.2088896027659075,0.4712707833183443,min_cost_max_flow,56,2,,,73,4
add,"['add', 2, None, 5]",True,50,2.0745339520915094,0.0,2.331090210254634,0.25655625816312444,0.24554785033291182,0.43767659914690316,min_cost_max_flow,110,2,,,94,5
add,"['add', 13, None, 1]",True,50,2.1500071621326455,0.0,2.3299735592162047,0.1799663970835591,0.18853342100572945,0.21824986217388076,min_cost_max_flow,57,13,,,22,1
add,"['add', 22, None, 0]",True,60,2.5044457024670868,0.0,2.6248185568734566,0.12037285440636963,0.16073400052738407,0.12896204017080073,min_cost_max_flow,23,22,,,4,0
add,"['add', 22, None, 8]",True,60,2.5174642669916745,0.0,2.6248185568734566,0.10735428988178186,0.12832332491183251,0.038471576225536604,min_cost_max_flow,166,22,,,149,8
add,"['add', 22, None, 6]",True,60,2.4693833768384548,0.0,2.6248185568734566,0.15543518003500165,0.24835058936940868,0.15511219320773864,min_cost_max_flow,4,22,,,110,6
add,"['add', 24, None, 8]",True,60,2.074857078629664,0.0,2.431625943325829,0.3567688646961649,0.48376167478340903,1.0443403665841848,min_cost_max_flow,7,24,,,150,8
add,"['add', 18, None, 3]",True,70,1.5753136822741596,0.0,2.1359980154021607,0.5606843331280011,0.9803269798368319,1.3499543366748314,min_cost_max_flow,147,18,,,57,3
add,"['add', 18, None, 7]",True,70,1.8843668072202626,0.0,2.1359980154021607,0.2516312081818981,0.20876706704655135,0.6346879533568468,min_cost_max_flow,115,18,,,134,7
add,"['add', 18, None, 9]",True,70,1.6643847022803098,0.0,2.1359980154021607,0.47161331312185095,0.758463886708796,0.8069830784484615,min_cost_max_flow,147,18,,,165,9
move,"['move', 4, 0, 6]",True,70,1.4033071655338278,0.0,2.1194962723875994,0.7161891068537716,1.3396314769190667,1.4540231877987626,min_cost_max_flow,5,4,5,0,112,6
add,"['add', 22, None, 4]",True,80,2.2769113506217784,0.0,2.422644068695846,0.14573271807406765,0.22401387971137865,0.20881536367111206,min_cost_max_flow,61,22,,,75,4
move,"['move', 3, 2, 0]",True,80,1.4483217867909535,0.0,2.1292007036437512,0.6808789168527978,1.2177441318771116,1.5334437777954966,min_cost_max_flow,37,3,37,2,5,0
move,"['move', 3, 2, 1]",True,80,1.4286186102686815,0.0,2.1292007036437512,0.7005820933750697,1.2676580882201733,1.0961004195408506,min_cost_max_flow,39,3,39,2,27,1
move,"['move', 3, 3, 0]",True,80,1.1702608923682698,0.0,2.1292007036437512,0.9589398112754816,1.9115568890790655,2.4264296809658474,min_cost_max_flow,67,3,67,3,6,0
add,"['add', 23, None, 3]",True,90,2.021670901508678,0.0,2.3355855856892513,0.3139146841805738,0.43337054588300816,0.5470399194819027,min_cost_max_flow,46,23,,,67,3
add,"['add', 23, None, 8]",True,90,2.0981151928835415,0.0,2.3355855856892513,0.23747039280571,0.24275195619088663,0.21894742279000803,min_cost_max_flow,164,23,,,145,8
add,"['add', 7, None, 0]",True,90,1.892056640476825,0.0,2.3291733958229246,0.43711675534609956,0.757723937037099,1.3209891367513336,min_cost_max_flow,180,7,,,5,0
add,"['add', 7, None, 3]",True,90,2.0295534754706797,0.0,2.3291733958229246,0.2996199203522448,0.41497477783002523,0.6590369517091144,min_cost_max_flow,5,7,,,58,3
add,"['add', 24, None, 2]",True,100,2.618024956240755,0.0,3.0393768963348857,0.4213519400941308,0.6452953266191344,0.9936981393770927,min_cost_max_flow,165,24,,,37,2
add,"['add', 24, None, 7]",True,100,2.6838649335137434,0.0,3.0393768963348857,0.3555119628211423,0.4813681179300602,0.5452084771123916,min_cost_max_flow,116,24,,,135,7
add,"['add', 24, None, 3]",True,100,2.676823705543616,0.0,3.0393768963348857,0.36255319079126935,0.49858336735599096,0.8037554767035909,min_cost_max_flow,94,24,,,61,3
add,"['add', 17, None, 5]",True,100,2.052387584735847,0.0,2.4271388443740243,0.3747512596381774,0.5730189028975019,0.8644883896826193,min_cost_max_flow,146,17,,,96,5
move,"['move', 28, 6, 0]",True,110,1.7588264922966297,0.0,1.519252220587623,2.1781332495409935,5.026499527953661,0.8553603514982002,min_cost_max_flow,125,28,125,6,2,0
move,"['move', 28, 6, 1]",True,110,0.7721114582634582,0.0,1.519252220587623,0.7471407623241649,1.4471480073902967,2.102228699025892,min_cost_max_flow,121,28,121,6,26,1
move,"['move', 28, 6, 4]",True,110,0.9026133136820541,0.0,1.519252220587623,0.616638906905569,1.1216952602389938,1.5676344355679637,min_cost_max_flow,122,28,122,6,79,4
add,"['add', 13, None, 4]",True,110,2.187198889009422,0.0,2.3455624957121084,0.15836360670268648,0.13448116789015785,0.24843463776727412,min_cost_max_flow,100,13,,,81,4
move,"['move', 4, 1, 0]",True,120,1.0673141966657707,0.0,1.6721257544463883,0.699687056613951,1.2999009273821684,0.43763914602996423,min_cost_max_flow,21,4,21,1,2,0
move,"['move', 4, 2, 0]",True,120,1.3278569138065541,0.0,1.6721257544463883,0.3442688406398343,0.41067650214336027,0.8902293483741883,min_cost_max_flow,40,4,40,2,7,0
move,"['move', 4, 2, 6]",True,120,1.1821951457709439,0.0,1.6721257544463883,0.4899306086754445,0.7744275799766456,1.159124185534239,min_cost_max_flow,53,4,53,2,109,6
move,"['move', 4, 3, 0]",True,120,0.9667046584706165,0.0,1.6721257544463883,0.7054210959757719,1.3121107287754512,1.8545038202094495,min_cost_max_flow,70,4,70,3,8,0
move,"['move', 14, 0, 6]",True,130,2.0517443380942915,0.0,2.3439665865188504,0.29222224842455913,0.43842757206493843,0.7020566156053385,min_cost_max_flow,3,14,3,0,113,6
move,"['move', 14, 1, 6]",True,130,1.8933874239842443,0.0,2.3439665865188504,0.45057916253460606,0.8331139846961833,1.5059717115204112,min_cost_max_flow,24,14,24,1,115,6
move,"['move', 14, 2, 6]",True,130,1.986637129694447,0.0,2.3439665865188504,0.3573294568244035,0.6008788050319254,0.9132486373546852,min_cost_max_flow,48,14,48,2,116,6
move,"['move', 14, 3, 6]",True,130,1.836038998627454,0.0,2.3439665865188504,0.5079275878913965,0.9764793859712881,1.5097464561010983,min_cost_max_flow,55,14,55,3,117,6
move,"['move', 14, 5, 2]",True,140,1.355752583735976,0.0,1.6689324825866072,0.3131798988506312,0.49060196217351404,0.8485472533417106,min_cost_max_flow,92,14,92,5,40,2
move,"['move', 14, 6, 2]",True,140,1.1994614810679662,0.0,1.6689324825866072,0.46947100151864096,0.88089951579218,1.1353492875806954,min_cost_max_flow,113,14,113,6,48,2
move,"['move', 14, 6, 1]",True,140,1.182885283053972,0.0,1.6689324825866072,0.48604719953263514,0.9230098641373843,0.6887804141014514,min_cost_max_flow,115,14,115,6,28,1
move,"['move', 14, 6, 3]",True,140,1.1409853751980457,0.0,1.6689324825866072,0.5279471073885617,1.0263654760242389,1.6182189160759057,min_cost_max_flow,116,14,116,6,55,3
move,"['move', 3, 0, 3]",True,150,2.119523482241165,0.0,2.6489310201904104,0.5294075379492456,0.8387901000141937,1.7171668471537602,min_cost_max_flow,5,3,5,0,59,3
move,"['move', 3, 0, 1]",True,150,1.9399177983427416,0.0,2.6489310201904104,0.7090132218476689,1.2864276097259335,2.6349668700328124,min_cost_max_flow,6,3,6,0,29,1
move,"['move', 3, 1, 3]",True,150,2.2125916838481348,0.0,2.6489310201904104,0.4363393363422758,0.6081529478283301,0.3615989594465276,min_cost_max_flow,27,3,27,1,62,3
move,"['move', 3, 4, 2]",True,150,2.012492586801294,0.0,2.6489310201904104,0.6364384333891163,1.1067471813864813,1.4639383320799162,min_cost_max_flow,81,3,81,4,53,2
move,"['move', 4, 0, 1]",True,160,1.431248004551818,0.0,2.422291204064941,0.9910431995131227,2.0268123343530533,1.4236059973929016,min_cost_max_flow,2,4,2,0,27,1
move,"['move', 4, 0, 2]",True,160,2.055140748836353,0.0,2.422291204064941,0.36715045522858797,0.46758849195725816,1.0849271203650348,min_cost_max_flow,7,4,7,0,38,2
move,"['move', 4, 0, 3]",True,160,1.8868462865072382,0.0,2.422291204064941,0.5354449175577028,0.8888369639246321,0.7433830239739463,min_cost_max_flow,8,4,8,0,63,3
move,"['move', 4, 4, 1]",True,160,1.8025436847733145,0.0,2.422291204064941,0.6656973369582929,1.2131897499029947,1.5955580393823912,min_cost_max_flow,77,4,77,4,31,1
move,"['move', 3, 1, 0]",True,170,1.5847355385728048,0.0,2.354136684791323,0.7694011462185183,1.4393787184360463,1.3141016813733775,min_cost_max_flow,29,3,29,1,5,0
move,"['move', 3, 2, 4]",True,170,1.603832150065953,0.0,2.354136684791323,0.7503045347253703,1.3904026914372025,2.1371005253558386,min_cost_max_flow,53,3,53,2,78,4
move,"['move', 3, 3, 4]",True,170,1.8810690688428546,0.0,2.354136684791323,0.4730676159484687,0.6993512164742697,0.7765525391416102,min_cost_max_flow,59,3,59,3,81,4
move,"['move', 3, 3, 1]",True,170,1.7836894855856507,0.0,2.354136684791323,0.5704471992056727,0.9417656787945816,1.4662164209403263,min_cost_max_flow,62,3,62,3,29,1
add,"['add', 7, None, 2]",True,180,1.8537816802837523,0.0,2.1473598636500726,0.2935781833663202,0.39997409280181273,0.5899319939765026,min_cost_max_flow,31,7,,,53,2
add,"['add', 7, None, 6]",True,180,1.9506706942284329,0.0,2.1473598636500726,0.19668916942163966,0.1582040986049833,0.28823821739529637,min_cost_max_flow,96,7,,,115,6
add,"['add', 7, None, 4]",True,180,1.82638627554471,0.0,2.1473598636500726,0.32097358810536264,0.46815471016725496,0.7951949820858543,min_cost_max_flow,115,7,,,82,4
move,"['move', 3, 4, 3]",True,180,1.4533182966275633,0.0,1.8328453600141983,0.379527063386635,0.46580901648007966,0.5704315988788715,min_cost_max_flow,78,3,78,4,59,3
move,"['move', 3, 3, 2]",True,190,1.5498994543058933,0.0,2.0590170638773495,0.5091176095714561,0.7893828724791092,0.8387712408944057,min_cost_max_flow,59,3,59,3,39,2
move,"['move', 3, 4, 1]",True,190,1.4591213003134755,0.0,2.0590170638773495,0.5998957635638739,1.0150542882086029,1.6880840752615436,min_cost_max_flow,81,3,81,4,32,1
move,"['move', 3, 5, 2]",True,190,1.5177259659322326,0.0,2.0590170638773495,0.5412910979451169,0.8694217034790199,1.1020311970550993,min_cost_max_flow,91,3,91,5,40,2
move,"['move', 3, 5, 1]",True,190,1.2390016911128625,0.0,2.0590170638773495,0.820015372764487,1.5641987065939702,2.457820486038521,min_cost_max_flow,93,3,93,5,33,1
move,"['move', 13, 0, 6]",True,200,1.2857639118690238,0.0,1.7532651361207217,0.46750122425169777,0.8561290866575746,1.045851374508208,min_cost_max_flow,11,13,11,0,114,6
move,"['move', 13, 0, 7]",True,200,1.2534808261718868,0.0,1.7532651361207217,0.49978430994883477,0.9367063246563703,1.132835537206075,min_cost_max_flow,16,13,16,0,136,7
move,"['move', 13, 1, 6]",True,200,1.3013519645718994,0.0,1.7532651361207217,0.4519131715488223,0.8169546519009145,1.1820533741556574,min_cost_max_flow,22,13,22,1,116,6
move,"['move', 13, 2, 6]",True,200,1.204460015785927,0.0,1.7532651361207217,0.5488051203347946,1.0586647714580977,1.528554979320936,min_cost_max_flow,44,13,44,2,121,6
move,"['move', 3, 0, 4]",True,210,1.9485380448830736,0.0,2.4238983461199046,0.490447971861831,0.7424719946238838,0.9966269616693737,min_cost_max_flow,5,3,5,0,78,4
move,"['move', 3, 1, 5]",True,210,1.5248823331491825,0.0,2.4238983461199046,0.8990160129707221,1.7618908342715258,2.3308023780598455,min_cost_max_flow,29,3,29,1,91,5
move,"['move', 3, 1, 4]",True,210,1.7619920982067108,0.0,2.4238983461199046,0.6619062479131939,1.1699832613294348,1.752909243573665,min_cost_max_flow,32,3,32,1,81,4
move,"['move', 3, 2, 5]",True,210,1.928250371194399,0.0,2.4238983461199046,0.4956479749255057,0.7546450519173504,1.5479272054828985,min_cost_max_flow,39,3,39,2,92,5
move,"['move', 24, 0, 4]",True,220,2.250120461621867,0.0,2.9537044133386834,0.7035839517168163,1.2987306333461675,2.4235130258308573,min_cost_max_flow,7,24,7,0,77,4
move,"['move', 24, 1, 4]",True,220,2.4250879431859187,0.0,2.9537044133386834,0.5286164701527648,0.8628812043039034,1.3773297805877243,min_cost_max_flow,29,24,29,1,83,4
move,"['move', 24, 2, 4]",True,220,2.4599583751879153,0.0,2.9537044133386834,0.5917964577757677,1.021226658458545,1.11367304916494,min_cost_max_flow,37,24,37,2,85,4
move,"['move', 24, 3, 4]",True,220,2.3383972260223214,0.0,2.9537044133386834,0.6153071873163618,1.0789452663625525,1.8191503474831767,min_cost_max_flow,61,24,61,3,87,4
move,"['move', 24, 4, 0]",True,230,1.7519049202909716,0.0,2.433783790818335,0.6818788705273633,1.2446309760621261,2.3148158994367485,min_cost_max_flow,77,24,77,4,7,0
move,"['move', 24, 4, 1]",True,230,1.8549896665394332,0.0,2.433783790818335,0.5787941242789015,0.9879300923985284,1.6408279277322335,min_cost_max_flow,83,24,83,4,29,1
move,"['move', 24, 4, 2]",True,230,1.6719287256348767,0.0,2.433783790818335,0.7618550651834581,1.445652430026712,1.5941710165375764,min_cost_max_flow,85,24,85,4,44,2
move,"['move', 24, 5, 0]",True,230,1.7322165372935874,0.0,2.433783790818335,0.7015672535247475,1.2936262723719665,2.465256688516696,min_cost_max_flow,94,24,94,5,16,0
move,"['move', 2, 0, 2]",True,240,1.591776093871995,0.0,2.12748967564944,0.5357135817774453,0.8919118187900494,1.457236984923223,min_cost_max_flow,14,2,14,0,39,2
move,"['move', 2, 1, 2]",True,240,1.850611056807066,0.0,2.12748967564944,0.2768786188423741,0.24621068876240315,0.5330521115686755,min_cost_max_flow,22,2,22,1,41,2
move,"['move', 2, 1, 0]",True,240,1.330288958004834,0.0,2.12748967564944,0.797200717644606,1.5459437384356534,1.2478503331217925,min_cost_max_flow,25,2,25,1,14,0
move,"['move', 2, 3, 2]",True,240,1.3221755867129026,0.0,2.12748967564944,0.8053140889365376,1.5663072780607763,1.1944427362590433,min_cost_max_flow,56,2,56,3,43,2
move,"['move', 3, 2, 3]",True,250,1.980868728519261,0.0,2.3470732249340505,0.3662044964147895,0.4319229072393682,0.9568928062774109,min_cost_max_flow,40,3,40,2,56,3
move,"['move', 3, 4, 0]",True,250,1.646599588689654,0.0,2.3470732249340505,0.7004736362443964,1.2655442118225437,2.3245894668384928,min_cost_max_flow,78,3,78,4,3,0
move,"['move', 3, 5, 0]",True,250,1.5707270296619233,0.0,2.3470732249340505,0.776346195272127,1.4551101844285768,2.401539442367501,min_cost_max_flow,91,3,91,5,5,0
move,"['move', 3, 5, 3]",True,250,1.8374088283128929,0.0,2.3470732249340505,0.5096643966211576,0.7901851456458644,1.21523421256003,min_cost_max_flow,92,3,92,5,59,3
add,"['add', 30, None, 1]",True,260,1.8792719625755787,0.0,2.228588533376287,0.3493165708007082,0.47691857425616035,0.9613219647078912,min_cost_max_flow,76,30,,,22,1
add,"['add', 30, None, 5]",True,260,1.8289680707742608,0.0,2.228588533376287,0.39962046260202616,0.6028689606837361,0.8342173485206403,min_cost_max_flow,76,30,,,91,5
add,"['add', 30, None, 3]",True,260,1.8253767915256582,0.0,2.228588533376287,0.4032117418506288,0.6122284346824927,0.5800334303539354,min_cost_max_flow,76,30,,,61,3
move,"['move', 22, 0, 5]",True,260,1.786101700074672,0.0,2.03970296641046,0.2536012663357878,0.4430857651059341,0.6084722035009896,min_cost_max_flow,4,22,4,0,92,5
move,"['move', 3, 3, 5]",True,270,1.0001159882448434,0.0,1.4565167596891777,0.45640077144433433,0.6571685346902996,1.1202662215644277,min_cost_max_flow,56,3,56,3,93,5
move,"['move', 3, 4, 5]",True,270,0.9269659669071487,0.0,1.4565167596891777,0.529550792782029,0.8400916347663951,1.0882350669917842,min_cost_max_flow,81,3,81,4,94,5
move,"['move', 3, 6, 5]",True,270,0.5883413942036039,0.0,1.4565167596891777,0.8681753654855738,1.6848572859244086,2.2854221342242367,min_cost_max_flow,123,3,123,6,95,5
move,"['move', 3, 7, 5]",True,270,0.8835584551919088,0.0,1.4565167596891777,0.5729583044972689,0.9481963238349636,1.3642952133462105,min_cost_max_flow,129,3,129,7,98,5
move,"['move', 24, 0, 3]",True,280,1.4107502508630478,0.0,1.9034579116772394,0.4927076608141916,0.7729524780615975,1.4817983778361914,min_cost_max_flow,7,24,7,0,56,3
move,"['move', 24, 0, 5]",True,280,1.1262926475879693,0.0,1.9034579116772394,0.7771652640892701,1.4822596329713633,2.7063672297900436,min_cost_max_flow,16,24,16,0,99,5
move,"['move', 24, 1, 3]",True,280,1.3295417773667848,0.0,1.9034579116772394,0.5739161343104546,0.9758394966361266,1.5712418219219921,min_cost_max_flow,29,24,29,1,62,3
move,"['move', 24, 2, 3]",True,280,1.2248542496789416,0.0,1.9034579116772394,0.6786036619982977,1.2385912424779235,0.8826240737956805,min_cost_max_flow,44,24,44,2,64,3
move,"['move', 24, 3, 0]",True,290,1.5804476415035342,0.0,2.053214639395325,0.47276699789179055,0.7232327549181718,1.3938422694515624,min_cost_max_flow,56,24,56,3,7,0
move,"['move', 24, 3, 1]",True,290,1.5024008733258305,0.0,2.053214639395325,0.5508137660694943,0.9182262279846327,1.4761405213172685,min_cost_max_flow,62,24,62,3,29,1
move,"['move', 24, 3, 2]",True,290,1.7156887132092702,0.0,2.053214639395325,0.3375259261860546,0.3862831985925368,0.6250936436483697,min_cost_max_flow,64,24,64,3,44,2
move,"['move', 24, 5, 1]",True,290,1.4000277556255192,0.0,2.053214639395325,0.6531868837698057,1.173800969706008,1.7148422075862113,min_cost_max_flow,99,24,99,5,22,1
move,"['move', 13, 3, 0]",True,300,1.9883881342977365,0.0,2.5028797964854683,0.5144916621877318,0.9730416099550894,1.4215657362217415,min_cost_max_flow,57,13,57,3,16,0
move,"['move', 13, 3, 1]",True,300,2.0591363968790706,0.0,2.5028797964854683,0.4437433996063976,0.7966568287738482,1.097648888158706,min_cost_max_flow,71,13,71,3,24,1
move,"['move', 13, 4, 0]",True,300,2.054227145924953,0.0,2.5028797964854683,0.44865265056051534,0.8091835793893551,0.9285667346837555,min_cost_max_flow,81,13,81,4,4,0
move,"['move', 13, 5, 0]",True,300,2.1427155166434355,0.0,2.5028797964854683,0.41045990634203283,0.7131943085382773,1.2668402712647073,min_cost_max_flow,100,13,100,5,6,0
move,"['move', 3, 0, 6]",True,310,1.3527963586538263,0.0,2.203037314429241,0.8502409557754146,1.6397119761049908,2.491612496904152,min_cost_max_flow,3,3,3,0,123,6
move,"['move', 3, 0, 7]",True,310,1.7912592323968235,0.0,2.203037314429241,0.4117780820324175,0.5462193112330169,0.7152661732248109,min_cost_max_flow,5,3,5,0,129,7
move,"['move', 3, 1, 6]",True,310,1.4988457111247098,0.0,2.203037314429241,0.7041916033045312,1.2749813766108673,2.229758041514253,min_cost_max_flow,33,3,33,1,113,6
move,"['move', 3, 3, 6]",True,310,1.470467049947179,0.0,2.203037314429241,0.7325702644820621,1.346184901813558,2.0585098689382813,min_cost_max_flow,59,3,59,3,118,6
move,"['move', 3, 5, 4]",True,320,1.5885984902791388,0.0,2.1286848873602793,0.5400863970811404,0.8663131572861857,1.1665605523170897,min_cost_max_flow,93,3,93,5,81,4
move,"['move', 3, 6, 3]",True,320,1.4688692939831824,0.0,2.1286848873602793,0.6598155933770969,1.1646080614500534,1.851951602999711,min_cost_max_flow,113,3,113,6,71,3
move,"['move', 3, 6, 1]",True,320,1.2601838203628128,0.0,2.1286848873602793,0.8685010669974665,1.6853817513692775,2.4786143574662303,min_cost_max_flow,118,3,118,6,25,1
move,"['move', 3, 6, 4]",True,320,1.4042651568637345,0.0,2.1286848873602793,0.7244197304965448,1.3252556890492997,2.4270950692485305,min_cost_max_flow,123,3,123,6,77,4
move,"['move', 3, 4, 6]",True,330,0.8809650479852934,0.0,1.6094838328407577,0.7285187848554643,1.33550110679289,2.428573838387686,min_cost_max_flow,77,3,77,4,123,6
move,"['move', 3, 5, 6]",True,330,1.230584822859858,0.0,1.6094838328407577,0.3788990099808997,0.4641601742828243,0.6229040541569468,min_cost_max_flow,94,3,94,5,113,6
move,"['move', 3, 7, 6]",True,330,0.9773786907988883,0.0,1.6094838328407577,0.6321051420418694,1.09622906300865,1.2538650052225782,min_cost_max_flow,129,3,129,7,118,6
move,"['move', 3, 8, 6]",True,330,1.109859464779642,0.0,1.6094838328407577,0.49962436806111554,0.7658285708107542,0.7195698358967968,min_cost_max_flow,159,3,159,8,120,6
move,"['move', 2, 0, 1]",True,340,1.9204202565679818,0.0,2.353956578101892,0.43353632153391003,0.6371216586053379,1.0219100355054627,min_cost_max_flow,14,2,14,0,29,1
move,"['move', 2, 2, 1]",True,340,1.8332727039968537,0.0,2.353956578101892,0.5206838741050382,0.8540700795010707,1.6355503902305257,min_cost_max_flow,39,2,39,2,30,1
move,"['move', 2, 2, 3]",True,340,2.039154952364214,0.0,2.353956578101892,0.3148016257376776,0.3408079749215176,0.6732061643316445,min_cost_max_flow,41,2,41,2,56,3
move,"['move', 2, 2, 5]",True,340,1.855995947627096,0.0,2.353956578101892,0.49796063047479594,0.7980467476959348,1.1123655432506891,min_cost_max_flow,43,2,43,2,93,5
move,"['move', 3, 1, 8]",True,350,0.44117554965626626,0.0,1.451910710652347,1.0180298452460808,2.060222536605579,1.7993879476223649,min_cost_max_flow,25,3,25,1,159,8
move,"['move', 3, 3, 8]",True,350,0.7049208810048809,0.0,1.451910710652347,0.7469898296474661,1.3818779189591623,2.2957737142089143,min_cost_max_flow,71,3,71,3,151,8
move,"['move', 3, 4, 8]",True,350,0.8669886274895023,0.0,1.451910710652347,0.5849220831628447,0.9770783274793757,2.0492572263641833,min_cost_max_flow,81,3,81,4,152,8
move,"['move', 3, 5, 8]",True,350,0.7209493629076681,0.0,1.451910710652347,0.7309613477446789,1.342445996130209,1.8695857621991128,min_cost_max_flow,95,3,95,5,154,8
move,"['move', 3, 6, 0]",True,360,0.6556936629724924,0.0,1.5396664237364834,0.883972760763991,1.7234702199475578,2.8724582494868027,min_cost_max_flow,113,3,113,6,14,0
move,"['move', 3, 8, 0]",True,360,1.0635432248137102,0.0,1.5396664237364834,0.4761231989227732,0.7061328029362812,1.3481331883081702,min_cost_max_flow,151,3,151,8,3,0
move,"['move', 3, 8, 3]",True,360,0.6850128784310757,0.0,1.5396664237364834,0.8546535453054077,1.6498850156035587,3.0639020478473262,min_cost_max_flow,152,3,152,8,71,3
move,"['move', 3, 8, 4]",True,360,1.0631656756246635,0.0,1.5396664237364834,0.4765007481118201,0.7067675694902391,1.5542041340810084,min_cost_max_flow,154,3,154,8,81,4
move,"['move', 3, 3, 7]",True,370,2.0241445491267838,0.0,2.511564341258782,0.48741979213199826,0.7347092166492075,1.1248460617324645,min_cost_max_flow,71,3,71,3,129,7
move,"['move', 3, 4, 7]",True,370,2.01897713164729,0.0,2.511564341258782,0.49258720961149227,0.7476072206295612,1.1385392073199598,min_cost_max_flow,81,3,81,4,137,7
move,"['move', 3, 5, 7]",True,370,1.895306248587608,0.0,2.511564341258782,0.6162580926711742,1.0561678901754021,1.5495646095624749,min_cost_max_flow,98,3,98,5,138,7
move,"['move', 3, 6, 2]",True,370,1.7694007681891164,0.0,2.511564341258782,0.7421635730696657,1.3695293593850693,2.484385800603719,min_cost_max_flow,118,3,118,6,37,2
move,"['move', 3, 7, 3]",True,380,0.7671581316999204,0.0,1.6798979984350861,0.9127398667351657,1.795836289253657,2.573588664045153,min_cost_max_flow,129,3,129,7,71,3
move,"['move', 3, 7, 4]",True,380,1.122845630610082,0.0,1.6798979984350861,0.5570523678250041,0.9087551084180632,1.1485443708382923,min_cost_max_flow,137,3,137,7,81,4
move,"['move', 3, 8, 5]",True,380,0.7446663413501449,0.0,1.6798979984350861,0.9352316570849413,1.851382269338501,3.0292525237752264,min_cost_max_flow,159,3,159,8,94,5
move,"['move', 3, 9, 5]",True,380,0.8000237989442001,0.0,1.6798979984350861,0.8798741994908861,1.7141848517585458,2.2317682536532955,min_cost_max_flow,176,3,176,9,95,5
move,"['move', 22, 1, 0]",True,390,1.7810964073888702,0.0,1.8937913238312118,0.11269491644234154,0.09161177237365337,0.08055086927776822,min_cost_max_flow,23,22,23,1,5,0
move,"['move', 22, 2, 0]",True,390,1.5904207394863663,0.0,1.8937913238312118,0.30337058434484554,0.5678168768858995,0.4032610319535732,min_cost_max_flow,47,22,47,2,7,0
move,"['move', 22, 3, 0]",True,390,1.538141820899165,0.0,1.8937913238312118,0.3556495029320469,0.6984276576658885,0.46093815729643145,min_cost_max_flow,61,22,61,3,9,0
move,"['move', 22, 3, 8]",True,390,1.564494216265063,0.0,1.8937913238312118,0.32929710756614883,0.6322432159831806,0.6632403359383501,min_cost_max_flow,62,22,62,3,159,8
move,"['move', 22, 0, 3]",True,400,1.5434358301393176,0.0,1.8166719781721836,0.27323614803286594,0.49246645444463866,0.4128154728282437,min_cost_max_flow,5,22,5,0,62,3
move,"['move', 22, 0, 2]",True,400,1.4210653066214725,0.0,1.8166719781721836,0.3956066715507111,0.7979491637861429,0.7085484415672992,min_cost_max_flow,7,22,7,0,47,2
move,"['move', 22, 0, 1]",True,400,1.593463088515304,0.0,1.8166719781721836,0.22320888965687963,0.36768746953021036,0.22004145580325285,min_cost_max_flow,9,22,9,0,23,1
move,"['move', 22, 4, 3]",True,400,1.6339667610949438,0.0,1.8166719781721836,0.1827052170772399,0.26644881553966115,0.20635648343652935,min_cost_max_flow,75,22,75,4,57,3
move,"['move', 3, 0, 9]",True,410,0.9437983986546654,0.0,1.9771912312114948,1.0333928325568293,2.0980767112114336,2.168250394966707,min_cost_max_flow,3,3,3,0,176,9
move,"['move', 3, 0, 8]",True,410,1.2752762160500182,0.0,1.9771912312114948,0.7019150151614765,1.2700678104124563,1.7111552686968698,min_cost_max_flow,14,3,14,0,151,8
move,"['move', 3, 2, 9]",True,410,1.3490855398756336,0.0,1.9771912312114948,0.6281056913358612,1.0864378944866075,1.1155595099039866,min_cost_max_flow,37,3,37,2,166,9
move,"['move', 3, 3, 9]",True,410,1.185947886269938,0.0,1.9771912312114948,0.7912433449415568,1.4927167229361658,2.1590965530245447,min_cost_max_flow,71,3,71,3,168,9
move,"['move', 3, 7, 0]",True,420,1.0690804266951668,0.0,1.827041744130417,0.7579613174352502,1.4103681615733876,1.588091617699016,min_cost_max_flow,138,3,138,7,14,0
move,"['move', 3, 8, 1]",True,420,1.2997380076740597,0.0,1.827041744130417,0.5273037364563572,0.833534362550381,1.714656001548202,min_cost_max_flow,151,3,151,8,25,1
move,"['move', 3, 9, 0]",True,420,0.842663036699786,0.0,1.827041744130417,0.987454636930631,1.9850850399789124,0.9323718396502951,min_cost_max_flow,166,3,166,9,2,0
move,"['move', 3, 9, 3]",True,420,1.2342841699950604,0.0,1.827041744130417,0.5927575741353566,0.9967112261783768,2.0198097145500626,min_cost_max_flow,168,3,168,9,71,3
move,"['move', 3, 1, 7]",True,430,1.7730258642457146,0.0,2.422774711229268,0.6497488469835534,1.1391036837303545,2.0769594268928895,min_cost_max_flow,25,3,25,1,129,7
move,"['move', 3, 6, 7]",True,430,1.912466290461282,0.0,2.422774711229268,0.5103084207679859,0.7927173623265844,0.6004633367938191,min_cost_max_flow,120,3,120,6,137,7
move,"['move', 3, 6, 8]",True,430,1.7631820499158333,0.0,2.422774711229268,0.6595926613134346,1.1641388502985137,1.7932055979221906,min_cost_max_flow,123,3,123,6,151,8
move,"['move', 3, 9, 2]",True,430,1.7452520351590866,0.0,2.422774711229268,0.6775226760701812,1.2096865929615888,1.311401750449806,min_cost_max_flow,176,3,176,9,37,2
move,"['move', 3, 2, 6]",True,440,1.631300553812935,0.0,2.3544079888550122,0.7231074350420771,1.3224895293142254,2.084042468518553,min_cost_max_flow,37,3,37,2,123,6
move,"['move', 3, 4, 9]",True,440,1.522066970208313,0.0,2.3544079888550122,0.8323410186466992,1.5954481111029963,2.167627283708173,min_cost_max_flow,81,3,81,4,176,9
move,"['move', 3, 5, 9]",True,440,1.6112585701763762,0.0,2.3544079888550122,0.7753292326786361,1.4528821386284108,2.1919656533265637,min_cost_max_flow,95,3,95,5,168,9
move,"['move', 3, 7, 9]",True,440,1.6858683270503676,0.0,2.3544079888550122,0.6685396618046446,1.1869099571658808,1.5241351716942182,min_cost_max_flow,129,3,129,7,169,9
move,"['move', 2, 1, 5]",True,450,2.08548047993598,0.0,2.572578334297727,0.5471454588617468,0.920880112352279,1.1981697506060143,min_cost_max_flow,30,2,30,1,98,5
move,"['move', 2, 3, 0]",True,450,2.1493770870360374,0.0,2.572578334297727,0.42320124726168934,0.6112728834978043,1.0293029868266979,min_cost_max_flow,56,2,56,3,3,0
move,"['move', 2, 4, 0]",True,450,2.0740782179049226,0.0,2.572578334297727,0.49850011639280434,0.7993101905558433,1.1692134999923363,min_cost_max_flow,73,2,73,4,5,0
move,"['move', 2, 5, 0]",True,450,2.0145357194572213,0.0,2.572578334297727,0.5580426148405058,0.9467005899905416,2.146444623029269,min_cost_max_flow,93,2,93,5,7,0
move,"['move', 4, 1, 4]",True,460,1.1007265853538684,0.0,1.6749687923694854,0.574242207015617,0.9856226208075896,0.8817608651924977,min_cost_max_flow,27,4,27,1,81,4
move,"['move', 4, 1, 5]",True,460,0.8845885430514938,0.0,1.6749687923694854,0.7903802493179916,1.5237164484715322,2.3826129265216003,min_cost_max_flow,31,4,31,1,93,5
move,"['move', 4, 2, 4]",True,460,1.1999738284488075,0.0,1.6749687923694854,0.4749949639206778,0.7375856656644828,0.8276591356982731,min_cost_max_flow,38,4,38,2,73,4
move,"['move', 4, 3, 4]",True,460,1.1679461375219273,0.0,1.6749687923694854,0.507022654847558,0.8172378169738295,1.1057098076010203,min_cost_max_flow,63,4,63,3,75,4
move,"['move', 24, 0, 1]",True,470,1.3112549163385456,0.0,1.5372687169317643,0.22601380059321857,0.10793491608637851,0.3370726596939495,min_cost_max_flow,7,24,7,0,25,1
move,"['move', 24, 1, 5]",True,470,0.8912146637932302,0.0,1.5372687169317643,0.646054053138534,1.1555628814585361,1.9855166537812339,min_cost_max_flow,22,24,22,1,99,5
move,"['move', 24, 2, 5]",True,470,0.9599166357708794,0.0,1.5372687169317643,0.5773520811608849,0.9846960449185644,1.3934543843470475,min_cost_max_flow,44,24,44,2,103,5
move,"['move', 24, 4, 5]",True,470,1.1619889793964182,0.0,1.5372687169317643,0.37527973753534605,0.48075311914635677,0.5681655232542192,min_cost_max_flow,87,24,87,4,104,5
move,"['move', 24, 1, 2]",True,480,2.301429980185671,0.0,2.5751305854453834,0.27370060525971246,0.2272485530238555,0.2726558121990311,min_cost_max_flow,25,24,25,1,44,2
move,"['move', 24, 1, 0]",True,480,1.909884619100291,0.0,2.5751305854453834,0.6652459663450925,1.2051805375522235,0.8936012689204738,min_cost_max_flow,29,24,29,1,7,0
move,"['move', 24, 5, 2]",True,480,1.9107715246255828,0.0,2.5751305854453834,0.6643590608198007,1.2014235735678085,1.920068049710682,min_cost_max_flow,99,24,99,5,37,2
move,"['move', 24, 5, 3]",True,480,1.9205042670484815,0.0,2.5751305854453834,0.6546263183969019,1.1776871466909142,1.523115262809,min_cost_max_flow,103,24,103,5,56,3
move,"['move', 4, 4, 2]",True,490,1.5386242371012013,0.0,1.8174587373041082,0.27883450020290695,0.24768144021800254,0.4963699037337448,min_cost_max_flow,73,4,73,4,38,2
move,"['move', 4, 4, 3]",True,490,1.4845436021903375,0.0,1.8174587373041082,0.33291513511377063,0.38270347152592876,0.616073883222416,min_cost_max_flow,75,4,75,4,59,3
move,"['move', 4, 5, 1]",True,490,1.2958574634930777,0.0,1.8174587373041082,0.5216012738110305,0.8527168207501745,1.7507388958251517,min_cost_max_flow,93,4,93,5,22,1
move,"['move', 4, 5, 2]",True,490,1.1871449054011798,0.0,1.8174587373041082,0.6303138319029286,1.1251860294951257,1.292196552354336,min_cost_max_flow,107,4,107,5,39,2
move,"['move', 24, 2, 1]",True,500,1.3444172914689316,0.0,1.7530242192977084,0.5197306526621102,0.8410744974435147,1.1054385364224375,min_cost_max_flow,37,24,37,2,25,1
move,"['move', 24, 3, 5]",True,500,1.1727890055000518,0.0,1.7530242192977084,0.5802352137976565,0.9924349172733855,1.0394272090857766,min_cost_max_flow,56,24,56,3,107,5
move,"['move', 24, 5, 4]",True,500,1.1336273556497725,0.0,1.7530242192977084,0.619396863647936,1.0897748003899324,1.4155882151870782,min_cost_max_flow,104,24,104,5,73,4
move,"['move', 24, 6, 1]",True,500,1.1489638943854186,0.0,1.7530242192977084,0.6040603249122898,1.0516005769031835,1.3041726469425627,min_cost_max_flow,116,24,116,6,27,1
move,"['move', 3, 7, 1]",True,510,1.0476139323716769,0.0,1.9060958575037503,0.8791755321320733,1.7127792355331621,2.004400139221165,min_cost_max_flow,137,3,137,7,29,1
move,"['move', 3, 8, 2]",True,510,1.2493258122573137,0.0,1.9060958575037503,0.6567700452464368,1.1567683977891647,2.0024804924918156,min_cost_max_flow,151,3,151,8,40,2
move,"['move', 3, 9, 1]",True,510,1.152170758030417,0.0,1.9060958575037503,0.7539250994733334,1.4009471015997406,1.1417683302689854,min_cost_max_flow,168,3,168,9,30,1
move,"['move', 3, 9, 4]",True,510,1.2354947346970642,0.0,1.9060958575037503,0.6706011228066862,1.1920445132946043,1.5368660892810548,min_cost_max_flow,169,3,169,9,75,4
move,"['move', 18, 0, 5]",True,520,1.3788472328193342,0.0,2.0474072527761966,0.8096288996235289,1.5511756403657273,2.358458143290833,min_cost_max_flow,3,18,3,0,93,5
move,"['move', 18, 1, 5]",True,520,0.6945999978667721,0.0,2.0474072527761966,1.6978508085344246,3.77119610380214,2.7146640371748623,min_cost_max_flow,20,18,20,1,99,5
move,"['move', 18, 1, 2]",True,520,1.5316786292244196,0.0,2.0474072527761966,0.5157286235517771,0.8186776679485774,0.8566463018043047,min_cost_max_flow,26,18,26,1,41,2
move,"['move', 18, 3, 5]",True,520,1.3006114088301688,0.0,2.0474072527761966,0.7467958439460278,1.3954990175316198,1.421113903527306,min_cost_max_flow,57,18,57,3,103,5
move,"['move', 23, 0, 6]",True,530,0.9108937071347412,0.0,1.5251603139338235,0.6142666067990823,1.1328933655286164,1.4516978532572873,min_cost_max_flow,9,23,9,0,113,6
move,"['move', 23, 1, 6]",True,530,0.8406118272982821,0.0,1.5251603139338235,0.6845484866355414,1.308086808335247,1.7925357096019798,min_cost_max_flow,24,23,24,1,116,6
move,"['move', 23, 2, 6]",True,530,0.8876683734743417,0.0,1.5251603139338235,0.6374919404594818,1.190332816825503,1.8676197559986385,min_cost_max_flow,46,23,46,2,120,6
move,"['move', 23, 3, 6]",True,530,1.0550251879290358,0.0,1.5251603139338235,0.4701351260047877,0.7730616414010001,1.12037928117708,min_cost_max_flow,67,23,67,3,122,6
move,"['move', 3, 2, 7]",True,540,1.8095242915334202,0.0,2.4308312013797173,0.6213069098462971,1.0672009043810249,2.6089170976855938,min_cost_max_flow,40,3,40,2,129,7
move,"['move', 3, 9, 7]",True,540,1.9572790915009461,0.0,2.4308312013797173,0.47355210987877117,0.700339029242059,0.9255005777862766,min_cost_max_flow,176,3,176,9,138,7
move,"['move', 3, 1, 3]",True,540,1.9285237615296171,0.0,2.4308312013797173,0.5023074398501002,0.7717371854732846,1.2522797091841806,min_cost_max_flow,29,3,29,1,67,3
move,"['move', 3, 0, 3]",True,540,1.7204449784629239,0.0,2.4308312013797173,0.8647266854167934,1.6773775666242727,1.5241015530142055,min_cost_max_flow,2,3,2,0,56,3
move,"['move', 3, 1, 9]",True,550,1.8899933810061595,0.0,2.282278613638117,0.3922852326319576,0.49741500621621526,0.763387183659444,min_cost_max_flow,30,3,30,1,176,9
move,"['move', 3, 6, 9]",True,550,1.201687616014308,0.0,2.282278613638117,1.080590997623809,2.2155653134141176,2.506124038143674,min_cost_max_flow,123,3,123,6,166,9
move,"['move', 3, 7, 2]",True,550,1.6797695339147842,0.0,2.282278613638117,0.6025090797233327,1.0203934379642305,2.4841778372744123,min_cost_max_flow,129,3,129,7,40,2
move,"['move', 3, 7, 8]",True,550,1.5697903671214655,0.0,2.282278613638117,0.7124882465166517,1.2971412568049345,1.2842432656700962,min_cost_max_flow,138,3,138,7,151,8
move,"['move', 3, 8, 7]",True,560,2.7849472465631804,0.0,3.245961599042806,0.4610143524796255,0.6692185438168963,0.7762285293185993,min_cost_max_flow,151,3,151,8,129,7
move,"['move', 3, 9, 6]",True,560,2.1609527178297903,0.0,3.245961599042806,1.0850088812130156,2.2270803599167266,2.1925656850819975,min_cost_max_flow,166,3,166,9,123,6
move,"['move', 3, 3, 7]",True,560,2.4101512617220813,0.0,3.245961599042806,0.8358103373207248,1.6032287510715832,2.762731761359538,min_cost_max_flow,56,3,56,3,138,7
move,"['move', 3, 4, 7]",True,560,2.4024374303236424,0.0,3.245961599042806,0.8435241687191632,1.6231568406128645,2.3337243979026705,min_cost_max_flow,75,3,75,4,139,7
move,"['move', 3, 2, 8]",True,570,1.0574794042303908,0.0,1.823583020959319,0.7661036167289282,1.4302481241911664,1.9052820286429504,min_cost_max_flow,40,3,40,2,151,8
move,"['move', 3, 9, 8]",True,570,1.2452120662395758,0.0,1.823583020959319,0.5783709547197431,0.9613572494326945,1.6114285189825197,min_cost_max_flow,176,3,176,9,152,8
move,"['move', 3, 3, 4]",True,570,1.1287787293049172,0.0,1.823583020959319,0.6948042916544017,1.25229825101178,1.706322357356488,min_cost_max_flow,67,3,67,3,75,4
move,"['move', 3, 0, 1]",True,570,1.116339176302088,0.0,1.823583020959319,0.707243844657231,1.2833488855003452,1.7384877030285937,min_cost_max_flow,14,3,14,0,24,1
move,"['move', 14, 1, 0]",True,580,1.637873840726244,0.0,1.9686875081770197,0.3308136674507757,0.535476368367199,0.32189079112586894,min_cost_max_flow,28,14,28,1,9,0
move,"['move', 14, 2, 0]",True,580,1.5467757712449106,0.0,1.9686875081770197,0.42191173693210904,0.7619996269322655,1.1365008833037982,min_cost_max_flow,40,14,40,2,14,0
move,"['move', 14, 2, 5]",True,580,1.4609770697714626,0.0,1.9686875081770197,0.507710438405557,0.9767201436234245,0.9873255449442873,min_cost_max_flow,48,14,48,2,95,5
move,"['move', 14, 3, 0]",True,580,1.6906886429820212,0.0,1.9686875081770197,0.34077919202833173,0.5594046251735563,0.9789272161478588,min_cost_max_flow,55,14,55,3,3,0
move,"['move', 4, 1, 3]",True,590,1.66465525433002,0.0,2.3524972132656816,0.6878419589356616,1.2682477272637698,1.7979430944799648,min_cost_max_flow,22,4,22,1,67,3
move,"['move', 4, 2, 5]",True,590,1.8017921997126445,0.0,2.3524972132656816,0.6587398918030372,1.195616992480609,1.7149877288797664,min_cost_max_flow,38,4,38,2,104,5
move,"['move', 4, 2, 3]",True,590,2.0663662390250503,0.0,2.3524972132656816,0.2861309742406314,0.2657339788856916,0.622134188148475,min_cost_max_flow,39,4,39,2,56,3
move,"['move', 4, 3, 5]",True,590,1.6645485436310143,0.0,2.3524972132656816,0.6879486696346673,1.26912801693652,1.3889344776559662,min_cost_max_flow,56,4,56,3,106,5
move,"['move', 3, 8, 9]",True,600,1.8500343501431042,0.0,2.43007976484569,0.5800454147025856,0.9655047813048441,1.6371739089537407,min_cost_max_flow,151,3,151,8,176,9
move,"['move', 3, 4, 2]",True,600,2.1126993354256336,0.0,2.43007976484569,0.31738042942005656,0.31053975167651515,0.5055515236244766,min_cost_max_flow,75,3,75,4,40,2
move,"['move', 3, 1, 9]",True,600,1.7377351462934851,0.0,2.43007976484569,0.6923446185522047,1.2473168670931045,0.9277897994785895,min_cost_max_flow,24,3,24,1,166,9
move,"['move', 3, 6, 2]",True,600,1.9029587847062972,0.0,2.43007976484569,0.5271209801393929,0.8332283029139944,1.6141018975321237,min_cost_max_flow,123,3,123,6,48,2
move,"['move', 18, 2, 1]",True,616,1.5010157985137953,0.0,1.7490038722976644,0.24798807378386903,0.15020026670572406,0.27399751719326115,min_cost_max_flow,41,18,41,2,22,1
move,"['move', 18, 4, 1]",True,616,1.1292478823908838,0.0,1.7490038722976644,0.7150291894067806,1.31508479823151,2.086169204855244,min_cost_max_flow,83,18,83,4,24,1
move,"['move', 18, 4, 3]",True,616,1.2105485390492534,0.0,1.7490038722976644,0.5384553332484111,0.8754221556337143,0.9048373394364652,min_cost_max_flow,85,18,85,4,55,3
move,"['move', 18, 5, 1]",True,616,1.1414076844432164,0.0,1.7490038722976644,0.607596187854448,1.0478703677272279,1.17412028715564,min_cost_max_flow,93,18,93,5,26,1
move,"['move', 3, 9, 6]",True,626,1.6643770025393074,0.0,2.5740332935975965,0.9096562910582889,1.7887209837790579,2.1778328523165644,min_cost_max_flow,166,3,166,9,123,6
move,"['move', 3, 3, 1]",True,626,1.9219631630998681,0.0,2.5740332935975965,0.6520701304977283,1.1459297026021886,1.3950860359617463,min_cost_max_flow,71,3,71,3,29,1
move,"['move', 3, 2, 4]",True,626,1.875692857331421,0.0,2.5740332935975965,0.6983404362661754,1.261196404826478,1.6677941671805452,min_cost_max_flow,40,3,40,2,85,4
move,"['move', 3, 2, 6]",True,626,2.0162325419444724,0.0,2.5740332935975965,0.557800751653124,0.9106805332867225,1.1122341719320625,min_cost_max_flow,48,3,48,2,118,6
move,"['move', 3, 5, 3]",True,636,1.443989087094005,0.0,1.984790416521699,0.5408013294276938,0.867722431877155,1.4185980692599036,min_cost_max_flow,94,3,94,5,71,3
move,"['move', 3, 9, 2]",True,636,1.1375567422420279,0.0,1.984790416521699,0.8472336742796711,1.631420016271477,3.0074498930074984,min_cost_max_flow,176,3,176,9,40,2
move,"['move', 3, 7, 2]",True,636,1.3176485323243345,0.0,1.984790416521699,0.6671418841973643,1.1825634452379745,2.092180444831098,min_cost_max_flow,129,3,129,7,48,2
move,"['move', 3, 1, 0]",True,636,1.172319337480178,0.0,1.984790416521699,0.8124710790415209,1.5453213591636086,2.4688959013361007,min_cost_max_flow,29,3,29,1,8,0
move,"['move', 24, 0, 9]",True,646,1.1782448415751552,0.0,1.8283083895873284,0.6500635480121731,1.1654030689633146,2.1078831066607577,min_cost_max_flow,7,24,7,0,176,9
move,"['move', 24, 1, 9]",True,646,0.9712502268522007,0.0,1.8283083895873284,0.8705275946101276,1.7177103272479144,1.3431219135184147,min_cost_max_flow,27,24,27,1,166,9
move,"['move', 24, 2, 9]",True,646,1.106990809975371,0.0,1.8283083895873284,0.7213175796119575,1.3445393701940702,1.440401619131069,min_cost_max_flow,44,24,44,2,168,9
move,"['move', 24, 4, 3]",True,646,1.5509516365342177,0.0,1.8283083895873284,0.2773567530531106,0.23596359878320072,0.5562049616324627,min_cost_max_flow,73,24,73,4,56,3
move,"['move', 3, 2, 5]",True,656,2.1833663554630016,0.0,2.649295488206306,0.4659291327433045,0.6809401165364761,1.1531471557303499,min_cost_max_flow,40,3,40,2,93,5
move,"['move', 3, 8, 9]",True,656,2.2907851271310213,0.0,2.649295488206306,0.35851036107528456,0.4130025948306866,0.7468755128902084,min_cost_max_flow,152,3,152,8,169,9
move,"['move', 3, 7, 9]",True,656,1.8263940543689192,0.0,2.649295488206306,0.8229014338373868,1.5731839824111375,1.277738396093225,min_cost_max_flow,138,3,138,7,170,9
move,"['move', 3, 4, 9]",True,656,2.1327400670112615,0.0,2.649295488206306,0.5165554211950445,0.8072763240561471,1.3061562288497197,min_cost_max_flow,85,3,85,4,172,9
move,"['move', 24, 6, 2]",True,666,1.3539208419487743,0.0,2.1314806086084364,0.819268835909662,1.5877885481031626,2.526376842576944,min_cost_max_flow,119,24,119,6,40,2
move,"['move', 24, 7, 2]",True,666,1.3102513898461259,0.0,2.1314806086084364,0.8212292187623105,1.5926805188100843,2.532367792376477,min_cost_max_flow,135,24,135,7,44,2
move,"['move', 24, 8, 2]",True,666,1.4403870013269016,0.0,2.1314806086084364,0.6910936072815348,1.2687253355397843,1.6098041712838282,min_cost_max_flow,150,24,150,8,37,2
move,"['move', 24, 9, 2]",True,666,1.6087255276680001,0.0,2.1314806086084364,0.5227550809404363,0.8484105729212388,1.2554353484833403,min_cost_max_flow,165,24,165,9,39,2
move,"['move', 22, 1, 4]",True,676,1.9045219360552332,0.0,2.272474227017028,0.367952290961795,0.7286896813784551,0.7909023984989718,min_cost_max_flow,23,22,23,1,85,4
move,"['move', 22, 2, 4]",True,676,1.9600091722082258,0.0,2.272474227017028,0.3124650548088024,0.5904351613216932,0.4818555146859201,min_cost_max_flow,47,22,47,2,73,4
move,"['move', 22, 3, 4]",True,676,2.1251585023513826,0.0,2.272474227017028,0.14731572466564555,0.178109930518076,0.11645914516935665,min_cost_max_flow,57,22,57,3,75,4
move,"['move', 22, 3, 1]",True,676,2.0103353216709454,0.0,2.272474227017028,0.2621389053460826,0.4647538751951288,0.3924638278625595,min_cost_max_flow,62,22,62,3,23,1
add,"['add', 30, None, 7]",True,686,1.4512780266185772,0.0,1.839144979931987,0.38786695331340976,0.573600429805083,0.7573891199286896,min_cost_max_flow,146,30,,,129,7
move,"['move', 3, 0, 4]",True,686,0.7883933019071125,0.0,1.8274370624175336,1.047269525635421,2.132256542434334,2.509518044019385,min_cost_max_flow,8,3,8,0,83,4
move,"['move', 3, 6, 8]",True,686,1.3868787237295899,0.0,1.8274370624175336,0.44055833868794364,0.6177274234341894,1.010285798320107,min_cost_max_flow,118,3,118,6,150,8
move,"['move', 3, 5, 4]",True,686,1.5480633984116645,0.0,1.8274370624175336,0.2793736640058691,0.21577420126050129,0.33797611065459415,min_cost_max_flow,93,3,93,5,77,4
move,"['move', 4, 3, 1]",True,696,1.3462985435078005,0.0,2.047490975640241,0.7287597433824404,1.3713689604546744,1.2467617118416905,min_cost_max_flow,59,4,59,3,27,1
move,"['move', 4, 3, 2]",True,696,1.5728564643540017,0.0,2.047490975640241,0.47463451128623907,0.7369804880127049,0.6303565128190786,min_cost_max_flow,67,4,67,3,47,2
move,"['move', 4, 4, 0]",True,696,1.3082575279991793,0.0,2.047490975640241,0.7392334476410616,1.3963630870875932,2.0401843875977637,min_cost_max_flow,81,4,81,4,7,0
move,"['move', 4, 5, 0]",True,696,1.1513384529282005,0.0,2.047490975640241,0.8961525227120404,1.7891138471377417,1.7381361391300638,min_cost_max_flow,104,4,104,5,9,0
move,"['move', 22, 1, 3]",True,706,2.1057380596936772,0.0,2.2734576621735405,0.16771960247986312,0.2289901680796902,0.20276379445587667,min_cost_max_flow,23,22,23,1,57,3
move,"['move', 22, 4, 2]",True,706,2.0250499966758153,0.0,2.2734576621735405,0.2810768608310586,0.5120882525752677,0.3994713827300024,min_cost_max_flow,85,22,85,4,38,2
move,"['move', 22, 4, 0]",True,706,2.013702951220235,0.0,2.2734576621735405,0.2597547109533055,0.45905859265167237,0.21566153553827205,min_cost_max_flow,73,22,73,4,2,0
move,"['move', 22, 5, 3]",True,706,2.0632510820716425,0.0,2.2734576621735405,0.21020658010189783,0.3349929312398672,0.34588439106237717,min_cost_max_flow,92,22,92,5,62,3
move,"['move', 13, 0, 3]",True,716,1.5974394563502798,0.0,2.2071871645957772,0.6097477082454975,1.210684384380329,1.7531262156716227,min_cost_max_flow,4,13,4,0,67,3
move,"['move', 13, 0, 4]",True,716,1.7464987972882204,0.0,2.2071871645957772,0.46068836730755686,0.8386860713417263,1.319766678172039,min_cost_max_flow,6,13,6,0,81,4
move,"['move', 13, 0, 2]",True,716,1.8502818057790889,0.0,2.2071871645957772,0.35690535881668844,0.5800617351160327,0.7643100105206522,min_cost_max_flow,16,13,16,0,40,2
move,"['move', 13, 1, 3]",True,716,1.8558027178182024,0.0,2.2071871645957772,0.3513844467775748,0.5664373487461489,0.6457141919203342,min_cost_max_flow,24,13,24,1,57,3
move,"['move', 3, 4, 0]",True,726,1.7959109415574632,0.0,2.5041619866492675,0.7082510450918043,1.2845856756357534,2.592628337045176,min_cost_max_flow,77,3,77,4,16,0
move,"['move', 3, 2, 0]",True,726,1.8234719742193901,0.0,2.5041619866492675,0.6806900124298773,1.2165569816206698,2.0100365772223863,min_cost_max_flow,48,3,48,2,4,0
move,"['move', 3, 4, 1]",True,726,1.6903998889727423,0.0,2.5041619866492675,0.8137620976765252,1.5490069858678908,2.1635091568218088,min_cost_max_flow,83,3,83,4,23,1
move,"['move', 3, 8, 1]",True,726,1.9794079908117477,0.0,2.5041619866492675,0.5665424978375196,0.931631531309904,1.7144791304704838,min_cost_max_flow,150,3,150,8,24,1
move,"['move', 4, 0, 4]",True,736,0.71076325000584,0.0,1.3779013450863062,0.6671380950804663,1.2163657170704028,1.879510131399245,min_cost_max_flow,7,4,7,0,83,4
move,"['move', 4, 2, 1]",True,736,0.8166544189505346,0.0,1.3779013450863062,0.5612469261357717,0.9532658430925949,0.7941445421133067,min_cost_max_flow,47,4,47,2,28,1
move,"['move', 4, 5, 4]",True,736,0.517902137247898,0.0,1.3779013450863062,0.8599992078384082,1.6983793482841065,1.972277252166537,min_cost_max_flow,106,4,106,5,73,4
move,"['move', 4, 6, 4]",True,736,1.0111492297695417,0.0,1.3779013450863062,0.38402692494176455,0.510206322205704,0.8004898100287193,min_cost_max_flow,112,4,112,6,77,4
move,"['move', 22, 2, 1]",True,746,1.571123733546529,0.0,1.8204675506547605,0.24934381710823167,0.43273764667173964,0.4114691137037894,min_cost_max_flow,38,22,38,2,29,1
move,"['move', 22, 3, 5]",True,746,1.627880170311872,0.0,1.8204675506547605,0.1925873803428887,0.2910457809048239,0.27865168274267493,min_cost_max_flow,57,22,57,3,92,5
move,"['move', 22, 3, 2]",True,746,1.5913625571735395,0.0,1.8204675506547605,0.22910499348122096,0.38227865339831624,0.3194252509682177,min_cost_max_flow,62,22,62,3,47,2
move,"['move', 22, 4, 1]",True,746,1.5060123144422053,0.0,1.8204675506547605,0.31445523621255517,0.5951727740357455,0.6404160449056757,min_cost_max_flow,75,22,75,4,31,1
move,"['move', 24, 1, 8]",True,756,2.029838580030669,0.0,2.499402870149027,0.4695642901183579,0.7151997982473404,1.4113004276180732,min_cost_max_flow,25,24,25,1,151,8
move,"['move', 24, 2, 8]",True,756,1.8225137111494338,0.0,2.499402870149027,0.676889158999593,1.2319299128530474,2.4660054925387187,min_cost_max_flow,37,24,37,2,152,8
move,"['move', 24, 2, 0]",True,756,2.1798430815414136,0.0,2.499402870149027,0.31955978860761347,0.34101441223083384,0.8607219207152359,min_cost_max_flow,39,24,39,2,6,0
move,"['move', 24, 3, 8]",True,756,1.7758271856975913,0.0,2.499402870149027,0.7235756844514356,1.3484220754044145,2.615439544698218,min_cost_max_flow,56,24,56,3,154,8
move,"['move', 3, 1, 4]",True,766,1.1505961076931308,0.0,1.6760559063866776,0.5798975244435466,0.9650191593991622,1.7144380810098436,min_cost_max_flow,24,3,24,1,75,4
move,"['move', 3, 1, 2]",True,766,0.9584535901012351,0.0,1.6760559063866776,0.7176023162854425,1.309156695449019,1.7974004509317498,min_cost_max_flow,23,3,23,1,48,2
move,"['move', 3, 3, 2]",True,766,1.3129131946904717,0.0,1.6760559063866776,0.36314271169620593,0.4249266790548063,0.518070398346036,min_cost_max_flow,71,3,71,3,37,2
move,"['move', 3, 6, 4]",True,766,0.8868385810379734,0.0,1.6760559063866776,0.7892173253487041,1.4873323962219729,2.3719483743986745,min_cost_max_flow,123,3,123,6,78,4
move,"['move', 4, 0, 5]",True,776,0.8339328734443179,0.0,1.7564286813550543,0.9224958079107364,1.854945664382285,1.7557333072611128,min_cost_max_flow,9,4,9,0,93,5
move,"['move', 4, 1, 2]",True,776,1.1088574501505997,0.0,1.7564286813550543,0.6475712312044546,1.16858193929329,1.1239221894548619,min_cost_max_flow,27,4,27,1,38,2
move,"['move', 4, 4, 5]",True,776,1.4320271505113429,0.0,1.7564286813550543,0.35848010234371136,0.44645962749291357,0.7202486218003921,min_cost_max_flow,77,4,77,4,94,5
move,"['move', 4, 6, 3]",True,776,1.1547207010094036,0.0,1.7564286813550543,0.6017079803456508,1.0532361970390411,1.5823322609477926,min_cost_max_flow,109,4,109,6,62,3
move,"['move', 2, 0, 3]",True,786,1.6386489994453015,0.0,2.1217611725960808,0.5762054174007794,0.993438619168046,1.2590961051490726,min_cost_max_flow,3,2,3,0,71,3
move,"['move', 2, 0, 4]",True,786,1.5252964627307406,0.0,2.1217611725960808,0.6215199062403403,1.1056698416678046,1.9624291712448874,min_cost_max_flow,5,2,5,0,85,4
move,"['move', 2, 1, 3]",True,786,1.5485305863831806,0.0,2.1217611725960808,0.5732305862129001,0.9857429710691576,1.4314761912759424,min_cost_max_flow,29,2,29,1,56,3
move,"['move', 2, 5, 3]",True,786,1.6907688694113423,0.0,2.1217611725960808,0.4309923031847384,0.630632728013552,1.1078331814100477,min_cost_max_flow,94,2,94,5,57,3
move,"['move', 3, 2, 1]",True,796,1.935991929528026,0.0,2.19631343476153,0.36032153573350395,0.4174180503587195,0.8218629245672171,min_cost_max_flow,37,3,37,2,23,1
move,"['move', 3, 0, 6]",True,796,1.3768499329547859,0.0,2.19631343476153,0.8194635018067441,1.5632288474562301,2.1846083149603475,min_cost_max_flow,4,3,4,0,123,6
move,"['move', 3, 9, 1]",True,796,1.8550727091408352,0.0,2.19631343476153,0.3412407256206945,0.36994139251783054,0.6716179638108051,min_cost_max_flow,169,3,169,9,25,1
move,"['move', 3, 0, 5]",True,796,1.3217053679807669,0.0,2.19631343476153,0.8746080667807631,1.7003108622338914,2.704206753217961,min_cost_max_flow,16,3,16,0,94,5
move,"['move', 4, 1, 6]",True,806,1.2202680315315675,0.0,2.201185518570826,0.9809174870392585,2.0003508885911288,2.188382382235506,min_cost_max_flow,28,4,28,1,109,6
move,"['move', 4, 3, 6]",True,806,1.6596074484469414,0.0,2.201185518570826,0.5415780701238846,0.9038148357931277,0.9800560552797477,min_cost_max_flow,62,4,62,3,112,6
move,"['move', 4, 4, 6]",True,806,1.5188801278108017,0.0,2.201185518570826,0.6823053907600243,1.2544882853990202,1.7432907115843175,min_cost_max_flow,73,4,73,4,119,6
move,"['move', 4, 5, 6]",True,806,1.4695967114112511,0.0,2.201185518570826,0.7315888071595749,1.3787885648507654,1.0154650763382596,min_cost_max_flow,93,4,93,5,123,6
move,"['move', 2, 3, 1]",True,816,1.340249288063739,0.0,2.0500145012591857,0.7097652131954465,1.326859604290803,1.5780990144229852,min_cost_max_flow,56,2,56,3,27,1
move,"['move', 2, 4, 1]",True,816,1.3088305717299882,0.0,2.0500145012591857,0.7411839295291975,1.4054510021223905,1.5483610162828436,min_cost_max_flow,85,2,85,4,28,1
move,"['move', 2, 5, 1]",True,816,1.3963064042582451,0.0,2.0500145012591857,0.6537080970009406,1.1864277229833533,1.770826228546284,min_cost_max_flow,98,2,98,5,29,1
move,"['move', 2, 6, 1]",True,816,1.3112171418072116,0.0,2.0500145012591857,0.8148800143269741,1.5882655361601792,2.498812987384624,min_cost_max_flow,110,2,110,6,30,1
move,"['move', 13, 2, 0]",True,826,1.6310115876923965,0.0,1.9808430956139116,0.34983150792151496,0.5622394799520407,0.8560619612260664,min_cost_max_flow,40,13,40,2,16,0
move,"['move', 13, 3, 8]",True,826,1.477935687673361,0.0,1.9808430956139116,0.5029074079405506,0.9440481503643241,1.4434483847631474,min_cost_max_flow,57,13,57,3,150,8
move,"['move', 13, 4, 1]",True,826,1.4113373593135288,0.0,1.9808430956139116,0.5695057363003828,1.1115475901087848,0.7743691548431851,min_cost_max_flow,81,13,81,4,24,1
move,"['move', 13, 5, 1]",True,826,1.4695234048623655,0.0,1.9808430956139116,0.511319690751546,0.9653715097774693,1.2483467943255198,min_cost_max_flow,97,13,97,5,32,1
move,"['move', 13, 0, 5]",True,836,1.3596093014581871,0.0,1.8329340350000016,0.47332473354181454,0.8699767509333469,1.519924007521135,min_cost_max_flow,16,13,16,0,93,5
move,"['move', 13, 1, 4]",True,836,1.2695576382339757,0.0,1.8329340350000016,0.5633763967660258,1.0956168670309125,1.1792853161630832,min_cost_max_flow,24,13,24,1,81,4
move,"['move', 13, 1, 5]",True,836,1.3139351370962316,0.0,1.8329340350000016,0.51899889790377,0.9845680860198627,1.249307886436441,min_cost_max_flow,32,13,32,1,97,5
move,"['move', 13, 3, 4]",True,836,1.5851777927214419,0.0,1.8329340350000016,0.2477562422785598,0.30755957810288237,0.5172204557397975,min_cost_max_flow,67,13,67,3,85,4
move,"['move', 3, 2, 3]",True,846,2.0979763471017634,0.0,2.5790997482990785,0.48112340119731534,0.7189112468222447,1.1628410552361184,min_cost_max_flow,48,3,48,2,62,3
move,"['move', 3, 7, 8]",True,846,2.103150250857785,0.0,2.5790997482990785,0.47594949744129345,0.7066653263664193,0.7036150990831495,min_cost_max_flow,139,3,139,7,155,8
move,"['move', 3, 4, 3]",True,846,1.9533301175347346,0.0,2.5790997482990785,0.625769630764344,1.0796742222501052,1.7312400483766937,min_cost_max_flow,75,3,75,4,67,3
move,"['move', 3, 5, 0]",True,846,1.816707061217722,0.0,2.5790997482990785,0.7623926870813563,1.4197139740390412,2.743166050773392,min_cost_max_flow,94,3,94,5,16,0
move,"['move', 3, 8, 7]",True,856,1.7998156888919552,0.0,2.3586718632195147,0.5859046062025594,0.9812798716266116,0.8857661943982549,min_cost_max_flow,155,3,155,8,135,7
move,"['move', 3, 9, 7]",True,856,1.9461988407171205,0.0,2.3586718632195147,0.5040940910023943,0.7761390166597266,1.2954775053798093,min_cost_max_flow,172,3,172,9,138,7
move,"['move', 3, 6, 7]",True,856,2.0456501142168904,0.0,2.3586718632195147,0.3130217490026245,0.2993924407164741,0.6726248012651332,min_cost_max_flow,123,3,123,6,139,7
move,"['move', 3, 0, 7]",True,856,1.8799213485416093,0.0,2.3586718632195147,0.4787505146779054,0.7138011799215747,0.6147414566662359,min_cost_max_flow,16,3,16,0,140,7
move,"['move', 3, 1, 5]",True,866,1.6083551628336434,0.0,2.124249101620008,0.5158939387863644,0.8054374426246795,1.4296065020277577,min_cost_max_flow,23,3,23,1,94,5
move,"['move', 3, 3, 0]",True,866,1.2961693256431608,0.0,2.124249101620008,0.8280797759768471,1.584642515894302,2.2692863064173148,min_cost_max_flow,62,3,62,3,16,0
move,"['move', 3, 3, 5]",True,866,1.6914173171148776,0.0,2.124249101620008,0.4328317845051302,0.5982726716065372,1.1025300453991835,min_cost_max_flow,67,3,67,3,98,5
move,"['move', 3, 7, 0]",True,866,1.2507242572698143,0.0,2.124249101620008,0.8735248443501934,1.6994750313333498,1.4560566359629112,min_cost_max_flow,135,3,135,7,3,0
move,"['move', 3, 5, 2]",True,876,1.4017224476366994,0.0,2.204339112678988,0.8026166650422886,1.5211746604582004,2.142671706220904,min_cost_max_flow,94,3,94,5,48,2
move,"['move', 3, 0, 8]",True,876,1.2015174628875753,0.0,2.204339112678988,1.0028216497914126,2.0215517155029374,2.2329429249364807,min_cost_max_flow,3,3,3,0,156,8
move,"['move', 3, 9, 8]",True,876,1.7056639102437274,0.0,2.204339112678988,0.49867520243526053,0.7630041589836765,1.0205683441901874,min_cost_max_flow,170,3,170,9,157,8
move,"['move', 3, 0, 2]",True,876,1.6577587790099877,0.0,2.204339112678988,0.5465803336690003,0.8819109569412831,1.591255095351974,min_cost_max_flow,16,3,16,0,37,2
add,"['add', 17, None, 3]",True,886,1.4918581244087847,0.0,1.830211312918847,0.3383531885100624,0.4825450622338394,0.5169302852659312,min_cost_max_flow,96,17,,,62,3
move,"['move', 3, 5, 9]",True,886,1.1104002870519103,0.0,1.7530722342870608,0.6426719472351505,1.1216711380911875,1.903823605666201,min_cost_max_flow,98,3,98,5,165,9
move,"['move', 3, 2, 9]",True,886,0.8625500000759355,0.0,1.7530722342870608,0.8905222342111253,1.7418440260425996,1.5390432646827923,min_cost_max_flow,37,3,37,2,169,9
move,"['move', 3, 8, 0]",True,886,1.2614642152618454,0.0,1.7530722342870608,0.49160801902521556,0.7456628574436763,0.8027970207819508,min_cost_max_flow,156,3,156,8,16,0
move,"['move', 22, 0, 4]",True,896,2.3040155094266637,0.0,2.490892832471455,0.3789746085447913,0.7567086402632413,0.48212578030204556,min_cost_max_flow,2,22,2,0,73,4
move,"['move', 22, 2, 3]",True,896,2.3183956020824286,0.0,2.490892832471455,0.17249723038902645,0.2410302687640069,0.13874318685029352,min_cost_max_flow,47,22,47,2,67,3
move,"['move', 22, 5, 4]",True,896,2.3741467399920926,0.0,2.490892832471455,0.11674609247936245,0.1016612749426713,0.13284255163398428,min_cost_max_flow,92,22,92,5,75,4
move,"['move', 22, 6, 3]",True,896,2.286387937503955,0.0,2.490892832471455,0.20450489496750016,0.3206748428365245,0.38846810262806025,min_cost_max_flow,110,22,110,6,56,3
move,"['move', 13, 4, 2]",True,906,2.7615675457761015,0.0,3.182813642814306,0.4212460970382044,0.7408615188433032,0.7990178948668798,min_cost_max_flow,81,13,81,4,47,2
move,"['move', 13, 5, 2]",True,906,2.8710524354547386,0.0,3.182813642814306,0.3117612073595674,0.4673300002759788,0.6785474753546855,min_cost_max_flow,93,13,93,5,37,2
move,"['move', 13, 6, 2]",True,906,2.820188907373649,0.0,3.182813642814306,0.36262473544065715,0.594522846302425,0.6558635928735501,min_cost_max_flow,114,13,114,6,39,2
move,"['move', 13, 6, 1]",True,906,2.7087591811362812,0.0,3.182813642814306,0.47405446167802506,0.8726304712836281,0.9669906676845321,min_cost_max_flow,116,13,116,6,23,1
move,"['move', 3, 1, 6]",True,916,0.8782244600495471,0.0,1.5281194322328724,0.6498949721833253,1.140316517541578,1.511945552363713,min_cost_max_flow,25,3,25,1,110,6
move,"['move', 3, 9, 3]",True,916,1.0565691378860058,0.0,1.5281194322328724,0.47155029434686657,0.6956028621043515,0.7465861164169005,min_cost_max_flow,165,3,165,9,57,3
move,"['move', 3, 8, 6]",True,916,0.7237238014137465,0.0,1.5281194322328724,0.8043956308191259,1.526520920009716,1.5434416332726928,min_cost_max_flow,157,3,157,8,114,6
move,"['move', 3, 4, 5]",True,916,1.1485087234663505,0.0,1.5281194322328724,0.379610708766522,0.4657610857993859,0.7417943524863267,min_cost_max_flow,78,3,78,4,92,5
move,"['move', 3, 9, 4]",True,926,1.5785413145510905,0.0,2.197469576085416,0.6189282615343256,1.0612980874211644,2.5797145509733057,min_cost_max_flow,169,3,169,9,81,4
move,"['move', 3, 6, 1]",True,926,1.640829733178955,0.0,2.197469576085416,0.5566398429064611,0.9076739406300476,1.1817813652769762,min_cost_max_flow,110,3,110,6,24,1
move,"['move', 3, 7, 4]",True,926,1.4926283977476256,0.0,2.197469576085416,0.7048411783377906,1.2770656231386965,1.9228854117270728,min_cost_max_flow,138,3,138,7,77,4
move,"['move', 3, 5, 1]",True,926,1.5134203337376464,0.0,2.197469576085416,0.6840492423477699,1.2256789801631385,1.5274207453977244,min_cost_max_flow,92,3,92,5,25,1
move,"['move', 3, 3, 9]",True,936,1.2683917589052593,0.0,1.6804419581057908,0.41205019920053154,0.5467712357894925,0.8008450824312066,min_cost_max_flow,57,3,57,3,165,9
move,"['move', 3, 6, 9]",True,936,1.1260583815624314,0.0,1.6804419581057908,0.5543835765433595,0.901014371718702,1.861050034338045,min_cost_max_flow,114,3,114,6,169,9
move,"['move', 3, 2, 8]",True,936,1.1485167109738446,0.0,1.6804419581057908,0.5319252471319463,0.846296501938923,0.9090808685021843,min_cost_max_flow,48,3,48,2,155,8
move,"['move', 3, 0, 9]",True,936,1.0762458784352351,0.0,1.6804419581057908,0.6041960796705557,1.0259316913179646,1.6036755134899603,min_cost_max_flow,16,3,16,0,170,9
move,"['move', 2, 0, 5]",True,946,1.3730233242561816,0.0,1.9794033041993853,0.6063799799432037,1.0688320183708129,1.2877675406782376,min_cost_max_flow,7,2,7,0,92,5
move,"['move', 2, 1, 6]",True,946,1.2562364206355394,0.0,1.9794033041993853,0.7970467736888458,1.5441498307282018,2.187215545155745,min_cost_max_flow,28,2,28,1,110,6
move,"['move', 2, 3, 5]",True,946,1.7191474529044575,0.0,1.9794033041993853,0.2602558512949279,0.2051483810919308,0.20331131280671538,min_cost_max_flow,57,2,57,3,93,5
move,"['move', 2, 3, 6]",True,946,1.3567274898283135,0.0,1.9794033041993853,0.6226758143710718,1.109296368298601,1.471258301932878,min_cost_max_flow,71,2,71,3,114,6
move,"['move', 3, 8, 2]",True,956,2.1675023145859638,0.0,2.577962007290708,0.41045969270474414,0.5431955830317747,0.5337694279308015,min_cost_max_flow,155,3,155,8,48,2
move,"['move', 3, 7, 3]",True,956,1.5830712606067094,0.0,2.577962007290708,0.9948907466839985,2.00164402388873,2.2865654887178364,min_cost_max_flow,139,3,139,7,57,3
move,"['move', 3, 4, 2]",True,956,2.157950381018691,0.0,2.577962007290708,0.42001162627201694,0.5668710355403164,0.6700237010242285,min_cost_max_flow,77,3,77,4,40,2
move,"['move', 3, 1, 3]",True,956,1.8969115844766413,0.0,2.577962007290708,0.6883451070640666,1.2362311327524367,1.6524268796934518,min_cost_max_flow,25,3,25,1,71,3
move,"['move', 3, 7, 5]",True,966,2.1792537662821956,0.0,2.9556985610185142,0.7764447947363188,1.4561130388501624,1.8973022682965883,min_cost_max_flow,140,3,140,7,94,5
move,"['move', 3, 4, 8]",True,966,2.3658313011845693,0.0,2.9556985610185142,0.589867259833945,0.9899420029560133,1.7154346937729574,min_cost_max_flow,81,3,81,4,155,8
move,"['move', 3, 9, 5]",True,966,2.314346722331246,0.0,2.9556985610185142,0.6413518386872683,1.1188395578192285,1.591362873835148,min_cost_max_flow,165,3,165,9,98,5
move,"['move', 3, 9, 0]",True,966,2.611992303646502,0.0,2.9556985610185142,0.34370625737201205,0.3761576384840737,0.6366735718446218,min_cost_max_flow,169,3,169,9,7,0
move,"['move', 2, 1, 4]",True,976,0.8554252573566232,0.0,1.6034535622959731,0.7514177653143499,1.431503897814764,1.236156863288012,min_cost_max_flow,27,2,27,1,81,4
move,"['move', 2, 5, 4]",True,976,1.2633497444276327,0.0,1.6034535622959731,0.3401038178683405,0.4042918248069327,0.520959791826292,min_cost_max_flow,92,2,92,5,77,4
move,"['move', 2, 6, 0]",True,976,1.0325792813554775,0.0,1.6034535622959731,0.5708742809404956,0.9797929502237821,1.4709813008520778,min_cost_max_flow,110,2,110,6,16,0
move,"['move', 2, 6, 4]",True,976,1.110781589444399,0.0,1.6034535622959731,0.49267197285157405,0.7851338230266265,0.9065526174197706,min_cost_max_flow,114,2,114,6,78,4
move,"['move', 3, 5, 7]",True,986,1.485604665724071,0.0,2.2792973434882424,0.7936926777641715,1.4991397742851404,1.9592836913991492,min_cost_max_flow,94,3,94,5,135,7
move,"['move', 3, 2, 7]",True,986,1.2659797410505687,0.0,2.2792973434882424,1.0133176024376738,2.0468272296348005,2.8758545807962714,min_cost_max_flow,40,3,40,2,137,7
move,"['move', 3, 1, 7]",True,986,1.2466452244602488,0.0,2.2792973434882424,1.0326521190279936,2.0949444448724535,3.021905406227247,min_cost_max_flow,24,3,24,1,138,7
move,"['move', 3, 3, 6]",True,986,1.6059013696141664,0.0,2.2792973434882424,0.673395973874076,1.1999980642285664,0.8925839122893731,min_cost_max_flow,57,3,57,3,110,6
move,"['move', 20, 6, 0]",True,996,2.1574306893651016,0.0,1.3050566911747752,1.5698078094346737,3.6107048827052495,1.6506690493940286,min_cost_max_flow,125,20,125,6,3,0
move,"['move', 20, 6, 2]",True,996,0.815939691086669,0.0,1.3050566911747752,0.48911700008810627,0.9097003865044826,1.1689842722928232,min_cost_max_flow,117,20,117,6,40,2
move,"['move', 14, 0, 3]",True,996,1.8869376475227044,0.0,2.2744709782749855,0.3875333307522811,0.6766656190320646,0.7284958503911889,min_cost_max_flow,3,14,3,0,57,3
move,"['move', 14, 0, 1]",True,996,1.8476302830627387,0.0,2.2744709782749855,0.4268406952122469,0.7752225479398476,0.5361506784788329,min_cost_max_flow,9,14,9,0,24,1
move,"['move', 24, 0, 6]",True,1006,1.5503368257120322,0.0,2.273343210296457,0.7230063845844246,1.3483679930359358,1.702661345332416,min_cost_max_flow,6,24,6,0,110,6
move,"['move', 24, 2, 6]",True,1006,1.5056352520562344,0.0,2.273343210296457,0.7677079582402223,1.4591447488000995,2.354113595552921,min_cost_max_flow,40,24,40,2,114,6
move,"['move', 24, 5, 6]",True,1006,1.6199197241949006,0.0,2.273343210296457,0.7679211799765562,1.4610114003298804,1.4650488029220083,min_cost_max_flow,107,24,107,5,116,6
move,"['move', 24, 8, 1]",True,1006,1.4476976806258797,0.0,2.273343210296457,0.8256455296705771,1.6052071705598792,1.5417848062911008,min_cost_max_flow,151,24,151,8,27,1
move,"['move', 3, 7, 1]",True,1016,1.8059121568724656,0.0,2.7363453127617947,0.9304331558893291,1.8406133842236159,2.2110072743447113,min_cost_max_flow,135,3,135,7,25,1
move,"['move', 3, 8, 4]",True,1016,2.0822601589009784,0.0,2.7363453127617947,0.6540851538608161,1.1499609020775097,2.065991990893924,min_cost_max_flow,155,3,155,8,81,4
move,"['move', 3, 6, 0]",True,1016,1.6981089160841585,0.0,2.7363453127617947,1.0382363966776362,2.109567316774701,2.580453554133308,min_cost_max_flow,110,3,110,6,9,0
move,"['move', 3, 3, 1]",True,1016,1.9860718788156602,0.0,2.7363453127617947,0.7502734339461344,1.3904630055676535,2.0450564729954555,min_cost_max_flow,71,3,71,3,28,1
move,"['move', 24, 6, 3]",True,1026,1.3929013215270043,0.0,1.9703254039349982,0.577424082407994,0.9847857241984457,1.4536702762747833,min_cost_max_flow,110,24,110,6,71,3
move,"['move', 24, 6, 5]",True,1026,1.4788816424975224,0.0,1.9703254039349982,0.4914437614374758,0.770590267755324,0.9501062874922375,min_cost_max_flow,114,24,114,6,92,5
move,"['move', 24, 6, 0]",True,1026,0.8577020141866172,0.0,1.9703254039349982,1.112623389748381,2.321472625808383,2.327914770294945,min_cost_max_flow,116,24,116,6,2,0
move,"['move', 24, 8, 3]",True,1026,1.2551031909529162,0.0,1.9703254039349982,0.7152222129820821,1.3280159943624312,2.2970411237647714,min_cost_max_flow,152,24,152,8,57,3
move,"['move', 3, 5, 6]",True,1036,1.543305943736899,0.0,2.1292676011473217,0.5859616574104226,0.9808407430755324,1.2736039082231627,min_cost_max_flow,98,3,98,5,110,6
move,"['move', 3, 7, 6]",True,1036,1.42369259721711,0.0,2.1292676011473217,0.7055750039302118,1.2808676527019998,0.6112416902266504,min_cost_max_flow,137,3,137,7,116,6
move,"['move', 3, 4, 6]",True,1036,1.853614173367919,0.0,2.1292676011473217,0.2756534277794026,0.20652900080858672,0.3010493678201578,min_cost_max_flow,81,3,81,4,117,6
move,"['move', 3, 2, 3]",True,1036,1.6824597248139428,0.0,2.1292676011473217,0.44680787633337893,0.6331017524407798,1.176629202985301,min_cost_max_flow,48,3,48,2,61,3
move,"['move', 24, 0, 7]",True,1046,1.2403002395074203,0.0,2.350099087513062,1.1097988480056415,2.315424552942204,1.6523937765150258,min_cost_max_flow,2,24,2,0,135,7
move,"['move', 24, 1, 6]",True,1046,1.502971874974263,0.0,2.350099087513062,0.8471272125387987,1.6588614859283553,1.575046007676342,min_cost_max_flow,27,24,27,1,110,6
move,"['move', 24, 2, 7]",True,1046,1.607616426457083,0.0,2.350099087513062,0.7424826610559789,1.3975567313009378,1.3706299545882767,min_cost_max_flow,44,24,44,2,137,7
move,"['move', 24, 3, 6]",True,1046,1.6733940270365675,0.0,2.350099087513062,0.6767050604764944,1.2330966471436113,1.3813517603316416,min_cost_max_flow,57,24,57,3,118,6
move,"['move', 3, 3, 8]",True,1056,0.8458646269927083,0.0,1.3783785029989513,0.532513876006243,0.8470958615962445,1.357222554115707,min_cost_max_flow,61,3,61,3,151,8
move,"['move', 3, 6, 5]",True,1056,1.1125290685816862,0.0,1.3783785029989513,0.26584943441726505,0.18193820606211375,0.3549235952395859,min_cost_max_flow,110,3,110,6,94,5
move,"['move', 3, 6, 2]",True,1056,0.8882152594789777,0.0,1.3783785029989513,0.49016324351997353,0.7418630301908706,0.9280560139157714,min_cost_max_flow,116,3,116,6,44,2
move,"['move', 3, 7, 8]",True,1056,0.8363169050250359,0.0,1.3783785029989513,0.5420615979739154,0.8719378923269687,0.7087386797535122,min_cost_max_flow,138,3,138,7,152,8
move,"['move', 3, 6, 3]",True,1066,1.3883767889791097,0.0,2.1298860780597524,0.7415092890806428,1.3688620642496971,1.8387759091469709,min_cost_max_flow,117,3,117,6,57,3
move,"['move', 3, 8, 7]",True,1066,1.5241397900345022,0.0,2.1298860780597524,0.6057462880252502,1.0308321039956354,0.9204143195337224,min_cost_max_flow,151,3,151,8,138,7
move,"['move', 3, 9, 7]",True,1066,1.4783138526167052,0.0,2.1298860780597524,0.651572225443047,1.1449554325736244,1.214757630535779,min_cost_max_flow,170,3,170,9,139,7
move,"['move', 3, 8, 3]",True,1066,1.5461681372998413,0.0,2.1298860780597524,0.5837179407599111,0.9752181954681873,1.2824412289339753,min_cost_max_flow,152,3,152,8,59,3
move,"['move', 4, 5, 3]",True,1076,0.9840077654324579,0.0,1.523915248465892,0.539907483033434,0.898949279462613,1.4394484582054137,min_cost_max_flow,94,4,94,5,61,3
move,"['move', 4, 6, 1]",True,1076,0.6802742788059876,0.0,1.523915248465892,0.8436409696599044,1.6573909009985073,2.0341784783930676,min_cost_max_flow,109,4,109,6,27,1
move,"['move', 4, 6, 0]",True,1076,0.7990627451220805,0.0,1.523915248465892,0.7248525033438115,1.3605743959979009,1.9310712853091019,min_cost_max_flow,112,4,112,6,5,0
move,"['move', 4, 7, 1]",True,1076,0.6828152083767123,0.0,1.523915248465892,0.8411000400891797,1.650573345939847,2.3443325662920422,min_cost_max_flow,131,4,131,7,32,1
move,"['move', 14, 0, 2]",True,1086,1.7055487479531428,0.0,2.049542074506307,0.34399332655316417,0.5677502402795653,0.7720746868625011,min_cost_max_flow,14,14,14,0,48,2
move,"['move', 14, 1, 2]",True,1086,1.8256045878735945,0.0,2.049542074506307,0.27031427725771284,0.38393780612022965,0.5152819673340583,min_cost_max_flow,24,14,24,1,40,2
move,"['move', 14, 3, 2]",True,1086,1.7993790623874735,0.0,2.049542074506307,0.2501630121188337,0.33368205860278977,0.43367174749548865,min_cost_max_flow,57,14,57,3,41,2
move,"['move', 14, 5, 4]",True,1086,1.7604762218131298,0.0,2.049542074506307,0.3531242149431773,0.5911190386977978,0.41102305806273126,min_cost_max_flow,95,14,95,5,81,4
move,"['move', 3, 5, 8]",True,1096,1.1880426626232943,0.0,1.826567142055708,0.6385244794324137,1.1114216045116336,1.8243996541407566,min_cost_max_flow,94,3,94,5,151,8
move,"['move', 3, 1, 9]",True,1096,1.2578640512852095,0.0,1.826567142055708,0.5687030907704983,0.9375692280664225,1.3570028477557268,min_cost_max_flow,25,3,25,1,165,9
move,"['move', 3, 2, 6]",True,1096,1.1055474111561452,0.0,1.826567142055708,0.7210197308995627,1.3176376567662373,1.8391172629866015,min_cost_max_flow,44,3,44,2,109,6
move,"['move', 3, 7, 9]",True,1096,1.0753691972022676,0.0,1.826567142055708,0.7511979448534402,1.3927183989471814,2.0823123988196954,min_cost_max_flow,138,3,138,7,169,9
move,"['move', 3, 8, 5]",True,1106,1.1087351081004095,0.0,1.6808651523456444,0.5721300442452348,0.9459202801645006,1.5012239069313336,min_cost_max_flow,151,3,151,8,94,5
move,"['move', 3, 9, 5]",True,1106,0.9739724528948025,0.0,1.6808651523456444,0.7068926994508419,1.282963055824439,1.4104654763174758,min_cost_max_flow,165,3,165,9,107,5
move,"['move', 3, 7, 5]",True,1106,1.0407090225476594,0.0,1.6808651523456444,0.6401561297979851,1.1145477265727095,2.4597355560424914,min_cost_max_flow,139,3,139,7,98,5
move,"['move', 3, 1, 5]",True,1106,0.8153937452215236,0.0,1.6808651523456444,0.8654714071241207,1.678584067412885,1.9609705394850028,min_cost_max_flow,28,3,28,1,104,5
move,"['move', 4, 0, 7]",True,1116,1.5282354987551552,0.0,2.057638225422514,0.5461599197923586,0.9150159682794765,1.1490505118371301,min_cost_max_flow,5,4,5,0,131,7
move,"['move', 4, 1, 7]",True,1116,1.0947447710403369,0.0,2.057638225422514,0.9628934543821771,1.9534095148428605,3.442577119278569,min_cost_max_flow,27,4,27,1,138,7
move,"['move', 4, 2, 7]",True,1116,1.4107956636341692,0.0,2.057638225422514,0.6468425617883445,1.1655566211757105,1.926351907657757,min_cost_max_flow,38,4,38,2,139,7
move,"['move', 4, 3, 7]",True,1116,1.2820446297147323,0.0,2.057638225422514,0.7755935957077815,1.4864372999854822,2.590955900205081,min_cost_max_flow,61,4,61,3,140,7
move,"['move', 13, 1, 0]",True,1126,1.424104493298968,0.0,1.9085759857685083,0.4844714924695404,0.8981160204330081,1.3383425539569387,min_cost_max_flow,23,13,23,1,14,0
move,"['move', 13, 2, 3]",True,1126,1.7560664443281304,0.0,1.9085759857685083,0.24943818706537782,0.31194647498887207,0.3958638431100152,min_cost_max_flow,37,13,37,2,57,3
move,"['move', 13, 2, 1]",True,1126,1.6668499600343045,0.0,1.9085759857685083,0.24172602573420365,0.29248740892580827,0.5149723331956245,min_cost_max_flow,39,13,39,2,23,1
move,"['move', 13, 4, 3]",True,1126,1.5542783685679324,0.0,1.9085759857685083,0.3542976172005758,0.5732007493097626,0.9920645211794935,min_cost_max_flow,85,13,85,4,61,3
move,"['move', 2, 0, 6]",True,1136,0.9221184243269276,0.0,1.5348159168536073,0.6126974925266797,1.0838876210291346,1.7798867409237251,min_cost_max_flow,16,2,16,0,112,6
move,"['move', 2, 4, 2]",True,1136,0.8279292511379288,0.0,1.5348159168536073,0.7068866657156785,1.3203010673314566,1.152877854373878,min_cost_max_flow,77,2,77,4,44,2
move,"['move', 2, 4, 6]",True,1136,1.25058306014514,0.0,1.5348159168536073,0.2842328567084674,0.2649996703621582,0.2641274885541538,min_cost_max_flow,78,2,78,4,114,6
move,"['move', 2, 4, 3]",True,1136,1.2553508565577343,0.0,1.5348159168536073,0.27946506029587304,0.2527762915487983,0.4667193431368759,min_cost_max_flow,81,2,81,4,62,3
move,"['move', 22, 1, 5]",True,1146,1.8679117093345996,0.0,2.127929731875767,0.3389695775411673,0.6565074827667559,0.6078457719189335,min_cost_max_flow,31,22,31,1,94,5
move,"['move', 22, 1, 6]",True,1146,1.812489750405481,0.0,2.127929731875767,0.31543998147028596,0.5978896674041607,0.47039589551350003,min_cost_max_flow,29,22,29,1,116,6
move,"['move', 22, 3, 6]",True,1146,1.815609427704352,0.0,2.127929731875767,0.3123203041714151,0.5900421786809602,0.5025928795291349,min_cost_max_flow,56,22,56,3,117,6
move,"['move', 22, 4, 5]",True,1146,1.8999808944629493,0.0,2.127929731875767,0.2279488374128177,0.37941873628915346,0.2991098764046191,min_cost_max_flow,73,22,73,4,95,5
move,"['move', 22, 5, 0]",True,1156,1.5330418359141507,0.0,1.8997364453568983,0.3666946094427476,0.7255340416504623,0.7985263520819557,min_cost_max_flow,94,22,94,5,16,0
move,"['move', 22, 5, 1]",True,1156,1.6155328177146562,0.0,1.8997364453568983,0.2842036276422422,0.5201069871764048,0.26492633394455095,min_cost_max_flow,95,22,95,5,24,1
move,"['move', 22, 6, 0]",True,1156,1.5765660094259553,0.0,1.8997364453568983,0.3231704359309431,0.6172842643281911,0.42475538058850626,min_cost_max_flow,116,22,116,6,3,0
move,"['move', 22, 6, 1]",True,1156,1.5621970046407396,0.0,1.8997364453568983,0.3375394407161588,0.6532175749343878,0.4175562851502628,min_cost_max_flow,117,22,117,6,25,1
move,"['move', 3, 5, 4]",True,1166,1.837822818235845,0.0,2.57633426168426,0.7385114434484151,1.3614337403869285,1.7945824306131297,min_cost_max_flow,94,3,94,5,85,4
move,"['move', 3, 9, 1]",True,1166,1.7710816241124108,0.0,2.57633426168426,0.8052526375718494,1.5293156449588423,1.108636255061112,min_cost_max_flow,169,3,169,9,28,1
move,"['move', 3, 3, 4]",True,1166,2.2188082185153553,0.0,2.57633426168426,0.3575260431689048,0.41066219848835317,0.6666098971461702,min_cost_max_flow,57,3,57,3,73,4
move,"['move', 3, 0, 1]",True,1166,1.7346286568198996,0.0,2.57633426168426,0.8417056048643606,1.6205239569717378,1.0580404006494835,min_cost_max_flow,7,3,7,0,29,1
move,"['move', 13, 0, 1]",True,1176,1.5467709263504317,0.0,1.7560366854092417,0.20926575905881,0.21178095524010132,0.21883033134420188,min_cost_max_flow,14,13,14,0,33,1
move,"['move', 13, 2, 4]",True,1176,1.273855679844723,0.0,1.7560366854092417,0.48218100556451887,0.8931923201089376,0.8033312616347945,min_cost_max_flow,47,13,47,2,77,4
move,"['move', 13, 5, 4]",True,1176,1.441287320364637,0.0,1.7560366854092417,0.31474936504460477,0.47497396924700297,0.5628309697341736,min_cost_max_flow,97,13,97,5,78,4
move,"['move', 13, 6, 4]",True,1176,1.4249659877908494,0.0,1.7560366854092417,0.33107069761839236,0.5153557213434397,0.8438838617557587,min_cost_max_flow,121,13,121,6,81,4
move,"['move', 3, 4, 9]",True,1186,2.659342235694997,0.0,3.2520096333986714,0.5926673977036744,0.9961857177804632,2.2198545936888676,min_cost_max_flow,73,3,73,4,165,9
move,"['move', 3, 1, 8]",True,1186,2.3045339316513815,0.0,3.2520096333986714,0.94747570174729,1.8831178654327232,2.278929564874979,min_cost_max_flow,28,3,28,1,151,8
move,"['move', 3, 4, 8]",True,1186,2.622669021722005,0.0,3.2520096333986714,0.6293406116766664,1.0881738573389157,2.016451509707219,min_cost_max_flow,85,3,85,4,152,8
move,"['move', 3, 6, 8]",True,1186,2.563061607391293,0.0,3.2520096333986714,0.6889480260073785,1.2379593018449668,1.505179056859836,min_cost_max_flow,109,3,109,6,156,8
move,"['move', 3, 9, 6]",True,1196,1.7455367849795,0.0,2.1237928806519975,0.3782560956724974,0.4618279310052458,1.1062090585388262,min_cost_max_flow,165,3,165,9,110,6
move,"['move', 3, 8, 2]",True,1196,1.2958927186714517,0.0,2.1237928806519975,0.8279001619805457,1.5834211905621487,2.784146534017406,min_cost_max_flow,151,3,151,8,47,2
move,"['move', 3, 8, 4]",True,1196,1.4694329326319013,0.0,2.1237928806519975,0.6543599480200962,1.1504298796444345,2.2113305450776712,min_cost_max_flow,152,3,152,8,85,4
move,"['move', 3, 3, 6]",True,1196,1.4722667571101302,0.0,2.1237928806519975,0.6515261235418672,1.1435750507680496,2.0581756656193737,min_cost_max_flow,59,3,59,3,116,6
move,"['move', 3, 4, 7]",True,1206,1.7803614738380076,0.0,2.279487413376778,0.4991259395387706,0.7645718966796267,0.7266383860736303,min_cost_max_flow,85,3,85,4,141,7
move,"['move', 3, 8, 9]",True,1206,1.4641242375749257,0.0,2.279487413376778,0.8153631758018525,1.553712564676971,1.6949201596470944,min_cost_max_flow,156,3,156,8,165,9
move,"['move', 3, 6, 7]",True,1206,1.8498775609202966,0.0,2.279487413376778,0.42960985245648164,0.59071778656471,0.7692333255364547,min_cost_max_flow,110,3,110,6,143,7
move,"['move', 3, 0, 3]",True,1206,1.5267794590778911,0.0,2.279487413376778,0.752707954298887,1.39661388388231,2.002004851145508,min_cost_max_flow,9,3,9,0,56,3
move,"['move', 3, 2, 4]",True,1222,1.9478685702996077,0.0,2.4278095404166984,0.4799409701170907,0.7168874716480786,0.5413060376389316,min_cost_max_flow,47,3,47,2,85,4
move,"['move', 3, 9, 0]",True,1222,2.039715730967698,0.0,2.4278095404166984,0.38809380944900007,0.48712123082441394,0.6401988065977939,min_cost_max_flow,165,3,165,9,7,0
move,"['move', 3, 5, 0]",True,1222,1.3613924145647835,0.0,2.4278095404166984,1.1163054223519149,2.303705204383732,3.270237938576866,min_cost_max_flow,107,3,107,5,9,0
move,"['move', 3, 1, 4]",True,1222,1.72479562881634,0.0,2.4278095404166984,0.7030139116003584,1.2711305299126252,2.8341696667209972,min_cost_max_flow,29,3,29,1,73,4
move,"['move', 9, 1, 0]",True,1232,1.2739276384941192,0.0,1.450421169649502,0.17649353115538277,0.24945865988411242,0.20640413258750165,min_cost_max_flow,35,9,35,1,14,0
move,"['move', 9, 2, 0]",True,1232,1.2741640236828244,0.0,1.450421169649502,0.17625714596667758,0.24885134593387193,0.21730478490584842,min_cost_max_flow,54,9,54,2,4,0
move,"['move', 9, 3, 0]",True,1232,1.228457279813233,0.0,1.450421169649502,0.22196388983626905,0.36309420493489597,0.2333052335422922,min_cost_max_flow,58,9,58,3,5,0
move,"['move', 9, 3, 8]",True,1232,1.0403021632647707,0.0,1.450421169649502,0.4101190063847313,0.8328955844026495,0.6242465024768953,min_cost_max_flow,68,9,68,3,151,8
move,"['move', 23, 4, 2]",True,1242,1.2928445940739128,0.0,1.9846046863557594,0.6917600922818465,1.3262244816105522,1.7200962699071092,min_cost_max_flow,73,23,73,4,47,2
move,"['move', 23, 4, 3]",True,1242,1.3999711224938025,0.0,1.9846046863557594,0.5846335638619569,1.0601319361267088,0.5709125593200274,min_cost_max_flow,88,23,88,4,68,3
move,"['move', 23, 5, 2]",True,1242,1.4496973825418276,0.0,1.9846046863557594,0.5349073038139319,0.9350424560852844,1.086799173561387,min_cost_max_flow,104,23,104,5,54,2
move,"['move', 23, 6, 2]",True,1242,1.4838751108131802,0.0,1.9846046863557594,0.5007295755425791,0.8493611485082511,1.2447904393289273,min_cost_max_flow,113,23,113,6,37,2
move,"['move', 4, 6, 5]",True,1252,1.3695003210629575,0.0,1.9164403693250056,0.6219209272620482,1.103412121805377,1.8199606107195876,min_cost_max_flow,119,4,119,6,94,5
move,"['move', 4, 7, 5]",True,1252,1.2763205595613067,0.0,1.9164403693250056,0.6401198097636989,1.1492597244741773,1.5863630009372078,min_cost_max_flow,131,4,131,7,107,5
move,"['move', 4, 7, 0]",True,1252,1.1236213193652596,0.0,1.9164403693250056,0.7928190499597462,1.5308857158706815,1.6677690633466191,min_cost_max_flow,138,4,138,7,6,0
move,"['move', 4, 7, 3]",True,1252,1.0444407205153015,0.0,1.9164403693250056,0.8719996488097043,1.728391949682191,1.9646112722704057,min_cost_max_flow,139,4,139,7,57,3
move,"['move', 13, 3, 5]",True,1262,1.5033602052601496,0.0,1.82813100738369,0.32477080212354054,0.5000300259634969,0.5611882902979296,min_cost_max_flow,57,13,57,3,94,5
move,"['move', 13, 3, 6]",True,1262,1.468441997930971,0.0,1.82813100738369,0.35968900945271903,0.5870434635362471,0.7492421237618972,min_cost_max_flow,61,13,61,3,110,6
move,"['move', 13, 4, 5]",True,1262,1.5263114703820044,0.0,1.82813100738369,0.30181953700168557,0.44316646048173425,0.2181234083814102,min_cost_max_flow,77,13,77,4,95,5
move,"['move', 13, 4, 6]",True,1262,1.545211192125133,0.0,1.82813100738369,0.282919815258557,0.39556900019852037,0.45022735864300556,min_cost_max_flow,78,13,78,4,113,6
move,"['move', 3, 4, 9]",True,1272,1.3523867528688278,0.0,1.8290502194824696,0.4766634666136418,0.7080438211942237,0.9745671677942234,min_cost_max_flow,73,3,73,4,165,9
move,"['move', 3, 4, 2]",True,1272,1.1417534317821731,0.0,1.8290502194824696,0.6872967877002963,1.2337751007435145,1.5425826126911468,min_cost_max_flow,85,3,85,4,39,2
move,"['move', 3, 7, 2]",True,1272,1.0825584155839476,0.0,1.8290502194824696,0.886723327898522,1.7311790436997399,2.3175209722505965,min_cost_max_flow,143,3,143,7,43,2
move,"['move', 3, 7, 1]",True,1272,1.1640753152253018,0.0,1.8290502194824696,0.6649749042571678,1.1779023760536802,1.5879266673664165,min_cost_max_flow,141,3,141,7,35,1
move,"['move', 24, 6, 4]",True,1282,2.136556198994388,0.0,2.429661135122295,0.29310493612790683,0.2756332916087558,0.35671486925617635,min_cost_max_flow,110,24,110,6,73,4
move,"['move', 24, 7, 4]",True,1282,1.7928844309813412,0.0,2.429661135122295,0.6367767041409537,1.1333553121075965,1.32831455844034,min_cost_max_flow,135,24,135,7,85,4
move,"['move', 24, 7, 1]",True,1282,1.8412770753051912,0.0,2.429661135122295,0.5883840598171037,1.0130196794088988,0.8976624844889032,min_cost_max_flow,137,24,137,7,29,1
move,"['move', 24, 8, 4]",True,1282,1.724398851367177,0.0,2.429661135122295,0.7052622837551178,1.303802500717211,1.8394881756376265,min_cost_max_flow,154,24,154,8,88,4
move,"['move', 3, 3, 7]",True,1292,1.5969580496880684,0.0,2.357689770221153,0.7607317205330844,1.4161640663023718,2.34149362809959,min_cost_max_flow,56,3,56,3,131,7
move,"['move', 3, 0, 7]",True,1292,1.5504380701540073,0.0,2.357689770221153,0.8072517000671456,1.5330512167529378,1.9500258844911804,min_cost_max_flow,7,3,7,0,135,7
move,"['move', 3, 5, 7]",True,1292,1.8394259896935257,0.0,2.357689770221153,0.518263780527627,0.8121833584191336,0.8820655411629491,min_cost_max_flow,98,3,98,5,137,7
move,"['move', 3, 2, 7]",True,1292,1.5381902766097382,0.0,2.357689770221153,0.8194994936114146,1.562917470064349,2.452179583998878,min_cost_max_flow,39,3,39,2,138,7
move,"['move', 3, 9, 4]",True,1302,1.4977238045099999,0.0,2.056181163514872,0.558457359004872,0.9115743382008077,1.6107098154552324,min_cost_max_flow,165,3,165,9,73,4
move,"['move', 3, 1, 3]",True,1302,1.6793332319548542,0.0,2.056181163514872,0.3768479315600178,0.4585923677714163,0.9163110269590733,min_cost_max_flow,35,3,35,1,56,3
move,"['move', 3, 6, 8]",True,1302,1.7386768775420247,0.0,2.056181163514872,0.31750428597284724,0.3102492699999857,0.9056335626286025,min_cost_max_flow,116,3,116,6,152,8
move,"['move', 3, 2, 4]",True,1302,1.5846648424412304,0.0,2.056181163514872,0.4715163210736415,0.695319803291568,0.8786698695641584,min_cost_max_flow,43,3,43,2,77,4
move,"['move', 23, 2, 0]",True,1312,1.3513029561722605,0.0,1.7573470438986614,0.406044087726401,0.6130453653422592,0.9794995230266521,min_cost_max_flow,37,23,37,2,7,0
move,"['move', 23, 2, 1]",True,1312,1.3089697157498292,0.0,1.7573470438986614,0.44837732814883213,0.719130129660698,0.8117240147860393,min_cost_max_flow,47,23,47,2,35,1
move,"['move', 23, 2, 5]",True,1312,1.1439741109977581,0.0,1.7573470438986614,0.6133729329009033,1.1305347615616483,1.534644000937656,min_cost_max_flow,54,23,54,2,97,5
move,"['move', 23, 3, 0]",True,1312,0.7964262209354998,0.0,1.7573470438986614,1.0470086513381616,2.215162588188832,1.1756236449123592,min_cost_max_flow,68,23,68,3,2,0
move,"['move', 3, 8, 1]",True,1322,2.3641773322033783,0.0,3.1761871175480434,0.8120097853446652,1.54462021636391,2.167501606375683,min_cost_max_flow,152,3,152,8,27,1
move,"['move', 3, 4, 1]",True,1322,2.4836914378842225,0.0,3.1761871175480434,0.6924956796638206,1.246383132012852,1.8020483723400165,min_cost_max_flow,73,3,73,4,28,1
move,"['move', 3, 0, 2]",True,1322,2.3287360628964127,0.0,3.1761871175480434,0.847451054651631,1.6353262671782431,0.7655832417631869,min_cost_max_flow,9,3,9,0,47,2
move,"['move', 3, 5, 2]",True,1322,2.518619143866351,0.0,3.1761871175480434,0.6575679736816924,1.159140976755225,1.7506419072108603,min_cost_max_flow,104,3,104,5,54,2
move,"['move', 4, 6, 2]",True,1332,2.121602337827591,0.0,2.659530046048008,0.5379277082204166,0.8939877076190896,1.4475383321917938,min_cost_max_flow,123,4,123,6,37,2
move,"['move', 4, 7, 2]",True,1332,2.0669987224220914,0.0,2.659530046048008,0.5925313236259165,1.030705454029885,1.3083997341615614,min_cost_max_flow,140,4,140,7,38,2
move,"['move', 4, 8, 2]",True,1332,2.154976716767244,0.0,2.659530046048008,0.504553329280764,0.8107665439001721,1.304349245382605,min_cost_max_flow,148,4,148,8,39,2
move,"['move', 4, 9, 2]",True,1332,2.1063736259843355,0.0,2.659530046048008,0.5531564200636723,0.9318397826191358,1.5940080709205129,min_cost_max_flow,169,4,169,9,43,2
move,"['move', 3, 4, 0]",True,1342,1.3516400120514773,0.0,2.2119370493181454,0.8602970372666682,1.6648933219421451,2.4641844242239257,min_cost_max_flow,77,3,77,4,9,0
move,"['move', 3, 2, 0]",True,1342,1.343352113222911,0.0,2.2119370493181454,0.8685849360952344,1.6870546845311765,1.503107412479942,min_cost_max_flow,47,3,47,2,7,0
move,"['move', 3, 1, 0]",True,1342,1.6862888049968667,0.0,2.2119370493181454,0.5256482443212787,0.8314112559783098,0.37090682446489703,min_cost_max_flow,27,3,27,1,8,0
move,"['move', 3, 3, 9]",True,1342,1.5426168977160648,0.0,2.2119370493181454,0.6693201516020806,1.1873464592808887,2.533950090748848,min_cost_max_flow,56,3,56,3,169,9
move,"['move', 13, 1, 2]",True,1352,1.1883285258876568,0.0,1.7516068209626043,0.5632782950749475,1.0950490569939575,1.3943225223359832,min_cost_max_flow,23,13,23,1,47,2
move,"['move', 13, 5, 3]",True,1352,1.2783451699592687,0.0,1.7516068209626043,0.5080066431700023,0.9576685298779921,0.8619207580707959,min_cost_max_flow,95,13,95,5,56,3
move,"['move', 13, 6, 3]",True,1352,1.433593610856181,0.0,1.7516068209626043,0.3180132101064232,0.4829817617737717,0.6640443882524203,min_cost_max_flow,110,13,110,6,57,3
move,"['move', 13, 6, 0]",True,1352,1.2893528469068842,0.0,1.7516068209626043,0.46225397405572005,0.8433880241027509,0.7944760844277499,min_cost_max_flow,113,13,113,6,9,0
move,"['move', 4, 0, 8]",True,1362,1.876674122327596,0.0,2.355675368852312,0.47900124652471593,0.747193017439713,1.099895625608466,min_cost_max_flow,6,4,6,0,148,8
move,"['move', 4, 1, 8]",True,1362,1.6849321598346092,0.0,2.355675368852312,0.6707432090177028,1.224825524705011,2.2481616037211856,min_cost_max_flow,32,4,32,1,152,8
move,"['move', 4, 2, 8]",True,1362,1.6052323795751247,0.0,2.355675368852312,0.7504429892771872,1.4233027722548286,2.762963669650306,min_cost_max_flow,37,4,37,2,154,8
move,"['move', 4, 2, 9]",True,1362,1.841944627044017,0.0,2.355675368852312,0.5137307418082951,0.8338081569108908,1.2389614507887088,min_cost_max_flow,38,4,38,2,165,9
move,"['move', 3, 2, 5]",True,1372,1.273414987761135,0.0,1.9780671233446352,0.7046521355835001,1.2772005238366546,1.5178803559375624,min_cost_max_flow,54,3,54,2,104,5
move,"['move', 3, 0, 6]",True,1372,1.2885886130089226,0.0,1.9780671233446352,0.6894785103357126,1.2369843229898834,3.0393055074723203,min_cost_max_flow,7,3,7,0,110,6
move,"['move', 3, 9, 6]",True,1372,1.2190986414914882,0.0,1.9780671233446352,0.7589684818531469,1.4116442026697769,2.416004916600513,min_cost_max_flow,169,3,169,9,123,6
move,"['move', 3, 0, 5]",True,1372,1.415017907557348,0.0,1.9780671233446352,0.5630492157872873,0.9243268673126295,0.7621183782660728,min_cost_max_flow,8,3,8,0,98,5
move,"['move', 3, 5, 9]",True,1382,1.7454915093568302,0.0,2.1327582988126443,0.38726678945581416,0.48480932531674625,0.803102489733105,min_cost_max_flow,98,3,98,5,169,9
move,"['move', 3, 1, 2]",True,1382,1.474818734451837,0.0,2.1327582988126443,0.6579395643608074,1.160521474252164,1.4496280411098896,min_cost_max_flow,28,3,28,1,54,2
move,"['move', 3, 0, 3]",True,1382,1.263510200329966,0.0,2.1327582988126443,0.8692480984826783,1.6890243570014718,1.2952630780229548,min_cost_max_flow,9,3,9,0,58,3
move,"['move', 3, 7, 3]",True,1382,1.486616782854473,0.0,2.1327582988126443,0.6461415159581714,1.1297220701417245,2.3191501103428678,min_cost_max_flow,131,3,131,7,59,3
move,"['move', 3, 2, 1]",True,1392,2.126256812595031,0.0,2.50656779692884,0.38031098433380905,0.4672263265292713,0.9320931447077887,min_cost_max_flow,54,3,54,2,23,1
move,"['move', 3, 6, 1]",True,1392,1.7224733259135006,0.0,2.50656779692884,0.8240615582653391,1.575049418484923,1.9676550601567635,min_cost_max_flow,110,3,110,6,27,1
move,"['move', 3, 3, 1]",True,1392,1.694643936237762,0.0,2.50656779692884,0.8119238606910777,1.5458692539359618,1.191602135695256,min_cost_max_flow,58,3,58,3,28,1
move,"['move', 3, 5, 1]",True,1392,1.7513943429447938,0.0,2.50656779692884,0.755173453984046,1.403038622245731,1.8280120841297276,min_cost_max_flow,104,3,104,5,31,1
move,"['move', 3, 9, 2]",True,1402,1.2214139084690796,0.0,1.9160631248286824,0.6946492163596028,1.251111249997848,2.239197541979679,min_cost_max_flow,169,3,169,9,54,2
move,"['move', 3, 3, 5]",True,1402,1.1311849396253528,0.0,1.9160631248286824,0.7848781852033294,1.4766943836621067,2.232056505351471,min_cost_max_flow,59,3,59,3,104,5
move,"['move', 3, 6, 0]",True,1402,1.0671568082453518,0.0,1.9160631248286824,0.8489063165833305,1.6355529108750488,3.0399239967252116,min_cost_max_flow,123,3,123,6,6,0
move,"['move', 3, 7, 0]",True,1402,1.1451621704977488,0.0,1.9160631248286824,0.7747820313309334,1.4528544811710162,1.2984017120852027,min_cost_max_flow,137,3,137,7,7,0
move,"['move', 3, 5, 6]",True,1412,2.354546563648828,0.0,2.6611603147254423,0.30661375107661415,0.28348356254900864,0.5985470362247516,min_cost_max_flow,104,3,104,5,123,6
move,"['move', 3, 1, 6]",True,1412,1.9701566046959342,0.0,2.6611603147254423,0.6910037100295081,1.2417486660651775,2.405076280268829,min_cost_max_flow,23,3,23,1,109,6
move,"['move', 3, 7, 6]",True,1412,2.243314242434392,0.0,2.6611603147254423,0.4178460722910503,0.5615761812350684,0.5906699362453041,min_cost_max_flow,135,3,135,7,116,6
move,"['move', 3, 2, 9]",True,1412,1.9709390187896165,0.0,2.6611603147254423,0.6902212959358257,1.2400726551768457,2.218393383019233,min_cost_max_flow,54,3,54,2,169,9
move,"['move', 24, 1, 7]",True,1422,1.1435174707823976,0.0,2.058860090660741,0.9153426198783431,1.8276748497028166,2.725149057276007,min_cost_max_flow,29,24,29,1,131,7
move,"['move', 24, 3, 7]",True,1422,1.299823497297552,0.0,2.058860090660741,0.7590365933631888,1.438412044188226,1.7236418750794196,min_cost_max_flow,71,24,71,3,135,7
move,"['move', 24, 4, 7]",True,1422,1.3470781238131901,0.0,2.058860090660741,0.7117819668475506,1.3204847366614558,1.5841360335290222,min_cost_max_flow,73,24,73,4,139,7
move,"['move', 24, 5, 7]",True,1422,1.5153055423776962,0.0,2.058860090660741,0.5435545482830445,0.9006503520922706,1.0946948054756624,min_cost_max_flow,92,24,92,5,140,7
move,"['move', 3, 0, 2]",True,1432,1.052173330559429,0.0,1.6018700231032792,0.5496966925438502,0.8895264165330445,1.708213492260994,min_cost_max_flow,6,3,6,0,54,2
move,"['move', 3, 9, 3]",True,1432,0.854033260882483,0.0,1.6018700231032792,0.7478367622207962,1.3839535585193516,2.3235682962996003,min_cost_max_flow,169,3,169,9,71,3
move,"['move', 3, 1, 3]",True,1432,1.0310575443795997,0.0,1.6018700231032792,0.6527932438486794,1.1464232635553344,2.2712343187829376,min_cost_max_flow,31,3,31,1,58,3
move,"['move', 3, 6, 2]",True,1432,0.9972643851547378,0.0,1.6018700231032792,0.6046056379485414,1.0262584984757268,2.068401204958085,min_cost_max_flow,109,3,109,6,38,2
move,"['move', 18, 1, 4]",True,1442,1.2331497049923197,0.0,1.6810280779137827,0.44787837292146304,0.6480384386086371,1.5323814779078666,min_cost_max_flow,22,18,22,1,73,4
move,"['move', 18, 1, 0]",True,1442,1.3803762149001688,0.0,1.6810280779137827,0.3006518630136139,0.2819663389964262,0.2029313729665865,min_cost_max_flow,24,18,24,1,6,0
move,"['move', 18, 3, 4]",True,1442,1.215346099680807,0.0,1.6810280779137827,0.46568197823297564,0.6931299568950635,1.1440448061445252,min_cost_max_flow,55,18,55,3,77,4
move,"['move', 18, 5, 4]",True,1442,1.3406063092681169,0.0,1.6810280779137827,0.34042176864566587,0.38079520365499775,0.6001976540055038,min_cost_max_flow,99,18,99,5,78,4
move,"['move', 4, 8, 1]",True,1452,1.3597208847214124,0.0,2.056408191383472,0.7188724042870595,1.3459361819095648,1.723048916279856,min_cost_max_flow,154,4,154,8,22,1
move,"['move', 4, 8, 6]",True,1452,1.6783340499870192,0.0,2.056408191383472,0.37807414139645285,0.4946014986235241,1.2823996226291499,min_cost_max_flow,148,4,148,8,109,6
move,"['move', 4, 8, 0]",True,1452,1.5417156797729985,0.0,2.056408191383472,0.5146925116104735,0.8365683081956377,1.0018102645880254,min_cost_max_flow,152,4,152,8,8,0
move,"['move', 4, 9, 1]",True,1452,1.5543998383305866,0.0,2.056408191383472,0.5020083530528854,0.804986271999951,0.9162367990654844,min_cost_max_flow,165,4,165,9,23,1
move,"['move', 3, 1, 8]",True,1462,1.0669105412175177,0.0,1.7611547056236883,0.7472388435728372,1.384364124864078,1.053326319883882,min_cost_max_flow,27,3,27,1,148,8
move,"['move', 3, 0, 8]",True,1462,1.2545345460447361,0.0,1.7611547056236883,0.5066201595789522,0.7829992733277322,0.9320873543058237,min_cost_max_flow,7,3,7,0,152,8
move,"['move', 3, 2, 5]",True,1462,1.1209126299682732,0.0,1.7611547056236883,0.6402420756554149,1.1165603884637676,1.2612040577200923,min_cost_max_flow,38,3,38,2,104,5
move,"['move', 3, 6, 9]",True,1462,1.0393859467858848,0.0,1.7611547056236883,0.7217687588378034,1.3203093698903103,1.30635507733924,min_cost_max_flow,116,3,116,6,169,9
add,"['add', 19, None, 1]",True,1472,1.0170877427460676,0.0,1.3380613641717445,0.3209736214256769,0.4657087168234284,0.5622650409714428,min_cost_max_flow,39,19,,,24,1
add,"['add', 19, None, 5]",True,1472,0.9250252310282046,0.0,1.3380613641717445,0.4130361331435399,0.6946838059793663,1.3497251334511664,min_cost_max_flow,39,19,,,92,5
add,"['add', 19, None, 6]",True,1472,1.136287660229198,0.0,1.3380613641717445,0.20177370394254654,0.16792417610849952,0.41876304570683115,min_cost_max_flow,92,19,,,110,6
move,"['move', 3, 9, 0]",True,1472,0.8348406604311258,0.0,1.2352029142713954,0.4003622538402696,0.5178829039869015,0.5798240170552209,min_cost_max_flow,169,3,169,9,7,0
move,"['move', 4, 0, 9]",True,1482,1.3814993513348253,0.0,1.833367985377215,0.4518686340423896,0.6805044959783118,0.33788912933209825,min_cost_max_flow,8,4,8,0,169,9
move,"['move', 4, 1, 9]",True,1482,1.3912752535645756,0.0,1.833367985377215,0.44209273181263925,0.6555610660998354,0.6736719987323304,min_cost_max_flow,22,4,22,1,165,9
move,"['move', 4, 4, 9]",True,1482,1.2441451585512917,0.0,1.833367985377215,0.6910375074509231,1.2762658606807236,1.7784350086132075,min_cost_max_flow,83,4,83,4,170,9
move,"['move', 4, 5, 9]",True,1482,1.0681826327276163,0.0,1.833367985377215,0.7651853526495986,1.4602980404961272,2.6700571294702358,min_cost_max_flow,94,4,94,5,171,9
move,"['move', 24, 7, 3]",True,1492,1.7767895125000008,0.0,2.7310554579660904,0.9562692560910894,1.9311219182418426,1.9714970525024822,min_cost_max_flow,135,24,135,7,68,3
move,"['move', 24, 7, 5]",True,1492,2.3583819496702194,0.0,2.7310554579660904,0.37267350829587087,0.4742799163905147,0.5399186280235665,min_cost_max_flow,131,24,131,7,94,5
move,"['move', 24, 9, 3]",True,1492,2.249850212804809,0.0,2.7310554579660904,0.4812052451612815,0.7456838155194419,0.49021398442315267,min_cost_max_flow,166,24,166,9,59,3
move,"['move', 24, 9, 1]",True,1492,2.0717954753313554,0.0,2.7310554579660904,0.6592599826347352,1.1904716020235355,0.7229187707835577,min_cost_max_flow,168,24,168,9,22,1
move,"['move', 24, 4, 8]",True,1502,1.728659971285048,0.0,2.2820247460897165,0.5533647748046685,0.924333576045683,1.6562563725742008,min_cost_max_flow,85,24,85,4,154,8
move,"['move', 24, 5, 8]",True,1502,1.4521630816293438,0.0,2.2820247460897165,0.8298616644603726,1.6156087693962036,1.6342768984005447,min_cost_max_flow,94,24,94,5,156,8
move,"['move', 24, 6, 8]",True,1502,1.8256146289061335,0.0,2.2820247460897165,0.45641011718358304,0.6833455268497346,0.7238598013972586,min_cost_max_flow,118,24,118,6,157,8
move,"['move', 24, 7, 0]",True,1502,1.6516063969394952,0.0,2.2820247460897165,0.6304183491502214,1.1173111947828147,1.4271344570744635,min_cost_max_flow,139,24,139,7,8,0
move,"['move', 3, 8, 9]",True,1512,2.1998363275779678,0.0,2.655537359476218,0.45570103189824995,0.6562633984776767,0.5574577865058056,min_cost_max_flow,148,3,148,8,166,9
move,"['move', 3, 2, 1]",True,1512,2.1083255275328425,0.0,2.655537359476218,0.5472118319433753,0.8831787811086542,1.7985361077295823,min_cost_max_flow,54,3,54,2,29,1
move,"['move', 3, 8, 1]",True,1512,2.0396127681116543,0.0,2.655537359476218,0.6159245913645635,1.054557795436267,2.0671255913012834,min_cost_max_flow,152,3,152,8,32,1
move,"['move', 3, 3, 4]",True,1512,1.9949142061463132,0.0,2.655537359476218,0.6606231533299047,1.166753856385185,1.7673549009249294,min_cost_max_flow,58,3,58,3,85,4
move,"['move', 24, 0, 2]",True,1522,1.5494524586050094,0.0,2.206406332407796,0.6569538738027865,1.1835727107682033,1.4786648877571635,min_cost_max_flow,8,24,8,0,54,2
move,"['move', 24, 4, 6]",True,1522,1.5375658085619976,0.0,2.206406332407796,0.6688405238457981,1.2125499640515045,1.9715794372424549,min_cost_max_flow,88,24,88,4,110,6
move,"['move', 24, 7, 6]",True,1522,1.4552992652844907,0.0,2.206406332407796,0.7511070671233051,1.4186754703587212,1.665480694943131,min_cost_max_flow,140,24,140,7,113,6
move,"['move', 24, 8, 5]",True,1522,1.5494320185632429,0.0,2.206406332407796,0.656974313844553,1.1831161254740437,1.8171218201411043,min_cost_max_flow,154,24,154,8,94,5
move,"['move', 22, 0, 6]",True,1532,2.2444045692418513,0.0,2.509132031084935,0.26472746184308393,0.47114972390227194,0.4428255181026523,min_cost_max_flow,3,22,3,0,116,6
move,"['move', 22, 1, 2]",True,1532,2.3155928591734196,0.0,2.509132031084935,0.19353917191151565,0.29349388558330247,0.2329011781352397,min_cost_max_flow,24,22,24,1,37,2
move,"['move', 22, 4, 6]",True,1532,2.224794819726935,0.0,2.509132031084935,0.2843372113580003,0.5200756457143143,0.5084601682683119,min_cost_max_flow,75,22,75,4,118,6
move,"['move', 22, 7, 5]",True,1532,2.1701071423528733,0.0,2.509132031084935,0.3390248887320618,0.6567860488412407,0.5143203737533604,min_cost_max_flow,141,22,141,7,95,5
move,"['move', 22, 0, 7]",True,1542,1.708420724766676,0.0,1.9841777396492986,0.2757570148826225,0.49855046232369205,0.5582549697202104,min_cost_max_flow,16,22,16,0,141,7
move,"['move', 22, 1, 7]",True,1542,1.6976544633468782,0.0,1.9841777396492986,0.28652327630242025,0.5257438517837727,0.3730976959960721,min_cost_max_flow,25,22,25,1,131,7
move,"['move', 22, 2, 7]",True,1542,1.5992773532528026,0.0,1.9841777396492986,0.38490038639649593,0.7712376280851458,0.6724303185400652,min_cost_max_flow,37,22,37,2,137,7
move,"['move', 22, 3, 7]",True,1542,1.7787315313535075,0.0,1.9841777396492986,0.2054462082957912,0.3232585842051776,0.2348294040110106,min_cost_max_flow,67,22,67,3,139,7
move,"['move', 3, 4, 8]",True,1552,1.6451811906147222,0.0,2.506249732767899,0.8610685421531769,1.6672635495287977,2.1698741773032006,min_cost_max_flow,85,3,85,4,148,8
move,"['move', 3, 3, 2]",True,1552,2.156811722909556,0.0,2.506249732767899,0.34943800985834317,0.3901791111293278,0.8419459522269817,min_cost_max_flow,71,3,71,3,37,2
move,"['move', 3, 5, 2]",True,1552,1.91169873316817,0.0,2.506249732767899,0.5945509995997292,1.0015339378751378,1.7937110239970977,min_cost_max_flow,104,3,104,5,44,2
move,"['move', 3, 9, 1]",True,1552,1.875466044629245,0.0,2.506249732767899,0.630783688138654,1.0934156640196306,0.927041159209839,min_cost_max_flow,166,3,166,9,24,1
move,"['move', 24, 6, 7]",True,1562,1.106819129645392,0.0,1.8327664298240518,0.7259473001786597,1.3557495119875966,1.6831747012837988,min_cost_max_flow,110,24,110,6,135,7
move,"['move', 24, 8, 0]",True,1562,1.2329275568575688,0.0,1.8327664298240518,0.599838872966483,1.041112716186035,1.260326548696828,min_cost_max_flow,156,24,156,8,16,0
move,"['move', 24, 8, 7]",True,1562,1.4536827350997492,0.0,1.8327664298240518,0.3790836947243025,0.49033895486536494,0.5175370255095146,min_cost_max_flow,157,24,157,8,140,7
move,"['move', 24, 9, 0]",True,1562,1.1386173089457365,0.0,1.8327664298240518,0.6941491208783153,1.2772260471065238,1.0351857880915882,min_cost_max_flow,176,24,176,9,3,0
move,"['move', 24, 0, 8]",True,1572,2.404084219226999,0.0,2.886376612135029,0.48229239290803017,0.7470173212041118,1.413123105891047,min_cost_max_flow,3,24,3,0,152,8
move,"['move', 24, 3, 9]",True,1572,1.987443638250979,0.0,2.886376612135029,0.8989329738840501,1.7872017844092625,2.3577825958239633,min_cost_max_flow,59,24,59,3,176,9
move,"['move', 24, 5, 9]",True,1572,2.282839422994508,0.0,2.886376612135029,0.6035371891405211,1.0505933075783105,1.1037925772434045,min_cost_max_flow,94,24,94,5,166,9
move,"['move', 24, 6, 9]",True,1572,2.2973283696829365,0.0,2.886376612135029,0.5890482424520926,1.0130247928263998,2.001224597803179,min_cost_max_flow,113,24,113,6,168,9
move,"['move', 18, 0, 3]",True,1582,0.8434848180270809,0.0,1.6805411893095497,0.8370563712824688,1.618995151915442,2.8579032083807494,min_cost_max_flow,6,18,6,0,67,3
move,"['move', 18, 1, 3]",True,1582,0.9822485902859687,0.0,1.6805411893095497,0.698292599023581,1.273996001960768,1.5843827466838487,min_cost_max_flow,26,18,26,1,71,3
move,"['move', 18, 4, 2]",True,1582,0.9885986381327673,0.0,1.6805411893095497,0.6919425511767824,1.257832405208319,1.776700836985504,min_cost_max_flow,73,18,73,4,46,2
move,"['move', 18, 5, 3]",True,1582,1.1079995058545242,0.0,1.6805411893095497,0.5725416834550254,0.9600732438684645,1.281362193960273,min_cost_max_flow,103,18,103,5,55,3
move,"['move', 3, 8, 3]",True,1592,2.0903680936472027,0.0,2.959077810268047,0.8687097166208444,1.6858732795280957,2.4986782905504876,min_cost_max_flow,148,3,148,8,58,3
move,"['move', 3, 6, 4]",True,1592,2.2258547103242514,0.0,2.959077810268047,0.7332230999437955,1.3478395414513216,2.043475879985199,min_cost_max_flow,123,3,123,6,73,4
move,"['move', 3, 1, 4]",True,1592,2.4471966598712562,0.0,2.959077810268047,0.557394738771791,0.9105790553276165,0.5031980091142827,min_cost_max_flow,28,3,28,1,83,4
move,"['move', 3, 2, 4]",True,1592,2.2947549100036273,0.0,2.959077810268047,0.6643229002644196,1.176568885692177,1.3902469204551262,min_cost_max_flow,37,3,37,2,85,4
move,"['move', 3, 4, 6]",True,1602,1.98593808345928,0.0,2.7361925067394193,0.7502544232801395,1.3903055556984327,2.118338609150996,min_cost_max_flow,73,3,73,4,123,6
move,"['move', 3, 2, 8]",True,1602,1.8327641096135912,0.0,2.7361925067394193,0.9034283971258281,1.7720101445393084,2.9385691247149293,min_cost_max_flow,44,3,44,2,148,8
move,"['move', 3, 4, 5]",True,1602,2.2744835718802454,0.0,2.7361925067394193,0.46170893485917397,0.6708337338623096,0.8570724649571726,min_cost_max_flow,83,3,83,4,104,5
move,"['move', 3, 7, 6]",True,1602,2.003619286058617,0.0,2.7361925067394193,0.7325732206808024,1.3459589789090387,2.2140521365186574,min_cost_max_flow,138,3,138,7,110,6
move,"['move', 3, 4, 7]",True,1612,2.1059044567144722,0.0,2.6573116393420615,0.5799841897942561,0.9655632526009867,1.4961515309761428,min_cost_max_flow,85,3,85,4,138,7
move,"['move', 3, 1, 7]",True,1612,1.8453898417991974,0.0,2.6573116393420615,0.811921797542864,1.5440129051967233,2.425729381498215,min_cost_max_flow,24,3,24,1,141,7
move,"['move', 3, 8, 7]",True,1612,2.0842538865559277,0.0,2.6573116393420615,0.5730577527861338,0.9486694771676412,1.214606806335808,min_cost_max_flow,148,3,148,8,142,7
move,"['move', 3, 3, 7]",True,1612,1.8934350980972652,0.0,2.6573116393420615,0.7638765412447962,1.4236289517411933,2.606271188405113,min_cost_max_flow,58,3,58,3,129,7
move,"['move', 3, 5, 4]",True,1622,0.9994521596822585,0.0,1.6762076444098744,0.6767554847276158,1.2071226019179448,1.7420768752701472,min_cost_max_flow,104,3,104,5,73,4
move,"['move', 3, 6, 8]",True,1622,1.2298910588590783,0.0,1.6762076444098744,0.4463165855507961,0.6321102089295891,1.0188402394742957,min_cost_max_flow,110,3,110,6,148,8
move,"['move', 3, 6, 4]",True,1622,1.1677651860835407,0.0,1.6762076444098744,0.5084424583263335,0.7867840662765957,1.446056634032332,min_cost_max_flow,123,3,123,6,83,4
move,"['move', 3, 7, 8]",True,1622,1.0687310710360238,0.0,1.6762076444098744,0.6074765733738504,1.0343152342247777,1.4821364144391382,min_cost_max_flow,129,3,129,7,154,8
move,"['move', 3, 4, 3]",True,1632,1.5805957839787743,0.0,1.9103738180512808,0.32977803407250644,0.3415404896513792,0.5010672944649498,min_cost_max_flow,73,3,73,4,58,3
move,"['move', 3, 4, 6]",True,1632,1.3849805675967928,0.0,1.9103738180512808,0.5253932504544881,0.8290204017957876,1.5398198348287613,min_cost_max_flow,83,3,83,4,123,6
move,"['move', 3, 8, 5]",True,1632,1.0888251496110164,0.0,1.9103738180512808,0.8215486684402645,1.5680259535838559,2.461815285743944,min_cost_max_flow,148,3,148,8,104,5
move,"['move', 3, 8, 6]",True,1632,1.2053444438211232,0.0,1.9103738180512808,0.7050293742301578,1.2774903310928494,1.953406596236926,min_cost_max_flow,154,3,154,8,110,6
move,"['move', 5, 0, 4]",True,1642,1.8737713507931892,0.0,2.433423474338559,0.5596521235453696,0.9947425539921824,1.7863521313633561,min_cost_max_flow,1,5,1,0,73,4
move,"['move', 5, 1, 4]",True,1642,1.7590959544324725,0.0,2.433423474338559,0.6743275199060864,1.2815683035787515,1.694846341511905,min_cost_max_flow,23,5,23,1,83,4
move,"['move', 5, 3, 4]",True,1642,2.036497791458083,0.0,2.433423474338559,0.39692568288047625,0.5896839826600626,0.6146652446208789,min_cost_max_flow,72,5,72,3,88,4
move,"['move', 5, 5, 4]",True,1642,1.9893446807647381,0.0,2.433423474338559,0.44407879357382085,0.7071932911439944,0.8636440775739505,min_cost_max_flow,99,5,99,5,75,4
move,"['move', 24, 8, 6]",True,1652,1.7777174634324242,0.0,2.2101261635639857,0.4324087001315615,0.6230987831113453,0.8859938736210692,min_cost_max_flow,152,24,152,8,113,6
move,"['move', 24, 9, 5]",True,1652,1.4578651130529854,0.0,2.2101261635639857,0.7732587521360004,1.4736771093266725,1.9171964041343268,min_cost_max_flow,166,24,166,9,99,5
move,"['move', 24, 9, 4]",True,1652,1.5411572557896118,0.0,2.2101261635639857,0.668968907774374,1.211904768646491,2.6156829215446726,min_cost_max_flow,168,24,168,9,73,4
move,"['move', 24, 9, 6]",True,1652,1.4774085361097309,0.0,2.2101261635639857,0.7327176274542547,1.372678287949384,1.6812028527506102,min_cost_max_flow,176,24,176,9,117,6
move,"['move', 3, 1, 9]",True,1662,1.790778700112655,0.0,2.432212138652394,0.6414334385397388,1.118905043702398,1.6837053725062523,min_cost_max_flow,29,3,29,1,176,9
move,"['move', 3, 0, 9]",True,1662,2.170931364332776,0.0,2.432212138652394,0.2612807743196177,0.17036271454344387,0.4574844449405788,min_cost_max_flow,7,3,7,0,168,9
move,"['move', 3, 5, 8]",True,1662,1.7034272010181266,0.0,2.432212138652394,0.7287849376342671,1.336799887019879,2.0063083183995367,min_cost_max_flow,104,3,104,5,148,8
move,"['move', 3, 7, 9]",True,1662,1.7271591146238894,0.0,2.432212138652394,0.7050530240285043,1.2786864352565317,1.1954201510265152,min_cost_max_flow,138,3,138,7,169,9
move,"['move', 3, 3, 0]",True,1672,1.4692518316275132,0.0,2.1299193036211688,0.6606674719936556,1.1663641062623356,2.1010527557425203,min_cost_max_flow,58,3,58,3,1,0
move,"['move', 3, 8, 0]",True,1672,1.6059221250095015,0.0,2.1299193036211688,0.5239971786116673,0.8259694046209916,1.247031546658049,min_cost_max_flow,148,3,148,8,6,0
move,"['move', 3, 1, 0]",True,1672,1.4358813305133853,0.0,2.1299193036211688,0.6940379731077834,1.2492047169689613,2.491480808205175,min_cost_max_flow,32,3,32,1,7,0
move,"['move', 3, 6, 5]",True,1672,1.3532267201328705,0.0,2.1299193036211688,0.7766925834882983,1.4565603174778516,2.0120977698030553,min_cost_max_flow,110,3,110,6,104,5
move,"['move', 3, 0, 1]",True,1682,1.903064164858506,0.0,2.5776475679987914,0.6745834031402853,1.2017301622836385,1.7169006525902626,min_cost_max_flow,1,3,1,0,23,1
move,"['move', 3, 6, 1]",True,1682,1.7006898712596152,0.0,2.5776475679987914,0.876957696739176,1.7062487084003806,2.6616925729132204,min_cost_max_flow,123,3,123,6,25,1
move,"['move', 3, 9, 4]",True,1682,1.8667977012785115,0.0,2.5776475679987914,0.7108498667202798,1.2912891450359893,2.4550181176805057,min_cost_max_flow,168,3,168,9,85,4
move,"['move', 3, 5, 1]",True,1682,1.875762061408591,0.0,2.5776475679987914,0.7018855065902002,1.2698250707799161,1.8238007382633117,min_cost_max_flow,104,3,104,5,26,1
move,"['move', 13, 5, 6]",True,1692,1.2038292393769088,0.0,1.75861577268252,0.5547865333056111,1.074666057687864,0.8300524441708147,min_cost_max_flow,94,13,94,5,123,6
move,"['move', 13, 7, 6]",True,1692,1.6031102177023508,0.0,1.75861577268252,0.15550555498016916,0.077530964910693,0.11848375321500104,min_cost_max_flow,136,13,136,7,119,6
move,"['move', 13, 8, 6]",True,1692,1.3139636118128506,0.0,1.75861577268252,0.4495791433696695,0.8114849747689732,0.9384578301953028,min_cost_max_flow,150,13,150,8,121,6
move,"['move', 13, 9, 6]",True,1692,1.2113997539073589,0.0,1.75861577268252,0.5472160187751611,1.0552135525613267,1.1808649777791524,min_cost_max_flow,177,13,177,9,109,6
move,"['move', 22, 7, 1]",True,1702,2.279596403090787,0.0,2.6473729772213854,0.3683118936305981,0.7300441512961697,0.4872602346943825,min_cost_max_flow,137,22,137,7,27,1
move,"['move', 22, 7, 3]",True,1702,2.32031746661724,0.0,2.6473729772213854,0.3270555106041454,0.6265434227789228,0.7271075354378786,min_cost_max_flow,131,22,131,7,72,3
move,"['move', 22, 7, 0]",True,1702,2.3610992886805153,0.0,2.6473729772213854,0.28627368854087,0.524953253017884,0.4841839373380673,min_cost_max_flow,139,22,139,7,1,0
move,"['move', 22, 8, 1]",True,1702,2.3618580164605474,0.0,2.6473729772213854,0.2855149607608382,0.5232125432448811,0.38011081928706164,min_cost_max_flow,149,22,149,8,28,1
move,"['move', 3, 4, 8]",True,1712,1.8234240053209898,0.0,2.428486172732883,0.6050621674118932,1.0278955696012417,1.737902893534544,min_cost_max_flow,85,3,85,4,149,8
move,"['move', 3, 1, 6]",True,1712,1.7222796972831813,0.0,2.428486172732883,0.7062064754497016,1.2803587104572216,2.002989052561928,min_cost_max_flow,23,3,23,1,123,6
move,"['move', 3, 7, 5]",True,1712,1.7298451850567438,0.0,2.428486172732883,0.6986409876761394,1.260908051586739,2.3609486769464993,min_cost_max_flow,141,3,141,7,94,5
move,"['move', 3, 9, 5]",True,1712,1.8464504500873498,0.0,2.428486172732883,0.5820357226455333,0.9703596278341138,1.71778946101983,min_cost_max_flow,169,3,169,9,104,5
move,"['move', 3, 8, 2]",True,1722,1.6675304856218145,0.0,2.357867669862976,0.6903371842411615,1.2405906956591934,2.0661802370138957,min_cost_max_flow,149,3,149,8,38,2
move,"['move', 3, 5, 2]",True,1722,1.7368685103633703,0.0,2.357867669862976,0.6209991594996056,1.0682351209652552,1.4065221303796083,min_cost_max_flow,94,3,94,5,44,2
move,"['move', 3, 1, 4]",True,1722,1.7370012917055544,0.0,2.357867669862976,0.6208663781574215,1.0672314421644842,1.854339093920005,min_cost_max_flow,25,3,25,1,85,4
move,"['move', 3, 5, 3]",True,1722,1.6020047904816606,0.0,2.357867669862976,0.7558628793813152,1.4042908999763313,2.1422025925115826,min_cost_max_flow,104,3,104,5,58,3
move,"['move', 23, 0, 3]",True,1732,1.47024683762754,0.0,2.2041291231111417,0.8630359963586018,1.7552935932508262,1.13386197098332,min_cost_max_flow,2,23,2,0,59,3
move,"['move', 23, 0, 2]",True,1732,1.8012242223236599,0.0,2.2041291231111417,0.40290490078748187,0.6060239611178986,0.42845744106849515,min_cost_max_flow,7,23,7,0,45,2
move,"['move', 23, 1, 3]",True,1732,1.6584883461129705,0.0,2.2041291231111417,0.5456407769981712,0.9614310867254972,1.3835007204848888,min_cost_max_flow,35,23,35,1,61,3
move,"['move', 23, 5, 3]",True,1732,1.8165271509261944,0.0,2.2041291231111417,0.3876019721849474,0.5671360959968297,0.8488198508902359,min_cost_max_flow,97,23,97,5,63,3
move,"['move', 13, 0, 9]",True,1742,1.8920157505520558,0.0,2.2891737429125536,0.3971579923604977,0.6808018718766107,0.6919414098173473,min_cost_max_flow,9,13,9,0,177,9
move,"['move', 13, 1, 9]",True,1742,1.7369709747372548,0.0,2.2891737429125536,0.5522027681752988,1.0668833417039423,1.7122545495980497,min_cost_max_flow,33,13,33,1,168,9
move,"['move', 13, 2, 5]",True,1742,1.7776278058972803,0.0,2.2891737429125536,0.5115459370152732,0.9661315026714874,1.1187619711920127,min_cost_max_flow,47,13,47,2,94,5
move,"['move', 13, 3, 9]",True,1742,1.8138184739058971,0.0,2.2891737429125536,0.4753552690066564,0.8752163523713534,1.4110821569199603,min_cost_max_flow,56,13,56,3,169,9
move,"['move', 2, 2, 0]",True,1752,0.7816389301209026,0.0,1.8394229497463117,1.0577840196254091,2.195740965740697,2.3552020977645176,min_cost_max_flow,44,2,44,2,9,0
move,"['move', 2, 3, 4]",True,1752,1.4561640973268823,0.0,1.8394229497463117,0.38325885241942925,0.5112636204103183,1.1314869747172733,min_cost_max_flow,62,2,62,3,83,4
move,"['move', 2, 7, 0]",True,1752,1.0794224559091432,0.0,1.8394229497463117,0.9561644254621684,1.943170905331499,1.3692520984952854,min_cost_max_flow,127,2,127,7,7,0
move,"['move', 2, 8, 0]",True,1752,1.446580972503832,0.0,1.8394229497463117,0.41336152524247954,0.5872860249910445,0.6210052926502438,min_cost_max_flow,154,2,154,8,8,0
move,"['move', 24, 4, 9]",True,1762,1.9335810177801416,0.0,2.7309832938237615,0.7974022760436199,1.5328013504768023,2.7402421500802334,min_cost_max_flow,73,24,73,4,166,9
move,"['move', 24, 7, 8]",True,1762,2.1355194536761997,0.0,2.7309832938237615,0.5954638401475617,1.0308506836699962,0.80996019452068,min_cost_max_flow,135,24,135,7,148,8
move,"['move', 24, 7, 9]",True,1762,2.305329607583808,0.0,2.7309832938237615,0.42565368623995326,0.6066006932705932,0.6263639481086074,min_cost_max_flow,140,24,140,7,175,9
move,"['move', 24, 0, 8]",True,1762,2.0435803177456773,0.0,2.7309832938237615,0.6874029760780843,1.259629774678615,1.5224594063125159,min_cost_max_flow,16,24,16,0,149,8
move,"['move', 22, 5, 2]",True,1772,1.806981225175345,0.0,2.13093785960247,0.323956634427125,0.6192064535389363,0.45362673372821893,min_cost_max_flow,95,22,95,5,47,2
move,"['move', 22, 6, 2]",True,1772,1.8298700632854799,0.0,2.13093785960247,0.3010677963169901,0.562019318665989,0.43031979880163795,min_cost_max_flow,116,22,116,6,44,2
move,"['move', 22, 6, 4]",True,1772,1.780357391473424,0.0,2.13093785960247,0.3505804681290458,0.6855841452525056,0.574888427883345,min_cost_max_flow,118,22,118,6,73,4
move,"['move', 22, 7, 2]",True,1772,1.8451272055556838,0.0,2.13093785960247,0.28581065404678613,0.5239451011439087,0.38456102984847335,min_cost_max_flow,141,22,141,7,48,2
move,"['move', 3, 4, 1]",True,1782,1.264051078732198,0.0,1.9073906876041506,0.6433396088719526,1.1237305672584625,1.6436402221529307,min_cost_max_flow,85,3,85,4,35,1
move,"['move', 3, 2, 1]",True,1782,1.5619452868499546,0.0,1.9073906876041506,0.34544540075419605,0.38046785151891527,0.6617705189235443,min_cost_max_flow,38,3,38,2,23,1
move,"['move', 3, 3, 1]",True,1782,1.477750406197726,0.0,1.9073906876041506,0.4296402814064245,0.5907001984560338,0.8316736478918922,min_cost_max_flow,58,3,58,3,24,1
move,"['move', 3, 7, 1]",True,1782,1.0593813128309528,0.0,1.9073906876041506,0.8480093747731977,1.634613792419259,2.1710999503637067,min_cost_max_flow,142,3,142,7,25,1
move,"['move', 4, 5, 7]",True,1792,1.0554339231345076,0.0,1.6798662819928807,0.637978878858373,1.1446186340617714,1.1122051003312747,min_cost_max_flow,107,4,107,5,141,7
move,"['move', 4, 6, 7]",True,1792,1.3159410811047363,0.0,1.6798662819928807,0.36392520088814445,0.4597171291716222,0.9570784100497955,min_cost_max_flow,109,4,109,6,131,7
move,"['move', 4, 9, 7]",True,1792,1.0484594673950283,0.0,1.6798662819928807,0.6314068145978525,1.1273065865098033,1.7001297007758593,min_cost_max_flow,165,4,165,9,136,7
move,"['move', 4, 9, 0]",True,1792,0.9954204520411688,0.0,1.6798662819928807,0.6844458299517119,1.2604204756062245,1.3558958929272684,min_cost_max_flow,169,4,169,9,16,0
move,"['move', 3, 6, 7]",True,1802,1.772426718945182,0.0,2.5051955870868823,0.7327688681417003,1.3475423569434497,1.4845458817409558,min_cost_max_flow,123,3,123,6,135,7
move,"['move', 3, 9, 7]",True,1802,2.1182687237069286,0.0,2.5051955870868823,0.38692686337995386,0.4842569690408709,0.6047965472160607,min_cost_max_flow,176,3,176,9,138,7
move,"['move', 3, 0, 7]",True,1802,1.6561943577520044,0.0,2.5051955870868823,0.8490012293348779,1.6375608287162322,1.8595000218486,min_cost_max_flow,6,3,6,0,139,7
move,"['move', 3, 1, 7]",True,1802,1.5629512140716284,0.0,2.5051955870868823,0.9422443730152539,1.869969920389849,2.325345040064102,min_cost_max_flow,23,3,23,1,140,7
move,"['move', 2, 0, 8]",True,1812,1.9262896775027991,0.0,2.3556203991033375,0.4293307216005385,0.627094253715768,0.6975134062661246,min_cost_max_flow,7,2,7,0,154,8
move,"['move', 2, 0, 7]",True,1812,1.5815432412498482,0.0,2.3556203991033375,0.7740771578534893,1.4876790927301045,1.5516811516265707,min_cost_max_flow,8,2,8,0,141,7
move,"['move', 2, 1, 8]",True,1812,1.750450968689532,0.0,2.3556203991033375,0.6051694304138056,1.0648505973404099,1.9244656786166472,min_cost_max_flow,29,2,29,1,150,8
move,"['move', 2, 1, 7]",True,1812,1.68572857472705,0.0,2.3556203991033375,0.6698918243762876,1.2270025675970828,1.6938087783048559,min_cost_max_flow,30,2,30,1,143,7
move,"['move', 24, 9, 7]",True,1828,1.0908901368776036,0.0,1.9079235141309896,0.817033377253386,1.5836295669905667,1.5732664905142435,min_cost_max_flow,166,24,166,9,137,7
move,"['move', 24, 2, 4]",True,1828,1.3923560003915,0.0,1.9079235141309896,0.5155675137394894,0.8310206452770217,0.8694417763830391,min_cost_max_flow,54,24,54,2,85,4
move,"['move', 24, 1, 4]",True,1828,1.3384283062302202,0.0,1.9079235141309896,0.5694952079007692,0.9645065653639904,1.7583186538703377,min_cost_max_flow,22,24,22,1,84,4
move,"['move', 24, 3, 4]",True,1828,1.2906502714939343,0.0,1.9079235141309896,0.6172732426370554,1.0859946809432586,0.3962994948352214,min_cost_max_flow,68,24,68,3,86,4
move,"['move', 3, 0, 9]",True,1838,1.317657157043326,0.0,2.0559581123102717,0.7383009552669458,1.3614686026703566,1.4205272725455091,min_cost_max_flow,7,3,7,0,176,9
move,"['move', 3, 2, 9]",True,1838,1.4316831058500317,0.0,2.0559581123102717,0.62427500646024,1.075810021484358,1.8163333853684318,min_cost_max_flow,44,3,44,2,165,9
move,"['move', 3, 1, 9]",True,1838,1.4460448805160673,0.0,2.0559581123102717,0.6099132317942045,1.0415805890479533,0.6996638995789863,min_cost_max_flow,24,3,24,1,166,9
move,"['move', 3, 7, 3]",True,1838,0.927815364854707,0.0,2.0559581123102717,1.1398869759555648,2.36480196397315,1.8416542183813507,min_cost_max_flow,135,3,135,7,68,3
add,"['add', 19, None, 8]",True,1848,1.6209874126281019,0.0,1.9395311387085297,0.31854372608042775,0.4592792821676994,0.798729236042245,min_cost_max_flow,4,19,,,152,8
add,"['add', 19, None, 9]",True,1848,1.6746226337146992,0.0,1.9395311387085297,0.26490850499383045,0.3256023609683325,0.5246415579580131,min_cost_max_flow,152,19,,,169,9
move,"['move', 3, 3, 2]",True,1848,1.1377350399422315,0.0,1.905471985621505,0.7677369456792736,1.436125990236178,0.708919582544433,min_cost_max_flow,68,3,68,3,54,2
move,"['move', 3, 7, 2]",True,1848,1.1727177748942466,0.0,1.905471985621505,0.7327542107272584,1.346138675678958,2.3959043673323848,min_cost_max_flow,138,3,138,7,37,2
move,"['move', 3, 2, 0]",True,1858,1.2241782752074162,0.0,1.7598301132262262,0.5356518380188099,0.8550760546204401,1.267030558929977,min_cost_max_flow,37,3,37,2,7,0
move,"['move', 3, 2, 3]",True,1858,0.9734940223945104,0.0,1.7598301132262262,0.7863360908317157,1.4825488247770409,0.7589384760392054,min_cost_max_flow,54,3,54,2,68,3
move,"['move', 3, 1, 5]",True,1858,0.9362811830980466,0.0,1.7598301132262262,0.8235489301281795,1.5731652873037092,2.369362285699961,min_cost_max_flow,25,3,25,1,104,5
move,"['move', 3, 9, 0]",True,1858,1.4792125563459897,0.0,1.7598301132262262,0.2806175568802364,0.2188883453636663,0.3350348324900573,min_cost_max_flow,165,3,165,9,3,0
move,"['move', 24, 9, 1]",True,1868,1.8674260809490622,0.0,2.2042681284049843,0.33684204745592206,0.3844882577795943,0.6819229687225219,min_cost_max_flow,175,24,175,9,29,1
move,"['move', 24, 7, 1]",True,1868,1.3471961858456947,0.0,2.2042681284049843,0.8570719425592896,1.6826719338496332,2.2759640943092445,min_cost_max_flow,137,24,137,7,22,1
move,"['move', 24, 5, 2]",True,1868,1.4626587340448076,0.0,2.2042681284049843,0.7416093943601767,1.394118213585898,2.2075306049443975,min_cost_max_flow,99,24,99,5,54,2
move,"['move', 24, 4, 1]",True,1868,1.425285464613634,0.0,2.2042681284049843,0.7789826637913505,1.4878708281939907,1.9945699181721737,min_cost_max_flow,84,24,84,4,23,1
move,"['move', 2, 5, 2]",True,1878,2.065259590010925,0.0,2.4288710025645033,0.36361141255357804,0.46275712827264215,0.7234152900825586,min_cost_max_flow,93,2,93,5,37,2
move,"['move', 2, 6, 3]",True,1878,2.0530073782650136,0.0,2.4288710025645033,0.3758636242994898,0.4934471582455444,0.6837482180006325,min_cost_max_flow,112,2,112,6,56,3
move,"['move', 2, 6, 2]",True,1878,1.7475082870603003,0.0,2.4288710025645033,0.681362715504203,1.2557943112988141,1.6174648570095302,min_cost_max_flow,114,2,114,6,44,2
move,"['move', 2, 7, 1]",True,1878,1.8293222629148984,0.0,2.4288710025645033,0.7397802636496049,1.401787774560944,1.6510695912596833,min_cost_max_flow,143,2,143,7,24,1
move,"['move', 22, 2, 5]",True,1888,1.846083393797716,0.0,2.0493463819574655,0.20326298815974964,0.31754909388837405,0.4024560551441499,min_cost_max_flow,44,22,44,2,99,5
move,"['move', 22, 2, 6]",True,1888,1.7261617630404045,0.0,2.0493463819574655,0.32318461891706113,0.6172110502120631,0.4972031015372328,min_cost_max_flow,47,22,47,2,110,6
move,"['move', 22, 4, 7]",True,1888,1.7101177714186824,0.0,2.0493463819574655,0.3392286105387831,0.6572501987757278,0.5444234286307646,min_cost_max_flow,73,22,73,4,135,7
move,"['move', 22, 8, 5]",True,1888,1.7445359635071878,0.0,2.0493463819574655,0.3048104184502779,0.5712537356375833,0.5117453732183896,min_cost_max_flow,159,22,159,8,93,5
move,"['move', 3, 5, 6]",True,1898,1.7272586221072446,0.0,2.5060163921750793,0.7787577700678348,1.4616688116911973,2.0484125934667436,min_cost_max_flow,104,3,104,5,112,6
move,"['move', 3, 3, 6]",True,1898,1.5350618868612875,0.0,2.5060163921750793,1.0124431576887918,2.046374439345527,1.7203068588416988,min_cost_max_flow,68,3,68,3,114,6
move,"['move', 3, 0, 6]",True,1898,1.7167197233333806,0.0,2.5060163921750793,0.7892966688416986,1.4876716527942335,2.2780164812155768,min_cost_max_flow,3,3,3,0,116,6
move,"['move', 3, 9, 6]",True,1898,1.7382755101781866,0.0,2.5060163921750793,0.7677408819968926,1.4348297571013973,1.5796355350963802,min_cost_max_flow,166,3,166,9,118,6
move,"['move', 22, 0, 8]",True,1908,1.6871388673980692,0.0,1.9129773094631521,0.22583844206508294,0.3741030072524154,0.32560365467207436,min_cost_max_flow,1,22,1,0,159,8
move,"['move', 22, 1, 8]",True,1908,1.7627998506316587,0.0,1.9129773094631521,0.1747010269564935,0.24656420197788975,0.12244865670677624,min_cost_max_flow,28,22,28,1,154,8
move,"['move', 22, 2, 8]",True,1908,1.6547345527593298,0.0,1.9129773094631521,0.2582427567038224,0.4551013782947848,0.3338806909915017,min_cost_max_flow,48,22,48,2,155,8
move,"['move', 22, 5, 8]",True,1908,1.5374503486637998,0.0,1.9129773094631521,0.3755269607993522,0.7479256322876608,0.5913848549572193,min_cost_max_flow,93,22,93,5,156,8
move,"['move', 13, 3, 2]",True,1918,1.7519407820253745,0.0,2.2858511793979193,0.5339103973725446,1.0223865912521433,0.8894701795405598,min_cost_max_flow,57,13,57,3,47,2
move,"['move', 13, 4, 7]",True,1918,1.944874360192056,0.0,2.2858511793979193,0.3409768192058633,0.5406139237784373,0.5152848842089108,min_cost_max_flow,81,13,81,4,137,7
move,"['move', 13, 5, 7]",True,1918,1.647768119448314,0.0,2.2858511793979193,0.6380830599496052,1.2817497629512218,1.6017933419227057,min_cost_max_flow,94,13,94,5,138,7
move,"['move', 13, 6, 7]",True,1918,1.9933822610056886,0.0,2.2858511793979193,0.2924689183922307,0.4194329516758444,0.4560982632166102,min_cost_max_flow,109,13,109,6,142,7
move,"['move', 22, 7, 4]",True,1928,1.7730624220452686,0.0,2.130488752985475,0.3574263309402063,0.7028013421549986,0.5065285114888824,min_cost_max_flow,135,22,135,7,73,4
move,"['move', 22, 8, 0]",True,1928,1.820430066553263,0.0,2.130488752985475,0.310058686432212,0.5844326069527597,0.47294446632430354,min_cost_max_flow,154,22,154,8,1,0
move,"['move', 22, 8, 2]",True,1928,1.7660332128517746,0.0,2.130488752985475,0.3644555401337004,0.7201896093756659,0.6296990202007985,min_cost_max_flow,155,22,155,8,38,2
move,"['move', 22, 8, 4]",True,1928,1.8280681491584752,0.0,2.130488752985475,0.3024206038269999,0.5652618091844488,0.5233386365113896,min_cost_max_flow,156,22,156,8,81,4
move,"['move', 3, 0, 5]",True,1938,1.3600689709224305,0.0,1.9841385666971498,0.6240695957747192,1.0747588144622569,2.174786924234396,min_cost_max_flow,7,3,7,0,94,5
move,"['move', 3, 1, 8]",True,1938,1.2954423014947718,0.0,1.9841385666971498,0.6886962652023779,1.2360511495753599,2.3576792282635886,min_cost_max_flow,26,3,26,1,154,8
move,"['move', 3, 9, 8]",True,1938,1.4295146180473783,0.0,1.9841385666971498,0.5546239486497716,0.90303207992838,0.916531405239643,min_cost_max_flow,176,3,176,9,155,8
move,"['move', 3, 6, 3]",True,1938,1.3349886558252333,0.0,1.9841385666971498,0.70479757470525,1.2774626061036543,1.5855573808540473,min_cost_max_flow,114,3,114,6,57,3
move,"['move', 24, 2, 0]",True,1948,2.3996511110979597,0.0,2.8137717348949676,0.4141206237970078,0.5767833275458543,1.282837026358833,min_cost_max_flow,54,24,54,2,7,0
move,"['move', 24, 1, 0]",True,1948,2.0666224552351644,0.0,2.8137717348949676,0.7471492796598033,1.410333970812644,0.6301679531580091,min_cost_max_flow,22,24,22,1,2,0
move,"['move', 24, 4, 0]",True,1948,1.9845826382948668,0.0,2.8137717348949676,0.8905962692251007,1.7657803294277983,2.744244818550963,min_cost_max_flow,85,24,85,4,3,0
move,"['move', 24, 8, 5]",True,1948,2.048990511878995,0.0,2.8137717348949676,0.7857816551826394,1.5044685945904348,2.2610446393578068,min_cost_max_flow,149,24,149,8,104,5
move,"['move', 3, 8, 9]",True,1958,1.9349425029862335,0.0,2.5810773709089183,0.6461348679226848,1.1316688156221062,1.0102397309442497,min_cost_max_flow,154,3,154,8,176,9
move,"['move', 3, 8, 4]",True,1958,1.9404576684913586,0.0,2.5810773709089183,0.6406197024175597,1.1167014974962512,1.796509306305695,min_cost_max_flow,155,3,155,8,84,4
move,"['move', 3, 5, 9]",True,1958,2.098938631885303,0.0,2.5810773709089183,0.48213873902361526,0.7208721317947493,1.5478141173994915,min_cost_max_flow,94,3,94,5,165,9
move,"['move', 3, 3, 4]",True,1958,1.9200805240381034,0.0,2.5810773709089183,0.660996846870815,1.1682383233855944,1.4005328021689307,min_cost_max_flow,57,3,57,3,87,4
move,"['move', 4, 7, 6]",True,1968,1.6819551788283664,0.0,2.0562128226461795,0.3742576438178132,0.48554400938519393,0.9598964837831552,min_cost_max_flow,131,4,131,7,109,6
move,"['move', 4, 7, 4]",True,1968,1.2477338977409214,0.0,2.0562128226461795,0.8084789249052582,1.5698163014931197,1.8138368909075782,min_cost_max_flow,136,4,136,7,88,4
move,"['move', 4, 9, 5]",True,1968,1.367712189522972,0.0,2.0562128226461795,0.6885006331232074,1.2693212668564229,2.180040345287655,min_cost_max_flow,170,4,170,9,94,5
move,"['move', 4, 9, 6]",True,1968,1.4201808833365828,0.0,2.0562128226461795,0.6360319393095967,1.1388156798602722,1.7359419867036354,min_cost_max_flow,171,4,171,9,123,6
move,"['move', 2, 2, 6]",True,1978,1.2740958286112007,0.0,1.8248906361442347,0.550794807533034,0.9287819470373506,2.0125277460369038,min_cost_max_flow,37,2,37,2,109,6
move,"['move', 2, 4, 5]",True,1978,1.2219588915847654,0.0,1.8248906361442347,0.6029317445594693,1.060178090032423,1.3099941267142088,min_cost_max_flow,83,2,83,4,93,5
move,"['move', 2, 7, 5]",True,1978,1.0189599587253737,0.0,1.8248906361442347,0.805930677418861,1.5674154652515426,1.4832987462874119,min_cost_max_flow,141,2,141,7,94,5
move,"['move', 2, 8, 5]",True,1978,1.520153848496223,0.0,1.8248906361442347,0.33065977889801196,0.3801148656384612,0.8988676202598328,min_cost_max_flow,150,2,150,8,97,5
move,"['move', 3, 4, 3]",True,1988,1.3287005149462492,0.0,1.983956357835496,0.7386873786392467,1.3617455527491984,1.8799328404860218,min_cost_max_flow,84,3,84,4,57,3
move,"['move', 3, 4, 2]",True,1988,1.458814403195316,0.0,1.983956357835496,0.5251419546401798,0.8293109517871926,0.9272934833781805,min_cost_max_flow,87,3,87,4,54,2
move,"['move', 3, 1, 2]",True,1988,1.645873135426434,0.0,1.983956357835496,0.338083222409062,0.3623276284633903,0.4849553140501778,min_cost_max_flow,35,3,35,1,37,2
move,"['move', 3, 9, 2]",True,1988,1.3252995208918152,0.0,1.983956357835496,0.6586568369436807,1.161956281572202,1.6885441325401604,min_cost_max_flow,165,3,165,9,44,2
move,"['move', 22, 5, 7]",True,1998,1.7428928446440886,0.0,1.9761044793144036,0.23321163467031505,0.3925026270771923,0.34784478020766607,min_cost_max_flow,99,22,99,5,131,7
move,"['move', 22, 6, 7]",True,1998,1.7395971504687062,0.0,1.9761044793144036,0.2764744160956973,0.5006699299738102,0.3409452247661041,min_cost_max_flow,110,22,110,6,135,7
move,"['move', 22, 8, 7]",True,1998,1.6982652036735981,0.0,1.9761044793144036,0.27783927564080535,0.5037215023185126,0.5813295701446177,min_cost_max_flow,159,22,159,8,136,7
move,"['move', 22, 9, 7]",True,1998,1.7182925993621554,0.0,1.9761044793144036,0.3078243293272482,0.578987600565597,0.37902021615976245,min_cost_max_flow,166,22,166,9,141,7
move,"['move', 3, 3, 8]",True,2008,0.6651764279313926,0.0,1.4542649460296293,0.7890885180982367,1.4878855690949422,1.788487708306633,min_cost_max_flow,57,3,57,3,159,8
move,"['move', 3, 2, 8]",True,2008,0.7991201405395247,0.0,1.4542649460296293,0.7551448359901045,1.4021703054459067,2.359193294110126,min_cost_max_flow,37,3,37,2,149,8
move,"['move', 3, 9, 1]",True,2008,0.9460639853388824,0.0,1.4542649460296293,0.5082009606907469,0.7868613764439942,0.9920204631224716,min_cost_max_flow,176,3,176,9,35,1
move,"['move', 3, 2, 5]",True,2008,0.9034297536283225,0.0,1.4542649460296293,0.5508351924013069,0.8933280063283746,1.0713200578020283,min_cost_max_flow,44,3,44,2,99,5
move,"['move', 3, 8, 3]",True,2018,0.9792222021983888,0.0,1.7552418348785603,0.7760196326801715,1.4549809169729997,1.9434467594930582,min_cost_max_flow,149,3,149,8,57,3
move,"['move', 3, 8, 9]",True,2018,1.320746434785259,0.0,1.7552418348785603,0.43449540009330134,0.603250349562586,0.5567707216518922,min_cost_max_flow,159,3,159,8,176,9
move,"['move', 3, 5, 9]",True,2018,1.0828581671513111,0.0,1.7552418348785603,0.6723836677272492,1.1959033799430472,1.93519652459082,min_cost_max_flow,99,3,99,5,165,9
move,"['move', 3, 2, 4]",True,2018,1.1299300464070994,0.0,1.7552418348785603,0.6253117884714608,1.0794487424791441,1.1184894075456635,min_cost_max_flow,54,3,54,2,85,4
move,"['move', 3, 4, 5]",True,2028,2.0036569192030242,0.0,2.356226378156747,0.352569458953723,0.3980645315896254,0.8040808043283678,min_cost_max_flow,85,3,85,4,99,5
move,"['move', 3, 3, 5]",True,2028,1.8649510566162932,0.0,2.356226378156747,0.49127532154045395,0.7448581513308454,0.7847719547333145,min_cost_max_flow,57,3,57,3,107,5
move,"['move', 3, 6, 8]",True,2028,1.843742085515257,0.0,2.356226378156747,0.60202404026649,1.0200053616063087,1.934496314484599,min_cost_max_flow,118,3,118,6,159,8
move,"['move', 3, 9, 5]",True,2028,1.5861268212603317,0.0,2.356226378156747,0.7700995568964155,1.4404374647238,1.7722886193660203,min_cost_max_flow,165,3,165,9,98,5
move,"['move', 4, 4, 8]",True,2038,1.9495207893576965,0.0,2.8065645216499697,0.8570437322922733,1.689672612996219,2.8509748671998247,min_cost_max_flow,88,4,88,4,149,8
move,"['move', 4, 5, 8]",True,2038,2.1371238212827772,0.0,2.8065645216499697,0.6694407003671926,1.221985278345528,1.9708114258595482,min_cost_max_flow,94,4,94,5,150,8
move,"['move', 4, 6, 9]",True,2038,2.33375079697025,0.0,2.8065645216499697,0.4728137246797199,0.7307368989240786,1.7581048943713924,min_cost_max_flow,109,4,109,6,165,9
move,"['move', 4, 6, 8]",True,2038,2.251226642167792,0.0,2.8065645216499697,0.5553378794821779,0.9383393346615776,0.8967390734688618,min_cost_max_flow,123,4,123,6,155,8
move,"['move', 22, 0, 9]",True,2048,1.6132541389213728,0.0,1.8272470434950718,0.21399290457369893,0.34466022541892016,0.21156239136225138,min_cost_max_flow,1,22,1,0,166,9
move,"['move', 22, 1, 9]",True,2048,1.4952984309420723,0.0,1.8272470434950718,0.33194861255299957,0.639321549973829,0.3635259869239954,min_cost_max_flow,27,22,27,1,170,9
move,"['move', 22, 2, 9]",True,2048,1.4732241760187215,0.0,1.8272470434950718,0.3540228674763503,0.6941170549180242,0.6236142297118166,min_cost_max_flow,38,22,38,2,171,9
move,"['move', 22, 3, 9]",True,2048,1.5419782662283466,0.0,1.8272470434950718,0.28526877726672534,0.5224585877258505,0.4724420084526358,min_cost_max_flow,72,22,72,3,175,9
move,"['move', 3, 8, 4]",True,2058,1.6602418761421558,0.0,2.2862977469591756,0.62605587081702,1.080075607089384,1.9407169099841504,min_cost_max_flow,159,3,159,8,85,4
move,"['move', 3, 9, 4]",True,2058,1.6266007278092462,0.0,2.2862977469591756,0.6596970191499294,1.164988117547182,1.4009571596346553,min_cost_max_flow,176,3,176,9,83,4
move,"['move', 3, 5, 2]",True,2058,1.5941346570888446,0.0,2.2862977469591756,0.6921630898703311,1.2448251369096397,2.2863954519991,min_cost_max_flow,98,3,98,5,54,2
move,"['move', 3, 1, 4]",True,2058,1.7017963633584512,0.0,2.2862977469591756,0.5845013836007245,0.9772802103871072,1.2135026843429566,min_cost_max_flow,35,3,35,1,84,4
move,"['move', 2, 2, 7]",True,2068,0.8703371856713166,0.0,1.826731488183139,0.9563943025118223,1.9420826091118215,2.4779113277036133,min_cost_max_flow,44,2,44,2,143,7
move,"['move', 2, 3, 7]",True,2068,1.3146260542516846,0.0,1.826731488183139,0.5121054339314545,0.8321545277576661,1.9485179298608302,min_cost_max_flow,56,2,56,3,129,7
move,"['move', 2, 5, 7]",True,2068,1.5158861332364864,0.0,1.826731488183139,0.3108453549466525,0.3304707276765839,0.9709196759122262,min_cost_max_flow,93,2,93,5,130,7
move,"['move', 2, 6, 7]",True,2068,1.4661953981957767,0.0,1.826731488183139,0.3605360899873621,0.4547090338128328,0.9632739862622551,min_cost_max_flow,109,2,109,6,131,7
move,"['move', 13, 6, 5]",True,2078,1.4167371443938261,0.0,1.7649470555507134,0.47721381865688733,0.8803657886564906,1.0757073838800528,min_cost_max_flow,119,13,119,6,93,5
move,"['move', 13, 7, 1]",True,2078,1.2426391198097928,0.0,1.7649470555507134,0.5761906297409205,1.1279222169214336,0.999440347306805,min_cost_max_flow,137,13,137,7,35,1
move,"['move', 13, 7, 3]",True,2078,1.2411292977507031,0.0,1.7649470555507134,0.5238177578000103,0.9974524869248853,0.6911404434885814,min_cost_max_flow,138,13,138,7,68,3
move,"['move', 13, 7, 5]",True,2078,1.3810450016911575,0.0,1.7649470555507134,0.38390205385955584,0.6472817671201483,0.9454470792224668,min_cost_max_flow,142,13,142,7,94,5
move,"['move', 3, 4, 1]",True,2088,1.511591734337564,0.0,2.1271911547697226,0.7174141010571586,1.3081810979165311,2.1341067587838967,min_cost_max_flow,83,3,83,4,22,1
move,"['move', 3, 4, 8]",True,2088,1.5772540721542194,0.0,2.1271911547697226,0.5499370826155031,0.890175958378677,1.6758357145941094,min_cost_max_flow,84,3,84,4,159,8
move,"['move', 3, 2, 1]",True,2088,1.5429315663287775,0.0,2.1271911547697226,0.5842595884409452,0.976556771012838,1.292803667556781,min_cost_max_flow,54,3,54,2,25,1
move,"['move', 3, 4, 3]",True,2088,1.3824368323594343,0.0,2.1271911547697226,0.7447543224102884,1.378367990757397,0.9098804534230289,min_cost_max_flow,85,3,85,4,72,3
move,"['move', 13, 1, 7]",True,2098,1.6611185589855908,0.0,2.057478354830621,0.39635979584503017,0.6786593000688299,0.7899950892252185,min_cost_max_flow,35,13,35,1,138,7
move,"['move', 13, 2, 7]",True,2098,1.4087605955656426,0.0,2.057478354830621,0.6487177592649784,1.3085030477705004,1.490768988025672,min_cost_max_flow,47,13,47,2,132,7
move,"['move', 13, 3, 7]",True,2098,1.4961127292630494,0.0,2.057478354830621,0.5613656255675716,1.0907136456771696,1.0968142212347258,min_cost_max_flow,68,13,68,3,133,7
move,"['move', 13, 9, 7]",True,2098,1.7745156144109897,0.0,2.057478354830621,0.28296274041963126,0.3956400418683188,0.47440818056789624,min_cost_max_flow,168,13,168,9,134,7
move,"['move', 24, 1, 2]",True,2108,1.6769539690149387,0.0,2.2080227356276447,0.5310687666127061,0.8699371350376168,0.7605367246808467,min_cost_max_flow,23,24,23,1,44,2
move,"['move', 24, 5, 3]",True,2108,1.543787592011904,0.0,2.2080227356276447,0.6642351436157408,1.2030032438779017,0.6604258362153868,min_cost_max_flow,104,24,104,5,68,3
move,"['move', 24, 0, 2]",True,2108,1.357105618516557,0.0,2.2080227356276447,1.0430144026110877,2.148360295461316,1.7211564395171852,min_cost_max_flow,2,24,2,0,47,2
move,"['move', 24, 4, 2]",True,2108,1.709000999729384,0.0,2.2080227356276447,0.4990217358982607,0.789733497214911,0.8179107490757516,min_cost_max_flow,86,24,86,4,54,2
move,"['move', 2, 5, 6]",True,2118,1.7089471368939226,0.0,1.9854006678665774,0.2764535309726548,0.24516879496150068,0.519168195971508,min_cost_max_flow,94,2,94,5,110,6
move,"['move', 2, 7, 6]",True,2118,1.6199137204294334,0.0,1.9854006678665774,0.3654869474371441,0.4677701820801303,0.507270891034,min_cost_max_flow,129,2,129,7,114,6
move,"['move', 2, 7, 4]",True,2118,1.2942003312447197,0.0,1.9854006678665774,0.6912003366218579,1.2799566730063816,1.9052589147227421,min_cost_max_flow,130,2,130,7,85,4
move,"['move', 2, 7, 3]",True,2118,1.4619899862228791,0.0,1.9854006678665774,0.5234106816436983,0.8610276833678654,1.5418270434675643,min_cost_max_flow,131,2,131,7,56,3
move,"['move', 24, 8, 9]",True,2128,1.5449166422406684,0.0,2.2813434885809407,0.7364268463402724,1.3815318026099703,1.9608912223891561,min_cost_max_flow,148,24,148,8,176,9
move,"['move', 24, 6, 9]",True,2128,1.710418633195677,0.0,2.2813434885809407,0.5709248553852638,0.9691930164299265,1.0167637507372558,min_cost_max_flow,113,24,113,6,166,9
move,"['move', 24, 3, 9]",True,2128,1.2727897363366167,0.0,2.2813434885809407,1.008553752244324,2.061157224830822,2.42211958190735,min_cost_max_flow,68,24,68,3,168,9
move,"['move', 24, 2, 7]",True,2128,1.3750370606457212,0.0,2.2813434885809407,0.9063064279352194,1.8060504011336889,2.0811281981551972,min_cost_max_flow,44,24,44,2,137,7
move,"['move', 3, 5, 0]",True,2138,1.6758921029126992,0.0,2.503651121794997,0.8811405387572977,1.7164813492636313,2.8113353609489122,min_cost_max_flow,107,3,107,5,1,0
move,"['move', 3, 3, 0]",True,2138,1.9430545200431306,0.0,2.503651121794997,0.5605966017518662,0.9169744436112524,1.5760441201490722,min_cost_max_flow,72,3,72,3,6,0
move,"['move', 3, 8, 0]",True,2138,1.6317579939143227,0.0,2.503651121794997,0.8718931278806742,1.6950154396545258,1.709590305980144,min_cost_max_flow,159,3,159,8,7,0
move,"['move', 3, 7, 4]",True,2138,2.046139908846632,0.0,2.503651121794997,0.45751121294836494,0.6605504858671338,0.7163679437259116,min_cost_max_flow,139,3,139,7,84,4
move,"['move', 3, 0, 3]",True,2148,1.1999604574858447,0.0,2.1312266829639954,0.9312662254781507,1.8432342343221535,1.8522231900224995,min_cost_max_flow,1,3,1,0,68,3
move,"['move', 3, 0, 8]",True,2148,1.4101567441432663,0.0,2.1312266829639954,0.7210699388207291,1.3172493051788479,2.181698189857077,min_cost_max_flow,6,3,6,0,159,8
move,"['move', 3, 5, 8]",True,2148,1.507899126816638,0.0,2.1312266829639954,0.6233275561473575,1.0734433213146986,1.8150496436702794,min_cost_max_flow,99,3,99,5,148,8
move,"['move', 3, 0, 2]",True,2148,1.4893378497884773,0.0,2.1312266829639954,0.6418888331755181,1.121021579743683,1.031672404615042,min_cost_max_flow,7,3,7,0,44,2
move,"['move', 4, 8, 5]",True,2158,1.2967365955474437,0.0,1.8365576789881393,0.5398210834406956,0.8983896710269619,1.6685214274086313,min_cost_max_flow,149,4,149,8,99,5
move,"['move', 4, 8, 4]",True,2158,1.1635741115898077,0.0,1.8365576789881393,0.6729835673983315,1.2312064831385214,1.7281199490955403,min_cost_max_flow,150,4,150,8,85,4
move,"['move', 4, 9, 4]",True,2158,1.0575456844843778,0.0,1.8365576789881393,0.7790119945037616,1.4958024944062345,2.044824279670174,min_cost_max_flow,165,4,165,9,86,4
move,"['move', 4, 7, 6]",True,2158,1.1553923384723723,0.0,1.8365576789881393,0.681165340515767,1.2517378547745466,1.6768273874712927,min_cost_max_flow,141,4,141,7,113,6
move,"['move', 13, 7, 0]",True,2168,1.6264553691661192,0.0,2.204679221673162,0.5901539615070429,1.1627138587500667,1.0772320717553587,min_cost_max_flow,132,13,132,7,1,0
move,"['move', 13, 9, 1]",True,2168,1.709964098430054,0.0,2.204679221673162,0.4947151232431081,0.9241521194526285,1.0536611634893847,min_cost_max_flow,169,13,169,9,35,1
move,"['move', 13, 9, 3]",True,2168,1.7162639200044512,0.0,2.204679221673162,0.488415301668711,0.9087994453184365,0.7890746289555464,min_cost_max_flow,177,13,177,9,57,3
move,"['move', 13, 6, 1]",True,2168,1.5893925847909276,0.0,2.204679221673162,0.6152866368822345,1.2248305415596406,1.5539024906921999,min_cost_max_flow,121,13,121,6,23,1
move,"['move', 13, 0, 8]",True,2178,1.548199112252453,0.0,1.980244020624827,0.432044908372374,0.7678265397153154,0.8203562038080291,min_cost_max_flow,1,13,1,0,149,8
move,"['move', 13, 1, 8]",True,2178,1.7010283398814536,0.0,1.980244020624827,0.2792156807433734,0.38597026708885096,0.6758252397833381,min_cost_max_flow,23,13,23,1,150,8
move,"['move', 13, 5, 9]",True,2178,1.4746214187120419,0.0,1.980244020624827,0.5056226019127851,0.9516168187947187,0.9229927182242403,min_cost_max_flow,93,13,93,5,177,9
move,"['move', 13, 5, 8]",True,2178,1.428304136410786,0.0,1.980244020624827,0.5519398842140409,1.0669214962581464,1.2486782446991063,min_cost_max_flow,94,13,94,5,154,8
move,"['move', 4, 4, 7]",True,2188,1.3659251508185775,0.0,1.9099194578836924,0.5439943070651149,0.9096237227313395,1.1345263318556515,min_cost_max_flow,85,4,85,4,139,7
move,"['move', 4, 8, 7]",True,2188,1.4489329213202418,0.0,1.9099194578836924,0.46098653656345073,0.702664237767749,0.7612321381424085,min_cost_max_flow,155,4,155,8,141,7
move,"['move', 4, 6, 9]",True,2188,1.3668906853954175,0.0,1.9099194578836924,0.5430287724882749,0.9071369929770299,1.1831218733287434,min_cost_max_flow,113,4,113,6,165,9
move,"['move', 4, 2, 9]",True,2188,1.2827203889963232,0.0,1.9099194578836924,0.6271990688873692,1.1173023046612798,1.356741415652671,min_cost_max_flow,39,4,39,2,169,9
move,"['move', 3, 4, 0]",True,2198,1.0428598784415182,0.0,1.836564867608217,0.7937049891666987,1.4989664009044645,2.0953849493952634,min_cost_max_flow,84,3,84,4,1,0
move,"['move', 3, 3, 9]",True,2198,0.9685998796550588,0.0,1.836564867608217,0.9058374368281581,1.7799585624270549,1.6546900367671313,min_cost_max_flow,68,3,68,3,172,9
move,"['move', 3, 7, 9]",True,2198,1.3879114674964674,0.0,1.836564867608217,0.4486534001117495,0.6380793929602078,0.9340751539842296,min_cost_max_flow,140,3,140,7,174,9
move,"['move', 3, 1, 0]",True,2198,1.4483483462930749,0.0,1.836564867608217,0.4489154346484753,0.6392598045931663,0.5838582932215357,min_cost_max_flow,25,3,25,1,6,0
move,"['move', 2, 6, 5]",True,2208,1.3255799579652394,0.0,1.8253637067496098,0.49978374878437026,0.8032279704675602,0.6967475447909222,min_cost_max_flow,110,2,110,6,94,5
move,"['move', 2, 7, 2]",True,2208,1.4966192795932425,0.0,1.8253637067496098,0.45457879540636736,0.6893089509612764,1.301171585641994,min_cost_max_flow,143,2,143,7,37,2
move,"['move', 2, 8, 2]",True,2208,1.1810006664278057,0.0,1.8253637067496098,0.6443630403218041,1.1629144476501097,1.8712486521480312,min_cost_max_flow,154,2,154,8,39,2
move,"['move', 2, 9, 2]",True,2208,1.1025956591242532,0.0,1.8253637067496098,0.7227680476253566,1.3585650863788032,2.112501672273044,min_cost_max_flow,170,2,170,9,44,2
move,"['move', 3, 8, 7]",True,2218,2.326100337858698,0.0,3.0324287295216212,0.7063283916629232,1.2812146614342055,1.6355487566087752,min_cost_max_flow,148,3,148,8,140,7
move,"['move', 3, 6, 7]",True,2218,2.466922655345444,0.0,3.0324287295216212,0.5655060741761772,0.9297566373097652,1.2370356949921013,min_cost_max_flow,112,3,112,6,142,7
move,"['move', 3, 2, 7]",True,2218,2.2374376416915913,0.0,3.0324287295216212,0.7949910878300298,1.5013466995878844,2.6520169326672014,min_cost_max_flow,44,3,44,2,129,7
move,"['move', 3, 9, 7]",True,2218,2.4346418720235623,0.0,3.0324287295216212,0.5977868574980589,1.0102649777800252,1.36611425128843,min_cost_max_flow,172,3,172,9,130,7
move,"['move', 22, 9, 1]",True,2228,1.5598358198306042,0.0,1.9025468321464625,0.3705063778158584,0.7351109809715126,0.766847426566234,min_cost_max_flow,175,22,175,9,23,1
move,"['move', 22, 9, 5]",True,2228,1.5087684137749628,0.0,1.9025468321464625,0.39377841837149963,0.7934073255673866,0.6893519553857113,min_cost_max_flow,166,22,166,9,104,5
move,"['move', 22, 9, 3]",True,2228,1.5421731255794693,0.0,1.9025468321464625,0.36037370656699325,0.7100321474972588,0.598284327960233,min_cost_max_flow,170,22,170,9,72,3
move,"['move', 22, 7, 3]",True,2228,1.6027982793387372,0.0,1.9025468321464625,0.2997485528077252,0.5587494037026772,0.4115239255679824,min_cost_max_flow,131,22,131,7,58,3
move,"['move', 3, 8, 2]",True,2238,1.5669803076460216,0.0,2.198509064728611,0.6315287570825893,1.0945011698859162,1.4451521549115292,min_cost_max_flow,159,3,159,8,38,2
move,"['move', 3, 1, 3]",True,2238,1.6078547403520376,0.0,2.198509064728611,0.5906543243765733,0.9923140939281438,1.4458149500665232,min_cost_max_flow,22,3,22,1,62,3
move,"['move', 3, 7, 5]",True,2238,1.7731791823829093,0.0,2.198509064728611,0.4253298823457017,0.5800322968134424,0.7596096417481549,min_cost_max_flow,129,3,129,7,93,5
move,"['move', 3, 6, 5]",True,2238,1.646468825955681,0.0,2.198509064728611,0.55204023877293,0.896425590304716,1.014674692946252,min_cost_max_flow,116,3,116,6,94,5
move,"['move', 3, 2, 6]",True,2248,1.5075692325515013,0.0,2.0508769155386943,0.5433076829871931,0.8738528881003731,1.5088831862800711,min_cost_max_flow,38,3,38,2,109,6
move,"['move', 3, 5, 6]",True,2248,1.7289418972083077,0.0,2.0508769155386943,0.3219350183303866,0.32181106959978933,0.5823210919918347,min_cost_max_flow,93,3,93,5,110,6
move,"['move', 3, 7, 6]",True,2248,1.774387157852811,0.0,2.0508769155386943,0.2764897576858834,0.20841150666819885,0.43992863888005296,min_cost_max_flow,130,3,130,7,113,6
move,"['move', 3, 0, 1]",True,2248,1.6138701418238228,0.0,2.0508769155386943,0.43700677371487157,0.6084635054285172,1.2669561803147327,min_cost_max_flow,1,3,1,0,22,1
move,"['move', 3, 3, 4]",True,2258,2.204062874736455,0.0,2.5799682763996,0.3759054016631453,0.456692695064703,0.6118763366471431,min_cost_max_flow,62,3,62,3,83,4
move,"['move', 3, 5, 4]",True,2258,1.9121445735731295,0.0,2.5799682763996,0.6678237028264706,1.1850380721953115,1.578793521783562,min_cost_max_flow,94,3,94,5,84,4
move,"['move', 3, 1, 2]",True,2258,2.3149272365831983,0.0,2.5799682763996,0.2650410398164018,0.17984339020767948,0.40414316342369716,min_cost_max_flow,22,3,22,1,38,2
move,"['move', 3, 0, 4]",True,2258,1.8202442337998086,0.0,2.5799682763996,0.7597240425997916,1.4136267941757978,2.3535451569944295,min_cost_max_flow,6,3,6,0,87,4
move,"['move', 3, 4, 5]",True,2268,0.07353913164629268,0.0,2.1271749309240424,2.1113282207777497,2.2937135335741914,1.6360158546621006,min_cost_max_flow,84,3,84,4,93,5
move,"['move', 3, 6, 1]",True,2268,1.5641574971465309,0.0,2.1271749309240424,0.5630174337775117,0.9222337311730371,2.104572455034959,min_cost_max_flow,109,3,109,6,22,1
move,"['move', 3, 4, 1]",True,2268,1.5546038490934961,0.0,2.1271749309240424,0.5725710818305464,0.9470240672235377,1.5004285097591175,min_cost_max_flow,83,3,83,4,25,1
move,"['move', 3, 4, 8]",True,2268,0.07094531195245857,0.0,2.1271749309240424,2.056229618971584,2.15576290662284,1.7720974786196604,min_cost_max_flow,87,3,87,4,159,8
move,"['move', 24, 9, 8]",True,2278,2.9447668209340714,0.0,3.340098846656597,0.41320998722252544,0.5755647281985148,0.5775089671144898,min_cost_max_flow,166,24,166,9,148,8
move,"['move', 24, 7, 5]",True,2278,2.2984791617620957,0.0,3.340098846656597,1.0416196848945012,2.1448697877203813,1.7236320724962881,min_cost_max_flow,137,24,137,7,94,5
move,"['move', 24, 9, 3]",True,2278,2.8688971444433053,0.0,3.340098846656597,0.4712017022132917,0.7194192560600641,1.3273487106920308,min_cost_max_flow,168,24,168,9,62,3
move,"['move', 24, 1, 8]",True,2278,2.7068913392666145,0.0,3.340098846656597,0.6332075073899824,1.124237777388771,1.4580097860386971,min_cost_max_flow,29,24,29,1,154,8
move,"['move', 4, 7, 8]",True,2288,1.6460424276749155,0.0,2.0590947511377995,0.41305232346288395,0.5832857843161037,0.45651260496132734,min_cost_max_flow,139,4,139,7,155,8
move,"['move', 4, 9, 8]",True,2288,1.3251427788302217,0.0,2.0590947511377995,0.7339519723075777,1.3838757872181304,1.562592078099841,min_cost_max_flow,165,4,165,9,156,8
move,"['move', 4, 5, 8]",True,2288,1.4238937588073637,0.0,2.0590947511377995,0.6352009923304358,1.1375522754096892,1.1932999884907993,min_cost_max_flow,99,4,99,5,157,8
move,"['move', 4, 0, 8]",True,2288,1.5199936084911911,0.0,2.0590947511377995,0.5391011426466085,0.8978102132059576,0.8549253179330741,min_cost_max_flow,16,4,16,0,158,8
move,"['move', 24, 6, 4]",True,2298,1.715429024076924,0.0,2.1307539524576242,0.4153249283807001,0.5800436509562132,1.1164623922733699,min_cost_max_flow,117,24,117,6,83,4
move,"['move', 24, 0, 4]",True,2298,1.437839871635911,0.0,2.1307539524576242,0.7844309374467131,1.5011632492060016,2.213412002436024,min_cost_max_flow,3,24,3,0,85,4
move,"['move', 24, 8, 4]",True,2298,1.34126713377632,0.0,2.1307539524576242,0.7894868186813041,1.5137569763573993,2.2440626258226137,min_cost_max_flow,148,24,148,8,87,4
move,"['move', 24, 5, 7]",True,2298,1.703009890818505,0.0,2.1307539524576242,0.4277440616391192,0.6108948983783193,1.2475195415677436,min_cost_max_flow,94,24,94,5,131,7
move,"['move', 3, 5, 0]",True,2308,0.8581561537107003,0.0,1.6021861926718928,0.7440300389611925,1.374344948799262,2.3847693436863597,min_cost_max_flow,93,3,93,5,16,0
move,"['move', 3, 2, 0]",True,2308,1.104442343977224,0.0,1.6021861926718928,0.4977438486946688,0.7607059069960087,1.0004801016492673,min_cost_max_flow,38,3,38,2,1,0
move,"['move', 3, 7, 0]",True,2308,0.6259149745874204,0.0,1.6021861926718928,0.9762712180844724,1.9545046623898088,2.680258822121713,min_cost_max_flow,140,3,140,7,6,0
move,"['move', 3, 6, 0]",True,2308,0.9808041390045168,0.0,1.6021861926718928,0.674267043917376,1.2000583099325013,2.304203515166117,min_cost_max_flow,110,3,110,6,7,0
move,"['move', 22, 5, 6]",True,2318,1.0436064190452188,0.0,1.380550793602343,0.33694437455712406,0.6514537319599185,0.6016746697384767,min_cost_max_flow,104,22,104,5,109,6
move,"['move', 22, 7, 6]",True,2318,1.1451892063028841,0.0,1.380550793602343,0.23536158729945872,0.39804193261807086,0.2382288015280626,min_cost_max_flow,135,22,135,7,112,6
move,"['move', 22, 9, 6]",True,2318,1.1906265656932356,0.0,1.380550793602343,0.18992422790910735,0.2844080437462253,0.2652223988395227,min_cost_max_flow,171,22,171,9,116,6
move,"['move', 22, 7, 0]",True,2318,1.0646685197054855,0.0,1.380550793602343,0.31588227389685736,0.5990056603986886,0.4635546101139389,min_cost_max_flow,136,22,136,7,8,0
move,"['move', 3, 9, 3]",True,2328,0.8473359398310976,0.0,1.6797555055115954,0.8324195656804978,1.594469019488315,2.9512667498266656,min_cost_max_flow,174,3,174,9,64,3
move,"['move', 3, 6, 2]",True,2328,0.9502971800765532,0.0,1.6797555055115954,0.7390366213100422,1.3614909590687603,2.631733078770376,min_cost_max_flow,113,3,113,6,38,2
move,"['move', 3, 1, 2]",True,2328,1.1271796962696832,0.0,1.6797555055115954,0.5525758092419123,0.8981027441186598,0.7891895986208548,min_cost_max_flow,22,3,22,1,44,2
move,"['move', 3, 8, 2]",True,2328,0.8085167935138552,0.0,1.6797555055115954,0.8712387119977402,1.6931746452100924,1.84609346404562,min_cost_max_flow,159,3,159,8,47,2
move,"['move', 13, 7, 2]",True,2338,1.3842542903414152,0.0,2.0581440557325106,0.6738897653910955,1.371459524758393,1.4731278729588628,min_cost_max_flow,133,13,133,7,48,2
move,"['move', 13, 8, 5]",True,2338,1.6850133424307727,0.0,2.0581440557325106,0.373315933176738,0.6208669090410694,0.9118179939119719,min_cost_max_flow,154,13,154,8,99,5
move,"['move', 13, 8, 0]",True,2338,1.6359867888901563,0.0,2.0581440557325106,0.4221572668423543,0.7436364230889012,0.4676980713845968,min_cost_max_flow,149,13,149,8,9,0
move,"['move', 13, 8, 2]",True,2338,1.515380687659708,0.0,2.0581440557325106,0.5427633680728026,1.0435785020999901,1.5164807814058305,min_cost_max_flow,150,13,150,8,52,2
move,"['move', 3, 2, 6]",True,2348,2.2362666523189874,0.0,2.954435726470056,0.7181690741510685,1.309353354099585,2.6108911265977417,min_cost_max_flow,38,3,38,2,113,6
move,"['move', 3, 3, 6]",True,2348,2.4673866057659373,0.0,2.954435726470056,0.48704912070411865,0.7339047586028755,1.0433657128210743,min_cost_max_flow,64,3,64,3,117,6
move,"['move', 3, 1, 6]",True,2348,2.181564800985334,0.0,2.954435726470056,0.7728709254847219,1.447089480701834,1.956558947854319,min_cost_max_flow,25,3,25,1,119,6
move,"['move', 3, 0, 6]",True,2348,2.2597565524895304,0.0,2.954435726470056,0.6946791739805254,1.252662622500793,1.2548785748872398,min_cost_max_flow,1,3,1,0,121,6
move,"['move', 3, 6, 9]",True,2358,1.7898606425229626,0.0,2.4303799409717435,0.6405192984487809,1.1178808721815585,0.8429195681360215,min_cost_max_flow,113,3,113,6,166,9
move,"['move', 3, 2, 9]",True,2358,1.2356799647372951,0.0,2.4303799409717435,1.1946999762344483,2.5025919107720256,1.3366901506036892,min_cost_max_flow,44,3,44,2,170,9
move,"['move', 3, 0, 1]",True,2358,1.5746321859364962,0.0,2.4303799409717435,0.8557477550352471,1.6557416840041697,0.9831393305057452,min_cost_max_flow,6,3,6,0,29,1
move,"['move', 3, 0, 9]",True,2358,1.922048642395474,0.0,2.4303799409717435,0.5083312985762697,0.7872125564172165,0.9751302901787446,min_cost_max_flow,7,3,7,0,165,9
move,"['move', 3, 7, 8]",True,2368,1.6120451059157634,0.0,2.1346949780107862,0.5226498720950228,0.8234814829811512,0.6601351121441369,min_cost_max_flow,142,3,142,7,159,8
move,"['move', 3, 6, 8]",True,2368,1.533871099801257,0.0,2.1346949780107862,0.6008238782095293,1.0178895675089734,1.3447556177736315,min_cost_max_flow,117,3,117,6,148,8
move,"['move', 3, 0, 5]",True,2368,1.606035718379361,0.0,2.1346949780107862,0.5286592596314252,0.8379924231339828,1.0018209042604584,min_cost_max_flow,16,3,16,0,104,5
move,"['move', 3, 9, 8]",True,2368,1.7493991614816844,0.0,2.1346949780107862,0.3852958165291017,0.47989718107055523,0.7929104426729922,min_cost_max_flow,165,3,165,9,149,8
move,"['move', 4, 8, 6]",True,2378,1.5137677650298633,0.0,2.2124328788127237,0.7257052629078605,1.3627403492100711,1.9083684172773256,min_cost_max_flow,155,4,155,8,110,6
move,"['move', 4, 2, 5]",True,2378,1.1040293218804176,0.0,2.2124328788127237,1.108403556932306,2.3182342817272,2.7429034466004554,min_cost_max_flow,43,4,43,2,107,5
move,"['move', 4, 3, 6]",True,2378,1.6321501871082595,0.0,2.2124328788127237,0.5802826917044641,1.0001331903404207,1.27552232471698,min_cost_max_flow,57,4,57,3,113,6
move,"['move', 4, 8, 0]",True,2378,1.781114455541131,0.0,2.2124328788127237,0.4313184232715927,0.6286424648387765,0.6622252710273505,min_cost_max_flow,156,4,156,8,16,0
move,"['move', 3, 5, 7]",True,2388,1.6589914080798147,0.0,2.4328554681897425,0.7738640601099278,1.4504220483759127,1.3900715404781097,min_cost_max_flow,104,3,104,5,135,7
move,"['move', 3, 8, 7]",True,2388,1.8687213226840056,0.0,2.4328554681897425,0.5641341455057369,0.9262650405398745,1.278219090852281,min_cost_max_flow,148,3,148,8,136,7
move,"['move', 3, 6, 7]",True,2388,2.142642368167786,0.0,2.4328554681897425,0.41808658014695665,0.5621873878299084,0.5840452995291319,min_cost_max_flow,119,3,119,6,139,7
move,"['move', 3, 9, 7]",True,2388,1.4468381076974124,0.0,2.4328554681897425,0.98601736049233,1.9793957216534181,2.32978999281153,min_cost_max_flow,166,3,166,9,140,7
move,"['move', 2, 0, 9]",True,2398,1.3343106782008682,0.0,1.9767978500171597,0.6424871718162914,1.159687240702624,0.8962724412839292,min_cost_max_flow,9,2,9,0,166,9
move,"['move', 2, 1, 9]",True,2398,1.5062323056955789,0.0,1.9767978500171597,0.4705655443215808,0.7301995791058289,0.6853343479627572,min_cost_max_flow,24,2,24,1,165,9
move,"['move', 2, 2, 9]",True,2398,1.232855325127132,0.0,1.9767978500171597,0.7439425248900278,1.4128609338149545,1.2060654892907159,min_cost_max_flow,37,2,37,2,168,9
move,"['move', 2, 2, 8]",True,2398,1.444256026230616,0.0,1.9767978500171597,0.5325418237865435,0.8841329150236561,1.3569095110157603,min_cost_max_flow,39,2,39,2,148,8
move,"['move', 24, 8, 6]",True,2408,1.1866759200846593,0.0,1.6082414233153226,0.42156550323066333,0.5956335278933693,1.1241691841079968,min_cost_max_flow,154,24,154,8,117,6
move,"['move', 24, 3, 6]",True,2408,1.0427040935541747,0.0,1.6082414233153226,0.5655373297611479,0.954584077520849,1.7768469832623777,min_cost_max_flow,62,24,62,3,118,6
move,"['move', 24, 4, 6]",True,2408,1.315437873957607,0.0,1.6082414233153226,0.3933289401077158,0.525058717783395,1.1131040525115936,min_cost_max_flow,83,24,83,4,123,6
move,"['move', 24, 7, 6]",True,2408,1.2831419123312275,0.0,1.6082414233153226,0.32509951098409495,0.3550098973682907,0.7632691232131372,min_cost_max_flow,131,24,131,7,110,6
move,"['move', 22, 4, 8]",True,2418,2.612606465224849,0.0,2.9541724985378393,0.34156603331299035,0.6629621095489711,0.6321875368139175,min_cost_max_flow,73,22,73,4,154,8
move,"['move', 22, 4, 9]",True,2418,2.6729234357358926,0.0,2.9541724985378393,0.2812490628019465,0.5125391118199332,0.38590183776612424,min_cost_max_flow,81,22,81,4,166,9
move,"['move', 22, 6, 5]",True,2418,2.7392476479554086,0.0,2.9541724985378393,0.3063220638324305,0.575154890644626,0.43038433877757576,min_cost_max_flow,109,22,109,6,104,5
move,"['move', 22, 6, 8]",True,2418,2.7892628636033017,0.0,2.9541724985378393,0.16490963493453772,0.22205640917673009,0.14199048755363414,min_cost_max_flow,112,22,112,6,150,8
move,"['move', 3, 8, 0]",True,2434,1.1599581999649384,0.0,1.7605663012595834,0.6006081012946449,1.017123137084127,1.4960810428638553,min_cost_max_flow,149,3,149,8,1,0
move,"['move', 3, 9, 0]",True,2434,1.165336935033464,0.0,1.7605663012595834,0.5952293662261194,1.0043482671535457,1.0481025490420695,min_cost_max_flow,170,3,170,9,3,0
move,"['move', 3, 8, 5]",True,2434,1.1116625959976703,0.0,1.7605663012595834,0.6489037052619131,1.137741768390697,1.5763334505975333,min_cost_max_flow,159,3,159,8,93,5
move,"['move', 3, 1, 3]",True,2434,1.0776970320402648,0.0,1.7605663012595834,0.6828692692193186,1.2239324745751219,0.7251359233232331,min_cost_max_flow,29,3,29,1,68,3
move,"['move', 2, 4, 7]",True,2444,1.659166397770155,0.0,2.356074128661038,0.6969077308908828,1.2936329179756285,2.30008605026631,min_cost_max_flow,85,2,85,4,131,7
move,"['move', 2, 8, 1]",True,2444,1.6969730625705692,0.0,2.356074128661038,0.6591010660904686,1.1997683329464053,1.8653680690581862,min_cost_max_flow,148,2,148,8,29,1
move,"['move', 2, 9, 1]",True,2444,2.091435542570732,0.0,2.356074128661038,0.26463858609030577,0.21613218907805276,0.18533064768854624,min_cost_max_flow,165,2,165,9,22,1
move,"['move', 2, 9, 7]",True,2444,1.5893486951221139,0.0,2.356074128661038,0.7667254335389239,1.4694478853343753,1.4529455578369213,min_cost_max_flow,166,2,166,9,137,7
move,"['move', 4, 8, 3]",True,2454,1.055173777949147,0.0,1.8364137143247397,0.7812399363755926,1.501322583950241,2.078001036717485,min_cost_max_flow,157,4,157,8,57,3
move,"['move', 4, 9, 3]",True,2454,1.1261202351223294,0.0,1.8364137143247397,0.7102934792024104,1.3246094092610292,1.6426888742216945,min_cost_max_flow,169,4,169,9,64,3
move,"['move', 4, 8, 2]",True,2454,1.0789687935905752,0.0,1.8364137143247397,0.7574449207341645,1.4405502210429404,2.934550239204296,min_cost_max_flow,158,4,158,8,37,2
move,"['move', 4, 6, 2]",True,2454,1.4174987068143499,0.0,1.8364137143247397,0.41891500751038974,0.5975545246510592,0.7151591275006789,min_cost_max_flow,110,4,110,6,39,2
move,"['move', 13, 2, 8]",True,2464,1.593026908360333,0.0,1.9758606817036517,0.38283377334331864,0.6449511117571092,0.7187497941864998,min_cost_max_flow,48,13,48,2,159,8
move,"['move', 13, 6, 8]",True,2464,1.4626980841322474,0.0,1.9758606817036517,0.5131625975714041,0.9698832385583955,1.3120389734716893,min_cost_max_flow,123,13,123,6,148,8
move,"['move', 13, 7, 8]",True,2464,1.7252836619784921,0.0,1.9758606817036517,0.25057701972515967,0.3146292820238159,0.5053802527838666,min_cost_max_flow,134,13,134,7,149,8
move,"['move', 13, 7, 4]",True,2464,1.3179735812027804,0.0,1.9758606817036517,0.6578871005008713,1.3314998802889022,1.4417827022458178,min_cost_max_flow,138,13,138,7,73,4
move,"['move', 22, 9, 2]",True,2474,1.399702413552112,0.0,1.7541212903009888,0.3544188767488769,0.6954343895813508,0.40540657503835376,min_cost_max_flow,166,22,166,9,43,2
move,"['move', 22, 8, 1]",True,2474,1.5422577210718378,0.0,1.7541212903009888,0.2118635692291511,0.33914434885809897,0.3399211909966402,min_cost_max_flow,150,22,150,8,24,1
move,"['move', 22, 1, 2]",True,2474,1.5124081566545287,0.0,1.7541212903009888,0.2417131336464603,0.4138490996447217,0.28602802876347866,min_cost_max_flow,23,22,23,1,44,2
move,"['move', 22, 7, 1]",True,2474,1.4358551020014527,0.0,1.7541212903009888,0.31826618829953607,0.6048934433638351,0.5115566378141309,min_cost_max_flow,141,22,141,7,23,1
move,"['move', 4, 7, 9]",True,2484,1.7622471617434536,0.0,2.5014358151733833,0.7391886534299297,1.3969801386701874,1.554159647315116,min_cost_max_flow,141,4,141,7,166,9
move,"['move', 4, 6, 8]",True,2484,1.9381153293833107,0.0,2.5014358151733833,0.5633204857900727,0.9573759462036833,1.5100085585562026,min_cost_max_flow,113,4,113,6,150,8
move,"['move', 4, 4, 8]",True,2484,1.862206554438139,0.0,2.5014358151733833,0.6392292607352442,1.146821641974384,1.7275029533750406,min_cost_max_flow,86,4,86,4,154,8
move,"['move', 4, 1, 8]",True,2484,1.9429382938156703,0.0,2.5014358151733833,0.558497521357713,0.9453192430155468,1.509536630047784,min_cost_max_flow,23,4,23,1,155,8
move,"['move', 4, 9, 1]",True,2494,1.4693250106518598,0.0,1.9832717095722097,0.5139466989203498,0.8351464144870988,0.7067182534076876,min_cost_max_flow,166,4,166,9,23,1
move,"['move', 4, 8, 7]",True,2494,1.40207678551903,0.0,1.9832717095722097,0.5811949240531797,1.0017014830555127,1.7503810958484565,min_cost_max_flow,150,4,150,8,141,7
move,"['move', 4, 0, 7]",True,2494,1.2147844845288924,0.0,1.9832717095722097,0.7684872250433171,1.4692579280599602,2.199919409778969,min_cost_max_flow,16,4,16,0,138,7
move,"['move', 4, 2, 7]",True,2494,1.3920516814411774,0.0,1.9832717095722097,0.5912200281310322,1.0264140617400699,1.9838354358977266,min_cost_max_flow,37,4,37,2,142,7
move,"['move', 3, 5, 1]",True,2504,1.3905525118180941,0.0,2.2785310717555696,0.8879785599374754,1.7345264999712526,2.177936856164142,min_cost_max_flow,93,3,93,5,27,1
move,"['move', 3, 3, 1]",True,2504,1.500416421702313,0.0,2.2785310717555696,0.8196033024282564,1.5649797161058814,1.2503635843800998,min_cost_max_flow,68,3,68,3,29,1
move,"['move', 3, 2, 1]",True,2504,1.9544893423395275,0.0,2.2785310717555696,0.3240417294160419,0.3275347838498419,0.2776967347155273,min_cost_max_flow,47,3,47,2,30,1
move,"['move', 3, 6, 1]",True,2504,1.5623916986360915,0.0,2.2785310717555696,0.7161393731194782,1.3057857384555973,1.6064665032723986,min_cost_max_flow,121,3,121,6,31,1
move,"['move', 4, 8, 9]",True,2514,1.62545916820643,0.0,2.282372466009666,0.6569132978032359,1.191862653766293,1.1735568720884202,min_cost_max_flow,154,4,154,8,166,9
move,"['move', 4, 7, 9]",True,2514,1.5678910611360561,0.0,2.282372466009666,0.7144814048736098,1.3362904087007337,0.8352320330842968,min_cost_max_flow,138,4,138,7,170,9
move,"['move', 4, 1, 9]",True,2514,1.680897438004554,0.0,2.282372466009666,0.601475028005112,1.0524047241451626,1.7483936226354877,min_cost_max_flow,23,4,23,1,165,9
move,"['move', 4, 5, 6]",True,2514,1.8493152640944246,0.0,2.282372466009666,0.5481248994152413,0.9200649744925613,1.0580124079186113,min_cost_max_flow,107,4,107,5,112,6
move,"['move', 3, 7, 6]",True,2524,0.9106046280608503,0.0,1.681351179414829,0.7707465513539787,1.4421508050945704,1.7083858014578885,min_cost_max_flow,135,3,135,7,109,6
move,"['move', 3, 1, 6]",True,2524,0.7770381489883161,0.0,1.681351179414829,0.9043130304265129,1.77582668586183,1.8685970775085983,min_cost_max_flow,27,3,27,1,113,6
move,"['move', 3, 0, 6]",True,2524,0.852913978153538,0.0,1.681351179414829,0.8284372012612911,1.5856533399455657,2.191112412981598,min_cost_max_flow,1,3,1,0,119,6
move,"['move', 3, 0, 3]",True,2524,0.8797014951282903,0.0,1.681351179414829,0.8016496842865387,1.5190335364604834,1.9584531117826662,min_cost_max_flow,3,3,3,0,62,3
move,"['move', 2, 2, 4]",True,2534,1.6845777454222226,0.0,2.0526931776146284,0.3681154321924059,0.47400513252432575,0.7314451870066436,min_cost_max_flow,44,2,44,2,81,4
move,"['move', 2, 3, 8]",True,2534,1.4342949837074934,0.0,2.0526931776146284,0.618398193907135,1.09856990006665,1.492869683339217,min_cost_max_flow,56,2,56,3,150,8
move,"['move', 2, 5, 8]",True,2534,1.3969697368044542,0.0,2.0526931776146284,0.6557234408101742,1.191506023355032,1.7441989961495614,min_cost_max_flow,94,2,94,5,154,8
move,"['move', 2, 6, 8]",True,2534,1.4159268490582102,0.0,2.0526931776146284,0.6367663285564182,1.1445441431642394,1.456932033751585,min_cost_max_flow,114,2,114,6,156,8
move,"['move', 28, 0, 6]",True,2544,0.8205487750977796,0.0,1.6814375825444012,0.8608888074466217,1.732460008293856,1.474303300747657,min_cost_max_flow,2,28,2,0,121,6
move,"['move', 28, 1, 6]",True,2544,0.9225602484540615,0.0,1.6814375825444012,0.7588773340903398,1.4756233384359803,2.6796276121949423,min_cost_max_flow,26,28,26,1,123,6
move,"['move', 28, 2, 6]",True,2544,0.8933560565928169,0.0,1.6814375825444012,0.7880815259515843,1.5498032849536685,1.8999830358103333,min_cost_max_flow,46,28,46,2,109,6
move,"['move', 28, 2, 8]",True,2544,0.9933355228763038,0.0,1.6814375825444012,0.6881020596680975,1.3001066875367542,1.7319375079417494,min_cost_max_flow,50,28,50,2,157,8
move,"['move', 3, 3, 0]",True,2554,1.121736558647165,0.0,2.2015620536052114,1.0798254949580464,2.213784992141882,2.417167110029495,min_cost_max_flow,62,3,62,3,2,0
move,"['move', 3, 1, 9]",True,2554,1.372541673940853,0.0,2.2015620536052114,0.8408578064976918,1.6152021742345823,3.1928982809718307,min_cost_max_flow,30,3,30,1,169,9
move,"['move', 3, 7, 9]",True,2554,1.6216769624351461,0.0,2.2015620536052114,0.5798850911700651,0.9667799134876986,0.5198798995164811,min_cost_max_flow,136,3,136,7,170,9
move,"['move', 3, 7, 5]",True,2554,1.4401725001583725,0.0,2.2015620536052114,0.7613895534468388,1.4177123800509435,2.405672651975834,min_cost_max_flow,139,3,139,7,94,5
move,"['move', 2, 8, 3]",True,2564,1.422251146275183,0.0,2.0526386148756983,0.6684016432255154,1.2221088238038647,2.472669389163388,min_cost_max_flow,150,2,150,8,56,3
move,"['move', 2, 8, 6]",True,2564,1.4429457291258152,0.0,2.0526386148756983,0.6096928857498831,1.076835254989419,1.4737861394066973,min_cost_max_flow,154,2,154,8,110,6
move,"['move', 2, 9, 0]",True,2564,1.4017852325350335,0.0,2.0526386148756983,0.6508533823406648,1.1786411594548554,2.20401081375182,min_cost_max_flow,168,2,168,9,16,0
move,"['move', 2, 4, 0]",True,2564,1.4591309856806616,0.0,2.0526386148756983,0.5935076291950367,1.035681084416865,1.934472263032095,min_cost_max_flow,81,2,81,4,1,0
move,"['move', 22, 5, 9]",True,2574,1.2936898559210577,0.0,1.5978876134499966,0.30419775752893885,0.56966405154526,0.5504332325355435,min_cost_max_flow,104,22,104,5,168,9
move,"['move', 22, 6, 9]",True,2574,1.4209355402857926,0.0,1.5978876134499966,0.17695207316420408,0.25212428595114034,0.16746968739067547,min_cost_max_flow,116,22,116,6,171,9
move,"['move', 22, 8, 9]",True,2574,1.398359595523232,0.0,1.5978876134499966,0.1995280179267646,0.30850955732239527,0.20386337748831085,min_cost_max_flow,154,22,154,8,172,9
move,"['move', 22, 0, 4]",True,2574,1.3322074785940283,0.0,1.5978876134499966,0.2656801348559683,0.47374160528124776,0.30269295359274706,min_cost_max_flow,8,22,8,0,81,4
move,"['move', 22, 9, 8]",True,2584,1.9287874627509782,0.0,2.1218649218120076,0.19307745906102944,0.29227644647471607,0.27500583304916804,min_cost_max_flow,168,22,168,9,154,8
move,"['move', 22, 4, 8]",True,2584,1.7910295915871246,0.0,2.1218649218120076,0.330835330224883,0.636429865280661,0.4358452355083256,min_cost_max_flow,81,22,81,4,158,8
move,"['move', 22, 2, 5]",True,2584,1.80440696349581,0.0,2.1218649218120076,0.3174579583161977,0.6027619355627394,0.5855118663139942,min_cost_max_flow,43,22,43,2,104,5
move,"['move', 22, 1, 5]",True,2584,1.916778024862083,0.0,2.1218649218120076,0.25952462269992466,0.4579891500288795,0.545142861765524,min_cost_max_flow,24,22,24,1,93,5
move,"['move', 13, 8, 7]",True,2594,1.8788784810874068,0.0,2.2821470895069425,0.40326860841953555,0.6961641435300407,0.6347870725937484,min_cost_max_flow,148,13,148,8,135,7
move,"['move', 13, 8, 1]",True,2594,1.929097574019925,0.0,2.2821470895069425,0.3530495154870176,0.5702655086715822,0.8687220907027786,min_cost_max_flow,149,13,149,8,26,1
move,"['move', 13, 4, 7]",True,2594,1.7291833257677878,0.0,2.2821470895069425,0.5529637637391546,1.069515000381216,1.226141371175346,min_cost_max_flow,73,13,73,4,136,7
move,"['move', 13, 3, 1]",True,2594,1.9924996257670584,0.0,2.2821470895069425,0.2896474637398841,0.4121580222781631,0.6036267744262741,min_cost_max_flow,57,13,57,3,23,1
move,"['move', 3, 5, 3]",True,2604,1.203519453227834,0.0,1.6819917777664464,0.47847232453861244,0.7120837099610071,1.2960711982230104,min_cost_max_flow,94,3,94,5,57,3
move,"['move', 3, 6, 4]",True,2604,1.1339826276833789,0.0,1.6819917777664464,0.5785779864580676,0.9617991208360763,1.6619004806019944,min_cost_max_flow,113,3,113,6,73,4
move,"['move', 3, 7, 4]",True,2604,0.8405995422005895,0.0,1.6819917777664464,0.8413922355658568,1.6182003260801139,2.0848454975591033,min_cost_max_flow,140,3,140,7,81,4
move,"['move', 3, 1, 4]",True,2604,1.09858627330913,0.0,1.6819917777664464,0.5834055044573164,0.9740200743290188,1.560461484055018,min_cost_max_flow,29,3,29,1,83,4
move,"['move', 4, 3, 5]",True,2614,1.8959472367436945,0.0,2.3564722401283977,0.4605250033847033,0.7007204723340692,1.2878537960166192,min_cost_max_flow,57,4,57,3,94,5
move,"['move', 4, 9, 5]",True,2614,1.5398437924566772,0.0,2.3564722401283977,0.8651676856717205,1.7118834447101108,1.5836760236841794,min_cost_max_flow,166,4,166,9,107,5
move,"['move', 4, 6, 5]",True,2614,1.9082592302551613,0.0,2.3564722401283977,0.44821300987323637,0.6707401379426301,0.7547542045310645,min_cost_max_flow,112,4,112,6,98,5
move,"['move', 4, 8, 1]",True,2614,1.7703046276379966,0.0,2.3564722401283977,0.5861676124904011,1.0147454970283434,1.3421858426634752,min_cost_max_flow,155,4,155,8,25,1
move,"['move', 22, 8, 6]",True,2624,1.5145216107408501,0.0,1.753262500072367,0.23874088933151683,0.4063955771998735,0.30130246708982805,min_cost_max_flow,154,22,154,8,112,6
move,"['move', 22, 9, 0]",True,2624,1.521226469838438,0.0,1.753262500072367,0.23203603023392916,0.38953586910429294,0.36634270149739245,min_cost_max_flow,171,22,171,9,6,0
move,"['move', 22, 8, 0]",True,2624,1.4335661808700482,0.0,1.753262500072367,0.3196963192023189,0.6085665660539235,0.4463596823932777,min_cost_max_flow,158,22,158,8,7,0
move,"['move', 22, 3, 6]",True,2624,1.5256127859400395,0.0,1.753262500072367,0.22764971413232754,0.37856977665796876,0.3665441630441994,min_cost_max_flow,58,22,58,3,114,6
move,"['move', 3, 4, 7]",True,2634,0.8299596372877072,0.0,1.6098457207115078,0.7798860834238006,1.464783087176329,1.8527511966553347,min_cost_max_flow,73,3,73,4,138,7
move,"['move', 3, 3, 7]",True,2634,0.7835768487210447,0.0,1.6098457207115078,0.8262688719904631,1.580190845499601,2.218893258911436,min_cost_max_flow,57,3,57,3,139,7
move,"['move', 3, 0, 7]",True,2634,0.45909477245661845,0.0,1.6098457207115078,1.2650022948798894,2.678333894284151,1.3458988849217324,min_cost_max_flow,2,3,2,0,140,7
move,"['move', 3, 6, 7]",True,2634,1.2159460712884442,0.0,1.6098457207115078,0.39389964942306355,0.5015913079769234,0.6698806616972409,min_cost_max_flow,109,3,109,6,141,7
move,"['move', 24, 4, 3]",True,2644,1.351392870371039,0.0,2.0568874306147573,0.7054945602437184,1.305035742934706,1.4044541783087667,min_cost_max_flow,85,24,85,4,57,3
move,"['move', 24, 9, 5]",True,2644,1.2782869383471738,0.0,2.0568874306147573,0.7786004922675837,1.4870444270381995,1.9085514824216687,min_cost_max_flow,176,24,176,9,94,5
move,"['move', 24, 6, 5]",True,2644,1.5276858330534466,0.0,2.0568874306147573,0.6232400071863106,1.0998402371551492,1.110536269000117,min_cost_max_flow,118,24,118,6,95,5
move,"['move', 24, 0, 3]",True,2644,1.5024784409759695,0.0,2.0568874306147573,0.5544089896387878,0.9267191671315231,1.8062203722128833,min_cost_max_flow,7,24,7,0,58,3
move,"['move', 4, 7, 8]",True,2654,1.6113585275722548,0.0,2.2033438351013905,0.5919853075291358,1.0282229172589723,2.053397420135425,min_cost_max_flow,141,4,141,7,148,8
move,"['move', 4, 2, 8]",True,2654,1.5570426905227785,0.0,2.2033438351013905,0.646301144578612,1.1645195175260596,1.7153923245373928,min_cost_max_flow,39,4,39,2,149,8
move,"['move', 4, 9, 6]",True,2654,1.7181378263949474,0.0,2.2033438351013905,0.4852060087064432,0.7621939185009978,1.4405652209638944,min_cost_max_flow,165,4,165,9,113,6
move,"['move', 4, 9, 8]",True,2654,1.8255429075669114,0.0,2.2033438351013905,0.3778009275344791,0.4952561138525198,0.3906330333424789,min_cost_max_flow,170,4,170,9,150,8
move,"['move', 22, 9, 4]",True,2664,2.1272893836255378,0.0,2.350016909091665,0.28485193784112706,0.5211701053594879,0.6366978766971796,min_cost_max_flow,172,22,172,9,85,4
move,"['move', 22, 6, 8]",True,2664,2.048519446478143,0.0,2.350016909091665,0.3014974626135219,0.5631306899740594,0.40551608764102465,min_cost_max_flow,112,22,112,6,155,8
move,"['move', 22, 5, 4]",True,2664,2.200313617871135,0.0,2.350016909091665,0.14970329122052997,0.18392994312671362,0.2157283308849943,min_cost_max_flow,93,22,93,5,73,4
move,"['move', 22, 3, 4]",True,2664,2.106355120185008,0.0,2.350016909091665,0.24366178890665727,0.4187292179376527,0.2803746004710576,min_cost_max_flow,72,22,72,3,84,4
move,"['move', 22, 8, 3]",True,2674,1.9661175031962943,0.0,2.2783916682680285,0.3393225969467342,0.6576900317959371,0.407845428409719,min_cost_max_flow,155,22,155,8,72,3
move,"['move', 22, 4, 9]",True,2674,1.9596454684565487,0.0,2.2783916682680285,0.31874619981147967,0.6057409265813476,0.746587012711737,min_cost_max_flow,73,22,73,4,166,9
move,"['move', 22, 2, 3]",True,2674,1.9742988499965977,0.0,2.2783916682680285,0.3040928182714309,0.5697933155825012,0.28935844519479753,min_cost_max_flow,44,22,44,2,57,3
move,"['move', 22, 6, 3]",True,2674,2.0451651370997967,0.0,2.2783916682680285,0.23322653116823158,0.3924700372372172,0.3943988367185942,min_cost_max_flow,114,22,114,6,62,3
move,"['move', 3, 4, 2]",True,2684,1.7122488245329803,0.0,2.3548320930679116,0.7784138115349312,1.4614059423656727,1.6503945889771436,min_cost_max_flow,83,3,83,4,44,2
move,"['move', 3, 4, 0]",True,2684,1.4926096614626259,0.0,2.3548320930679116,0.8622224316052859,1.6695450686493132,2.572010517141362,min_cost_max_flow,81,3,81,4,3,0
move,"['move', 3, 9, 2]",True,2684,1.727093389415081,0.0,2.3548320930679116,0.6277387036528305,1.0849293371284148,1.5096182769811575,min_cost_max_flow,169,3,169,9,38,2
move,"['move', 3, 7, 2]",True,2684,1.4618003112215199,0.0,2.3548320930679116,0.8930317818463916,1.7464920478923887,2.622941423600709,min_cost_max_flow,138,3,138,7,39,2
move,"['move', 24, 5, 9]",True,2694,1.492129335109785,0.0,2.3540692833558947,0.8619399482461096,1.6946413240584661,2.409713433120543,min_cost_max_flow,94,24,94,5,176,9
move,"['move', 24, 4, 9]",True,2694,1.3747562771543262,0.0,2.3540692833558947,0.9793130062015685,1.9872981277803774,2.9269408776112105,min_cost_max_flow,87,24,87,4,165,9
move,"['move', 24, 5, 0]",True,2694,1.7190449747841479,0.0,2.3540692833558947,0.6350243085717467,1.1294435592499212,1.015490514878985,min_cost_max_flow,95,24,95,5,7,0
move,"['move', 24, 3, 0]",True,2694,1.7047598371527863,0.0,2.3540692833558947,0.6493094462031083,1.1646074904274428,1.3814324488005973,min_cost_max_flow,57,24,57,3,8,0
move,"['move', 4, 7, 2]",True,2704,0.9423010604242563,0.0,1.6028144106099733,0.7961569233523836,1.5376266480889171,2.7369365722518912,min_cost_max_flow,142,4,142,7,37,2
move,"['move', 4, 8, 9]",True,2704,1.246818011959641,0.0,1.6028144106099733,0.35599639865033234,0.44109341603325447,0.1582167726081742,min_cost_max_flow,148,4,148,8,166,9
move,"['move', 4, 3, 2]",True,2704,0.8650120784542281,0.0,1.6028144106099733,0.7378023321557452,1.3942982747175847,1.031533492076171,min_cost_max_flow,64,4,64,3,43,2
move,"['move', 4, 5, 2]",True,2704,0.4934198787671861,0.0,1.6028144106099733,1.1271748800927872,2.36523338691768,2.695705253749227,min_cost_max_flow,107,4,107,5,44,2
move,"['move', 3, 0, 8]",True,2714,1.5954159633592955,0.0,2.352526131173538,0.7571101678142425,1.4076228363919654,1.9997257036340983,min_cost_max_flow,3,3,3,0,154,8
move,"['move', 3, 2, 3]",True,2714,1.677608559438685,0.0,2.352526131173538,0.7828211801098529,1.4734177113641636,0.988162881519573,min_cost_max_flow,38,3,38,2,68,3
move,"['move', 3, 1, 8]",True,2714,1.6313304384979164,0.0,2.352526131173538,0.7578920259256218,1.4090542421290593,2.3485520645369697,min_cost_max_flow,31,3,31,1,148,8
move,"['move', 3, 9, 5]",True,2714,1.566013988180498,0.0,2.352526131173538,0.78651214299304,1.4810636619586148,2.0424672905303547,min_cost_max_flow,170,3,170,9,93,5
move,"['move', 3, 8, 1]",True,2724,1.616681904841248,0.0,2.2018271962989258,0.5851452914576778,0.9790092894036206,1.133963101589635,min_cost_max_flow,148,3,148,8,24,1
move,"['move', 3, 8, 9]",True,2724,1.7779620287347544,0.0,2.2018271962989258,0.4238651675641714,0.5762640420107346,0.830588207669651,min_cost_max_flow,154,3,154,8,170,9
move,"['move', 3, 3, 1]",True,2724,1.2081530676281345,0.0,2.2018271962989258,0.9936741286707912,1.9994300329562975,1.7348627549939686,min_cost_max_flow,68,3,68,3,26,1
move,"['move', 3, 5, 9]",True,2724,1.6510046863445198,0.0,2.2018271962989258,0.5508225099544061,0.8927058454282815,1.4649565796960782,min_cost_max_flow,93,3,93,5,168,9
move,"['move', 13, 8, 3]",True,2734,1.37841158493786,0.0,1.9845673007492972,0.6061557158114372,1.2029655346486834,0.9123719800015474,min_cost_max_flow,159,13,159,8,68,3
move,"['move', 13, 9, 4]",True,2734,1.4371494383971088,0.0,1.9845673007492972,0.5474178623521884,1.0546524865421816,1.8913149522545212,min_cost_max_flow,177,13,177,9,73,4
move,"['move', 13, 1, 3]",True,2734,1.7251292868948154,0.0,1.9845673007492972,0.2594380138544818,0.3370001570765453,0.35978709983442747,min_cost_max_flow,23,13,23,1,57,3
move,"['move', 13, 2, 3]",True,2734,1.6194509413233311,0.0,1.9845673007492972,0.36511635942596615,0.6007309879532841,0.6698091344824902,min_cost_max_flow,52,13,52,2,64,3
move,"['move', 3, 2, 5]",True,2744,1.5934464377428583,0.0,2.0520926160956137,0.45864617835275534,0.663481308183691,0.6540954066718191,min_cost_max_flow,39,3,39,2,93,5
move,"['move', 3, 1, 0]",True,2744,1.6014242719014131,0.0,2.0520926160956137,0.45066834419420054,0.6436274924926693,0.5935822697617497,min_cost_max_flow,24,3,24,1,3,0
move,"['move', 3, 6, 5]",True,2744,1.4304553365823192,0.0,2.0520926160956137,0.7127032047632944,1.297156896787783,1.6320803548423983,min_cost_max_flow,119,3,119,6,94,5
move,"['move', 3, 1, 5]",True,2744,1.2516249114940678,0.0,2.0520926160956137,0.8004677046015458,1.5169897346568177,1.3510215059047999,min_cost_max_flow,26,3,26,1,95,5
move,"['move', 3, 5, 6]",True,2754,1.70299142451379,0.0,1.9806266699258201,0.27763524541203016,0.2114840664617077,0.3007016534521452,min_cost_max_flow,93,3,93,5,112,6
move,"['move', 3, 2, 6]",True,2754,1.3006996859195286,0.0,1.9806266699258201,0.6799269840062915,1.2154923293128377,1.4480907431342813,min_cost_max_flow,44,3,44,2,114,6
move,"['move', 3, 9, 6]",True,2754,1.6041163681327513,0.0,1.9806266699258201,0.37651030179306877,0.4570555541831709,1.378137140874269,min_cost_max_flow,168,3,168,9,116,6
move,"['move', 3, 5, 8]",True,2754,1.324042119600195,0.0,1.9806266699258201,0.6565845503256251,1.1568134402914438,1.6632939562863258,min_cost_max_flow,94,3,94,5,154,8
move,"['move', 4, 2, 3]",True,2764,1.5980196540601654,0.0,2.2074876753888546,0.6094680213286892,1.0721375380235258,1.9148399096886837,min_cost_max_flow,37,4,37,2,65,3
move,"['move', 4, 1, 3]",True,2764,1.4798341562198218,0.0,2.2074876753888546,0.7276535191690328,1.3677167371788528,1.8378702067100132,min_cost_max_flow,25,4,25,1,67,3
move,"['move', 4, 6, 7]",True,2764,1.6183437033478223,0.0,2.2074876753888546,0.5891439720410323,1.0219245110274642,1.516775760968213,min_cost_max_flow,113,4,113,6,138,7
move,"['move', 4, 2, 0]",True,2764,1.3554109305298194,0.0,2.2074876753888546,0.8520767448590352,1.6799356201445335,1.0639910462600195,min_cost_max_flow,43,4,43,2,9,0
move,"['move', 3, 8, 1]",True,2774,1.9693193103147228,0.0,2.6553302463423987,0.6860109360276758,1.2302297326205007,1.7630752403328378,min_cost_max_flow,154,3,154,8,23,1
move,"['move', 3, 5, 4]",True,2774,2.0649146336943485,0.0,2.6553302463423987,0.59041561264805,0.9921705295855645,1.1436716309139885,min_cost_max_flow,95,3,95,5,81,4
move,"['move', 3, 9, 4]",True,2774,2.0752255142897837,0.0,2.6553302463423987,0.5801047320526151,0.9662936136010103,1.210147961558762,min_cost_max_flow,170,3,170,9,85,4
move,"['move', 3, 0, 2]",True,2774,2.329114629781333,0.0,2.6553302463423987,0.3262156165610658,0.33254549760386,0.5603661404099234,min_cost_max_flow,3,3,3,0,37,2
move,"['move', 3, 4, 9]",True,2784,1.3831235920659555,0.0,2.0522393576238183,0.6691157655578628,1.1874166215202422,2.1465318574835415,min_cost_max_flow,81,3,81,4,170,9
move,"['move', 3, 6, 9]",True,2784,1.2871487747702481,0.0,2.0522393576238183,0.7650905828535702,1.4283140173611173,1.5062967897458568,min_cost_max_flow,112,3,112,6,177,9
move,"['move', 3, 4, 0]",True,2784,1.1214642460808635,0.0,2.0522393576238183,0.9307751115429548,1.8415279650944285,2.171212783179321,min_cost_max_flow,85,3,85,4,3,0
move,"['move', 3, 2, 0]",True,2784,1.4574762467096014,0.0,2.0522393576238183,0.5947631109142169,1.0021114982773724,1.7621896133200392,min_cost_max_flow,37,3,37,2,11,0
move,"['move', 2, 3, 9]",True,2794,1.2379358903715518,0.0,1.8285794331108254,0.5906435427392736,1.0293626881248201,1.37325903145664,min_cost_max_flow,56,2,56,3,168,9
move,"['move', 2, 5, 9]",True,2794,1.2621547750880797,0.0,1.8285794331108254,0.5664246580227457,0.967658692268742,2.144448407962189,min_cost_max_flow,97,2,97,5,169,9
move,"['move', 2, 6, 9]",True,2794,1.1075337281170663,0.0,1.8285794331108254,0.7210457049937592,1.3551122137359926,1.5438457148177955,min_cost_max_flow,110,2,110,6,170,9
move,"['move', 2, 7, 9]",True,2794,1.2850187815085032,0.0,1.8285794331108254,0.5435606516023221,0.9119823125110997,1.1553575456843956,min_cost_max_flow,131,2,131,7,172,9
move,"['move', 3, 0, 2]",True,2804,1.0219655601752042,0.0,1.8286771459528157,0.8067115857776115,1.531882721104921,1.8288325006119521,min_cost_max_flow,3,3,3,0,37,2
move,"['move', 3, 7, 8]",True,2804,1.2545586554027317,0.0,1.8286771459528157,0.574118490550084,0.9512969866700587,1.2308300779744932,min_cost_max_flow,139,3,139,7,154,8
move,"['move', 3, 9, 2]",True,2804,1.0147329614375533,0.0,1.8286771459528157,0.8139441845152624,1.5500697470961313,1.7584797358901558,min_cost_max_flow,170,3,170,9,39,2
move,"['move', 3, 6, 8]",True,2804,1.080930557061989,0.0,1.8286771459528157,0.7477465888908269,1.3840953967228415,2.0787206106906573,min_cost_max_flow,114,3,114,6,159,8
move,"['move', 3, 8, 4]",True,2814,1.444739328910024,0.0,1.8320731472895226,0.38733381837949854,0.48469965709591634,0.9879295097603251,min_cost_max_flow,154,3,154,8,81,4
move,"['move', 3, 2, 4]",True,2814,1.0791470254395796,0.0,1.8320731472895226,0.752926121849943,1.397594122285227,1.7121251676272957,min_cost_max_flow,37,3,37,2,83,4
move,"['move', 3, 8, 3]",True,2814,1.078474673763794,0.0,1.8320731472895226,0.7535984735257285,1.3986196252590162,2.149042644743641,min_cost_max_flow,159,3,159,8,56,3
move,"['move', 3, 0, 4]",True,2814,1.2484676935718726,0.0,1.8320731472895226,0.5836054537176499,0.9747872290281521,1.3822737851887077,min_cost_max_flow,11,3,11,0,85,4
move,"['move', 3, 3, 5]",True,2824,1.9878410616238988,0.0,2.508497747244027,0.5206566856201279,0.8183163132562186,0.781604137274455,min_cost_max_flow,56,3,56,3,93,5
move,"['move', 3, 2, 8]",True,2824,1.7129919583635693,0.0,2.508497747244027,0.7955057888804575,1.5036719353120134,1.95969486729404,min_cost_max_flow,39,3,39,2,154,8
move,"['move', 3, 9, 8]",True,2824,1.9767719492012903,0.0,2.508497747244027,0.5317257980427365,0.84594052625107,0.813982845054426,min_cost_max_flow,177,3,177,9,159,8
move,"['move', 3, 1, 8]",True,2824,1.850516449422126,0.0,2.508497747244027,0.657981297821901,1.1598653713626845,1.9565857359188719,min_cost_max_flow,23,3,23,1,148,8
move,"['move', 13, 4, 9]",True,2834,1.597397923799378,0.0,1.9831204981482857,0.3857225743489076,0.6521464986326464,0.7364935531434142,min_cost_max_flow,73,13,73,4,177,9
move,"['move', 13, 7, 9]",True,2834,1.634760306486405,0.0,1.9831204981482857,0.34836019166188087,0.5593330919946311,0.3414601667756547,min_cost_max_flow,135,13,135,7,170,9
move,"['move', 13, 5, 2]",True,2834,1.4942617914001186,0.0,1.9831204981482857,0.48885870674816717,0.9094453942998371,1.0974504404489163,min_cost_max_flow,99,13,99,5,37,2
move,"['move', 13, 0, 9]",True,2834,1.6544834595203712,0.0,1.9831204981482857,0.32863703862791455,0.5100728313227592,0.3097122247464055,min_cost_max_flow,9,13,9,0,171,9
move,"['move', 24, 3, 7]",True,2844,2.200381713064397,0.0,2.801557437695779,0.6011757246313822,1.0440743952167395,1.5139599697259478,min_cost_max_flow,58,24,58,3,131,7
move,"['move', 24, 2, 1]",True,2844,2.0736183969884654,0.0,2.801557437695779,0.7279390407073136,1.3604286955705902,1.88328652704469,min_cost_max_flow,47,24,47,2,23,1
move,"['move', 24, 0, 1]",True,2844,2.4751231253074644,0.0,2.801557437695779,0.32643431238831466,0.3585411484709766,0.6337707284553977,min_cost_max_flow,7,24,7,0,24,1
move,"['move', 24, 0, 7]",True,2844,2.0324748785603552,0.0,2.801557437695779,0.7690825591354237,1.4648312691315368,0.8541015332635606,min_cost_max_flow,8,24,8,0,135,7
move,"['move', 24, 7, 3]",True,2854,1.3119459999158294,0.0,1.9825576475116184,0.6706116475957892,1.2169584273688088,1.98447680902462,min_cost_max_flow,131,24,131,7,56,3
move,"['move', 24, 7, 0]",True,2854,0.9365229667707706,0.0,1.9825576475116184,1.0460346807408478,2.1563045511575183,1.4587828583158204,min_cost_max_flow,135,24,135,7,2,0
move,"['move', 24, 6, 3]",True,2854,1.5392381915972138,0.0,1.9825576475116184,0.4433194559144046,0.6499986930502928,1.137313552394318,min_cost_max_flow,110,24,110,6,58,3
move,"['move', 24, 1, 3]",True,2854,1.4165854652168104,0.0,1.9825576475116184,0.5659721822948082,0.9562156025458535,1.4139178560265957,min_cost_max_flow,23,24,23,1,69,3
move,"['move', 3, 8, 1]",True,2864,1.6471900599514258,0.0,2.2033370145463906,0.5561469545949648,0.9062898112024413,1.28305379785393,min_cost_max_flow,148,3,148,8,23,1
move,"['move', 3, 4, 2]",True,2864,1.6254331000724456,0.0,2.2033370145463906,0.6440513988489451,1.1262046015108353,1.1806006822252038,min_cost_max_flow,85,3,85,4,47,2
move,"['move', 3, 5, 2]",True,2864,1.6877584509942911,0.0,2.2033370145463906,0.5155785635520995,0.8043327181258064,1.6404641108351936,min_cost_max_flow,93,3,93,5,38,2
move,"['move', 3, 7, 1]",True,2864,1.2093460471830495,0.0,2.2033370145463906,0.993990967363341,1.999118617568456,2.470537501138039,min_cost_max_flow,140,3,140,7,25,1
move,"['move', 4, 0, 6]",True,2874,1.0121371917420863,0.0,1.7553121878052247,0.7431749960631385,1.4069860697090917,1.527443343393675,min_cost_max_flow,9,4,9,0,110,6
move,"['move', 4, 7, 4]",True,2874,0.7751036935200515,0.0,1.7553121878052247,0.9802084942851732,1.9973934469489905,2.9783555535187363,min_cost_max_flow,138,4,138,7,73,4
move,"['move', 4, 3, 1]",True,2874,1.3208180579099875,0.0,1.7553121878052247,0.4344941298952371,0.6361520326281607,0.9486911175119521,min_cost_max_flow,65,4,65,3,26,1
move,"['move', 4, 5, 1]",True,2874,1.0280610595271977,0.0,1.7553121878052247,0.727251128278027,1.3674436845794844,1.3492537879459958,min_cost_max_flow,94,4,94,5,27,1
move,"['move', 24, 9, 8]",True,2884,1.436607801108882,0.0,1.6796082793947922,0.2430004782859101,0.15026927104918286,0.42529883897690823,min_cost_max_flow,165,24,165,9,148,8
move,"['move', 24, 6, 8]",True,2884,1.318705148036584,0.0,1.6796082793947922,0.3609031313582082,0.44460045294545125,0.7089326952947436,min_cost_max_flow,117,24,117,6,154,8
move,"['move', 24, 2, 8]",True,2884,0.8205283583641182,0.0,1.6796082793947922,0.859079921030674,1.6876779352860467,2.2852605890075064,min_cost_max_flow,54,24,54,2,155,8
move,"['move', 24, 3, 8]",True,2884,0.8782467964525629,0.0,1.6796082793947922,0.8013614829422293,1.543755263701314,2.0363114980880614,min_cost_max_flow,56,24,56,3,158,8
move,"['move', 3, 4, 9]",True,2894,1.977308345740123,0.0,2.653958259654092,0.6766499139139689,1.2068705069577845,1.734188825965413,min_cost_max_flow,81,3,81,4,165,9
move,"['move', 3, 8, 9]",True,2894,2.14696056506699,0.0,2.653958259654092,0.5069976945871019,0.7843504800512164,0.6605078855658664,min_cost_max_flow,154,3,154,8,174,9
move,"['move', 3, 1, 9]",True,2894,1.797891081992613,0.0,2.653958259654092,0.8560671776614787,1.6544426091277273,2.3815602918531322,min_cost_max_flow,23,3,23,1,176,9
move,"['move', 3, 7, 9]",True,2894,2.096614144813257,0.0,2.653958259654092,0.5573441148408349,0.9100273449876113,0.7866316841910231,min_cost_max_flow,141,3,141,7,177,9
move,"['move', 22, 0, 6]",True,2904,1.842955260630335,0.0,2.127913952423204,0.28495869179286887,0.5217318130999047,0.44014930265573077,min_cost_max_flow,6,22,6,0,112,6
move,"['move', 22, 4, 6]",True,2904,2.0012209337149423,0.0,2.127913952423204,0.21499153208326127,0.34695063388426206,0.34900259707152603,min_cost_max_flow,84,22,84,4,117,6
move,"['move', 22, 4, 2]",True,2904,1.8776549460805971,0.0,2.127913952423204,0.2502590063426068,0.43518654315630556,0.30418684795165163,min_cost_max_flow,85,22,85,4,54,2
move,"['move', 22, 5, 2]",True,2904,1.8419334622908994,0.0,2.127913952423204,0.2859804901323043,0.5242661945412692,0.45355890747183036,min_cost_max_flow,104,22,104,5,39,2
move,"['move', 3, 2, 7]",True,2914,1.224405160242159,0.0,1.831704094561827,0.6072989343196679,1.0342450968200865,1.2328295939290952,min_cost_max_flow,38,3,38,2,141,7
move,"['move', 3, 8, 7]",True,2914,1.0595964379105587,0.0,1.831704094561827,0.7721076566512683,1.4447956728799909,2.2136494399935898,min_cost_max_flow,159,3,159,8,131,7
move,"['move', 3, 4, 7]",True,2914,1.2699236379405097,0.0,1.831704094561827,0.5617804566213173,0.9202742521119944,1.349263235406071,min_cost_max_flow,83,3,83,4,135,7
move,"['move', 3, 1, 7]",True,2914,0.9292653124564769,0.0,1.831704094561827,0.9024387821053501,1.7697753054198984,2.7791035035250164,min_cost_max_flow,25,3,25,1,138,7
move,"['move', 4, 4, 7]",True,2924,0.7557196171151322,0.0,1.4556296094270682,0.699909992311936,1.2978583372605499,2.1709253904172714,min_cost_max_flow,73,4,73,4,139,7
move,"['move', 4, 8, 5]",True,2924,0.9166360030122367,0.0,1.4556296094270682,0.5389936064148315,0.8957286049480899,2.0634371035497465,min_cost_max_flow,149,4,149,8,94,5
move,"['move', 4, 3, 7]",True,2924,0.7464777259569212,0.0,1.4556296094270682,0.709151883470147,1.3210745856595167,2.0965783881243207,min_cost_max_flow,67,4,67,3,140,7
move,"['move', 4, 5, 7]",True,2924,0.7948657185848937,0.0,1.4556296094270682,0.6607638908421745,1.1999380370471044,2.207623083111748,min_cost_max_flow,94,4,94,5,141,7
move,"['move', 24, 9, 4]",True,2934,2.2378543672987825,0.0,2.96035155747223,0.7224971901734473,1.3474793207496987,1.446452184528322,min_cost_max_flow,176,24,176,9,85,4
move,"['move', 24, 8, 7]",True,2934,2.409164866446013,0.0,2.96035155747223,0.569909110276217,0.9651923736273602,1.990950437370266,min_cost_max_flow,148,24,148,8,142,7
move,"['move', 24, 1, 7]",True,2934,2.1398742203262686,0.0,2.96035155747223,0.8327922310209613,1.6221199603132845,2.177760554661145,min_cost_max_flow,24,24,24,1,143,7
move,"['move', 24, 3, 5]",True,2934,2.5559896146467103,0.0,2.96035155747223,0.40436194282551974,0.5528635845003009,0.9648641042475163,min_cost_max_flow,58,24,58,3,94,5
move,"['move', 3, 9, 1]",True,2944,0.9954274172479673,0.0,1.6840897748131791,0.7710079874402118,1.4417371043964522,2.419913077258562,min_cost_max_flow,174,3,174,9,23,1
move,"['move', 3, 2, 1]",True,2944,1.047231164709331,0.0,1.6840897748131791,0.636858610103848,1.1084908247321437,1.0018039595246193,min_cost_max_flow,47,3,47,2,24,1
move,"['move', 3, 6, 1]",True,2944,1.0386972098824776,0.0,1.6840897748131791,0.6453925649307014,1.12936393624841,1.3096543267692244,min_cost_max_flow,116,3,116,6,25,1
move,"['move', 3, 9, 0]",True,2944,0.8665342887686284,0.0,1.6840897748131791,0.8175554860445507,1.5597522539865167,1.3223110244469898,min_cost_max_flow,165,3,165,9,9,0
move,"['move', 13, 9, 5]",True,2954,1.035067689331685,0.0,1.538558016417093,0.5034903270854081,0.9457357227984176,1.2899320034634545,min_cost_max_flow,170,13,170,9,99,5
move,"['move', 13, 9, 8]",True,2954,1.1575293524775558,0.0,1.538558016417093,0.3810286639395373,0.6402360318134015,0.8536207503562426,min_cost_max_flow,171,13,171,9,159,8
move,"['move', 13, 2, 5]",True,2954,1.2343447348507768,0.0,1.538558016417093,0.40509699694131635,0.7005903703684453,0.7312833832919304,min_cost_max_flow,37,13,37,2,104,5
move,"['move', 13, 7, 8]",True,2954,1.2302868124666342,0.0,1.538558016417093,0.308271203950459,0.45876174294608063,0.5740466801061503,min_cost_max_flow,136,13,136,7,149,8
move,"['move', 3, 9, 6]",True,2964,1.0343075315542023,0.0,1.9043097463447067,0.8700022147905044,1.6891643790622766,2.4587755505298303,min_cost_max_flow,176,3,176,9,113,6
move,"['move', 3, 0, 5]",True,2964,0.9667272379744822,0.0,1.9043097463447067,0.9375825083702245,1.8576354769684258,2.7785329126306735,min_cost_max_flow,9,3,9,0,107,5
move,"['move', 3, 7, 6]",True,2964,1.5545710499569567,0.0,1.9043097463447067,0.34973869638775,0.3915839371475158,0.4065394891131616,min_cost_max_flow,131,3,131,7,114,6
move,"['move', 3, 1, 2]",True,2964,1.030815999907189,0.0,1.9043097463447067,0.8734937464375178,1.6990247871726751,1.70438955528653,min_cost_max_flow,23,3,23,1,47,2
move,"['move', 13, 9, 0]",True,2974,2.0280748698140107,0.0,2.437281440275468,0.4092065704614572,0.7108353049152356,0.7506162189998287,min_cost_max_flow,177,13,177,9,9,0
move,"['move', 13, 5, 0]",True,2974,1.858443062318096,0.0,2.437281440275468,0.578838377957372,1.1343464520141424,1.129530646253365,min_cost_max_flow,99,13,99,5,3,0
move,"['move', 13, 8, 7]",True,2974,2.258793457183207,0.0,2.437281440275468,0.17848798309226083,0.13500044751708629,0.10954220243890586,min_cost_max_flow,149,13,149,8,131,7
move,"['move', 13, 3, 0]",True,2974,1.7438121730148317,0.0,2.437281440275468,0.7388292738856364,1.5336496055497264,1.5789215029714354,min_cost_max_flow,68,13,68,3,6,0
move,"['move', 13, 8, 9]",True,2984,2.2984922654248834,0.0,2.508873199196369,0.21038093377148553,0.21463883838805486,0.17219942050101528,min_cost_max_flow,159,13,159,8,176,9
move,"['move', 13, 3, 9]",True,2984,2.0293568115343454,0.0,2.508873199196369,0.4795163876620236,0.8861049333827395,1.0872259082745277,min_cost_max_flow,57,13,57,3,165,9
move,"['move', 13, 3, 2]",True,2984,2.0717833013552545,0.0,2.508873199196369,0.4370898978411148,0.7802877296526276,0.9212120268345425,min_cost_max_flow,64,13,64,3,38,2
move,"['move', 13, 1, 9]",True,2984,2.233173304644511,0.0,2.508873199196369,0.2756998945518583,0.37761638407755527,0.38543692812189706,min_cost_max_flow,26,13,26,1,170,9
move,"['move', 3, 6, 3]",True,2994,0.4605896392246476,0.0,1.523917175146957,1.0633275359223093,2.1727583452520776,2.2716666436706716,min_cost_max_flow,113,3,113,6,68,3
move,"['move', 3, 7, 3]",True,2994,0.5267157797383925,0.0,1.523917175146957,0.9972013954085645,2.0062788952782284,3.0477324366621317,min_cost_max_flow,135,3,135,7,56,3
move,"['move', 3, 5, 0]",True,2994,0.6305989768056047,0.0,1.523917175146957,0.8933181983413522,1.7472720015794039,2.5803331238579417,min_cost_max_flow,107,3,107,5,7,0
move,"['move', 3, 2, 3]",True,2994,0.6787354417231363,0.0,1.523917175146957,0.8451817334238206,1.6285052902858297,1.5306991236881007,min_cost_max_flow,47,3,47,2,57,3
move,"['move', 22, 6, 5]",True,3004,1.2605661245732944,0.0,1.455188407442983,0.19462228286968855,0.296170510668162,0.2536693851837086,min_cost_max_flow,112,22,112,6,99,5
move,"['move', 22, 9, 8]",True,3004,1.1143357550602742,0.0,1.455188407442983,0.34085265238270884,0.6612522395553242,0.5831326487759207,min_cost_max_flow,166,22,166,9,159,8
move,"['move', 22, 3, 7]",True,3004,1.0735971214929072,0.0,1.455188407442983,0.38159128595007585,0.7629612520577211,0.6748469261230428,min_cost_max_flow,57,22,57,3,136,7
move,"['move', 22, 6, 7]",True,3004,1.2163610192093957,0.0,1.455188407442983,0.23882738823358746,0.4065219730291574,0.3612034176849165,min_cost_max_flow,117,22,117,6,129,7
move,"['move', 3, 3, 2]",True,3014,0.7887389758292184,0.0,1.6036061588552384,0.81486718302602,1.5520883714707452,1.9510610040767344,min_cost_max_flow,56,3,56,3,47,2
move,"['move', 3, 3, 4]",True,3014,1.1357037661359402,0.0,1.6036061588552384,0.46790239271929823,0.6863739632390207,0.8193493140236231,min_cost_max_flow,57,3,57,3,73,4
move,"['move', 3, 3, 5]",True,3014,0.5675870561307343,0.0,1.6036061588552384,1.036019102724504,2.104749097743479,2.097109653060782,min_cost_max_flow,68,3,68,3,93,5
move,"['move', 3, 9, 4]",True,3014,0.8107910419827628,0.0,1.6036061588552384,0.7928151168724756,1.496949151645822,1.95709729811849,min_cost_max_flow,177,3,177,9,81,4
move,"['move', 3, 4, 9]",True,3024,1.1437439432314067,0.0,2.0524948836114976,0.9087509403800909,1.7862320334897959,2.3282152481611016,min_cost_max_flow,73,3,73,4,177,9
move,"['move', 3, 4, 3]",True,3024,1.4638632161496874,0.0,2.0524948836114976,0.5886316674618103,0.9877330612980586,1.1287418455184215,min_cost_max_flow,81,3,81,4,57,3
move,"['move', 3, 0, 9]",True,3024,1.4714941283733043,0.0,2.0524948836114976,0.5810007552381932,0.9693661997298477,0.6551291849637509,min_cost_max_flow,7,3,7,0,166,9
move,"['move', 3, 5, 3]",True,3024,1.0474996978944915,0.0,2.0524948836114976,1.004995185717006,2.027395385393902,1.9597228736157866,min_cost_max_flow,93,3,93,5,68,3
move,"['move', 3, 3, 4]",True,3040,1.592145916154446,0.0,1.9790264137502676,0.38688049759582166,0.48379744194971863,0.8338716344306489,min_cost_max_flow,57,3,57,3,73,4
move,"['move', 3, 3, 0]",True,3040,0.8782873532083701,0.0,1.9790264137502676,1.1007390605418974,2.26643327407146,2.1742551300625133,min_cost_max_flow,68,3,68,3,7,0
move,"['move', 3, 6, 4]",True,3040,1.5743788774808039,0.0,1.9790264137502676,0.4046475362694638,0.5282345720843296,0.8208493340936064,min_cost_max_flow,114,3,114,6,81,4
move,"['move', 3, 1, 4]",True,3040,1.2419411213195994,0.0,1.9790264137502676,0.737085292430668,1.3572609293405549,2.1995380986171034,min_cost_max_flow,24,3,24,1,84,4
move,"['move', 3, 4, 6]",True,3050,1.8647824190180275,0.0,2.2843320906698223,0.41954967165179474,0.565453362025437,0.8452150105735553,min_cost_max_flow,73,3,73,4,112,6
move,"['move', 3, 2, 6]",True,3050,1.380238954050151,0.0,2.2843320906698223,0.9040931366196714,1.7748865330868284,2.1288759161069817,min_cost_max_flow,47,3,47,2,113,6
move,"['move', 3, 4, 3]",True,3050,1.6756773632099913,0.0,2.2843320906698223,0.6086547274598311,1.037728847059043,1.1699846682301827,min_cost_max_flow,81,3,81,4,57,3
move,"['move', 3, 7, 5]",True,3050,1.4701202593410367,0.0,2.2843320906698223,0.8142118313287856,1.5497796979543637,2.3979238529405418,min_cost_max_flow,138,3,138,7,93,5
move,"['move', 4, 8, 4]",True,3060,1.586255763372348,0.0,2.1337775155837373,0.5475217522113893,0.9183271063884604,1.211345804232645,min_cost_max_flow,150,4,150,8,73,4
move,"['move', 4, 9, 3]",True,3060,0.9650881118806369,0.0,2.1337775155837373,1.1686894037031004,2.4700739204672573,1.9928889045532532,min_cost_max_flow,166,4,166,9,68,3
move,"['move', 4, 2, 4]",True,3060,1.6935181936717452,0.0,2.1337775155837373,0.4402593219119922,0.6502537174274039,1.1562212792748714,min_cost_max_flow,44,4,44,2,81,4
move,"['move', 4, 7, 0]",True,3060,1.3384106186473153,0.0,2.1337775155837373,0.795366896936422,1.5363997002423275,2.238191110042241,min_cost_max_flow,139,4,139,7,8,0
move,"['move', 2, 9, 5]",True,3070,1.4790680370922888,0.0,2.275886384679255,0.8015555860869662,1.555996949569817,1.8038236476131,min_cost_max_flow,170,2,170,9,107,5
move,"['move', 2, 9, 6]",True,3070,1.824068200286896,0.0,2.275886384679255,0.45181818439235905,0.6819855317990005,1.5824326704787368,min_cost_max_flow,168,2,168,9,114,6
move,"['move', 2, 1, 5]",True,3070,1.8719818629212925,0.0,2.275886384679255,0.40390452175796254,0.5635331546727684,0.6945796973059767,min_cost_max_flow,22,2,22,1,94,5
move,"['move', 2, 1, 2]",True,3070,1.7203956931680593,0.0,2.275886384679255,0.5554906915111958,0.9413897711820027,1.433784946538533,min_cost_max_flow,29,2,29,1,44,2
move,"['move', 3, 5, 1]",True,3080,0.9713455479807908,0.0,1.7483476730460161,0.7770021250652254,1.456303962822858,2.6989035013439486,min_cost_max_flow,93,3,93,5,29,1
move,"['move', 3, 4, 1]",True,3080,0.9774359369557114,0.0,1.7483476730460161,0.7709117360903047,1.4421725750071346,1.9691804202919225,min_cost_max_flow,84,3,84,4,22,1
move,"['move', 3, 0, 1]",True,3080,1.3051324902349077,0.0,1.7483476730460161,0.4432151828111085,0.6252027396658377,0.4548151824960199,min_cost_max_flow,7,3,7,0,23,1
move,"['move', 3, 3, 2]",True,3080,0.9556902115980627,0.0,1.7483476730460161,0.7926574614479535,1.4961579022419755,2.2218378598125375,min_cost_max_flow,57,3,57,3,47,2
move,"['move', 3, 6, 0]",True,3090,1.7969001908968563,0.0,2.4333031063707167,0.6364029154738604,1.1067448849862558,1.4062727401370994,min_cost_max_flow,112,3,112,6,7,0
move,"['move', 3, 9, 5]",True,3090,1.8489673102918667,0.0,2.4333031063707167,0.58433579607885,0.9772222557330679,0.9761599172450759,min_cost_max_flow,166,3,166,9,93,5
move,"['move', 3, 2, 5]",True,3090,1.5817431714998946,0.0,2.4333031063707167,0.8515599348708219,1.6445406783932413,1.470776130416011,min_cost_max_flow,47,3,47,2,95,5
move,"['move', 3, 1, 0]",True,3090,1.702342647122457,0.0,2.4333031063707167,0.7588621382482595,1.4135301729111234,0.9814520808906035,min_cost_max_flow,25,3,25,1,9,0
move,"['move', 13, 1, 8]",True,3100,1.361606443018389,0.0,1.8351892679011024,0.47358282488271336,0.8710046560408955,1.2648061706535263,min_cost_max_flow,35,13,35,1,148,8
move,"['move', 13, 9, 3]",True,3100,1.3734383104893904,0.0,1.8351892679011024,0.46175095741171196,0.8414939704016433,1.2188174784859553,min_cost_max_flow,165,13,165,9,57,3
move,"['move', 13, 2, 8]",True,3100,1.4971774615552997,0.0,1.8351892679011024,0.4087649734708025,0.7095584306225646,0.8658707630225971,min_cost_max_flow,38,13,38,2,149,8
move,"['move', 13, 7, 6]",True,3100,1.605730508389684,0.0,1.8351892679011024,0.22945875951141845,0.26214454377259244,0.2981053973641663,min_cost_max_flow,131,13,131,7,112,6
move,"['move', 2, 8, 4]",True,3110,1.900699345824795,0.0,2.50583782963386,0.6051384838090651,1.06601640900044,1.0956802306958537,min_cost_max_flow,156,2,156,8,83,4
move,"['move', 2, 9, 3]",True,3110,1.8174155721391732,0.0,2.50583782963386,0.6926506359946867,1.2840038642971194,1.6242970089456044,min_cost_max_flow,169,2,169,9,56,3
move,"['move', 2, 9, 4]",True,3110,2.0344880122255162,0.0,2.50583782963386,0.4713498174083435,0.7315449790439743,1.095522867136973,min_cost_max_flow,172,2,172,9,84,4
move,"['move', 2, 6, 3]",True,3110,1.7265407405454245,0.0,2.50583782963386,0.7792970890884353,1.5004077549674548,1.7657917183030043,min_cost_max_flow,114,2,114,6,57,3
move,"['move', 4, 0, 2]",True,3120,0.9080518028301705,0.0,1.9103892138294412,1.0066694461242707,2.064036637391837,2.6511483234502804,min_cost_max_flow,8,4,8,0,47,2
move,"['move', 4, 4, 2]",True,3120,1.661207525183551,0.0,1.9103892138294412,0.24918168864589024,0.17373216848500306,0.3745317973723049,min_cost_max_flow,73,4,73,4,37,2
move,"['move', 4, 4, 9]",True,3120,1.0746852641050386,0.0,1.9103892138294412,0.8357039497244025,1.6375179461829248,2.054448462945039,min_cost_max_flow,81,4,81,4,166,9
move,"['move', 4, 5, 9]",True,3120,1.078039392149723,0.0,1.9103892138294412,0.832349821679718,1.6289238537974597,2.1936299787808595,min_cost_max_flow,98,4,98,5,165,9
move,"['move', 3, 5, 4]",True,3130,1.0524979747524308,0.0,1.6799198522503929,0.6449563583729621,1.1286191250837874,1.079184173618881,min_cost_max_flow,95,3,95,5,73,4
move,"['move', 3, 5, 2]",True,3130,1.1376192406962313,0.0,1.6799198522503929,0.5423006115541616,0.8722178017051192,0.9204883947302898,min_cost_max_flow,93,3,93,5,38,2
move,"['move', 3, 7, 2]",True,3130,0.6416816027087673,0.0,1.6799198522503929,1.0382382495416256,2.1078586239527795,3.7226702087297263,min_cost_max_flow,141,3,141,7,43,2
move,"['move', 3, 1, 3]",True,3130,1.3011703109356298,0.0,1.6799198522503929,0.378749541314763,0.46354158989925054,0.786179199644999,min_cost_max_flow,22,3,22,1,58,3
move,"['move', 3, 6, 7]",True,3140,0.9972163362494812,0.0,1.3129926290705507,0.3157762928210695,0.306507466808398,0.520180437390791,min_cost_max_flow,113,3,113,6,131,7
move,"['move', 4, 6, 5]",True,3140,1.0171665214827512,0.0,1.3039598419088825,0.2867933204261312,0.2676246585579065,0.46559138250487225,min_cost_max_flow,110,4,110,6,93,5
move,"['move', 23, 6, 5]",True,3140,0.9993134927226162,0.0,1.2314928354931949,0.23217934277057867,0.1790673510004126,0.5236008245537838,min_cost_max_flow,116,23,116,6,97,5
move,"['move', 22, 7, 9]",True,3140,1.0288925085830547,0.0,1.230202061985076,0.2013095534020214,0.31291575276190997,0.23562554323979604,min_cost_max_flow,129,22,129,7,166,9
move,"['move', 2, 4, 9]",True,3150,1.0652656549445796,0.0,1.7583580142452298,0.69309235930065,1.2841431181623193,2.2676666087512714,min_cost_max_flow,83,2,83,4,168,9
move,"['move', 2, 7, 1]",True,3150,0.9362027462494359,0.0,1.7583580142452298,0.8221552679957939,1.6069983529632736,2.135691233354755,min_cost_max_flow,137,2,137,7,35,1
move,"['move', 2, 0, 1]",True,3150,1.4544382594810363,0.0,1.7583580142452298,0.30391975476419353,0.3137390848605719,0.5826812491552704,min_cost_max_flow,1,2,1,0,22,1
move,"['move', 2, 2, 1]",True,3150,1.3485753579145494,0.0,1.7583580142452298,0.40978265633068034,0.5783357341060764,0.6230843629636078,min_cost_max_flow,44,2,44,2,24,1
move,"['move', 22, 9, 4]",True,3160,1.4995271772690262,0.0,1.8275702917686456,0.34379343862461953,0.6685991209997155,0.5865220890329572,min_cost_max_flow,166,22,166,9,81,4
move,"['move', 22, 3, 1]",True,3160,1.6547849897197229,0.0,1.8275702917686456,0.1727853020489227,0.2416223965010431,0.2241107953199073,min_cost_max_flow,62,22,62,3,25,1
move,"['move', 22, 8, 4]",True,3160,1.495348734523115,0.0,1.8275702917686456,0.3322215572455307,0.639509239103063,0.6933077216532284,min_cost_max_flow,159,22,159,8,83,4
move,"['move', 22, 2, 4]",True,3160,1.5401919012821,0.0,1.8275702917686456,0.2873783904865456,0.5277531541432836,0.458753096530983,min_cost_max_flow,39,22,39,2,86,4
move,"['move', 4, 2, 6]",True,3170,1.182762743834182,0.0,1.9010735444480027,0.7183108006138208,1.3432464657817036,2.580186879456228,min_cost_max_flow,37,4,37,2,116,6
move,"['move', 4, 1, 6]",True,3170,1.1773373883014457,0.0,1.9010735444480027,0.7237361561465571,1.3575432557918248,2.091252760602376,min_cost_max_flow,26,4,26,1,110,6
move,"['move', 4, 5, 0]",True,3170,1.256145690930978,0.0,1.9010735444480027,0.6449278535170246,1.1601952346500184,2.3094291392528206,min_cost_max_flow,93,4,93,5,1,0
move,"['move', 4, 9, 6]",True,3170,1.3614599880534466,0.0,1.9010735444480027,0.562042034269556,0.9545199331587355,1.2832647209935188,min_cost_max_flow,166,4,166,9,113,6
move,"['move', 3, 3, 6]",True,3180,1.8225423077702767,0.0,2.429845630386884,0.6073033226166071,1.0330956765901647,2.0064235754423208,min_cost_max_flow,58,3,58,3,116,6
move,"['move', 3, 4, 6]",True,3180,1.7194815231324254,0.0,2.429845630386884,0.7103641072544584,1.290534648080211,2.1484169784971283,min_cost_max_flow,73,3,73,4,117,6
move,"['move', 3, 1, 6]",True,3180,1.6136786899662665,0.0,2.429845630386884,0.8161669404206173,1.554022376658395,2.8279865366393238,min_cost_max_flow,23,3,23,1,118,6
move,"['move', 3, 0, 6]",True,3180,1.756229870859513,0.0,2.429845630386884,0.6736157595273708,1.198804270959954,2.0547555135223736,min_cost_max_flow,7,3,7,0,119,6
move,"['move', 3, 0, 3]",True,3190,1.718892799878039,0.0,2.504232006390171,0.7853392065121321,1.4782577677433437,1.9581692991979847,min_cost_max_flow,9,3,9,0,58,3
move,"['move', 3, 6, 5]",True,3190,1.9395981217221419,0.0,2.504232006390171,0.5646338846680293,0.9276021285259048,1.219725703985882,min_cost_max_flow,116,3,116,6,93,5
move,"['move', 3, 9, 3]",True,3190,1.617487249943237,0.0,2.504232006390171,0.8867447564469343,1.7311843254428823,2.3497140575091677,min_cost_max_flow,177,3,177,9,62,3
move,"['move', 3, 7, 8]",True,3190,1.7304743179072437,0.0,2.504232006390171,0.7737576884829273,1.4492666648475279,1.9830411810670272,min_cost_max_flow,131,3,131,7,159,8
move,"['move', 4, 3, 4]",True,3200,1.0371617415478929,0.0,1.899257952110106,1.0124619528122132,2.080309469041822,1.4567717033645695,min_cost_max_flow,68,4,68,3,73,4
move,"['move', 4, 9, 4]",True,3200,1.1100605338655969,0.0,1.899257952110106,0.7891974182445091,1.5205462624362553,2.5246851609020498,min_cost_max_flow,165,4,165,9,85,4
move,"['move', 4, 1, 4]",True,3200,1.1121648020770594,0.0,1.899257952110106,0.7870931500330467,1.5162236048745399,1.8993431829416307,min_cost_max_flow,27,4,27,1,87,4
move,"['move', 4, 6, 4]",True,3200,1.1633751239787253,0.0,1.899257952110106,0.7694111816313807,1.4717898748676816,2.051882518070689,min_cost_max_flow,113,4,113,6,88,4
move,"['move', 3, 5, 7]",True,3210,2.0077604890730254,0.0,2.4288357767137714,0.4210752876407458,0.5684744511745521,1.373848892748633,min_cost_max_flow,93,3,93,5,131,7
move,"['move', 3, 8, 7]",True,3210,1.5846724012028393,0.0,2.4288357767137714,0.8441633755109322,1.62463390134144,2.4143618984673516,min_cost_max_flow,159,3,159,8,135,7
move,"['move', 3, 3, 9]",True,3210,1.5766708484806014,0.0,2.4288357767137714,0.85216492823317,1.6460479781853792,1.4742318729041708,min_cost_max_flow,58,3,58,3,177,9
move,"['move', 3, 6, 7]",True,3210,2.0574991744816433,0.0,2.4288357767137714,0.4531665768987949,0.6499743026943179,0.5260966429866212,min_cost_max_flow,118,3,118,6,137,7
move,"['move', 24, 7, 9]",True,3220,1.5374443285567305,0.0,2.0575755732657917,0.5201312447090612,0.8422462665257626,0.9919125598423144,min_cost_max_flow,142,24,142,7,165,9
move,"['move', 24, 8, 9]",True,3220,1.715472184422537,0.0,2.0575755732657917,0.34210338884325475,0.3978172254173842,0.5648468557504274,min_cost_max_flow,154,24,154,8,169,9
move,"['move', 24, 3, 2]",True,3220,1.3166583569455126,0.0,2.0575755732657917,0.740917216320279,1.392362628637784,2.224290503857648,min_cost_max_flow,69,24,69,3,44,2
move,"['move', 24, 8, 2]",True,3220,1.2049460988459115,0.0,2.0575755732657917,0.8526294744198801,1.6712347011634847,2.4966723193923572,min_cost_max_flow,155,24,155,8,39,2
move,"['move', 3, 7, 0]",True,3230,1.347047334990131,0.0,1.9797416730515,0.6474246975613691,1.1345414053430432,1.2448959814601037,min_cost_max_flow,137,3,137,7,7,0
move,"['move', 3, 2, 0]",True,3230,1.3059932810201884,0.0,1.9797416730515,0.6737483920313118,1.1996927998006868,1.6834571262686897,min_cost_max_flow,38,3,38,2,8,0
move,"['move', 3, 6, 0]",True,3230,1.20714981298774,0.0,1.9797416730515,0.7725918600637599,1.4471516691955912,1.449990917079361,min_cost_max_flow,117,3,117,6,9,0
move,"['move', 3, 6, 8]",True,3230,1.6436421190798607,0.0,1.9797416730515,0.3360995539716394,0.35715995934879174,0.6239539947447433,min_cost_max_flow,119,3,119,6,154,8
move,"['move', 24, 8, 1]",True,3240,0.7089246128436358,0.0,1.5266772051525672,0.8177525923089314,1.5850594854382507,1.8186792846337387,min_cost_max_flow,158,24,158,8,26,1
move,"['move', 24, 9, 3]",True,3240,0.8118063978925671,0.0,1.5266772051525672,0.7148708072600001,1.3276657262031222,1.9448770265006392,min_cost_max_flow,165,24,165,9,58,3
move,"['move', 24, 5, 1]",True,3240,0.9144564655127051,0.0,1.5266772051525672,0.6122207396398621,1.070834727743204,2.082096632882791,min_cost_max_flow,94,24,94,5,23,1
move,"['move', 24, 2, 3]",True,3240,0.9264047079679751,0.0,1.5266772051525672,0.6002724971845921,1.041779879382375,1.5382581146521064,min_cost_max_flow,39,24,39,2,64,3
move,"['move', 2, 4, 8]",True,3250,1.7443537754769933,0.0,2.1343730832381658,0.5249723839278391,0.8651437403896125,1.4006261692040556,min_cost_max_flow,84,2,84,4,159,8
move,"['move', 2, 9, 8]",True,3250,1.9158759679935882,0.0,2.1343730832381658,0.2184971152445775,0.100882852133509,0.1157705345038839,min_cost_max_flow,168,2,168,9,150,8
move,"['move', 2, 0, 8]",True,3250,1.5037709440727662,0.0,2.1343730832381658,0.6306021391653995,1.130164614507521,0.7696354865325279,min_cost_max_flow,16,2,16,0,155,8
move,"['move', 2, 1, 8]",True,3250,1.3495619900148892,0.0,2.1343730832381658,0.7848110932232767,1.514100100259384,1.8275684150859899,min_cost_max_flow,22,2,22,1,156,8
move,"['move', 24, 7, 8]",True,3260,2.2735799861357107,0.0,2.656894952307818,0.38331496617210736,0.5008636600141472,0.5531860059960715,min_cost_max_flow,143,24,143,7,158,8
move,"['move', 24, 4, 8]",True,3260,2.1773301022543743,0.0,2.656894952307818,0.4795648500534434,0.7404720298145548,1.2307459412843713,min_cost_max_flow,85,24,85,4,159,8
move,"['move', 24, 3, 1]",True,3260,2.3203571081470535,0.0,2.656894952307818,0.3365378441607643,0.3833826896807295,0.9119628760361607,min_cost_max_flow,58,24,58,3,22,1
move,"['move', 24, 6, 1]",True,3260,1.8303123042592833,0.0,2.656894952307818,0.8265826480485347,1.6073402340261964,1.68160645867543,min_cost_max_flow,123,24,123,6,27,1
move,"['move', 3, 8, 6]",True,3270,1.926007420852522,0.0,2.501707942147243,0.5978856189197211,1.0106850694210152,1.2506555267321133,min_cost_max_flow,154,3,154,8,113,6
move,"['move', 3, 3, 6]",True,3270,2.1098353493777275,0.0,2.501707942147243,0.39187259276951564,0.49655386264566914,0.6497497932869319,min_cost_max_flow,62,3,62,3,114,6
move,"['move', 3, 2, 4]",True,3270,1.6555760535952058,0.0,2.501707942147243,0.8461318885520372,1.6305478511494584,1.7525837616299467,min_cost_max_flow,43,3,43,2,84,4
move,"['move', 3, 9, 6]",True,3270,1.5767255062481609,0.0,2.501707942147243,0.924982435899082,1.8267942205711734,2.3392497255613445,min_cost_max_flow,177,3,177,9,116,6
move,"['move', 3, 4, 9]",True,3280,1.1142931999966974,0.0,2.053691046910004,0.9393978469133067,1.8630928436068643,2.16585272547528,min_cost_max_flow,84,3,84,4,166,9
move,"['move', 3, 0, 9]",True,3280,1.1812883799055323,0.0,2.053691046910004,0.8724026670044717,1.696005942125339,1.8984871984335454,min_cost_max_flow,7,3,7,0,177,9
move,"['move', 3, 7, 9]",True,3280,1.6411400820762685,0.0,2.053691046910004,0.41255096483373555,0.54754537529152,1.119361469752914,min_cost_max_flow,131,3,131,7,165,9
move,"['move', 3, 1, 9]",True,3280,1.2790983981894604,0.0,2.053691046910004,0.7745926487205437,1.4513256995851407,2.0019517520193686,min_cost_max_flow,29,3,29,1,168,9
move,"['move', 3, 7, 1]",True,3290,1.1103407807124035,0.0,1.973874741462081,0.8635339607496775,1.672590943693649,2.7273090615700646,min_cost_max_flow,135,3,135,7,29,1
move,"['move', 3, 0, 1]",True,3290,1.579470480941887,0.0,1.973874741462081,0.39440426052019395,0.5033610599348322,0.33106451830877814,min_cost_max_flow,8,3,8,0,26,1
move,"['move', 3, 9, 1]",True,3290,1.159101006497492,0.0,1.973874741462081,0.8147737349645888,1.5516315370696248,2.0998705024384674,min_cost_max_flow,165,3,165,9,28,1
move,"['move', 3, 6, 5]",True,3290,1.6016090122216093,0.0,1.973874741462081,0.3722657292404715,0.4473341162301949,0.7848081885295352,min_cost_max_flow,113,3,113,6,93,5
move,"['move', 24, 9, 6]",True,3300,1.7470020183986756,0.0,2.288377725406688,0.5413757070080125,0.8949973828275688,1.231938856890264,min_cost_max_flow,169,24,169,9,113,6
move,"['move', 24, 0, 6]",True,3300,1.242854755610086,0.0,2.288377725406688,1.157256093796602,2.433273887145333,2.181580626030099,min_cost_max_flow,2,24,2,0,117,6
move,"['move', 24, 1, 6]",True,3300,1.535524823492565,0.0,2.288377725406688,0.8147822210391231,1.577027264458593,2.222874488058575,min_cost_max_flow,27,24,27,1,118,6
move,"['move', 24, 2, 6]",True,3300,1.3609858639884553,0.0,2.288377725406688,0.9273918614182328,1.8583128549653338,2.381881448747473,min_cost_max_flow,44,24,44,2,123,6
move,"['move', 24, 6, 2]",True,3310,1.3052185827731817,0.0,2.2832061614842143,0.9806586595443657,1.9916581475627027,2.2630165940564257,min_cost_max_flow,118,24,118,6,44,2
move,"['move', 24, 8, 0]",True,3310,1.834649404144158,0.0,2.2832061614842143,0.4485567573400565,0.6636708986916346,0.7513455009197083,min_cost_max_flow,158,24,158,8,16,0
move,"['move', 24, 1, 5]",True,3310,1.8885894099401208,0.0,2.2832061614842143,0.3946167515440934,0.5284890303228167,0.9725814201932125,min_cost_max_flow,22,24,22,1,94,5
move,"['move', 24, 6, 0]",True,3310,1.639990266861223,0.0,2.2832061614842143,0.6432158946229913,1.148814852538635,1.7539384078108042,min_cost_max_flow,113,24,113,6,7,0
move,"['move', 3, 5, 7]",True,3320,1.9899792514503618,0.0,2.35136147107061,0.3613822196202482,0.41983579320367426,0.9778408391710747,min_cost_max_flow,93,3,93,5,131,7
move,"['move', 3, 9, 7]",True,3320,1.6316126275231195,0.0,2.35136147107061,0.7197488435474904,1.3156688608651166,1.0335022769466002,min_cost_max_flow,166,3,166,9,135,7
move,"['move', 3, 6, 7]",True,3320,1.6698059084205161,0.0,2.35136147107061,0.6815555626500938,1.219577408322948,1.4390024760644597,min_cost_max_flow,114,3,114,6,138,7
move,"['move', 3, 0, 3]",True,3320,1.314274636495534,0.0,2.35136147107061,1.0370868345750759,2.1069747780202306,2.392875886179519,min_cost_max_flow,9,3,9,0,68,3
move,"['move', 2, 8, 9]",True,3330,1.5892438962897089,0.0,2.205172597389767,0.6181737499750584,1.0987910529511282,0.9713612068924524,min_cost_max_flow,155,2,155,8,166,9
move,"['move', 2, 8, 7]",True,3330,1.6385899201161815,0.0,2.205172597389767,0.5665826772735856,0.9695129645770066,1.1716322871854559,min_cost_max_flow,150,2,150,8,139,7
move,"['move', 2, 3, 0]",True,3330,1.5503418167185605,0.0,2.205172597389767,0.6548307806712066,1.189550498391327,1.5601154070069647,min_cost_max_flow,56,2,56,3,8,0
move,"['move', 2, 5, 0]",True,3330,1.4191655863681925,0.0,2.205172597389767,0.8274184800215748,1.6203502377902623,2.0064547249973184,min_cost_max_flow,107,2,107,5,9,0
move,"['move', 24, 0, 9]",True,3340,1.9870211179094008,0.0,2.3591325506577308,0.3721114327483298,0.47276977267028997,0.6098885289383429,min_cost_max_flow,7,24,7,0,165,9
move,"['move', 24, 6, 7]",True,3340,1.8629805453744068,0.0,2.3591325506577308,0.4961520052833239,0.7826322698529111,0.7691779655144688,min_cost_max_flow,117,24,117,6,137,7
move,"['move', 24, 2, 9]",True,3340,1.5297628754980293,0.0,2.3591325506577308,0.8293696751597015,1.6147042092852644,1.4173348045748106,min_cost_max_flow,44,24,44,2,166,9
move,"['move', 24, 5, 4]",True,3340,1.755971467114697,0.0,2.3591325506577308,0.6031610835430337,1.0487894893303746,1.6794954133883486,min_cost_max_flow,94,24,94,5,84,4
move,"['move', 24, 9, 2]",True,3350,0.9361822269876385,0.0,1.5320455304707261,0.5958633034830876,1.0304658299282892,1.7323015815350944,min_cost_max_flow,165,24,165,9,44,2
move,"['move', 24, 7, 2]",True,3350,0.6059265873184085,0.0,1.5320455304707261,0.9261189431523176,1.8547598325021681,2.629032647665794,min_cost_max_flow,137,24,137,7,37,2
move,"['move', 24, 4, 5]",True,3350,0.9673849565081407,0.0,1.5320455304707261,0.5646605739625854,0.9524009215238038,1.7710246503550624,min_cost_max_flow,84,24,84,4,93,5
move,"['move', 24, 0, 5]",True,3350,0.8997673733662588,0.0,1.5320455304707261,0.6322781571044673,1.121439007743902,1.7749390734262067,min_cost_max_flow,16,24,16,0,94,5
move,"['move', 4, 4, 1]",True,3360,2.226641510031464,0.0,2.652294986285041,0.425653476253577,0.6133494462847011,1.4159926103848552,min_cost_max_flow,73,4,73,4,22,1
move,"['move', 4, 4, 5]",True,3360,2.1161847016432187,0.0,2.652294986285041,0.5361102846418224,0.8900459143478656,1.0463612153509592,min_cost_max_flow,85,4,85,4,107,5
move,"['move', 4, 0, 1]",True,3360,1.8882834071300505,0.0,2.652294986285041,0.7640115791549907,1.4590823281105259,1.524242895524514,min_cost_max_flow,1,4,1,0,27,1
move,"['move', 4, 2, 1]",True,3360,2.2519684413168553,0.0,2.652294986285041,0.4003265449681857,0.5514217511881725,0.4895705324183335,min_cost_max_flow,47,4,47,2,29,1
move,"['move', 3, 6, 2]",True,3370,1.8654843755128787,0.0,2.582191001265004,0.7167066257521253,1.3076914077973925,1.2814413298209377,min_cost_max_flow,116,3,116,6,47,2
move,"['move', 3, 1, 0]",True,3370,2.1504160513414172,0.0,2.582191001265004,0.5056548400485869,0.7804320860450389,1.0346796588257972,min_cost_max_flow,28,3,28,1,16,0
move,"['move', 3, 7, 5]",True,3370,1.7696681714338427,0.0,2.582191001265004,0.8167195650811615,1.556771303745336,1.916409579585589,min_cost_max_flow,135,3,135,7,95,5
move,"['move', 3, 9, 2]",True,3370,2.099013480721612,0.0,2.582191001265004,0.483177520543392,0.7242584113409976,1.0215969528619686,min_cost_max_flow,168,3,168,9,39,2
move,"['move', 3, 5, 6]",True,3380,1.8388647580948776,0.0,2.2809701295364055,0.4421053714415279,0.6225729707293794,0.35830885750049835,min_cost_max_flow,95,3,95,5,113,6
move,"['move', 3, 3, 6]",True,3380,1.2065579838492715,0.0,2.2809701295364055,1.074412145687134,2.2005509725931915,2.217598024302664,min_cost_max_flow,68,3,68,3,114,6
move,"['move', 3, 2, 6]",True,3380,1.5187492734204262,0.0,2.2809701295364055,0.7622208561159793,1.4196963069261983,2.4685591837069394,min_cost_max_flow,39,3,39,2,116,6
move,"['move', 3, 7, 4]",True,3380,1.4957679842828382,0.0,2.2809701295364055,0.7852021452535674,1.4775813428932452,2.180683768322525,min_cost_max_flow,131,3,131,7,85,4
move,"['move', 3, 4, 3]",True,3390,0.908321048920303,0.0,1.6056470392440345,0.6973259903237315,1.2603596532644588,0.5348853044537926,min_cost_max_flow,85,3,85,4,68,3
move,"['move', 3, 1, 3]",True,3390,1.0325100701461232,0.0,1.6056470392440345,0.5731369690979113,0.94890641393431,1.188676148185772,min_cost_max_flow,26,3,26,1,56,3
move,"['move', 3, 7, 8]",True,3390,0.9880631221604189,0.0,1.6056470392440345,0.6175839170836156,1.0608929329464445,0.6092434496033431,min_cost_max_flow,138,3,138,7,154,8
move,"['move', 3, 6, 8]",True,3390,1.0101536578144747,0.0,1.6056470392440345,0.5954933814295599,1.004172842585831,1.6050775999194111,min_cost_max_flow,113,3,113,6,150,8
move,"['move', 24, 9, 7]",True,3400,2.1620822769272396,0.0,2.654744281878665,0.4926620049514253,0.774346374993911,0.4764406516834284,min_cost_max_flow,166,24,166,9,131,7
move,"['move', 24, 2, 0]",True,3400,2.3730314447011724,0.0,2.654744281878665,0.2817128371774924,0.24671147945628036,0.6510913868824135,min_cost_max_flow,37,24,37,2,1,0
move,"['move', 24, 6, 4]",True,3400,2.111348244007804,0.0,2.654744281878665,0.5433960378708608,0.8999554630718194,1.2937701321369433,min_cost_max_flow,123,24,123,6,85,4
move,"['move', 24, 8, 7]",True,3400,2.039428194185678,0.0,2.654744281878665,0.6153160876929872,1.0796697484256583,1.3509962664549742,min_cost_max_flow,159,24,159,8,135,7
move,"['move', 3, 8, 7]",True,3410,1.4660888128155536,0.0,2.0481579719554017,0.582069159139848,0.971533006784739,0.9912643177943249,min_cost_max_flow,150,3,150,8,137,7
move,"['move', 3, 8, 4]",True,3410,1.2679588593338365,0.0,2.0481579719554017,0.7801991126215653,1.4644868666655384,2.571946866790297,min_cost_max_flow,154,3,154,8,73,4
move,"['move', 3, 3, 7]",True,3410,1.2470413656767927,0.0,2.0481579719554017,0.8389890551536089,1.613311449989851,1.338795537320916,min_cost_max_flow,68,3,68,3,138,7
move,"['move', 3, 3, 4]",True,3410,1.368773807860621,0.0,2.0481579719554017,0.6793841640947808,1.2133625385831692,1.9632513770621363,min_cost_max_flow,56,3,56,3,84,4
move,"['move', 3, 9, 3]",True,3420,1.137240924858453,0.0,1.7601428729488218,0.6229019480903688,1.0726571474297089,1.6298188053490434,min_cost_max_flow,177,3,177,9,56,3
move,"['move', 3, 7, 5]",True,3420,1.2522272123862854,0.0,1.7601428729488218,0.5079156605625362,0.7864189691026695,0.8114584769875399,min_cost_max_flow,137,3,137,7,98,5
move,"['move', 3, 2, 3]",True,3420,1.0284566341972612,0.0,1.7601428729488218,0.7316862387515606,1.3450427812931594,1.346547331701636,min_cost_max_flow,47,3,47,2,58,3
move,"['move', 3, 7, 3]",True,3420,1.0135415356725308,0.0,1.7601428729488218,0.746601337276291,1.3809418092787382,2.2723595491998814,min_cost_max_flow,138,3,138,7,62,3
move,"['move', 18, 2, 0]",True,3430,0.6836335148157988,0.0,1.827526345216194,1.1438928304003952,2.3871420771902194,2.154051555073124,min_cost_max_flow,46,18,46,2,2,0
move,"['move', 18, 3, 1]",True,3430,1.2332485095807069,0.0,1.827526345216194,0.5942778356354872,1.0144171411084244,1.279017668089822,min_cost_max_flow,55,18,55,3,26,1
move,"['move', 18, 3, 0]",True,3430,1.0145943539656805,0.0,1.827526345216194,0.8129319912505135,1.5597702704035328,2.133857496394727,min_cost_max_flow,67,18,67,3,7,0
move,"['move', 18, 4, 0]",True,3430,0.4196304729544319,0.0,1.827526345216194,1.4276778285950955,3.0970828252029605,1.8352165377457554,min_cost_max_flow,78,18,78,4,11,0
move,"['move', 2, 5, 2]",True,3440,1.0941642278043937,0.0,1.60869976684657,0.5145355390421761,0.8391801071193186,1.3149735399617457,min_cost_max_flow,94,2,94,5,46,2
move,"['move', 2, 9, 4]",True,3440,0.6108168939822716,0.0,1.60869976684657,0.9978828728642983,2.0469566950923763,1.7094712614602994,min_cost_max_flow,166,2,166,9,89,4
move,"['move', 2, 8, 4]",True,3440,0.8950010538669605,0.0,1.60869976684657,0.7136987129796094,1.3359664985109703,2.0626691745828496,min_cost_max_flow,156,2,156,8,73,4
move,"['move', 2, 7, 6]",True,3440,0.9385419536499329,0.0,1.60869976684657,0.670157813196637,1.2275985046144342,1.7398321339862437,min_cost_max_flow,139,2,139,7,113,6
move,"['move', 3, 5, 7]",True,3450,1.4970967799245218,0.0,2.2775130994059656,0.7804163194814437,1.4668155954641406,1.3814724341861346,min_cost_max_flow,98,3,98,5,137,7
move,"['move', 3, 4, 2]",True,3450,1.458428392801263,0.0,2.2775130994059656,0.8190847066047027,1.5625165572564583,2.0281431114059445,min_cost_max_flow,73,3,73,4,47,2
move,"['move', 3, 3, 9]",True,3450,1.732010325389291,0.0,2.2775130994059656,0.5455027740166746,0.8799857395206345,1.0788006219083393,min_cost_max_flow,56,3,56,3,177,9
move,"['move', 3, 6, 9]",True,3450,1.8027058481824803,0.0,2.2775130994059656,0.4748072512234852,0.7030317720782477,1.2222409281837685,min_cost_max_flow,114,3,114,6,165,9
move,"['move', 24, 5, 6]",True,3460,1.7805546383047786,0.0,2.354105920932582,0.5735512826278033,0.9753886218968546,1.2637388436844172,min_cost_max_flow,93,24,93,5,117,6
move,"['move', 24, 5, 8]",True,3460,1.6623512783227175,0.0,2.354105920932582,0.6917546426098644,1.2700512356386753,1.8275963192391118,min_cost_max_flow,94,24,94,5,154,8
move,"['move', 24, 1, 8]",True,3460,1.5509963720325948,0.0,2.354105920932582,0.8031095488999871,1.5476990016395575,2.3205961355220825,min_cost_max_flow,23,24,23,1,155,8
move,"['move', 24, 1, 9]",True,3460,1.9972650288934193,0.0,2.354105920932582,0.3568408920391627,0.43386072619614424,1.098351663090304,min_cost_max_flow,26,24,26,1,168,9
move,"['move', 13, 9, 2]",True,3470,1.7485076111010944,0.0,2.203523081823309,0.45501547072221465,0.8245552962762304,1.285455746265722,min_cost_max_flow,170,13,170,9,37,2
move,"['move', 13, 6, 2]",True,3470,1.7907608483704007,0.0,2.203523081823309,0.4368970939529084,0.7792394166099257,1.2987475749583623,min_cost_max_flow,112,13,112,6,38,2
move,"['move', 13, 8, 1]",True,3470,1.8067395170926053,0.0,2.203523081823309,0.42478050023070385,0.7495644182126853,0.88775696944449,min_cost_max_flow,149,13,149,8,23,1
move,"['move', 13, 9, 7]",True,3470,1.8157054335014347,0.0,2.203523081823309,0.38781764832187454,0.657397679395217,0.7274963330411024,min_cost_max_flow,176,13,176,9,138,7
move,"['move', 4, 4, 3]",True,3480,1.659852827011008,0.0,2.12857765552974,0.46872482851873215,0.7220148791966494,0.7579577776778469,min_cost_max_flow,87,4,87,4,67,3
move,"['move', 4, 6, 3]",True,3480,1.6171675722773893,0.0,2.12857765552974,0.5114100832523509,0.8271158044590265,1.8327654921245018,min_cost_max_flow,110,4,110,6,55,3
move,"['move', 4, 1, 2]",True,3480,1.9050279400853423,0.0,2.12857765552974,0.22354971544439797,0.10980154034041334,0.274995224611635,min_cost_max_flow,22,4,22,1,39,2
move,"['move', 4, 7, 3]",True,3480,1.3524695374447646,0.0,2.12857765552974,0.7761081180849756,1.4888544775312766,1.8370414983320758,min_cost_max_flow,140,4,140,7,56,3
move,"['move', 24, 7, 5]",True,3490,2.854638475701313,0.0,3.2587335624881675,0.4040950867868543,0.5520243898718036,1.0795671254700814,min_cost_max_flow,131,24,131,7,94,5
move,"['move', 24, 2, 5]",True,3490,2.6622391904304337,0.0,3.2587335624881675,0.5964943720577338,1.0322061197657604,1.623889314298097,min_cost_max_flow,44,24,44,2,93,5
move,"['move', 24, 6, 9]",True,3490,2.9013347170458266,0.0,3.2587335624881675,0.3573988454423411,0.43612906535418006,0.5160478963636964,min_cost_max_flow,117,24,117,6,170,9
move,"['move', 24, 9, 1]",True,3490,2.8919629414963985,0.0,3.2587335624881675,0.3667706209917688,0.45861768114264123,1.1432632864358936,min_cost_max_flow,168,24,168,9,22,1
move,"['move', 3, 2, 9]",True,3500,1.131081658110673,0.0,1.7572266376359813,0.6261449795253082,1.0812928285013186,1.2777504825082435,min_cost_max_flow,47,3,47,2,176,9
move,"['move', 3, 4, 9]",True,3500,1.1711870191677378,0.0,1.7572266376359813,0.6675355209682435,1.1832444044630392,2.294268912919957,min_cost_max_flow,84,3,84,4,168,9
move,"['move', 3, 3, 9]",True,3500,1.0322693626953319,0.0,1.7572266376359813,0.7249572749406493,1.3267551266180817,2.3233774302346184,min_cost_max_flow,58,3,58,3,169,9
move,"['move', 3, 7, 9]",True,3500,1.0638851640010096,0.0,1.7572266376359813,0.6933414736349718,1.249649249279173,1.0342934800445538,min_cost_max_flow,137,3,137,7,170,9
move,"['move', 3, 0, 2]",True,3510,1.4776753484479577,0.0,2.2045565635380635,0.7268812150901057,1.3318588648035075,2.127452222378222,min_cost_max_flow,16,3,16,0,44,2
move,"['move', 3, 9, 7]",True,3510,1.7719601783292482,0.0,2.2045565635380635,0.4325963852088153,0.5975031337511609,1.2232231217919043,min_cost_max_flow,165,3,165,9,131,7
move,"['move', 3, 6, 7]",True,3510,1.6448875010786714,0.0,2.2045565635380635,0.5596690624593921,0.9157652289432008,0.836288411393278,min_cost_max_flow,116,3,116,6,137,7
move,"['move', 3, 3, 7]",True,3510,1.4136727551435362,0.0,2.2045565635380635,0.7908838083945274,1.4917470081927604,2.2063454702457075,min_cost_max_flow,62,3,62,3,139,7
move,"['move', 3, 7, 6]",True,3520,1.162102055476637,0.0,1.9792050315546836,0.8176382955780465,1.5596478919615038,1.529901596948558,min_cost_max_flow,137,3,137,7,112,6
move,"['move', 3, 1, 6]",True,3520,1.1372243660979804,0.0,1.9792050315546836,0.8419806654567032,1.6182555236373446,3.028763610816053,min_cost_max_flow,29,3,29,1,114,6
move,"['move', 3, 9, 6]",True,3520,1.5807061944185983,0.0,1.9792050315546836,0.39849883713608525,0.5129563041846268,0.7585293782644702,min_cost_max_flow,168,3,168,9,116,6
move,"['move', 3, 2, 6]",True,3520,1.3805533087736601,0.0,1.9792050315546836,0.5986517227810235,1.0125498109555338,1.2843342725570865,min_cost_max_flow,44,3,44,2,117,6
move,"['move', 3, 6, 2]",True,3530,1.5151254819106086,0.0,2.205337727886155,0.6902122459755464,1.2414917491405504,1.2572474734174757,min_cost_max_flow,112,3,112,6,44,2
move,"['move', 3, 6, 1]",True,3530,1.6561348184985583,0.0,2.205337727886155,0.5492029093875967,0.8890069278786541,1.231567334765538,min_cost_max_flow,114,3,114,6,26,1
move,"['move', 3, 9, 2]",True,3530,1.5094523945755205,0.0,2.205337727886155,0.6958853333106345,1.255371283958084,1.4593698202085572,min_cost_max_flow,169,3,169,9,47,2
move,"['move', 3, 6, 5]",True,3530,1.6489000572880854,0.0,2.205337727886155,0.5564376705980696,0.906781421006599,1.4398406002570545,min_cost_max_flow,116,3,116,6,94,5
move,"['move', 22, 7, 8]",True,3540,1.7939719070310431,0.0,1.9751414477243734,0.18116954069333016,0.2625962839083513,0.21525026446014928,min_cost_max_flow,136,22,136,7,149,8
move,"['move', 22, 1, 6]",True,3540,1.6786214462688949,0.0,1.9751414477243734,0.2965200014554784,0.5502355803109822,0.7064872662866264,min_cost_max_flow,23,22,23,1,112,6
move,"['move', 22, 1, 8]",True,3540,1.842871974310069,0.0,1.9751414477243734,0.13226947341430437,0.14046368465642445,0.1368709673684414,min_cost_max_flow,25,22,25,1,150,8
move,"['move', 22, 2, 6]",True,3540,1.6562260267561815,0.0,1.9751414477243734,0.31891542096819187,0.6063146553424303,0.6461364331769606,min_cost_max_flow,54,22,54,2,114,6
move,"['move', 9, 0, 1]",True,3550,1.6467524039563233,0.0,1.7543285614098267,0.11655632082850338,0.09975477863918059,0.11364108440973611,min_cost_max_flow,5,9,5,0,23,1
move,"['move', 9, 0, 2]",True,3550,1.5390979308428399,0.0,1.7543285614098267,0.2152306305669869,0.3460404083452886,0.380404177810293,min_cost_max_flow,4,9,4,0,54,2
move,"['move', 9, 0, 3]",True,3550,1.4464143110461478,0.0,1.7543285614098267,0.30791425036367903,0.5774533678268199,0.5777975179429358,min_cost_max_flow,14,9,14,0,58,3
move,"['move', 9, 4, 1]",True,3550,1.536448703238626,0.0,1.7543285614098267,0.21787985817120065,0.3528177618572954,0.27754784349532147,min_cost_max_flow,75,9,75,4,25,1
move,"['move', 3, 5, 8]",True,3560,1.9967317651227705,0.0,2.80141109705049,0.8046793319277198,1.5263943567188107,2.100652341532723,min_cost_max_flow,94,3,94,5,156,8
move,"['move', 3, 1, 0]",True,3560,1.9380936773349733,0.0,2.80141109705049,0.8633174197155169,1.673871069069719,1.5129904205892901,min_cost_max_flow,26,3,26,1,14,0
move,"['move', 3, 9, 0]",True,3560,2.1413701266246896,0.0,2.80141109705049,0.6600409704258005,1.165895823862229,1.3690717427216799,min_cost_max_flow,170,3,170,9,16,0
move,"['move', 3, 2, 0]",True,3560,1.7497313825810317,0.0,2.80141109705049,1.0516797144694585,2.1449249814540963,1.414206754240095,min_cost_max_flow,44,3,44,2,4,0
move,"['move', 24, 1, 2]",True,3570,0.7648527351222739,0.0,1.6043701025682657,0.8395173674459918,1.6406354538194137,1.042658925625879,min_cost_max_flow,22,24,22,1,44,2
move,"['move', 24, 0, 1]",True,3570,1.13353777830386,0.0,1.6043701025682657,0.4708323242644056,0.7179787374043372,1.6720645663664713,min_cost_max_flow,1,24,1,0,22,1
move,"['move', 24, 3, 1]",True,3570,0.7564319841883329,0.0,1.6043701025682657,0.8479381183799328,1.661415286223928,1.2240222125180409,min_cost_max_flow,64,24,64,3,26,1
move,"['move', 24, 9, 1]",True,3570,0.7707811870608889,0.0,1.6043701025682657,0.8335889155073768,1.625440744246589,1.2917120764840793,min_cost_max_flow,170,24,170,9,28,1
move,"['move', 24, 8, 3]",True,3580,1.7104420768201196,0.0,2.4306600343795086,0.7464424576843891,1.4057022233246244,2.53996298614765,min_cost_max_flow,154,24,154,8,62,3
move,"['move', 24, 7, 9]",True,3580,1.666312629711293,0.0,2.4306600343795086,0.7643474046682158,1.4528314858325757,0.9620329538912133,min_cost_max_flow,135,24,135,7,166,9
move,"['move', 24, 5, 9]",True,3580,1.6892328880370626,0.0,2.4306600343795086,0.741427146342446,1.393739190956694,2.15646566152935,min_cost_max_flow,93,24,93,5,170,9
move,"['move', 24, 5, 3]",True,3580,1.913462016813995,0.0,2.4306600343795086,0.5171980175655135,0.8343578920321306,1.3621169830173352,min_cost_max_flow,94,24,94,5,64,3
move,"['move', 3, 8, 1]",True,3590,1.1080926488948895,0.0,1.6857234369845853,0.5776307880896958,0.9599962913853233,1.2851228338178682,min_cost_max_flow,156,3,156,8,29,1
move,"['move', 3, 2, 1]",True,3590,1.2074228183798978,0.0,1.6857234369845853,0.4783006186046874,0.7122815424081637,0.8780063435769123,min_cost_max_flow,47,3,47,2,30,1
move,"['move', 3, 0, 1]",True,3590,0.9463844410146559,0.0,1.6857234369845853,0.7393389959699294,1.3634135925894952,1.8539351647591564,min_cost_max_flow,4,3,4,0,32,1
move,"['move', 3, 6, 1]",True,3590,0.9051899293507809,0.0,1.6857234369845853,0.7805335076338044,1.4665780880095554,1.7351243245105894,min_cost_max_flow,117,3,117,6,33,1
move,"['move', 4, 4, 0]",True,3600,1.076021904510454,0.0,1.8273329828461784,0.7513110783357243,1.4269360151083674,1.7876168648528798,min_cost_max_flow,88,4,88,4,1,0
move,"['move', 4, 6, 9]",True,3600,1.2439207189784476,0.0,1.8273329828461784,0.5834122638677307,1.007695197047724,1.4501381252925762,min_cost_max_flow,116,4,116,6,165,9
move,"['move', 4, 5, 8]",True,3600,0.9807916084404179,0.0,1.8273329828461784,0.8465413744057605,1.6652341999360942,1.6393204297619324,min_cost_max_flow,107,4,107,5,154,8
move,"['move', 4, 3, 9]",True,3600,1.1737214761013661,0.0,1.8273329828461784,0.7062178065781456,1.3144318062404636,1.6349698474907708,min_cost_max_flow,55,4,55,3,166,9
move,"['move', 4, 0, 5]",True,3610,1.5761155453996571,0.0,2.201104827779209,0.624989282379552,1.1103781762649305,2.289849500190133,min_cost_max_flow,1,4,1,0,94,5
move,"['move', 4, 3, 6]",True,3610,1.452482911291306,0.0,2.201104827779209,0.7486219164879031,1.4202537486562505,1.7605247532286805,min_cost_max_flow,56,4,56,3,116,6
move,"['move', 4, 8, 6]",True,3610,1.5969670962664755,0.0,2.201104827779209,0.6041377315127338,1.0590717502564075,1.741548727841747,min_cost_max_flow,154,4,154,8,110,6
move,"['move', 4, 7, 6]",True,3610,1.529392171130156,0.0,2.201104827779209,0.6717126566490533,1.2289707738964353,1.100408195022567,min_cost_max_flow,141,4,141,7,117,6
move,"['move', 4, 9, 7]",True,3620,1.0236864704264628,0.0,1.6836565154985603,0.6599700450720974,1.1982441712461878,2.01379066692781,min_cost_max_flow,165,4,165,9,141,7
move,"['move', 4, 1, 7]",True,3620,0.9109943569082805,0.0,1.6836565154985603,0.8449438800902799,1.660496187309036,2.1355049886661552,min_cost_max_flow,27,4,27,1,135,7
move,"['move', 4, 6, 7]",True,3620,0.9952766893062208,0.0,1.6836565154985603,0.6883798261923395,1.2690784155056463,2.1405963610254575,min_cost_max_flow,110,4,110,6,136,7
move,"['move', 4, 2, 7]",True,3620,0.8820052360724968,0.0,1.6836565154985603,0.8016512794260635,1.5520563872123603,2.2743706127561323,min_cost_max_flow,39,4,39,2,140,7
move,"['move', 24, 4, 7]",True,3630,2.2568370187957916,0.0,2.729824234664009,0.47298721586821724,0.7248533601814415,0.6804687213164607,min_cost_max_flow,85,24,85,4,141,7
move,"['move', 24, 3, 5]",True,3630,2.255138860582323,0.0,2.729824234664009,0.4746853740816862,0.7286739810515428,0.9636518303637595,min_cost_max_flow,62,24,62,3,93,5
move,"['move', 24, 8, 5]",True,3630,2.03342262529969,0.0,2.729824234664009,0.7016417109893189,1.2954173107355018,1.395326887112261,min_cost_max_flow,155,24,155,8,94,5
move,"['move', 24, 3, 7]",True,3630,2.0276072476763844,0.0,2.729824234664009,0.7022169869876245,1.296097083693894,1.9009382453599983,min_cost_max_flow,64,24,64,3,143,7
move,"['move', 22, 6, 2]",True,3646,0.9350419555132068,0.0,1.3013623340234475,0.36632037851024063,0.7248880102051771,0.6054957614269749,min_cost_max_flow,112,22,112,6,47,2
move,"['move', 22, 8, 2]",True,3646,1.0801915158489093,0.0,1.3013623340234475,0.22117081817453826,0.3625032462805393,0.2794044850149739,min_cost_max_flow,149,22,149,8,39,2
move,"['move', 22, 5, 7]",True,3646,1.0897399381894572,0.0,1.3013623340234475,0.2116223958339902,0.3385407704045065,0.3403511681235007,min_cost_max_flow,99,22,99,5,137,7
move,"['move', 22, 8, 7]",True,3646,1.1342088352930697,0.0,1.3013623340234475,0.16715349873037777,0.22761942790384637,0.17308432920950273,min_cost_max_flow,150,22,150,8,129,7
move,"['move', 14, 2, 3]",True,3656,1.3615508182846472,0.0,1.9012822382210972,0.53973141993645,1.0571567229781067,0.7312418599778674,min_cost_max_flow,40,14,40,2,68,3
move,"['move', 14, 2, 1]",True,3656,1.4819768219868168,0.0,1.9012822382210972,0.4193054162342803,0.7563028779113665,0.5904657341885634,min_cost_max_flow,41,14,41,2,27,1
move,"['move', 14, 4, 5]",True,3656,1.7030473083533346,0.0,1.9012822382210972,0.1982349298677627,0.20395025042671477,0.3747401130938157,min_cost_max_flow,81,14,81,4,99,5
move,"['move', 14, 6, 5]",True,3656,1.5214409893760106,0.0,1.9012822382210972,0.3876661590117535,0.677083720707742,0.6711418323935553,min_cost_max_flow,117,14,117,6,95,5
move,"['move', 22, 7, 5]",True,3666,1.3715092464593925,0.0,1.6025191004747086,0.23100985401531615,0.3870258333699894,0.32940616001145584,min_cost_max_flow,129,22,129,7,107,5
move,"['move', 22, 7, 8]",True,3666,1.4398538704628123,0.0,1.6025191004747086,0.1626652300118963,0.21643413897254504,0.14949575260793796,min_cost_max_flow,137,22,137,7,154,8
move,"['move', 22, 4, 5]",True,3666,1.514397549289771,0.0,1.6025191004747086,0.17417839805993762,0.24505361777119106,0.25845663357946325,min_cost_max_flow,83,22,83,4,98,5
move,"['move', 22, 0, 8]",True,3666,1.4208765231156164,0.0,1.6025191004747086,0.18164257735909206,0.26371799976186594,0.25583413838691926,min_cost_max_flow,7,22,7,0,149,8
move,"['move', 3, 0, 4]",True,3676,1.7407134622921232,0.0,2.3537666352070623,0.6130531729149392,1.0480855592613807,1.5962522918517208,min_cost_max_flow,14,3,14,0,85,4
move,"['move', 3, 9, 4]",True,3676,1.5111715731436777,0.0,2.3537666352070623,0.8425950620633846,1.6212187621640624,2.077265604139685,min_cost_max_flow,176,3,176,9,75,4
move,"['move', 3, 0, 6]",True,3676,1.6631619747236457,0.0,2.3537666352070623,0.6906046604834166,1.2414264932085644,1.9547756078584488,min_cost_max_flow,16,3,16,0,110,6
move,"['move', 3, 1, 4]",True,3676,1.806726457526199,0.0,2.3537666352070623,0.5470401776808632,0.8831489649601281,1.5323231025602213,min_cost_max_flow,29,3,29,1,78,4
move,"['move', 3, 4, 2]",True,3686,1.4795287345883466,0.0,1.901603905071484,0.4220751704831374,0.5716154542460572,0.9463182490645674,min_cost_max_flow,75,3,75,4,40,2
move,"['move', 3, 4, 0]",True,3686,1.1386852666800031,0.0,1.901603905071484,0.7629186383914808,1.4214808328033541,2.4418457247720418,min_cost_max_flow,78,3,78,4,14,0
move,"['move', 3, 1, 2]",True,3686,1.2652195135525015,0.0,1.901603905071484,0.6363843915189824,1.105524298880482,2.1891235525229886,min_cost_max_flow,30,3,30,1,41,2
move,"['move', 3, 1, 0]",True,3686,1.617175303100256,0.0,1.901603905071484,0.284428601971228,0.22823636499379063,0.4547635640599331,min_cost_max_flow,32,3,32,1,16,0
move,"['move', 3, 4, 3]",True,3696,1.6190985279187156,0.0,2.204976089218077,0.5858775612993616,0.980996837875864,1.0293805229002846,min_cost_max_flow,85,3,85,4,55,3
move,"['move', 3, 6, 3]",True,3696,1.8758680030771493,0.0,2.204976089218077,0.329108086140928,0.3399000405042898,0.47812017322713896,min_cost_max_flow,110,3,110,6,56,3
move,"['move', 3, 0, 3]",True,3696,1.386682182523559,0.0,2.204976089218077,0.8182939066945182,1.561024886344967,1.7045905354259159,min_cost_max_flow,14,3,14,0,62,3
move,"['move', 3, 0, 8]",True,3696,1.4424925979632761,0.0,2.204976089218077,0.7624834912548011,1.4207741845893906,2.1876993062817975,min_cost_max_flow,16,3,16,0,150,8
move,"['move', 3, 8, 6]",True,3706,1.7558691769032235,0.0,2.2774761061502216,0.521606929246998,0.8202540998609038,1.0734857789345704,min_cost_max_flow,150,3,150,8,110,6
move,"['move', 3, 3, 6]",True,3706,1.858803391378443,0.0,2.2774761061502216,0.4186727147717786,0.5632788618895574,0.8332869677996119,min_cost_max_flow,55,3,55,3,112,6
move,"['move', 3, 3, 0]",True,3706,1.6675755766723763,0.0,2.2774761061502216,0.6099005294778453,1.03986390283535,1.8229508473825358,min_cost_max_flow,56,3,56,3,14,0
move,"['move', 3, 7, 0]",True,3706,1.5413428557854068,0.0,2.2774761061502216,0.7361332503648148,1.3551414303146885,2.025800672772629,min_cost_max_flow,131,3,131,7,16,0
move,"['move', 3, 6, 4]",True,3716,1.046769703905011,0.0,1.8305631711299988,0.7837934672249877,1.4740394514956279,2.1941479857678776,min_cost_max_flow,110,3,110,6,85,4
move,"['move', 3, 2, 4]",True,3716,1.4622947787204401,0.0,1.8305631711299988,0.3682683924095588,0.4375005502442946,0.6782907942751477,min_cost_max_flow,40,3,40,2,75,4
move,"['move', 3, 3, 4]",True,3716,1.5097050885606007,0.0,1.8305631711299988,0.3208580825693981,0.31903558441990754,0.637751610265367,min_cost_max_flow,62,3,62,3,78,4
move,"['move', 3, 0, 4]",True,3716,1.1129561649825495,0.0,1.8305631711299988,0.7176070061474493,1.3087330545968143,2.0876441224130153,min_cost_max_flow,14,3,14,0,81,4
move,"['move', 4, 9, 2]",True,3726,1.071507458608985,0.0,1.6010719728881404,0.5295645142791553,0.8740993104584049,0.7678132038794989,min_cost_max_flow,166,4,166,9,40,2
move,"['move', 4, 6, 2]",True,3726,0.9513392395657563,0.0,1.6010719728881404,0.6497327333223841,1.1726613584542065,2.0068129453931007,min_cost_max_flow,116,4,116,6,43,2
move,"['move', 4, 7, 2]",True,3726,0.8974042150817946,0.0,1.6010719728881404,0.7036677578063458,1.3077364701530314,1.848445952779304,min_cost_max_flow,135,4,135,7,44,2
move,"['move', 4, 1, 2]",True,3726,1.1202387825096696,0.0,1.6010719728881404,0.4808331903784708,0.7528889373716083,0.35585542726953484,min_cost_max_flow,29,4,29,1,46,2
move,"['move', 4, 7, 1]",True,3736,0.8658003345624178,0.0,1.5272674145703893,0.6614670800079715,1.2036099605611525,0.9316560167413594,min_cost_max_flow,136,4,136,7,29,1
move,"['move', 4, 6, 1]",True,3736,0.822988076359703,0.0,1.5272674145703893,0.7042793382106863,1.3092535013565794,1.8563924909815401,min_cost_max_flow,117,4,117,6,30,1
move,"['move', 4, 7, 9]",True,3736,1.028663953083712,0.0,1.5272674145703893,0.49860346148667717,0.7962465886594146,1.0678730824094316,min_cost_max_flow,140,4,140,7,176,9
move,"['move', 4, 2, 9]",True,3736,0.9954976912372168,0.0,1.5272674145703893,0.5317697233331725,0.8785978434752906,1.44413961598446,min_cost_max_flow,40,4,40,2,165,9
move,"['move', 3, 6, 3]",True,3746,1.2043818520854273,0.0,1.7573701265385435,0.5529882744531164,0.8984486128101707,1.2460524896204241,min_cost_max_flow,112,3,112,6,55,3
move,"['move', 3, 1, 3]",True,3746,1.322558425288741,0.0,1.7573701265385435,0.43481170124980256,0.6032956578055746,1.053733820494872,min_cost_max_flow,33,3,33,1,56,3
move,"['move', 3, 7, 5]",True,3746,1.1609004521438173,0.0,1.7573701265385435,0.5964696743947262,1.0071890074323164,1.2214559775396787,min_cost_max_flow,139,3,139,7,99,5
move,"['move', 3, 9, 8]",True,3746,1.044759297110123,0.0,1.7573701265385435,0.7126108294284206,1.2969381808579783,1.6239320832558595,min_cost_max_flow,177,3,177,9,150,8
move,"['move', 3, 8, 9]",True,3756,1.2435298116773124,0.0,1.9056860340379358,0.7039447243606233,1.2753403197784792,1.5789976899263205,min_cost_max_flow,150,3,150,8,177,9
move,"['move', 3, 4, 6]",True,3756,1.430024146038758,0.0,1.9056860340379358,0.528603402749178,0.8373390789274708,1.3442889048564515,min_cost_max_flow,85,3,85,4,116,6
move,"['move', 3, 5, 6]",True,3756,1.6544735709555618,0.0,1.9056860340379358,0.2512124630823739,0.14561262953066034,0.17702239138993073,min_cost_max_flow,99,3,99,5,117,6
move,"['move', 3, 3, 1]",True,3756,1.347864669681534,0.0,1.9056860340379358,0.5578213643564018,0.909765116070048,1.7568668218447376,min_cost_max_flow,55,3,55,3,29,1
move,"['move', 3, 2, 7]",True,3766,1.7280413756564301,0.0,2.433891185526677,0.705849809870247,1.2794625663591432,2.005975818856477,min_cost_max_flow,41,3,41,2,131,7
move,"['move', 3, 4, 7]",True,3766,1.7376614799921084,0.0,2.433891185526677,0.6962297055345688,1.2563781425633351,1.362084456598064,min_cost_max_flow,75,3,75,4,135,7
move,"['move', 3, 9, 7]",True,3766,1.6063891485350332,0.0,2.433891185526677,0.827502036991644,1.5846162165980786,1.3239208618946294,min_cost_max_flow,177,3,177,9,136,7
move,"['move', 3, 6, 7]",True,3766,1.7382371144232898,0.0,2.433891185526677,0.6956540711033875,1.2560817978665,0.6002568691861344,min_cost_max_flow,116,3,116,6,137,7
move,"['move', 3, 6, 9]",True,3776,1.0802356991421809,0.0,1.9795663038360094,0.8993306046938285,1.763295129450853,1.9189251303525041,min_cost_max_flow,117,3,117,6,177,9
move,"['move', 3, 1, 9]",True,3776,1.1894215668525803,0.0,1.9795663038360094,0.790144736983429,1.4908176680182805,1.5941199014017382,min_cost_max_flow,29,3,29,1,168,9
move,"['move', 3, 0, 9]",True,3776,1.1875001772245057,0.0,1.9795663038360094,0.7920661266115037,1.4939035725910799,2.7391662329932758,min_cost_max_flow,16,3,16,0,169,9
move,"['move', 3, 4, 9]",True,3776,1.3503352268031192,0.0,1.9795663038360094,0.62923107703289,1.0881098850659328,1.8765419520685185,min_cost_max_flow,78,3,78,4,170,9
move,"['move', 3, 4, 6]",True,3786,2.055877830161339,0.0,2.431304462140093,0.3754266319787544,0.45556475529883755,0.5658867065726035,min_cost_max_flow,81,3,81,4,116,6
move,"['move', 3, 3, 6]",True,3786,1.6376068533589911,0.0,2.431304462140093,0.7936976087811021,1.4976310028578155,2.973349671166857,min_cost_max_flow,56,3,56,3,117,6
move,"['move', 3, 9, 0]",True,3786,1.6049255489048933,0.0,2.431304462140093,0.8263789132352001,1.579472688259557,2.881066826835841,min_cost_max_flow,168,3,168,9,14,0
move,"['move', 3, 7, 6]",True,3786,2.0744328080452803,0.0,2.431304462140093,0.35687165409481275,0.408727457805071,0.8657885625142234,min_cost_max_flow,131,3,131,7,110,6
move,"['move', 3, 7, 4]",True,3796,1.6413012118278207,0.0,2.3544117276140506,0.7131105157862299,1.2985102936436306,1.4086674891697337,min_cost_max_flow,135,3,135,7,75,4
move,"['move', 3, 9, 4]",True,3796,1.7787804184082283,0.0,2.3544117276140506,0.5756313092058222,0.9542474836634938,1.785196508581293,min_cost_max_flow,169,3,169,9,78,4
move,"['move', 3, 9, 1]",True,3796,1.84316391049413,0.0,2.3544117276140506,0.5112478171199206,0.794253737461986,1.1418738330838758,min_cost_max_flow,170,3,170,9,29,1
move,"['move', 3, 7, 1]",True,3796,1.3856385782904215,0.0,2.3544117276140506,0.968773149323629,1.9367950749510783,1.9898691798697503,min_cost_max_flow,136,3,136,7,31,1
move,"['move', 4, 5, 4]",True,3806,1.3757109554644842,0.0,2.1320041042854183,0.7562931488209342,1.4391884996948647,1.922744615871057,min_cost_max_flow,94,4,94,5,85,4
move,"['move', 4, 2, 4]",True,3806,1.7303493522137718,0.0,2.1320041042854183,0.40165475207164636,0.5546304167291964,0.564138677503481,min_cost_max_flow,43,4,43,2,81,4
move,"['move', 4, 2, 6]",True,3806,1.5450188550047237,0.0,2.1320041042854183,0.5869852492806945,1.0171866913224221,1.0774509637666805,min_cost_max_flow,44,4,44,2,112,6
move,"['move', 4, 1, 6]",True,3806,1.5702180124161056,0.0,2.1320041042854183,0.6299901617443127,1.1239784009376308,1.5578319929912647,min_cost_max_flow,30,4,30,1,116,6
move,"['move', 3, 4, 2]",True,3816,1.266721657609516,0.0,1.6817805035970834,0.41505884598756754,0.5540728109990596,0.9475395877798107,min_cost_max_flow,75,3,75,4,40,2
move,"['move', 3, 0, 2]",True,3816,1.0144892467554616,0.0,1.6817805035970834,0.6672912568416218,1.1832763708662242,1.8658510997606186,min_cost_max_flow,14,3,14,0,41,2
move,"['move', 3, 6, 2]",True,3816,1.0387848558266934,0.0,1.6817805035970834,0.6829627350203901,1.222258076108119,1.9971779031110948,min_cost_max_flow,110,3,110,6,43,2
move,"['move', 3, 7, 2]",True,3816,0.8406622589333237,0.0,1.6817805035970834,0.8411182446637597,1.6179234151059063,1.8128013102023328,min_cost_max_flow,137,3,137,7,44,2
move,"['move', 24, 9, 0]",True,3826,1.3827104066942262,0.0,2.1305799205302476,0.7964087518360213,1.5322451082902262,1.45519659513331,min_cost_max_flow,166,24,166,9,14,0
move,"['move', 24, 1, 0]",True,3826,1.5472100187888387,0.0,2.1305799205302476,0.5833699017414089,0.9995564001219464,1.516251882965872,min_cost_max_flow,22,24,22,1,16,0
move,"['move', 24, 2, 0]",True,3826,1.238275851968037,0.0,2.1305799205302476,0.8923040685622106,1.7715314013548777,1.756529095681056,min_cost_max_flow,44,24,44,2,1,0
move,"['move', 24, 5, 0]",True,3826,1.4335784796927296,0.0,2.1305799205302476,0.697001440837518,1.2827666467201198,2.0953193110321378,min_cost_max_flow,93,24,93,5,4,0
move,"['move', 24, 0, 8]",True,3836,2.160093979886787,0.0,2.7318203725945027,0.5717263927077156,0.970873905091139,1.2320668473486058,min_cost_max_flow,1,24,1,0,150,8
move,"['move', 24, 9, 8]",True,3836,2.414007882144331,0.0,2.7318203725945027,0.3178124904501717,0.3374686970782932,0.31236842667268916,min_cost_max_flow,170,24,170,9,154,8
move,"['move', 24, 7, 8]",True,3836,2.1779988049845764,0.0,2.7318203725945027,0.5538215676099262,0.9267079342680518,0.834672233091129,min_cost_max_flow,141,24,141,7,155,8
move,"['move', 24, 5, 6]",True,3836,2.15661313400436,0.0,2.7318203725945027,0.5752072385901426,0.9792065599249327,1.4783734288644024,min_cost_max_flow,94,24,94,5,117,6
move,"['move', 24, 7, 5]",True,3846,1.6419865303721868,0.0,2.060451631225829,0.4184651008536422,0.5879460903524887,1.08179024965981,min_cost_max_flow,143,24,143,7,94,5
move,"['move', 24, 6, 9]",True,3846,1.5000015641647493,0.0,2.060451631225829,0.5604500670610796,0.9425328090728726,1.3322547817995825,min_cost_max_flow,117,24,117,6,170,9
move,"['move', 24, 8, 9]",True,3846,1.8233838550577235,0.0,2.060451631225829,0.2370677761681056,0.1358217852684902,0.16911916309781327,min_cost_max_flow,150,24,150,8,168,9
move,"['move', 24, 0, 9]",True,3846,1.6589362849544518,0.0,2.060451631225829,0.4015153462713771,0.5460586009940016,0.7571921848759998,min_cost_max_flow,4,24,4,0,169,9
move,"['move', 3, 2, 7]",True,3856,1.42828051082365,0.0,2.2093227953016426,0.7810422844779926,1.4672161043345113,2.157741514853828,min_cost_max_flow,40,3,40,2,131,7
move,"['move', 3, 4, 7]",True,3856,1.479502267533747,0.0,2.2093227953016426,0.7298205277678955,1.3402146492881002,1.4557836956327224,min_cost_max_flow,78,3,78,4,135,7
move,"['move', 3, 6, 7]",True,3856,1.7967677724665658,0.0,2.2093227953016426,0.4125550228350767,0.5479059810313629,0.885720978759595,min_cost_max_flow,116,3,116,6,136,7
move,"['move', 3, 9, 7]",True,3856,1.6645328331047131,0.0,2.2093227953016426,0.5447899621969295,0.8779537563023041,1.2454364012201353,min_cost_max_flow,177,3,177,9,139,7
move,"['move', 4, 4, 8]",True,3866,1.3801538398295432,0.0,2.1328660709172875,0.7527122310877442,1.431717543367995,0.9351859451343785,min_cost_max_flow,81,4,81,4,150,8
move,"['move', 4, 4, 5]",True,3866,1.4429286099128036,0.0,2.1328660709172875,0.6899374610044838,1.2726264573575463,2.3712931466661518,min_cost_max_flow,85,4,85,4,93,5
move,"['move', 4, 6, 8]",True,3866,1.407989166354236,0.0,2.1328660709172875,0.7248769045630514,1.360948325083882,1.7224539267215777,min_cost_max_flow,112,4,112,6,156,8
move,"['move', 4, 7, 5]",True,3866,1.5900142791964478,0.0,2.1328660709172875,0.5428517917208396,0.9063274828149588,1.4278273689842278,min_cost_max_flow,141,4,141,7,94,5
move,"['move', 22, 4, 7]",True,3876,1.5719752112298013,0.0,1.7569966130983627,0.21855902674356137,0.3560414908642997,0.2342557108799316,min_cost_max_flow,86,22,86,4,141,7
move,"['move', 22, 2, 7]",True,3876,1.4304136718225846,0.0,1.7569966130983627,0.3265829412757782,0.6257584489576402,0.46280786901427784,min_cost_max_flow,39,22,39,2,140,7
move,"['move', 22, 5, 1]",True,3876,1.4925688981227943,0.0,1.7569966130983627,0.2644277149755686,0.4702499584891484,0.543091014326196,min_cost_max_flow,98,22,98,5,22,1
move,"['move', 22, 3, 9]",True,3876,1.4470535168694132,0.0,1.7569966130983627,0.3099430962289496,0.5840995231556008,0.5023499923262309,min_cost_max_flow,72,22,72,3,166,9
move,"['move', 18, 0, 2]",True,3886,0.6872231819040134,0.0,1.3906222474447216,0.8069976843740415,1.5464393311049207,1.1306389013494487,min_cost_max_flow,2,18,2,0,39,2
move,"['move', 18, 3, 2]",True,3886,1.015920787176089,0.0,1.3906222474447216,0.3747014602686327,0.4662571113949525,0.7584118656470215,min_cost_max_flow,71,18,71,3,40,2
move,"['move', 18, 4, 5]",True,3886,0.9504834683270442,0.0,1.3906222474447216,0.4401387791176774,0.6298093612640514,0.7857767013222376,min_cost_max_flow,77,18,77,4,98,5
move,"['move', 18, 6, 5]",True,3886,1.1480284130964913,0.0,1.3906222474447216,0.24259383434823034,0.1366094930563122,0.34411422407001635,min_cost_max_flow,115,18,115,6,99,5
move,"['move', 2, 2, 5]",True,3896,1.0026918258299085,0.0,1.527329335427611,0.5246375095977024,0.8638806693488732,1.6845496461359868,min_cost_max_flow,46,2,46,2,103,5
move,"['move', 2, 4, 7]",True,3896,0.8687482534144573,0.0,1.527329335427611,0.6585810820131537,1.1982756621509907,1.9938418038097303,min_cost_max_flow,73,2,73,4,141,7
move,"['move', 2, 8, 7]",True,3896,1.0894337346758718,0.0,1.527329335427611,0.4378956007517391,0.648776801819622,0.5172799223645201,min_cost_max_flow,159,2,159,8,142,7
move,"['move', 2, 6, 7]",True,3896,1.0592314682894306,0.0,1.527329335427611,0.46809786713818036,0.7236816064396407,0.9178541530874286,min_cost_max_flow,113,2,113,6,143,7
move,"['move', 3, 2, 4]",True,3906,1.611743757981864,0.0,2.2828407016726535,0.6710969436907894,1.1927516272698995,1.891824912589641,min_cost_max_flow,41,3,41,2,85,4
move,"['move', 3, 1, 4]",True,3906,1.536888637074523,0.0,2.2828407016726535,0.8080235075981306,1.5335716488407343,2.889417044268345,min_cost_max_flow,31,3,31,1,73,4
move,"['move', 3, 6, 0]",True,3906,1.393609351260126,0.0,2.2828407016726535,0.8892313504125277,1.7371322370672715,2.5287629172387747,min_cost_max_flow,117,3,117,6,1,0
move,"['move', 3, 1, 0]",True,3906,1.4452322161735907,0.0,2.2828407016726535,0.8376084854990629,1.6082660626780125,2.4014376543032974,min_cost_max_flow,29,3,29,1,4,0
move,"['move', 24, 5, 7]",True,3916,1.6662789207723196,0.0,1.982978335984845,0.3166994152125253,0.3338714496640023,0.8554079734559681,min_cost_max_flow,94,24,94,5,129,7
move,"['move', 24, 1, 7]",True,3916,1.2345840583642342,0.0,1.982978335984845,0.7483942776206106,1.4118911635232507,1.6670360807657867,min_cost_max_flow,26,24,26,1,130,7
move,"['move', 24, 9, 7]",True,3916,1.3425826507016416,0.0,1.982978335984845,0.6403956852832035,1.1424540545485797,1.2941215015344891,min_cost_max_flow,168,24,168,9,131,7
move,"['move', 24, 9, 6]",True,3916,1.545046559175105,0.0,1.982978335984845,0.4379317768097398,0.636859213016578,0.9175017337630211,min_cost_max_flow,169,24,169,9,117,6
move,"['move', 24, 7, 4]",True,3926,1.960869901522111,0.0,2.2819751421469774,0.32110524062486634,0.34474991140450584,0.9461425003553621,min_cost_max_flow,129,24,129,7,75,4
move,"['move', 24, 9, 4]",True,3926,1.4466300412088762,0.0,2.2819751421469774,0.8353451009381012,1.629112831549719,1.7706295922712354,min_cost_max_flow,170,24,170,9,77,4
move,"['move', 24, 1, 4]",True,3926,1.4970368335415944,0.0,2.2819751421469774,0.791421036105383,1.5200515474425629,1.2713776091783384,min_cost_max_flow,28,24,28,1,78,4
move,"['move', 24, 0, 4]",True,3926,1.7041536714804977,0.0,2.2819751421469774,0.5778214706664798,0.9855792395683238,1.5869737938325557,min_cost_max_flow,14,24,14,0,81,4
move,"['move', 24, 4, 9]",True,3936,1.3563551104106084,0.0,2.063086256818771,0.7067311464081626,1.307852912330418,1.5873181885743233,min_cost_max_flow,75,24,75,4,170,9
move,"['move', 24, 4, 1]",True,3936,1.4643416708711587,0.0,2.063086256818771,0.5987445859476123,1.038427671934187,1.2265443518111576,min_cost_max_flow,77,24,77,4,26,1
move,"['move', 24, 7, 1]",True,3936,1.2663384945626763,0.0,2.063086256818771,0.7967477622560944,1.5315566421559197,2.4791913847928693,min_cost_max_flow,130,24,130,7,29,1
move,"['move', 24, 7, 3]",True,3936,1.4127758455730681,0.0,2.063086256818771,0.6503104112457028,1.1658930159173906,2.19269052649287,min_cost_max_flow,131,24,131,7,71,3
move,"['move', 24, 4, 7]",True,3946,0.6229871997305626,0.0,1.3878861207474076,0.764898921016845,1.4526675107481424,1.9905435912287328,min_cost_max_flow,78,24,78,4,137,7
move,"['move', 24, 4, 2]",True,3946,0.8599642667185978,0.0,1.3878861207474076,0.5279218540288098,0.8615221055806614,1.1257020561572424,min_cost_max_flow,81,24,81,4,41,2
move,"['move', 24, 0, 7]",True,3946,0.845612789709246,0.0,1.3878861207474076,0.5422733310381616,0.8970904883972253,1.3325751940343953,min_cost_max_flow,16,24,16,0,129,7
move,"['move', 24, 6, 7]",True,3946,0.8129807044516087,0.0,1.3878861207474076,0.5749054162957988,0.9784840476859245,1.4570110976302668,min_cost_max_flow,117,24,117,6,130,7
move,"['move', 4, 8, 0]",True,3956,1.4284360189417697,0.0,2.2064766913687817,0.7780406724270119,1.4935946133118705,1.8978748813301045,min_cost_max_flow,150,4,150,8,14,0
move,"['move', 4, 8, 7]",True,3956,1.380075009216938,0.0,2.2064766913687817,0.8264016821518437,1.6138156576562324,2.3521948598086007,min_cost_max_flow,156,4,156,8,131,7
move,"['move', 4, 5, 0]",True,3956,1.6175122658489878,0.0,2.2064766913687817,0.5889644255197938,1.0213178704871098,1.62195858580704,min_cost_max_flow,93,4,93,5,16,0
move,"['move', 4, 9, 4]",True,3956,1.8741324068944278,0.0,2.2064766913687817,0.3323442844743538,0.38100868336186977,0.7945149269004214,min_cost_max_flow,165,4,165,9,75,4
move,"['move', 3, 4, 6]",True,3966,2.126935378227666,0.0,2.5047255918867024,0.37779021365903614,0.4611580405035056,0.7763327039300969,min_cost_max_flow,73,3,73,4,110,6
move,"['move', 3, 4, 1]",True,3966,2.1064588601180376,0.0,2.5047255918867024,0.39826673176866484,0.5124375633022282,0.717514354162902,min_cost_max_flow,85,3,85,4,30,1
move,"['move', 3, 2, 9]",True,3966,1.5767182378370386,0.0,2.5047255918867024,0.9280073540496637,1.8340238169985241,2.5610490249637547,min_cost_max_flow,43,3,43,2,177,9
move,"['move', 3, 2, 1]",True,3966,1.8700357906768625,0.0,2.5047255918867024,0.6346898012098399,1.1019684809652972,1.7353516474086286,min_cost_max_flow,44,3,44,2,31,1
move,"['move', 13, 2, 9]",True,3976,1.8791414552526244,0.0,2.0566777719661014,0.27561273896347677,0.3772087486795499,0.5119345461563218,min_cost_max_flow,38,13,38,2,165,9
move,"['move', 13, 8, 4]",True,3976,1.472318396082173,0.0,2.0566777719661014,0.5843593758839283,1.1478418112528743,1.3342876980260046,min_cost_max_flow,148,13,148,8,85,4
move,"['move', 13, 7, 9]",True,3976,1.458939521110438,0.0,2.0566777719661014,0.5977382508556636,1.1815178122342331,1.181745330012123,min_cost_max_flow,138,13,138,7,166,9
move,"['move', 13, 0, 4]",True,3976,1.7373596807982397,0.0,2.0566777719661014,0.3193180911678618,0.4859549585162313,0.8567149956771125,min_cost_max_flow,3,13,3,0,73,4
move,"['move', 22, 8, 3]",True,3986,2.075043219334132,0.0,2.358248393081927,0.283205173747795,0.5173926678762655,0.41038270995874143,min_cost_max_flow,149,22,149,8,55,3
move,"['move', 22, 1, 3]",True,3986,2.2150206642162384,0.0,2.358248393081927,0.14322772886568846,0.1677984894704423,0.17742684366338327,min_cost_max_flow,22,22,22,1,56,3
move,"['move', 22, 5, 3]",True,3986,2.0255968974349505,0.0,2.358248393081927,0.33265149564697666,0.6408965311638894,0.48501035017879235,min_cost_max_flow,107,22,107,5,62,3
move,"['move', 22, 4, 0]",True,3986,2.074681750481232,0.0,2.358248393081927,0.2835666426006955,0.5183738143314258,0.3587331613526491,min_cost_max_flow,81,22,81,4,3,0
move,"['move', 4, 4, 6]",True,3996,1.0768677160062992,0.0,1.754535610808146,0.6776678948018469,1.2432474010856822,1.5080536568471496,min_cost_max_flow,75,4,75,4,117,6
move,"['move', 4, 0, 8]",True,3996,1.3786917209352585,0.0,1.754535610808146,0.3758438898728876,0.49031762951926794,0.4212264861912204,min_cost_max_flow,14,4,14,0,159,8
move,"['move', 4, 5, 6]",True,3996,1.3936631968466944,0.0,1.754535610808146,0.3608724139614516,0.4524003966653254,0.7469218697595723,min_cost_max_flow,94,4,94,5,112,6
move,"['move', 4, 0, 1]",True,3996,1.1753379976900247,0.0,1.754535610808146,0.5791976131181212,0.9972843025825568,1.36631651938811,min_cost_max_flow,16,4,16,0,22,1
move,"['move', 3, 9, 4]",True,4006,1.6161387183678202,0.0,2.4280523560196325,0.8119136376518123,1.544041163957445,2.3932903892642203,min_cost_max_flow,177,3,177,9,81,4
move,"['move', 3, 6, 4]",True,4006,2.115246388988859,0.0,2.4280523560196325,0.3128059670307739,0.2992599962235545,0.4012845101271273,min_cost_max_flow,110,3,110,6,75,4
move,"['move', 3, 7, 4]",True,4006,1.903070363921149,0.0,2.4280523560196325,0.5249819920984835,0.8283426634952775,1.3062147751611493,min_cost_max_flow,131,3,131,7,77,4
move,"['move', 3, 1, 4]",True,4006,1.7159755433317185,0.0,2.4280523560196325,0.712076812687914,1.2956976765490253,1.5609070550466195,min_cost_max_flow,30,3,30,1,78,4
move,"['move', 4, 8, 4]",True,4016,1.7239434400865536,0.0,2.3567282276618964,0.6327847875753426,1.1301889669557568,2.075164365957058,min_cost_max_flow,159,4,159,8,81,4
move,"['move', 4, 1, 4]",True,4016,1.5020923410067992,0.0,2.3567282276618964,0.8546358866550972,1.6847599505490507,2.113007103352037,min_cost_max_flow,22,4,22,1,83,4
move,"['move', 4, 3, 4]",True,4016,2.0321268676007636,0.0,2.3567282276618964,0.32460136006113266,0.3620249511950533,0.5454623494094387,min_cost_max_flow,67,4,67,3,84,4
move,"['move', 4, 7, 4]",True,4016,1.661511882875699,0.0,2.3567282276618964,0.6952163447861974,1.2864789801751613,1.9344175711120848,min_cost_max_flow,131,4,131,7,85,4
move,"['move', 3, 4, 6]",True,4026,1.18577394727013,0.0,1.8348544102909219,0.6506382292707918,1.1426604824955575,1.18806406215496,min_cost_max_flow,78,3,78,4,110,6
move,"['move', 3, 0, 6]",True,4026,1.1429667267617503,0.0,1.8348544102909219,0.6918876835291717,1.2445716978472774,1.9963442583081943,min_cost_max_flow,1,3,1,0,113,6
move,"['move', 3, 7, 9]",True,4026,1.1060953469374561,0.0,1.8348544102909219,0.7287590633534657,1.337892988580279,1.2344501434640205,min_cost_max_flow,135,3,135,7,177,9
move,"['move', 3, 7, 6]",True,4026,1.4710994329394937,0.0,1.8348544102909219,0.36375497735142825,0.4262761270147166,0.6388811837762997,min_cost_max_flow,136,3,136,7,115,6
move,"['move', 9, 1, 5]",True,4036,1.1628310323550561,0.0,1.3790537511457674,0.2910222856240447,0.5352635683084372,0.551055964140769,min_cost_max_flow,25,9,25,1,94,5
move,"['move', 9, 2, 1]",True,4036,1.1908053138277392,0.0,1.3790537511457674,0.18824843731802826,0.2787592650274746,0.26417764142188116,min_cost_max_flow,54,9,54,2,22,1
move,"['move', 9, 3, 1]",True,4036,1.0740592508190037,0.0,1.3790537511457674,0.3049945003267638,0.57016786220629,0.5685512034373907,min_cost_max_flow,58,9,58,3,30,1
move,"['move', 9, 4, 0]",True,4036,1.0632529118258993,0.0,1.3790537511457674,0.3374805686948682,0.6518287968210643,0.2713754070951963,min_cost_max_flow,90,9,90,4,2,0
move,"['move', 4, 2, 3]",True,4046,1.3379947634833662,0.0,1.6874158909631802,0.34942112747981396,0.42403630373155465,0.5708396895440365,min_cost_max_flow,46,4,46,2,67,3
move,"['move', 4, 4, 3]",True,4046,1.122817284729898,0.0,1.6874158909631802,0.6020919043582822,1.0550207292399136,1.032517481418481,min_cost_max_flow,85,4,85,4,72,3
move,"['move', 4, 1, 3]",True,4046,1.038925170772814,0.0,1.6874158909631802,0.6484907201903662,1.169268206693232,2.1988922326797207,min_cost_max_flow,29,4,29,1,58,3
move,"['move', 4, 6, 3]",True,4046,1.1266890457264382,0.0,1.6874158909631802,0.560726845236742,0.9510542787247687,1.4017192889481855,min_cost_max_flow,112,4,112,6,64,3
move,"['move', 3, 4, 2]",True,4056,2.8072951899634155,0.0,3.4035448084579825,0.596249618494567,1.00616601537331,1.5366908499453047,min_cost_max_flow,75,3,75,4,44,2
move,"['move', 3, 9, 2]",True,4056,2.5690002313637854,0.0,3.4035448084579825,0.8345445770941972,1.6005762415734353,2.4214710492453917,min_cost_max_flow,177,3,177,9,46,2
move,"['move', 3, 6, 5]",True,4056,3.091386667641966,0.0,3.4035448084579825,0.3121581408160162,0.2974433362833224,0.532680779019059,min_cost_max_flow,110,3,110,6,93,5
move,"['move', 3, 1, 2]",True,4056,2.97172211911739,0.0,3.4035448084579825,0.4318226893405925,0.5958132971063606,1.060287771287412,min_cost_max_flow,31,3,31,1,54,2
move,"['move', 2, 7, 8]",True,4066,1.5110612929930147,0.0,1.831102458963822,0.42901624034580726,0.6262803717181669,0.7159659801148811,min_cost_max_flow,143,2,143,7,159,8
move,"['move', 2, 4, 8]",True,4066,1.00978702240609,0.0,1.831102458963822,0.821315436557732,1.6061586493087816,1.2957746062463202,min_cost_max_flow,89,2,89,4,148,8
move,"['move', 2, 5, 6]",True,4066,1.1857437373183943,0.0,1.831102458963822,0.6453587216454276,1.1665841904759873,1.0842223076019337,min_cost_max_flow,103,2,103,5,110,6
move,"['move', 2, 3, 8]",True,4066,0.9698779951245373,0.0,1.831102458963822,0.8612244638392847,1.7045896741183242,2.190136869139214,min_cost_max_flow,57,2,57,3,156,8
move,"['move', 3, 5, 9]",True,4076,1.4969163965055987,0.0,2.2789969587826944,0.7820805622770957,1.4698360446855077,2.141577612694615,min_cost_max_flow,93,3,93,5,177,9
move,"['move', 3, 4, 1]",True,4076,1.6072108142651076,0.0,2.2789969587826944,0.6717861445175869,1.1931343320175074,2.785356458846854,min_cost_max_flow,77,3,77,4,25,1
move,"['move', 3, 2, 1]",True,4076,1.7008545252817933,0.0,2.2789969587826944,0.5781424335009011,0.9622331421051058,0.6466313726383304,min_cost_max_flow,44,3,44,2,28,1
move,"['move', 3, 2, 9]",True,4076,1.4832665340883047,0.0,2.2789969587826944,0.7957304246943897,1.5045117237750674,1.7742289151450115,min_cost_max_flow,46,3,46,2,168,9
move,"['move', 24, 2, 5]",True,4086,2.5237356244024243,0.0,2.883488450472178,0.359752826069754,0.4411951233560103,1.0619769408318351,min_cost_max_flow,41,24,41,2,93,5
move,"['move', 24, 3, 0]",True,4086,2.326053440684163,0.0,2.883488450472178,0.5574350097880154,0.9353747952118283,1.0791685673887437,min_cost_max_flow,71,24,71,3,14,0
move,"['move', 24, 8, 0]",True,4086,2.0145518374821276,0.0,2.883488450472178,0.8689366129900505,1.71099543805758,3.1680786736128357,min_cost_max_flow,154,24,154,8,16,0
move,"['move', 24, 8, 6]",True,4086,2.4570305817158418,0.0,2.883488450472178,0.4264578687563364,0.6083599812773173,0.7938094709311045,min_cost_max_flow,155,24,155,8,116,6
move,"['move', 3, 6, 5]",True,4096,2.8136037440486796,0.0,3.1812707215927474,0.4021689216690677,0.5221725170486025,0.7311950239181899,min_cost_max_flow,113,3,113,6,94,5
move,"['move', 3, 6, 8]",True,4096,2.7822926304885147,0.0,3.1812707215927474,0.3989780911042329,0.513906957115978,0.9235173709431028,min_cost_max_flow,115,3,115,6,149,8
move,"['move', 3, 4, 5]",True,4096,2.670645025665435,0.0,3.1812707215927474,0.5106256959273123,0.7926127393802744,1.1990038998778993,min_cost_max_flow,81,3,81,4,103,5
move,"['move', 3, 7, 8]",True,4096,2.659558227261756,0.0,3.1812707215927474,0.5217124943309912,0.8212305575507344,0.5984557923692834,min_cost_max_flow,139,3,139,7,154,8
move,"['move', 24, 7, 4]",True,4106,2.5690161890949974,0.0,2.9575944602991826,0.38857827120418514,0.5129368785492261,1.2765487027398117,min_cost_max_flow,129,24,129,7,75,4
move,"['move', 24, 5, 2]",True,4106,2.3782291584968553,0.0,2.9575944602991826,0.5793653018023271,0.9898733061636449,1.2973146233639685,min_cost_max_flow,93,24,93,5,44,2
move,"['move', 24, 0, 2]",True,4106,2.2480048659816605,0.0,2.9575944602991826,0.709589594317522,1.3158979477375397,0.9880410994255879,min_cost_max_flow,14,24,14,0,46,2
move,"['move', 24, 6, 3]",True,4106,2.1978912699250506,0.0,2.9575944602991826,0.759703190374132,1.4395977732056053,2.044150881731931,min_cost_max_flow,116,24,116,6,71,3
move,"['move', 2, 6, 2]",True,4116,1.6016309452690234,0.0,2.0590495100314534,0.49216385363743004,0.7829722591413883,1.5007298506717461,min_cost_max_flow,110,2,110,6,38,2
move,"['move', 2, 8, 9]",True,4116,1.6389219343282073,0.0,2.0590495100314534,0.42012757570324605,0.6042889791133348,0.5624533124008454,min_cost_max_flow,148,2,148,8,169,9
move,"['move', 2, 8, 5]",True,4116,1.2146149228039271,0.0,2.0590495100314534,0.8444345872275263,1.66288389104011,2.010864568351214,min_cost_max_flow,156,2,156,8,93,5
move,"['move', 2, 7, 2]",True,4116,1.3574612559878445,0.0,2.0590495100314534,0.701588254043609,1.306312695305678,1.6477730847770804,min_cost_max_flow,141,2,141,7,41,2
move,"['move', 24, 4, 8]",True,4126,2.257306715872833,0.0,2.805920236875024,0.5486135210021911,0.9128644010124844,1.3836167239108121,min_cost_max_flow,75,24,75,4,150,8
move,"['move', 24, 9, 8]",True,4126,2.3147797341099094,0.0,2.805920236875024,0.49114050276511434,0.7704142814836814,0.5619993479849605,min_cost_max_flow,170,24,170,9,155,8
move,"['move', 24, 0, 8]",True,4126,2.2159929615113225,0.0,2.805920236875024,0.5899272753637014,1.0167471313179703,0.9847204561039395,min_cost_max_flow,16,24,16,0,156,8
move,"['move', 24, 7, 8]",True,4126,2.2503933198094153,0.0,2.805920236875024,0.5560622365656086,0.9321544881095178,0.9380845982510959,min_cost_max_flow,137,24,137,7,158,8
move,"['move', 4, 4, 1]",True,4136,1.5545877830504993,0.0,2.057798513664944,0.6320543907811114,1.1287391804216895,1.824360731616475,min_cost_max_flow,84,4,84,4,29,1
move,"['move', 4, 9, 1]",True,4136,1.5876508031742045,0.0,2.057798513664944,0.4701477104907394,0.7251789969086531,1.0200159230207952,min_cost_max_flow,176,4,176,9,31,1
move,"['move', 4, 3, 1]",True,4136,1.3230911353920232,0.0,2.057798513664944,0.7347073782729209,1.3854948880034499,1.7422014967921178,min_cost_max_flow,58,4,58,3,32,1
move,"['move', 4, 4, 0]",True,4136,1.2788714846579357,0.0,2.057798513664944,0.7789270290070084,1.4956264596548863,2.0205716193136474,min_cost_max_flow,81,4,81,4,14,0
move,"['move', 23, 2, 4]",True,4146,1.7540245833859307,0.0,2.2869414401902057,0.532916856804275,0.9306436853730702,0.7019012989426087,min_cost_max_flow,45,23,45,2,81,4
move,"['move', 23, 3, 4]",True,4146,1.9230781782774167,0.0,2.2869414401902057,0.36386326191278895,0.5080738615433802,0.6591256995925376,min_cost_max_flow,59,23,59,3,75,4
move,"['move', 23, 5, 0]",True,4146,1.6156211475511952,0.0,2.2869414401902057,0.6713202926390104,1.2751644569725613,1.693779957174014,min_cost_max_flow,97,23,97,5,16,0
move,"['move', 23, 6, 4]",True,4146,1.8373027407997005,0.0,2.2869414401902057,0.47723017539050516,0.7911082279024413,0.9144039230788288,min_cost_max_flow,120,23,120,6,78,4
move,"['move', 4, 0, 9]",True,4156,1.9940407412513828,0.0,2.5848887813046098,0.590848040053227,1.02669616087951,1.1757892132622596,min_cost_max_flow,14,4,14,0,170,9
move,"['move', 4, 1, 9]",True,4156,2.2492021841133187,0.0,2.5848887813046098,0.41786096631629116,0.5947368821580312,0.8368521326883314,min_cost_max_flow,31,4,31,1,176,9
move,"['move', 4, 4, 9]",True,4156,1.9870572623382887,0.0,2.5848887813046098,0.597831518966321,1.0432006425980944,1.8119329226961267,min_cost_max_flow,83,4,83,4,171,9
move,"['move', 4, 6, 9]",True,4156,1.9255236506471323,0.0,2.5848887813046098,0.6593651306574775,1.1967015339469071,2.0340248420816773,min_cost_max_flow,116,4,116,6,175,9
move,"['move', 22, 7, 4]",True,4166,1.276818712706275,0.0,1.598167246844061,0.3213485341377861,0.6124605773875373,0.6040436857626504,min_cost_max_flow,140,22,140,7,77,4
move,"['move', 22, 6, 4]",True,4166,1.4015593541745066,0.0,1.598167246844061,0.19660789266955445,0.3012086500602891,0.2042594568754897,min_cost_max_flow,114,22,114,6,81,4
move,"['move', 22, 8, 5]",True,4166,1.2721652503571395,0.0,1.598167246844061,0.3380957011119216,0.6544609850971028,0.5157168362782552,min_cost_max_flow,154,22,154,8,107,5
move,"['move', 22, 0, 5]",True,4166,1.3998555176929721,0.0,1.598167246844061,0.3412866503177556,0.6621370500142802,0.7165889012166738,min_cost_max_flow,3,22,3,0,97,5
move,"['move', 22, 9, 1]",True,4176,1.7555889802968587,0.0,2.050976952404517,0.2953879721076581,0.547860511840554,0.40315066687159246,min_cost_max_flow,166,22,166,9,33,1
move,"['move', 22, 5, 0]",True,4176,1.6996657474447219,0.0,2.050976952404517,0.351311204959795,0.6873614909272874,0.6078860292774814,min_cost_max_flow,97,22,97,5,14,0
move,"['move', 22, 2, 0]",True,4176,1.7692209117319497,0.0,2.050976952404517,0.2817560406725672,0.5136813263088698,0.46938862950961807,min_cost_max_flow,47,22,47,2,1,0
move,"['move', 22, 3, 0]",True,4176,1.8327329145852143,0.0,2.050976952404517,0.21824403781930257,0.3549206374809728,0.4565097593331873,min_cost_max_flow,55,22,55,3,5,0
move,"['move', 4, 9, 2]",True,4186,0.868392153101989,0.0,1.6767986670753439,0.8084065139733548,1.568929905501136,2.284082665724421,min_cost_max_flow,170,4,170,9,47,2
move,"['move', 4, 3, 2]",True,4186,0.9883165154297652,0.0,1.6767986670753439,0.6884821516455787,1.2712123916717246,0.8884880057053597,min_cost_max_flow,64,4,64,3,43,2
move,"['move', 4, 9, 7]",True,4186,1.1228532313209565,0.0,1.6767986670753439,0.5539454357543874,0.9342561630910495,1.2981139075033052,min_cost_max_flow,171,4,171,9,131,7
move,"['move', 4, 3, 7]",True,4186,0.9680527028157577,0.0,1.6767986670753439,0.7087459642595861,1.320596878111246,1.7385180693700415,min_cost_max_flow,67,4,67,3,135,7
move,"['move', 4, 6, 4]",True,4196,1.3122910816650055,0.0,1.754452723969916,0.44216164230491034,0.6554113752936246,0.8883166899914741,min_cost_max_flow,117,4,117,6,83,4
move,"['move', 4, 2, 4]",True,4196,0.9984247670628611,0.0,1.754452723969916,0.7560279569070548,1.439100415140274,1.5394811291327448,min_cost_max_flow,43,4,43,2,84,4
move,"['move', 4, 3, 4]",True,4196,1.1019788533414685,0.0,1.754452723969916,0.6524738706284475,1.1813321530353278,0.7948454014179207,min_cost_max_flow,72,4,72,3,85,4
move,"['move', 4, 9, 4]",True,4196,1.2415471531068896,0.0,1.754452723969916,0.5129055708630265,0.8316508745338069,1.301864793396752,min_cost_max_flow,175,4,175,9,86,4
move,"['move', 24, 3, 9]",True,4206,0.9347477337631072,0.0,1.8299284492634014,0.8951807155002942,1.7781888508907286,2.112640968586594,min_cost_max_flow,71,24,71,3,170,9
move,"['move', 24, 1, 6]",True,4206,1.1594521276739882,0.0,1.8299284492634014,0.6704763215894133,1.2165674570715055,2.0195803299338126,min_cost_max_flow,26,24,26,1,116,6
move,"['move', 24, 1, 9]",True,4206,1.004610874498355,0.0,1.8299284492634014,0.8253175747650464,1.603649306765874,2.0337691597433256,min_cost_max_flow,29,24,29,1,166,9
move,"['move', 24, 7, 6]",True,4206,1.3306576192767925,0.0,1.8299284492634014,0.4992708299866089,0.7903040685196174,0.8526866931851539,min_cost_max_flow,130,24,130,7,117,6
move,"['move', 3, 5, 7]",True,4216,1.6658312342074213,0.0,2.4249345422172106,0.7591033080097893,1.41268511745875,1.94677198502242,min_cost_max_flow,94,3,94,5,136,7
move,"['move', 3, 8, 6]",True,4216,2.0241229009339725,0.0,2.4249345422172106,0.4008116412832381,0.5182885033937055,1.0584034841335423,min_cost_max_flow,149,3,149,8,110,6
move,"['move', 3, 5, 6]",True,4216,1.6693552046089728,0.0,2.4249345422172106,0.7555793376082377,1.4037479529506527,2.031597654501336,min_cost_max_flow,103,3,103,5,112,6
move,"['move', 3, 8, 7]",True,4216,1.8654076142525198,0.0,2.4249345422172106,0.559526927964691,0.9156345349838375,0.6865268931335127,min_cost_max_flow,154,3,154,8,138,7
move,"['move', 3, 6, 5]",True,4226,1.3691335437432746,0.0,1.6781800419513342,0.3090464982080597,0.28945535473758355,0.6719307962507737,min_cost_max_flow,110,3,110,6,94,5
move,"['move', 3, 6, 8]",True,4226,1.085337268450604,0.0,1.6781800419513342,0.5928427735007301,0.9980365147785051,1.278282923420448,min_cost_max_flow,112,3,112,6,154,8
move,"['move', 3, 7, 8]",True,4226,1.073914001750262,0.0,1.6781800419513342,0.6042660402010722,1.0262835459434427,1.485706647365601,min_cost_max_flow,136,3,136,7,148,8
move,"['move', 3, 9, 5]",True,4226,1.0720502303329909,0.0,1.6781800419513342,0.6061298116183435,1.030491485427774,1.7866993532632978,min_cost_max_flow,168,3,168,9,97,5
move,"['move', 3, 8, 6]",True,4236,1.9649800721866084,0.0,2.271701516388729,0.30672144420212055,0.28358334342192393,0.7115149967920025,min_cost_max_flow,148,3,148,8,110,6
move,"['move', 3, 8, 3]",True,4236,1.6522819572234866,0.0,2.271701516388729,0.6194195591652424,1.0634187444957206,1.984772552797241,min_cost_max_flow,154,3,154,8,67,3
move,"['move', 3, 5, 4]",True,4236,1.5739655686252414,0.0,2.271701516388729,0.6977359477634876,1.259382511358126,1.8695756416023148,min_cost_max_flow,94,3,94,5,87,4
move,"['move', 3, 5, 6]",True,4236,1.7679859539312526,0.0,2.271701516388729,0.5037155624574763,0.77576557482098,0.9135578230141909,min_cost_max_flow,97,3,97,5,112,6
move,"['move', 23, 0, 5]",True,4252,1.564062186714652,0.0,2.131197289058621,0.5671351023439688,1.0148838878958486,1.57217551658006,min_cost_max_flow,16,23,16,0,94,5
move,"['move', 23, 3, 2]",True,4252,1.8401614745768307,0.0,2.131197289058621,0.29103581448179017,0.32645552030589897,0.3589408062487033,min_cost_max_flow,61,23,61,3,43,2
move,"['move', 23, 4, 5]",True,4252,1.7276540238395497,0.0,2.131197289058621,0.40354326521907125,0.6071191910741618,0.7622448562086207,min_cost_max_flow,75,23,75,4,97,5
move,"['move', 23, 4, 1]",True,4252,1.7201538952857451,0.0,2.131197289058621,0.4110433937728757,0.6259664512108429,0.6976190214285293,min_cost_max_flow,78,23,78,4,26,1
move,"['move', 3, 4, 5]",True,4262,1.9537629764465532,0.0,2.3514010579286655,0.3976380814821123,0.5109016883870936,0.6936804866651229,min_cost_max_flow,87,3,87,4,103,5
move,"['move', 3, 6, 5]",True,4262,1.6067902451080744,0.0,2.3514010579286655,0.7446108128205912,1.3752892258271459,2.723207757428395,min_cost_max_flow,110,3,110,6,104,5
move,"['move', 3, 3, 5]",True,4262,1.8432986867896708,0.0,2.3514010579286655,0.5081023711389947,0.7863038659415906,1.1993782118043754,min_cost_max_flow,67,3,67,3,106,5
move,"['move', 3, 2, 5]",True,4262,1.7030492870107925,0.0,2.3514010579286655,0.648351770917873,1.1359703976704623,1.837356690687031,min_cost_max_flow,54,3,54,2,91,5
move,"['move', 3, 5, 8]",True,4272,1.6637576353878698,0.0,2.4302044481898966,0.7664468128020266,1.4312710466911085,1.7953271505124704,min_cost_max_flow,91,3,91,5,154,8
move,"['move', 3, 5, 2]",True,4272,1.7451973657755429,0.0,2.4302044481898966,0.6850070824143537,1.2280510868367855,1.5424164072728397,min_cost_max_flow,103,3,103,5,54,2
move,"['move', 3, 5, 3]",True,4272,2.050714334155338,0.0,2.4302044481898966,0.37949011403455857,0.46539639415277634,0.7839308969536226,min_cost_max_flow,104,3,104,5,67,3
move,"['move', 3, 1, 2]",True,4272,1.819216261088039,0.0,2.4302044481898966,0.6868624427268577,1.2337117561182822,0.860904073781687,min_cost_max_flow,28,3,28,1,44,2
move,"['move', 3, 8, 4]",True,4282,1.3731554376843573,0.0,2.1312631847629073,0.7581077470785499,1.4093788141472032,2.491705973987904,min_cost_max_flow,154,3,154,8,75,4
move,"['move', 3, 5, 4]",True,4282,1.488315277966438,0.0,2.1312631847629073,0.6429479067964693,1.122275395093311,1.9609182064483888,min_cost_max_flow,106,3,106,5,78,4
move,"['move', 3, 3, 6]",True,4282,1.4543564227863581,0.0,2.1312631847629073,0.6769067619765492,1.2069686394970631,2.0968472374135585,min_cost_max_flow,67,3,67,3,110,6
move,"['move', 3, 9, 6]",True,4282,1.2452925531441013,0.0,2.1312631847629073,0.8859706316188061,1.7294690764319967,2.2030053512194328,min_cost_max_flow,177,3,177,9,113,6
move,"['move', 3, 4, 5]",True,4292,1.3509453735804102,0.0,2.059395944989366,0.708450571408956,1.286382423757459,1.7273401178275642,min_cost_max_flow,75,3,75,4,103,5
move,"['move', 3, 6, 9]",True,4292,1.3532760774334043,0.0,2.059395944989366,0.7061198675559619,1.2812259635611554,1.2804738270400207,min_cost_max_flow,110,3,110,6,177,9
move,"['move', 3, 1, 9]",True,4292,1.5520444322787408,0.0,2.059395944989366,0.5195103824606253,0.8152830308608827,0.8932871349940681,min_cost_max_flow,25,3,25,1,168,9
move,"['move', 3, 0, 9]",True,4292,1.547834517606402,0.0,2.059395944989366,0.5115614273829643,0.7953701431324589,0.9202871578415492,min_cost_max_flow,4,3,4,0,170,9
move,"['move', 4, 4, 6]",True,4302,1.3130926740102284,0.0,1.909924934771014,0.6463880632607857,1.164517794670246,1.8614053653693479,min_cost_max_flow,83,4,83,4,110,6
move,"['move', 4, 7, 3]",True,4302,1.0852006279289375,0.0,1.909924934771014,0.8247243068420766,1.6092929539518082,2.5717051464795215,min_cost_max_flow,131,4,131,7,67,3
move,"['move', 4, 9, 3]",True,4302,1.1996403941000136,0.0,1.909924934771014,0.7102845406710006,1.3238361219555372,2.143316192200072,min_cost_max_flow,176,4,176,9,71,3
move,"['move', 4, 2, 3]",True,4302,1.202472051760584,0.0,1.909924934771014,0.7074528830104301,1.3170914153888589,1.9203578023681824,min_cost_max_flow,47,4,47,2,55,3
move,"['move', 3, 5, 1]",True,4312,1.2816945937723876,0.0,2.0594083126411658,0.7777137188687782,1.4598340525699314,1.5315000092163769,min_cost_max_flow,103,3,103,5,29,1
move,"['move', 3, 4, 1]",True,4312,1.33057013064062,0.0,2.0594083126411658,0.7288381820005457,1.3373802723435801,1.708125379729756,min_cost_max_flow,78,3,78,4,31,1
move,"['move', 3, 2, 0]",True,4312,1.19228905995255,0.0,2.0594083126411658,0.8671192526886158,1.682381830214581,2.175537945846054,min_cost_max_flow,44,3,44,2,16,0
move,"['move', 3, 9, 1]",True,4312,1.3176686098085515,0.0,2.0594083126411658,0.7417397028326143,1.3686572488877573,2.359342403725946,min_cost_max_flow,168,3,168,9,34,1
move,"['move', 3, 6, 5]",True,4322,1.5449871397397064,0.0,2.358995409377776,0.8140082696380695,1.549553822100279,2.2092382711367597,min_cost_max_flow,112,3,112,6,103,5
move,"['move', 3, 9, 3]",True,4322,1.4886584903617888,0.0,2.358995409377776,0.8703369190159871,1.691014163705404,1.7834261642494844,min_cost_max_flow,170,3,170,9,57,3
move,"['move', 3, 1, 8]",True,4322,2.009273559798166,0.0,2.358995409377776,0.3497218495796101,0.39149837034347,0.4355060115771427,min_cost_max_flow,29,3,29,1,154,8
move,"['move', 3, 2, 8]",True,4322,1.6975416811316864,0.0,2.358995409377776,0.6614537282460894,1.1684621476888424,2.0127855587943384,min_cost_max_flow,54,3,54,2,148,8
move,"['move', 3, 8, 2]",True,4332,0.9706210754039177,0.0,1.9126128176216193,0.9419917422177015,1.8694382445755764,2.2587442536587283,min_cost_max_flow,148,3,148,8,47,2
move,"['move', 3, 8, 6]",True,4332,1.320838000035811,0.0,1.9126128176216193,0.5917748175858081,0.9948104544891976,1.6490632580886568,min_cost_max_flow,154,3,154,8,112,6
move,"['move', 3, 5, 2]",True,4332,1.2616107574548083,0.0,1.9126128176216193,0.651002060166811,1.1427101110457443,1.761363188728963,min_cost_max_flow,103,3,103,5,54,2
move,"['move', 3, 3, 2]",True,4332,1.234678133633232,0.0,1.9126128176216193,0.6779346839883873,1.210734351298015,1.2995760565090628,min_cost_max_flow,57,3,57,3,44,2
move,"['move', 22, 0, 9]",True,4342,2.0484934442672396,0.0,2.2712573032944503,0.2227638590272107,0.36657481760630617,0.22009168895779244,min_cost_max_flow,1,22,1,0,176,9
move,"['move', 22, 5, 8]",True,4342,2.088067560892318,0.0,2.2712573032944503,0.2974577805271323,0.553077283577295,0.37498354150119717,min_cost_max_flow,107,22,107,5,154,8
move,"['move', 22, 1, 9]",True,4342,1.9634890485008696,0.0,2.2712573032944503,0.30776825479358083,0.5784866199610406,0.6195497297517533,min_cost_max_flow,33,22,33,1,168,9
move,"['move', 22, 3, 8]",True,4342,2.0243474701319304,0.0,2.2712573032944503,0.24690983316252,0.42666654883214505,0.40222776391408743,min_cost_max_flow,56,22,56,3,148,8
move,"['move', 3, 2, 4]",True,4352,1.4570260703650921,0.0,2.0562943746156517,0.5992683042505595,1.0137054117658408,1.5415695149122581,min_cost_max_flow,44,3,44,2,75,4
move,"['move', 3, 6, 4]",True,4352,1.4482114921600318,0.0,2.0562943746156517,0.6080828824556199,1.0357339080801466,1.5468689804757418,min_cost_max_flow,112,3,112,6,83,4
move,"['move', 3, 0, 4]",True,4352,1.2478469956105118,0.0,2.0562943746156517,0.8084473790051399,1.535349829995539,2.410415286080678,min_cost_max_flow,16,3,16,0,87,4
move,"['move', 3, 7, 4]",True,4352,1.646672024993406,0.0,2.0562943746156517,0.4096223496222457,0.5401460590437637,1.1712136157740176,min_cost_max_flow,138,3,138,7,88,4
move,"['move', 3, 4, 0]",True,4362,2.032692530979177,0.0,2.657655250378454,0.6249627193992771,1.077466879694839,1.8579494767760518,min_cost_max_flow,75,3,75,4,16,0
move,"['move', 3, 1, 7]",True,4362,1.8659578384296027,0.0,2.657655250378454,0.7916974119488513,1.493759527518705,2.2206718434891632,min_cost_max_flow,31,3,31,1,131,7
move,"['move', 3, 2, 7]",True,4362,1.7059089258702709,0.0,2.657655250378454,0.9517463245081832,1.8943901601960533,1.8817709908101337,min_cost_max_flow,47,3,47,2,136,7
move,"['move', 3, 6, 7]",True,4362,1.7462778763808924,0.0,2.657655250378454,0.9113773739975617,1.7943490412726533,1.2942660887074882,min_cost_max_flow,113,3,113,6,137,7
move,"['move', 2, 2, 3]",True,4372,1.1952454759725186,0.0,1.4516786769930605,0.2564332010205419,0.19525593864818802,0.42718915132522595,min_cost_max_flow,38,2,38,2,72,3
move,"['move', 2, 9, 6]",True,4372,0.8963890247965759,0.0,1.4516786769930605,0.5552896521964846,0.9410017649133806,1.3573902677681122,min_cost_max_flow,169,2,169,9,113,6
move,"['move', 2, 2, 4]",True,4372,1.1852652016923089,0.0,1.4516786769930605,0.26641347530075155,0.2200387007324025,0.5391382288649542,min_cost_max_flow,41,2,41,2,75,4
move,"['move', 2, 5, 3]",True,4372,0.994051100455482,0.0,1.4516786769930605,0.4576275765375786,0.6976291609244072,0.835666828906906,min_cost_max_flow,93,2,93,5,56,3
move,"['move', 18, 0, 6]",True,4382,0.8524911402272983,0.0,1.383722122729485,0.5312309825021866,0.8560107337398222,1.8052006916570997,min_cost_max_flow,7,18,7,0,115,6
move,"['move', 18, 0, 4]",True,4382,0.4593872755062195,0.0,1.383722122729485,0.9243348472232654,1.8373476976557868,2.753665949478696,min_cost_max_flow,11,18,11,0,78,4
move,"['move', 18, 1, 6]",True,4382,0.8468060864895959,0.0,1.383722122729485,0.536916036239889,0.8709412781245192,1.326593998029894,min_cost_max_flow,26,18,26,1,116,6
move,"['move', 18, 2, 6]",True,4382,0.7102202798898006,0.0,1.383722122729485,0.6735018428396843,1.2117215627295082,1.7827485943625345,min_cost_max_flow,39,18,39,2,117,6
move,"['move', 4, 4, 2]",True,4392,1.1850943216618466,0.0,1.604397267477469,0.49109428044062237,0.7777039827269618,0.9143086272866319,min_cost_max_flow,85,4,85,4,47,2
move,"['move', 4, 4, 5]",True,4392,1.0081084846422448,0.0,1.604397267477469,0.6580504554602242,1.1941588862391654,1.537997985153976,min_cost_max_flow,84,4,84,4,93,5
move,"['move', 4, 6, 2]",True,4392,1.1175254787035056,0.0,1.604397267477469,0.48687178877396325,0.7659158966343966,1.7355465778981842,min_cost_max_flow,110,4,110,6,38,2
move,"['move', 4, 1, 2]",True,4392,1.0685865032763364,0.0,1.604397267477469,0.5358107642011325,0.8884600339224562,1.6044140978073245,min_cost_max_flow,29,4,29,1,39,2
move,"['move', 3, 4, 6]",True,4402,2.019543235503896,0.0,2.7317816629311586,0.7122384274272627,1.2957615236155107,1.7877002429710622,min_cost_max_flow,83,3,83,4,110,6
move,"['move', 3, 2, 6]",True,4402,2.0502731215353855,0.0,2.7317816629311586,0.681508541395773,1.2176038622128544,2.6763311255923257,min_cost_max_flow,54,3,54,2,112,6
move,"['move', 3, 1, 6]",True,4402,2.0406535977169673,0.0,2.7317816629311586,0.6911280652141912,1.2418312596637406,2.5572725223652895,min_cost_max_flow,34,3,34,1,118,6
move,"['move', 3, 0, 6]",True,4402,2.0020819285917253,0.0,2.7317816629311586,0.7296997343394334,1.337910106885829,2.7908229163766824,min_cost_max_flow,16,3,16,0,119,6
move,"['move', 3, 4, 2]",True,4412,1.8320905573364565,0.0,2.357232511975181,0.5251419546387246,0.8293109517835546,0.9272934833781805,min_cost_max_flow,87,3,87,4,54,2
move,"['move', 3, 9, 2]",True,4412,1.5948832249801281,0.0,2.357232511975181,0.762349286995053,1.4212257336475886,1.6629928345695502,min_cost_max_flow,177,3,177,9,41,2
move,"['move', 3, 4, 0]",True,4412,1.5360065749005634,0.0,2.357232511975181,0.8212259370746178,1.567101892309438,2.5399705259445273,min_cost_max_flow,88,3,88,4,7,0
move,"['move', 3, 7, 0]",True,4412,1.5948084209352125,0.0,2.357232511975181,0.7624240910399687,1.4209040512359934,2.002121183825685,min_cost_max_flow,131,3,131,7,16,0
move,"['move', 4, 1, 9]",True,4422,1.525356413447534,0.0,2.059844811755884,0.5344883983083499,0.8862622639135225,0.8656509491254225,min_cost_max_flow,32,4,32,1,177,9
move,"['move', 4, 5, 9]",True,4422,1.419360232436073,0.0,2.059844811755884,0.6404845793198108,1.15016634510539,1.5898985069819593,min_cost_max_flow,93,4,93,5,169,9
move,"['move', 4, 3, 6]",True,4422,1.3607286394167237,0.0,2.059844811755884,0.6991161723391601,1.2965875223599141,1.695102036214736,min_cost_max_flow,55,4,55,3,120,6
move,"['move', 4, 7, 9]",True,4422,1.5196356266985038,0.0,2.059844811755884,0.5402091850573801,0.9007047755585518,0.7719544341563973,min_cost_max_flow,135,4,135,7,170,9
move,"['move', 2, 0, 2]",True,4432,1.3164364052002833,0.0,1.756891693892266,0.44045528869198275,0.6551238105239463,0.5520873532210148,min_cost_max_flow,8,2,8,0,44,2
move,"['move', 2, 0, 9]",True,4432,1.1766627125808566,0.0,1.756891693892266,0.5802289813114094,1.004630420524336,0.5038350520057114,min_cost_max_flow,9,2,9,0,171,9
move,"['move', 2, 6, 5]",True,4432,1.077669810967954,0.0,1.756891693892266,0.7046354954243123,1.3144367788045201,1.3104530533876209,min_cost_max_flow,113,2,113,6,107,5
move,"['move', 2, 7, 9]",True,4432,1.1529028540309816,0.0,1.756891693892266,0.6039888398612845,1.062713298255403,1.3816808144195145,min_cost_max_flow,142,2,142,7,172,9
move,"['move', 2, 9, 7]",True,4442,1.4015608228810774,0.0,1.9769463813827586,0.5753855585016812,0.9914927504869411,1.189910394055312,min_cost_max_flow,171,2,171,9,131,7
move,"['move', 2, 5, 7]",True,4442,1.2794208348459994,0.0,1.9769463813827586,0.697525546536759,1.2964242552188807,1.46888729789196,min_cost_max_flow,107,2,107,5,135,7
move,"['move', 2, 8, 6]",True,4442,1.2311957254656938,0.0,1.9769463813827586,0.7457506559170648,1.4170721945120022,1.4121100696540163,min_cost_max_flow,159,2,159,8,114,6
move,"['move', 2, 9, 0]",True,4442,1.308535498495498,0.0,1.9769463813827586,0.6684108828872606,1.2237029807292856,1.4252975417913383,min_cost_max_flow,172,2,172,9,1,0
move,"['move', 3, 2, 1]",True,4452,0.7520850062659467,0.0,1.4600449433689222,0.7079599371029756,1.284648302833375,2.0656968905827737,min_cost_max_flow,41,3,41,2,29,1
move,"['move', 3, 0, 1]",True,4452,1.2424487549879701,0.0,1.4600449433689222,0.21759618838095207,0.06161251698358683,0.14997292040258658,min_cost_max_flow,7,3,7,0,25,1
move,"['move', 3, 7, 1]",True,4452,0.7721001193006569,0.0,1.4600449433689222,0.7102874666932653,1.2913112397000077,1.5029549633105337,min_cost_max_flow,137,3,137,7,26,1
move,"['move', 3, 6, 1]",True,4452,0.6766211663884871,0.0,1.4600449433689222,0.872963524605435,1.6971359850504086,2.07988791665966,min_cost_max_flow,118,3,118,6,28,1
move,"['move', 13, 4, 8]",True,4462,2.11448294653363,0.0,2.5871191845278245,0.4726362379941948,0.869445848329633,0.7263664972976664,min_cost_max_flow,73,13,73,4,159,8
move,"['move', 13, 1, 7]",True,4462,1.917206008001087,0.0,2.5871191845278245,0.6699131765267373,1.3608148532657651,1.9419274274471017,min_cost_max_flow,23,13,23,1,138,7
move,"['move', 13, 5, 7]",True,4462,2.347487698853028,0.0,2.5871191845278245,0.23963148567479647,0.2871163175077527,0.604799846220707,min_cost_max_flow,104,13,104,5,139,7
move,"['move', 13, 0, 8]",True,4462,2.3379112529746893,0.0,2.5871191845278245,0.2492079315531353,0.3114308981821523,0.3558225271856751,min_cost_max_flow,6,13,6,0,149,8
move,"['move', 24, 2, 1]",True,4472,0.8588198900747155,0.0,1.6847254785767025,0.825905588501987,1.606976139381004,0.7959036445575858,min_cost_max_flow,44,24,44,2,23,1
move,"['move', 24, 6, 5]",True,4472,1.141862367599388,0.0,1.6847254785767025,0.5428631109773145,0.8979634848074056,1.7335441525023718,min_cost_max_flow,116,24,116,6,104,5
move,"['move', 24, 6, 1]",True,4472,0.9706756259822376,0.0,1.6847254785767025,0.714049852594465,1.3259612848196412,1.712913506262824,min_cost_max_flow,117,24,117,6,29,1
move,"['move', 24, 2, 5]",True,4472,0.9115002286242958,0.0,1.6847254785767025,0.7732252499524067,1.4728958685300313,2.3821866292389653,min_cost_max_flow,46,24,46,2,107,5
move,"['move', 14, 1, 4]",True,4482,0.906996515661722,0.0,1.45624169339869,0.5805990232369679,1.1581616023104289,1.5073278059595372,min_cost_max_flow,27,14,27,1,73,4
move,"['move', 14, 2, 4]",True,4482,1.1756576180340534,0.0,1.45624169339869,0.2805840753646366,0.40937971008679597,0.6703428344960985,min_cost_max_flow,48,14,48,2,83,4
move,"['move', 14, 3, 4]",True,4482,1.1227333793051422,0.0,1.45624169339869,0.4026407188435476,0.7148229866143083,0.4692309476728216,min_cost_max_flow,68,14,68,3,84,4
move,"['move', 14, 5, 0]",True,4482,0.9492123454234952,0.0,1.45624169339869,0.5070293479751947,0.9754827703727642,0.6770903281142713,min_cost_max_flow,95,14,95,5,7,0
move,"['move', 22, 7, 2]",True,4492,1.925760687819987,0.0,2.2757040526242154,0.3499433648042284,0.6838204973464599,0.6888148238846992,min_cost_max_flow,141,22,141,7,46,2
move,"['move', 22, 9, 5]",True,4492,2.031232466839447,0.0,2.2757040526242154,0.24447158578476852,0.4204221207619412,0.5014341811308249,min_cost_max_flow,168,22,168,9,93,5
move,"['move', 22, 0, 1]",True,4492,1.9463973311519491,0.0,2.2757040526242154,0.32930672147226625,0.6323098536959151,0.634838370977739,min_cost_max_flow,5,22,5,0,32,1
move,"['move', 22, 3, 5]",True,4492,2.0539257438580854,0.0,2.2757040526242154,0.22177830876613008,0.3641383390422561,0.2018269631901735,min_cost_max_flow,62,22,62,3,95,5
move,"['move', 24, 8, 3]",True,4502,1.0390096576577807,0.0,1.984700649361681,0.9724759788289004,1.9723930333493627,1.4686248771741313,min_cost_max_flow,155,24,155,8,68,3
move,"['move', 24, 9, 3]",True,4502,1.2689943798887173,0.0,1.984700649361681,0.7157062694729637,1.330485634105571,1.4573754464739808,min_cost_max_flow,166,24,166,9,57,3
move,"['move', 24, 1, 3]",True,4502,1.6503649715333317,0.0,1.984700649361681,0.33433567782834916,0.3782005960820243,0.6964147211477609,min_cost_max_flow,23,24,23,1,58,3
move,"['move', 24, 8, 7]",True,4502,1.2568568403593252,0.0,1.984700649361681,0.7278438090023558,1.3600175521351048,1.9986626424384701,min_cost_max_flow,150,24,150,8,141,7
move,"['move', 3, 2, 9]",True,4512,1.6819474805027244,0.0,2.3571178313943326,0.6751703508916083,1.2037424288428156,1.3536358653437435,min_cost_max_flow,54,3,54,2,166,9
move,"['move', 3, 1, 9]",True,4512,1.6900492427454221,0.0,2.3571178313943326,0.6670685886489106,1.1836748015193734,1.2291170098090223,min_cost_max_flow,25,3,25,1,168,9
move,"['move', 3, 7, 9]",True,4512,1.9322312470111633,0.0,2.3571178313943326,0.4248865843831694,0.578357613136177,1.137235489038003,min_cost_max_flow,136,3,136,7,171,9
move,"['move', 3, 0, 3]",True,4512,1.5957130546175269,0.0,2.3571178313943326,0.7614047767768057,1.4177792326154304,2.3864764922629886,min_cost_max_flow,16,3,16,0,59,3
move,"['move', 3, 3, 0]",True,4522,1.530850708842442,0.0,2.2835703349474152,0.7527196261049733,1.3959942844012403,2.434524182002334,min_cost_max_flow,59,3,59,3,16,0
move,"['move', 3, 1, 2]",True,4522,1.5361722216696032,0.0,2.2835703349474152,0.747398113277812,1.3828004437309573,2.3612299169220963,min_cost_max_flow,26,3,26,1,48,2
move,"['move', 3, 9, 0]",True,4522,1.785035964955586,0.0,2.2835703349474152,0.4985343699918292,0.7634720656060381,0.47390985689696197,min_cost_max_flow,166,3,166,9,3,0
move,"['move', 3, 9, 7]",True,4522,1.5542114670605423,0.0,2.2835703349474152,0.729358867886873,1.3395987698459066,1.0969368553908332,min_cost_max_flow,168,3,168,9,136,7
move,"['move', 24, 3, 2]",True,4532,2.414748046668492,0.0,2.809139877496841,0.39439183082834883,0.5280059384895139,0.9197747828207884,min_cost_max_flow,57,24,57,3,54,2
move,"['move', 24, 3, 6]",True,4532,2.4161783343401377,0.0,2.809139877496841,0.3929615431567034,0.5248086065766984,0.6675166052886521,min_cost_max_flow,58,24,58,3,113,6
move,"['move', 24, 8, 2]",True,4532,2.0289162308750948,0.0,2.809139877496841,0.7802236466217465,1.490330126383924,2.4233425088768925,min_cost_max_flow,156,24,156,8,41,2
move,"['move', 24, 9, 2]",True,4532,2.2213908621817167,0.0,2.809139877496841,0.5877490153151245,1.0109993768492131,1.1861233543140015,min_cost_max_flow,170,24,170,9,44,2
move,"['move', 24, 2, 4]",True,4542,1.0619096652243711,0.0,1.7553150503291466,0.6934053851047755,1.273974308889592,1.9634516434797247,min_cost_max_flow,41,24,41,2,85,4
move,"['move', 24, 3, 4]",True,4542,1.055667918798536,0.0,1.7553150503291466,0.6996471315306104,1.291631578511442,0.5948492719712923,min_cost_max_flow,68,24,68,3,87,4
move,"['move', 24, 8, 4]",True,4542,1.2455230679371183,0.0,1.7553150503291466,0.5097919823920283,0.816319351310085,1.0444188419057006,min_cost_max_flow,158,24,158,8,88,4
move,"['move', 24, 7, 4]",True,4542,0.9858655331403882,0.0,1.7553150503291466,0.7694495171887584,1.4651503590503125,1.2529716763042846,min_cost_max_flow,141,24,141,7,89,4
move,"['move', 24, 4, 0]",True,4552,1.1651014465511988,0.0,1.9057153076721312,0.7406138611209323,1.3919436983705964,1.9979853497382434,min_cost_max_flow,85,24,85,4,4,0
move,"['move', 24, 2, 7]",True,4552,1.218321058402054,0.0,1.9057153076721312,0.6873942492700771,1.258345946080226,2.3638004585598447,min_cost_max_flow,44,24,44,2,141,7
move,"['move', 24, 4, 3]",True,4552,1.2202869515238657,0.0,1.9057153076721312,0.6854283561482655,1.256143806160253,0.5554052021891454,min_cost_max_flow,87,24,87,4,68,3
move,"['move', 24, 6, 0]",True,4552,1.3890251750046583,0.0,1.9057153076721312,0.5166901326674729,0.8336772316761198,0.9694157236235231,min_cost_max_flow,113,24,113,6,5,0
move,"['move', 13, 8, 5]",True,4562,1.9215327511910085,0.0,2.435172141974845,0.5136393907838364,0.9713856433882029,1.1050911076537133,min_cost_max_flow,149,13,149,8,103,5
move,"['move', 13, 9, 1]",True,4562,2.2036365384354584,0.0,2.435172141974845,0.23153560353938651,0.2674174906205735,0.2442142119902316,min_cost_max_flow,165,13,165,9,23,1
move,"['move', 13, 2, 1]",True,4562,2.063057382392734,0.0,2.435172141974845,0.372114759582111,0.6182506955374265,0.6540043386289581,min_cost_max_flow,37,13,37,2,25,1
move,"['move', 13, 4, 6]",True,4562,1.9620944213198415,0.0,2.435172141974845,0.4730777206550035,0.8700848398075323,1.0361766133792263,min_cost_max_flow,85,13,85,4,113,6
move,"['move', 4, 2, 1]",True,4572,1.2440383640787047,0.0,1.6770956025491777,0.5346870553454729,0.8864214601053391,1.0906152164526648,min_cost_max_flow,38,4,38,2,26,1
move,"['move', 4, 4, 1]",True,4572,0.9441987025823003,0.0,1.6770956025491777,0.7328968999668773,1.3816741560949595,1.2718922590466284,min_cost_max_flow,86,4,86,4,27,1
move,"['move', 4, 9, 1]",True,4572,1.1063721838220206,0.0,1.6770956025491777,0.5707234187271569,0.9763820642110659,1.1774847821082808,min_cost_max_flow,169,4,169,9,31,1
move,"['move', 4, 6, 5]",True,4572,1.3578770333128323,0.0,1.6770956025491777,0.31921856923634534,0.34873956976662157,0.4310652603850912,min_cost_max_flow,120,4,120,6,104,5
move,"['move', 22, 9, 7]",True,4582,0.16511352766834042,0.0,1.5345310527958138,1.3694175251274734,0.7331973107138765,0.22787311768205343,min_cost_max_flow,176,22,176,9,137,7
move,"['move', 22, 0, 7]",True,4582,0.0960228019447098,0.0,1.5345310527958138,1.438508250851104,0.9057760208888794,0.3266092070646687,min_cost_max_flow,14,22,14,0,140,7
move,"['move', 22, 1, 7]",True,4582,0.12833816731144987,0.0,1.5345310527958138,1.406192885484364,0.8248188911675243,0.43908674340096954,min_cost_max_flow,32,22,32,1,141,7
move,"['move', 22, 8, 6]",True,4582,1.3422057717993903,0.0,1.5345310527958138,0.1923252809964236,0.2903594930685358,0.29934466282622496,min_cost_max_flow,148,22,148,8,116,6
move,"['move', 4, 1, 7]",True,4592,1.9942437266640194,0.0,2.956954708589592,0.9752908425505726,1.9867096884045168,1.9047750255003604,min_cost_max_flow,27,4,27,1,143,7
move,"['move', 4, 5, 7]",True,4592,2.2224301103499857,0.0,2.956954708589592,0.7345245982396061,1.3846164782298729,2.0231746236522254,min_cost_max_flow,104,4,104,5,129,7
move,"['move', 4, 9, 6]",True,4592,2.4038929511537104,0.0,2.956954708589592,0.5530617574358818,0.931892283479101,1.4012364512930657,min_cost_max_flow,170,4,170,9,117,6
move,"['move', 4, 1, 6]",True,4592,2.1514873693053027,0.0,2.956954708589592,0.8054673392842894,1.5610852940371842,2.6151991599165583,min_cost_max_flow,26,4,26,1,118,6
move,"['move', 3, 9, 4]",True,4602,1.2631792693168817,0.0,1.9035163246143965,0.7068993455475148,1.2818425015721004,2.1685784723312937,min_cost_max_flow,171,3,171,9,85,4
move,"['move', 3, 1, 4]",True,4602,1.1151517278387946,0.0,1.9035163246143965,0.852838489150602,1.6480649000150152,1.2522188488668216,min_cost_max_flow,28,3,28,1,86,4
move,"['move', 3, 2, 4]",True,4602,1.1826723774952042,0.0,1.9035163246143965,0.7208439471191924,1.317880104703363,1.3845123376190578,min_cost_max_flow,48,3,48,2,87,4
move,"['move', 3, 6, 4]",True,4602,1.184917398585555,0.0,1.9035163246143965,0.7662853556538415,1.4300466585555114,2.3424906606019165,min_cost_max_flow,119,3,119,6,73,4
move,"['move', 2, 7, 8]",True,4612,1.30329942422294,0.0,1.5293261091430352,0.2260266849200951,0.11966706756356871,0.14224304032678567,min_cost_max_flow,131,2,131,7,148,8
move,"['move', 2, 2, 8]",True,4612,0.6974012759073445,0.0,1.5293261091430352,0.8319248332356908,1.6317619149558595,1.909258638125744,min_cost_max_flow,44,2,44,2,149,8
move,"['move', 2, 6, 8]",True,4612,1.0598428237850512,0.0,1.5293261091430352,0.469483285357984,0.726390198484296,1.4211564896567084,min_cost_max_flow,114,2,114,6,150,8
move,"['move', 2, 0, 5]",True,4612,0.892117496232072,0.0,1.5293261091430352,0.6372086129109632,1.1448187934220186,2.010972452806926,min_cost_max_flow,1,2,1,0,104,5
move,"['move', 3, 4, 2]",True,4622,1.8141792409145925,0.0,2.5071882800041028,0.6930090390895104,1.2476778863929212,1.7944778284435687,min_cost_max_flow,73,3,73,4,44,2
move,"['move', 3, 0, 2]",True,4622,1.4049366495334514,0.0,2.5071882800041028,1.1022516304706513,2.270291054272093,2.123351544230531,min_cost_max_flow,3,3,3,0,48,2
move,"['move', 3, 4, 9]",True,4622,1.791486264317296,0.0,2.5071882800041028,0.7157020156868067,1.3043652229971485,1.824547754452487,min_cost_max_flow,85,3,85,4,170,9
move,"['move', 3, 1, 2]",True,4622,1.9835233889069914,0.0,2.5071882800041028,0.5236648910971115,0.8246449250436854,1.5762054072690446,min_cost_max_flow,29,3,29,1,37,2
move,"['move', 24, 5, 8]",True,4632,2.7155526072822327,0.0,3.3268338751347244,0.7265053161024918,1.3575743569017504,1.3966379649013954,min_cost_max_flow,107,24,107,5,154,8
move,"['move', 24, 4, 6]",True,4632,2.5887067722078507,0.0,3.3268338751347244,0.7381271029268737,1.3860610083502252,1.775181706554541,min_cost_max_flow,88,24,88,4,114,6
move,"['move', 24, 1, 8]",True,4632,2.914548893775766,0.0,3.3268338751347244,0.4122849813589583,0.5734114845618024,0.4713282856441605,min_cost_max_flow,29,24,29,1,155,8
move,"['move', 24, 4, 8]",True,4632,2.4594949227064955,0.0,3.3268338751347244,0.8673389524282289,1.709055879699008,1.798349976291402,min_cost_max_flow,89,24,89,4,156,8
move,"['move', 4, 3, 5]",True,4642,1.3908769930136797,0.0,2.1290009196544273,0.7381239266407476,1.3936701790589723,1.9862547394882584,min_cost_max_flow,67,4,67,3,106,5
move,"['move', 4, 9, 0]",True,4642,1.673045491761321,0.0,2.1290009196544273,0.45595542789310634,0.6905107472848613,0.4783780094934531,min_cost_max_flow,177,4,177,9,14,0
move,"['move', 4, 7, 4]",True,4642,1.7438291174419498,0.0,2.1290009196544273,0.4997621003374774,0.7983343710657209,1.607082896205682,min_cost_max_flow,143,4,143,7,88,4
move,"['move', 4, 1, 4]",True,4642,1.2386210523287473,0.0,2.1290009196544273,0.8903798673256801,1.7737698084238218,2.346402971142904,min_cost_max_flow,31,4,31,1,89,4
move,"['move', 24, 5, 4]",True,4652,2.657937451824607,0.0,3.3280587275235165,0.6701212756989094,1.2173749079520348,0.8895365920744217,min_cost_max_flow,104,24,104,5,90,4
move,"['move', 24, 6, 4]",True,4652,2.747487975277693,0.0,3.3280587275235165,0.5805707522458234,0.9934353071657824,0.9317313610993821,min_cost_max_flow,114,24,114,6,73,4
move,"['move', 24, 2, 9]",True,4652,2.6892025581872,0.0,3.3280587275235165,0.6388561693363166,1.1387525760219432,1.195913941147451,min_cost_max_flow,54,24,54,2,176,9
move,"['move', 24, 7, 9]",True,4652,2.789164711078226,0.0,3.3280587275235165,0.5388940164452906,0.8889517738498398,1.1261939041730296,min_cost_max_flow,141,24,141,7,177,9
move,"['move', 3, 4, 3]",True,4662,2.0532274176744587,0.0,2.431125618899722,0.3778982012252633,0.4618412238560268,0.5008564126279041,min_cost_max_flow,86,3,86,4,67,3
move,"['move', 3, 4, 1]",True,4662,1.7389161355748812,0.0,2.431125618899722,0.6922094833248406,1.2456946862730547,1.784018300571503,min_cost_max_flow,87,3,87,4,29,1
move,"['move', 3, 2, 3]",True,4662,2.2166319273428825,0.0,2.431125618899722,0.2144936915568396,0.05394598909333581,0.09016347371582836,min_cost_max_flow,37,3,37,2,55,3
move,"['move', 3, 7, 3]",True,4662,1.4065636861950706,0.0,2.431125618899722,1.0245619327046513,2.0763794040030916,1.914955446898198,min_cost_max_flow,136,3,136,7,57,3
move,"['move', 3, 3, 4]",True,4672,1.3556970806458353,0.0,1.9812389334228633,0.625541852777028,1.0797794456229894,1.2814611542607126,min_cost_max_flow,55,3,55,3,86,4
move,"['move', 3, 0, 7]",True,4672,1.317055138116105,0.0,1.9812389334228633,0.6641837953067583,1.1760560431939666,1.5003003231596717,min_cost_max_flow,16,3,16,0,131,7
move,"['move', 3, 3, 7]",True,4672,1.023151662443484,0.0,1.9812389334228633,0.9580872709793794,1.9104722007541568,1.7286547374014802,min_cost_max_flow,57,3,57,3,136,7
move,"['move', 3, 1, 7]",True,4672,1.22007901975971,0.0,1.9812389334228633,0.7611599136631532,1.4172971481020795,2.2997609784092967,min_cost_max_flow,29,3,29,1,141,7
move,"['move', 14, 4, 1]",True,4682,1.1041570980662507,0.0,1.6755797894567759,0.5714226913905252,1.1348692571482388,1.7416715033484773,min_cost_max_flow,73,14,73,4,29,1
move,"['move', 14, 4, 2]",True,4682,1.2211117739763404,0.0,1.6755797894567759,0.4544680154804354,0.8433571294008289,1.1586301514722426,min_cost_max_flow,83,14,83,4,54,2
move,"['move', 14, 4, 6]",True,4682,1.4623882217381123,0.0,1.6755797894567759,0.21319156771866354,0.24139603049115976,0.33861648829856383,min_cost_max_flow,84,14,84,4,119,6
move,"['move', 14, 5, 1]",True,4682,1.3712922693944825,0.0,1.6755797894567759,0.3042875200622934,0.4687707108387258,0.5820834959709741,min_cost_max_flow,99,14,99,5,26,1
move,"['move', 24, 9, 5]",True,4692,2.4594979475868906,0.0,3.1789279385812934,0.7194299909944026,1.3393735887439107,1.7382748899792262,min_cost_max_flow,176,24,176,9,99,5
move,"['move', 24, 3, 5]",True,4692,2.4565734612175114,0.0,3.1789279385812934,0.8168259160304484,1.5836151144540054,1.2371328099922585,min_cost_max_flow,68,24,68,3,104,5
move,"['move', 24, 0, 6]",True,4692,2.3264805106939264,0.0,3.1789279385812934,0.8552095010123668,1.6775834756408585,2.5642003219542753,min_cost_max_flow,4,24,4,0,120,6
move,"['move', 24, 8, 5]",True,4692,2.297684587870355,0.0,3.1789279385812934,0.8812433507109384,1.743783234982402,1.8207769252111201,min_cost_max_flow,154,24,154,8,108,5
move,"['move', 3, 3, 1]",True,4702,1.5323317938569812,0.0,2.2016518624007873,0.669320068543806,1.1890535612110398,1.3957437068571132,min_cost_max_flow,67,3,67,3,27,1
move,"['move', 3, 9, 0]",True,4702,1.456347039278199,0.0,2.2016518624007873,0.7453048231225883,1.3776152888895012,2.329182885853249,min_cost_max_flow,170,3,170,9,16,0
move,"['move', 3, 6, 0]",True,4702,1.5213701371902006,0.0,2.2016518624007873,0.6802817252105867,1.2152183588405023,2.2219730651832603,min_cost_max_flow,110,3,110,6,1,0
move,"['move', 3, 4, 0]",True,4702,1.0389551835424826,0.0,2.2016518624007873,1.1626966788583046,2.4206848525209352,2.6025666910909586,min_cost_max_flow,86,3,86,4,2,0
move,"['move', 4, 0, 9]",True,4712,1.3753880874765194,0.0,2.1312043882798832,0.7558163008033637,1.438015263840498,1.9101551561646848,min_cost_max_flow,14,4,14,0,170,9
move,"['move', 4, 5, 1]",True,4712,1.2756434548856286,0.0,2.1312043882798832,0.8555609333942547,1.6871236466249684,2.078954284669361,min_cost_max_flow,106,4,106,5,28,1
move,"['move', 4, 4, 8]",True,4712,1.4222813645664527,0.0,2.1312043882798832,0.7089230237134305,1.3205204233599943,2.084586993278556,min_cost_max_flow,88,4,88,4,154,8
move,"['move', 4, 4, 9]",True,4712,1.3601347948126548,0.0,2.1312043882798832,0.7710695934672285,1.4766912277627853,1.5483336477478997,min_cost_max_flow,89,4,89,4,176,9
move,"['move', 18, 2, 3]",True,4722,1.2635982811905802,0.0,1.9847256207588146,0.7211273395682345,1.330530677245406,1.9525001313477723,min_cost_max_flow,40,18,40,2,67,3
move,"['move', 18, 5, 0]",True,4722,1.240632536683488,0.0,1.9847256207588146,0.7440930840753267,1.3871230013755849,2.500524889715381,min_cost_max_flow,98,18,98,5,14,0
move,"['move', 18, 6, 3]",True,4722,1.3476015129242505,0.0,1.9847256207588146,0.6371241078345642,1.1207412304429454,1.8067451102042493,min_cost_max_flow,115,18,115,6,55,3
move,"['move', 18, 6, 0]",True,4722,1.4006403740293525,0.0,1.9847256207588146,0.5840852467294623,0.9884273787683924,1.6178777180696637,min_cost_max_flow,116,18,116,6,4,0
move,"['move', 3, 2, 3]",True,4732,1.394534354595748,0.0,2.0481216040914685,0.6535872494957203,1.1502718954870943,1.0288224426779375,min_cost_max_flow,44,3,44,2,57,3
move,"['move', 3, 7, 4]",True,4732,1.3163797111117579,0.0,2.0481216040914685,0.7317418929797105,1.3442313579434995,1.9802532783915627,min_cost_max_flow,131,3,131,7,85,4
move,"['move', 3, 1, 3]",True,4732,1.3015611078760978,0.0,2.0481216040914685,0.7465604962153708,1.3825677811473724,1.1203098685766906,min_cost_max_flow,27,3,27,1,58,3
move,"['move', 3, 2, 5]",True,4732,1.302318754257561,0.0,2.0481216040914685,0.7458028498339074,1.380209952709265,1.4294515248760635,min_cost_max_flow,48,3,48,2,107,5
move,"['move', 3, 5, 9]",True,4742,1.1269968285223988,0.0,1.8338895279739682,0.7068926994515695,1.282963055826258,1.410465476317476,min_cost_max_flow,107,3,107,5,165,9
move,"['move', 3, 3, 1]",True,4742,0.9972019443530561,0.0,1.8338895279739682,0.8366875836209121,1.606769625803281,1.8642257738730779,min_cost_max_flow,57,3,57,3,27,1
move,"['move', 3, 3, 9]",True,4742,1.2009911580569148,0.0,1.8338895279739682,0.6328983699170534,1.0981641322141513,1.285865326861759,min_cost_max_flow,58,3,58,3,168,9
move,"['move', 3, 4, 2]",True,4742,1.1980802110501392,0.0,1.8338895279739682,0.6358093169238291,1.1045640945012565,1.870802146751234,min_cost_max_flow,85,3,85,4,44,2
move,"['move', 24, 0, 3]",True,4752,1.333326788233547,0.0,1.9041462473564292,0.5875766522478822,1.0097764566889964,1.714131682388079,min_cost_max_flow,5,24,5,0,57,3
move,"['move', 24, 6, 2]",True,4752,1.247489079453349,0.0,1.9041462473564292,0.6842486439030803,1.2512132044503232,1.8762859335003543,min_cost_max_flow,120,24,120,6,48,2
move,"['move', 24, 5, 2]",True,4752,1.2228849183527453,0.0,1.9041462473564292,0.681261329003684,1.2433758912593476,2.122303228490169,min_cost_max_flow,99,24,99,5,38,2
move,"['move', 24, 5, 3]",True,4752,1.1862004809037607,0.0,1.9041462473564292,0.7179457664526684,1.3352613050155924,2.0060898059677443,min_cost_max_flow,104,24,104,5,58,3
move,"['move', 2, 8, 0]",True,4762,1.438286740383382,0.0,1.828966816986385,0.40262134085300333,0.5603913328668568,0.6504927263149952,min_cost_max_flow,148,2,148,8,6,0
move,"['move', 2, 3, 6]",True,4762,1.2620010174410992,0.0,1.828966816986385,0.5669657995452859,0.9702417993612471,1.3242795505259264,min_cost_max_flow,56,2,56,3,114,6
move,"['move', 2, 4, 6]",True,4762,1.3338611693172455,0.0,1.828966816986385,0.4951056476691395,0.7912365685406257,0.8941803040292534,min_cost_max_flow,75,2,75,4,115,6
move,"['move', 2, 1, 0]",True,4762,1.5512105108944299,0.0,1.828966816986385,0.27775630609195523,0.24884676361398306,0.23848095981732684,min_cost_max_flow,24,2,24,1,7,0
move,"['move', 22, 6, 0]",True,4772,1.8171243237992352,0.0,2.1332136903991215,0.3160893665998864,0.5993625927585526,0.570754208586331,min_cost_max_flow,116,22,116,6,5,0
move,"['move', 22, 4, 3]",True,4772,1.9478975303629402,0.0,2.1332136903991215,0.18531616003618123,0.27288512448285474,0.2670554528763335,min_cost_max_flow,77,22,77,4,56,3
move,"['move', 22, 2, 1]",True,4772,1.817155294414423,0.0,2.1332136903991215,0.3160583959846986,0.5994630714340019,0.4521507329738119,min_cost_max_flow,46,22,46,2,24,1
move,"['move', 22, 4, 1]",True,4772,1.9458778359109579,0.0,2.1332136903991215,0.1873358544881635,0.27796747742104344,0.24497758072099818,min_cost_max_flow,81,22,81,4,29,1
move,"['move', 24, 2, 6]",True,4782,1.5202639833369394,0.0,2.2060928177153114,0.6858288343783722,1.255031482090999,1.9644182985364125,min_cost_max_flow,38,24,38,2,116,6
move,"['move', 24, 3, 7]",True,4782,1.5345559576702548,0.0,2.2060928177153114,0.6715368600450566,1.2185511706993566,2.4646686707720113,min_cost_max_flow,57,24,57,3,131,7
move,"['move', 24, 4, 6]",True,4782,1.4825965147738556,0.0,2.2060928177153114,0.7234963029414558,1.350236391488579,1.2735929719556351,min_cost_max_flow,73,24,73,4,120,6
move,"['move', 24, 8, 6]",True,4782,1.6327079455261533,0.0,2.2060928177153114,0.5733848721891582,0.97483839407505,1.3532066604790867,min_cost_max_flow,155,24,155,8,123,6
move,"['move', 3, 1, 5]",True,4792,0.9940600901860088,0.0,2.0565917619998304,1.1101715304804882,2.2900422927414184,2.155692581075092,min_cost_max_flow,27,3,27,1,107,5
move,"['move', 3, 6, 5]",True,4792,1.5507207535197303,0.0,2.0565917619998304,0.5058710084801,0.7810336314796587,0.9939300882679536,min_cost_max_flow,112,3,112,6,98,5
move,"['move', 3, 0, 4]",True,4792,1.1197617568979032,0.0,2.0565917619998304,1.0389244656019272,2.112823786912486,1.5562550027615483,min_cost_max_flow,2,3,2,0,85,4
move,"['move', 3, 7, 5]",True,4792,1.5973091673022433,0.0,2.0565917619998304,0.45928259469758703,0.6642852624281659,1.1788198184081247,min_cost_max_flow,136,3,136,7,99,5
move,"['move', 3, 5, 6]",True,4802,1.533290503178657,0.0,2.129585392777566,0.5962948895989091,1.0065383323599235,1.3639313661064156,min_cost_max_flow,98,3,98,5,110,6
move,"['move', 3, 5, 3]",True,4802,1.4181452892928068,0.0,2.129585392777566,0.7114401034847593,1.2938807509854087,1.71100875886676,min_cost_max_flow,99,3,99,5,57,3
move,"['move', 3, 5, 1]",True,4802,1.2979274855527136,0.0,2.129585392777566,0.8316579072248523,1.5948804645377095,1.4075392908211581,min_cost_max_flow,107,3,107,5,32,1
move,"['move', 3, 4, 6]",True,4802,1.3881036598903798,0.0,2.129585392777566,0.7414817328871863,1.3689205696064164,1.7538453489067003,min_cost_max_flow,85,3,85,4,112,6
move,"['move', 22, 1, 4]",True,4812,0.957130749838844,0.0,1.2981251522238624,0.3409944023850183,0.6616104160784744,0.5805983038583419,min_cost_max_flow,24,22,24,1,85,4
move,"['move', 22, 3, 2]",True,4812,0.9974475713310665,0.0,1.2981251522238624,0.30067758089279584,0.5610970103734871,0.3948329534790721,min_cost_max_flow,56,22,56,3,46,2
move,"['move', 22, 0, 2]",True,4812,1.1256155548980575,0.0,1.2981251522238624,0.17250959732580473,0.24093772128981072,0.22105306427820134,min_cost_max_flow,5,22,5,0,38,2
move,"['move', 22, 7, 6]",True,4812,1.075912669526291,0.0,1.2981251522238624,0.2735515496975713,0.49326143659709487,0.4084968123663162,min_cost_max_flow,137,22,137,7,116,6
move,"['move', 3, 3, 4]",True,4822,1.3592344191153634,0.0,1.8313760638257581,0.47214164471039477,0.6969474977377104,0.8357463000579889,min_cost_max_flow,57,3,57,3,73,4
move,"['move', 3, 1, 8]",True,4822,1.1161930589394455,0.0,1.8313760638257581,0.7151830048863126,1.3026051988708787,2.132879171142228,min_cost_max_flow,32,3,32,1,148,8
move,"['move', 3, 0, 8]",True,4822,1.1808964675080644,0.0,1.8313760638257581,0.6504795963176938,1.142084892046114,1.3074027732872768,min_cost_max_flow,1,3,1,0,158,8
move,"['move', 3, 6, 8]",True,4822,1.2854261499113577,0.0,1.8313760638257581,0.5459499139144003,0.8809461191267474,1.1837807140424903,min_cost_max_flow,110,3,110,6,159,8
move,"['move', 3, 8, 1]",True,4832,1.475997594624933,0.0,2.066420808924705,0.5904232142997718,0.9921531483560102,1.167928536819812,min_cost_max_flow,148,3,148,8,24,1
move,"['move', 3, 8, 5]",True,4832,1.4113459022998045,0.0,2.066420808924705,0.6550749066249004,1.152480145887239,2.0360840578817943,min_cost_max_flow,158,3,158,8,98,5
move,"['move', 3, 8, 3]",True,4832,1.1680547349677486,0.0,2.066420808924705,0.8983660739569563,1.7616861470669392,1.3840288248413595,min_cost_max_flow,159,3,159,8,68,3
move,"['move', 3, 4, 3]",True,4832,1.6827993841310775,0.0,2.066420808924705,0.3836214247936273,0.4759125019845669,0.6587102742078725,min_cost_max_flow,73,3,73,4,56,3
move,"['move', 22, 1, 0]",True,4842,1.2236570984387354,0.0,1.4534034431681682,0.22974634472943284,0.38378775684395805,0.38227503422678916,min_cost_max_flow,29,22,29,1,1,0
move,"['move', 22, 6, 9]",True,4842,1.227929006199295,0.0,1.4534034431681682,0.22547443696887323,0.37320415694557596,0.31816203221552447,min_cost_max_flow,116,22,116,6,166,9
move,"['move', 22, 2, 9]",True,4842,1.3146172481422667,0.0,1.4534034431681682,0.2461535139009014,0.42484119789878605,0.3585962834557156,min_cost_max_flow,38,22,38,2,169,9
move,"['move', 22, 8, 9]",True,4842,1.2905758201311812,0.0,1.4534034431681682,0.16282762303698692,0.21674253447417868,0.21455379333650382,min_cost_max_flow,154,22,154,8,170,9
move,"['move', 14, 0, 5]",True,4858,1.0129529583046046,0.0,1.3847175864193482,0.3717646281147435,0.6366343590270844,1.1348314578152896,min_cost_max_flow,7,14,7,0,99,5
move,"['move', 14, 1, 5]",True,4858,0.8879121836286021,0.0,1.3847175864193482,0.496805402790746,0.9489603509209701,1.3187946552290029,min_cost_max_flow,26,14,26,1,104,5
move,"['move', 14, 1, 3]",True,4858,0.9032703919241225,0.0,1.3847175864193482,0.4814471944952257,0.9103958751802566,1.4314313231709554,min_cost_max_flow,29,14,29,1,57,3
move,"['move', 14, 6, 4]",True,4858,0.9599769346073365,0.0,1.3847175864193482,0.5188737351870117,1.0040639577127877,1.3636107877936645,min_cost_max_flow,119,14,119,6,73,4
move,"['move', 3, 5, 8]",True,4868,1.4830435183270496,0.0,2.052549316349903,0.5695057980228536,0.9392841015287559,1.5515992934590632,min_cost_max_flow,98,3,98,5,148,8
move,"['move', 3, 3, 1]",True,4868,1.4091750442173683,0.0,2.052549316349903,0.6433742721325347,1.1227644158498151,2.3455132622213903,min_cost_max_flow,56,3,56,3,29,1
move,"['move', 3, 3, 4]",True,4868,1.1153076716737158,0.0,2.052549316349903,0.9372416446761874,1.8582464656283264,1.80310098263506,min_cost_max_flow,68,3,68,3,75,4
move,"['move', 3, 9, 1]",True,4868,1.4809760674977688,0.0,2.052549316349903,0.5715732488521343,0.9454892849898897,0.8605617015043799,min_cost_max_flow,165,3,165,9,26,1
move,"['move', 2, 3, 4]",True,4878,1.6148227755626896,0.0,1.9800346835486922,0.4395566968193358,0.6520702269262983,1.090156630574812,min_cost_max_flow,72,2,72,3,77,4
move,"['move', 2, 0, 4]",True,4878,1.4010847756999052,0.0,1.9800346835486922,0.5789499078487871,0.9985074128126143,2.4540510887830207,min_cost_max_flow,6,2,6,0,81,4
move,"['move', 2, 5, 9]",True,4878,1.2739398544158491,0.0,1.9800346835486922,0.706094829132843,1.3165448584622936,2.337289462423332,min_cost_max_flow,104,2,104,5,165,9
move,"['move', 2, 7, 4]",True,4878,1.4026939656346442,0.0,1.9800346835486922,0.586668624414048,1.019962192622188,1.0153921578353267,min_cost_max_flow,135,2,135,7,84,4
move,"['move', 2, 9, 3]",True,4888,1.0485146808887564,0.0,1.9753173549759406,0.9268026740871843,1.8694116311889957,1.605849235190833,min_cost_max_flow,165,2,165,9,68,3
move,"['move', 2, 0, 3]",True,4888,1.4749555004334893,0.0,1.9753173549759406,0.5003618545424513,0.8039257738928427,1.1950548580710498,min_cost_max_flow,7,2,7,0,56,3
move,"['move', 2, 8, 3]",True,4888,1.2635539788229921,0.0,1.9753173549759406,0.7117633761529485,1.3320377924610511,1.456245163427479,min_cost_max_flow,149,2,149,8,59,3
move,"['move', 2, 1, 3]",True,4888,1.4055999418274592,0.0,1.9753173549759406,0.5697174131484815,0.9766952046265942,1.6080320456204662,min_cost_max_flow,35,2,35,1,61,3
move,"['move', 3, 8, 0]",True,4898,2.2765791650704825,0.0,2.809949577706604,0.5333704126361214,0.8492535111363395,1.3463505771829678,min_cost_max_flow,148,3,148,8,7,0
move,"['move', 3, 1, 0]",True,4898,2.403182116217189,0.0,2.809949577706604,0.4067674614894148,0.5338685863898718,0.5980484969837574,min_cost_max_flow,24,3,24,1,3,0
move,"['move', 3, 4, 5]",True,4898,2.1347710813977843,0.0,2.809949577706604,0.6751784963088195,1.20451935834717,0.8492585577927834,min_cost_max_flow,75,3,75,4,107,5
move,"['move', 3, 7, 0]",True,4898,2.027137474417281,0.0,2.809949577706604,0.7828121032893227,1.4720765058154939,1.8671718797490453,min_cost_max_flow,141,3,141,7,5,0
move,"['move', 3, 5, 7]",True,4908,1.6652519780530368,0.0,2.43311815611931,0.883891904691273,1.724808417566237,1.8455663825039417,min_cost_max_flow,107,3,107,5,135,7
move,"['move', 3, 6, 7]",True,4908,1.8603529340897675,0.0,2.43311815611931,0.5727652220295422,0.9472613790348987,1.6657876338447852,min_cost_max_flow,112,3,112,6,136,7
move,"['move', 3, 2, 7]",True,4908,1.5995336187156015,0.0,2.43311815611931,0.8335845374037082,1.5980008232363616,2.5383504564794115,min_cost_max_flow,44,3,44,2,137,7
move,"['move', 3, 0, 7]",True,4908,1.817399483485811,0.0,2.43311815611931,0.6157186726334989,1.054995969265292,1.4318118201771903,min_cost_max_flow,3,3,3,0,141,7
move,"['move', 3, 9, 2]",True,4918,1.2028091486390213,0.0,1.906056234737044,0.7032470860980227,1.273557428001368,1.604861770332736,min_cost_max_flow,168,3,168,9,44,2
move,"['move', 3, 1, 2]",True,4918,1.3084307569874847,0.0,1.906056234737044,0.5976254777495594,1.0100990087739774,1.207794007821103,min_cost_max_flow,26,3,26,1,37,2
move,"['move', 3, 0, 2]",True,4918,1.360959496989271,0.0,1.906056234737044,0.5450967377477729,0.879164251506154,0.9497321833924666,min_cost_max_flow,5,3,5,0,40,2
move,"['move', 3, 7, 2]",True,4918,1.033159238489992,0.0,1.906056234737044,0.8728969962470521,1.6965959313165513,2.3290431419263884,min_cost_max_flow,135,3,135,7,41,2
move,"['move', 2, 8, 1]",True,4928,1.0323165924294269,0.0,1.6856787636754609,0.653362171246034,1.185598899181059,1.7468325052313671,min_cost_max_flow,150,2,150,8,35,1
move,"['move', 2, 3, 7]",True,4928,0.8524868241771335,0.0,1.6856787636754609,0.8746805918733274,1.7396823711096658,1.2218855983157275,min_cost_max_flow,68,2,68,3,135,7
move,"['move', 2, 4, 5]",True,4928,1.2170821065643336,0.0,1.6856787636754609,0.46859665711112736,0.7247729363079998,1.0216175290931153,min_cost_max_flow,77,2,77,4,98,5
move,"['move', 2, 3, 1]",True,4928,1.2801423848434095,0.0,1.6856787636754609,0.41722747920705133,0.5971111837716307,0.5141560465456435,min_cost_max_flow,59,2,59,3,24,1
move,"['move', 3, 2, 6]",True,4938,1.7862124044000338,0.0,2.348252988583449,0.562040584183415,0.921601451242168,0.8980097521199638,min_cost_max_flow,37,3,37,2,110,6
move,"['move', 3, 1, 6]",True,4938,1.6360406940453731,0.0,2.348252988583449,0.7122122945380757,1.295433938219503,1.9625356916643129,min_cost_max_flow,29,3,29,1,112,6
move,"['move', 3, 7, 6]",True,4938,2.0125985272972247,0.0,2.348252988583449,0.3356544612862241,0.35628281021490693,0.46689894164256196,min_cost_max_flow,136,3,136,7,116,6
move,"['move', 3, 0, 6]",True,4938,1.6131710306286375,0.0,2.348252988583449,0.7350819579548113,1.352817003033124,1.8232648438099186,min_cost_max_flow,7,3,7,0,119,6
move,"['move', 3, 6, 3]",True,4948,1.5028379759881034,0.0,2.2102011543615623,0.7073631783734589,1.2829812853524345,2.182443995348803,min_cost_max_flow,110,3,110,6,62,3
move,"['move', 3, 0, 1]",True,4948,1.828420320251954,0.0,2.2102011543615623,0.38178083410960834,0.4707672556396574,1.0212233641159467,min_cost_max_flow,16,3,16,0,29,1
move,"['move', 3, 2, 1]",True,4948,1.7214723582168712,0.0,2.2102011543615623,0.4887287961446912,0.7386101605006843,0.7058901819028477,min_cost_max_flow,40,3,40,2,26,1
move,"['move', 3, 2, 3]",True,4948,1.657434734746806,0.0,2.2102011543615623,0.5527664196147563,0.8979551196971443,1.2052898343713012,min_cost_max_flow,41,3,41,2,64,3
move,"['move', 3, 3, 0]",True,4958,2.0104425310538603,0.0,2.5811209507660924,0.5706784197122321,0.9421969762115623,1.5640523205522991,min_cost_max_flow,62,3,62,3,7,0
move,"['move', 3, 1, 0]",True,4958,1.771628150445013,0.0,2.5811209507660924,0.8094928003210794,1.5392548472809722,1.5494392890245507,min_cost_max_flow,26,3,26,1,16,0
move,"['move', 3, 3, 5]",True,4958,2.1009901912998683,0.0,2.5811209507660924,0.4801307594662242,0.7165683034181711,1.0704004394665874,min_cost_max_flow,64,3,64,3,104,5
move,"['move', 3, 2, 0]",True,4958,1.5223810906047635,0.0,2.5811209507660924,1.058739860161329,2.161795603162318,1.9340351018763207,min_cost_max_flow,44,3,44,2,2,0
move,"['move', 24, 7, 0]",True,4968,1.1799358024937452,0.0,1.9808501970819394,0.8009143945881942,1.5424608154280577,2.1541297568671833,min_cost_max_flow,131,24,131,7,3,0
move,"['move', 24, 9, 0]",True,4968,1.381734242867708,0.0,1.9808501970819394,0.5991159542142315,1.0389611112550483,1.4898652489355184,min_cost_max_flow,177,24,177,9,5,0
move,"['move', 24, 3, 0]",True,4968,1.5808944634756101,0.0,1.9808501970819394,0.3999557336063293,0.5414772630756488,1.2120630220316504,min_cost_max_flow,58,24,58,3,6,0
move,"['move', 24, 5, 1]",True,4968,1.2666672586724632,0.0,1.9808501970819394,0.7141829384094762,1.3250400596298277,2.5488733244904993,min_cost_max_flow,108,24,108,5,26,1
move,"['move', 4, 8, 5]",True,4978,0.8959489982171279,0.0,1.6065146764744336,0.7105656782573057,1.3245777759730117,2.11744282439209,min_cost_max_flow,154,4,154,8,106,5
move,"['move', 4, 1, 0]",True,4978,1.0577384582978036,0.0,1.6065146764744336,0.54877621817663,0.9219069420869346,0.9155652806508203,min_cost_max_flow,28,4,28,1,7,0
move,"['move', 4, 9, 5]",True,4978,0.7601606884736454,0.0,1.6065146764744336,0.8463539880007882,1.6641353361628717,2.0595856036229665,min_cost_max_flow,170,4,170,9,108,5
move,"['move', 4, 6, 4]",True,4978,1.0575747338029293,0.0,1.6065146764744336,0.5489399426715041,0.9219451824901626,1.1629458366224474,min_cost_max_flow,117,4,117,6,75,4
move,"['move', 3, 5, 9]",True,4988,1.799125026668645,0.0,2.6553581616749984,0.8562331350063535,1.655152248473314,2.1850629695866908,min_cost_max_flow,104,3,104,5,177,9
move,"['move', 3, 6, 2]",True,4988,1.974448037746322,0.0,2.6553581616749984,0.7069688680536764,1.2826748991355998,1.7295176069345113,min_cost_max_flow,112,3,112,6,44,2
move,"['move', 3, 0, 9]",True,4988,1.9527032848964714,0.0,2.6553581616749984,0.7026548767785269,1.273903871559014,0.38688386607561587,min_cost_max_flow,2,3,2,0,165,9
move,"['move', 3, 6, 9]",True,4988,2.1702743150095394,0.0,2.6553581616749984,0.4850838466654591,0.7286815991683397,1.2500152714123753,min_cost_max_flow,116,3,116,6,168,9
move,"['move', 2, 5, 8]",True,4998,1.8651599312109681,0.0,2.206664745720265,0.3415048145092969,0.40747665582603076,0.7327335140216231,min_cost_max_flow,98,2,98,5,154,8
move,"['move', 2, 3, 2]",True,4998,1.941026790611131,0.0,2.206664745720265,0.2656379551091341,0.21829067971702898,0.41195191975163914,min_cost_max_flow,56,2,56,3,37,2
move,"['move', 2, 7, 0]",True,4998,1.1689802030508392,0.0,2.206664745720265,1.037684542669426,2.1466906452697003,1.5562874851234945,min_cost_max_flow,135,2,135,7,2,0
move,"['move', 2, 6, 0]",True,4998,1.6230830175210884,0.0,2.206664745720265,0.6186472728241765,1.1000167511083419,0.9434338506137472,min_cost_max_flow,114,2,114,6,8,0
move,"['move', 22, 9, 3]",True,5008,1.6828812448252772,0.0,1.9801171064567855,0.3179652309648415,0.6039694305072771,0.6259696510285506,min_cost_max_flow,166,22,166,9,72,3
move,"['move', 22, 0, 3]",True,5008,1.7093387578230432,0.0,1.9801171064567855,0.2707783486337422,0.48631848977674963,0.4151262528813592,min_cost_max_flow,1,22,1,0,56,3
move,"['move', 22, 9, 6]",True,5008,1.7072855313231947,0.0,1.9801171064567855,0.27283157513359085,0.4914387378230458,0.42367172176492773,min_cost_max_flow,169,22,169,9,110,6
move,"['move', 22, 5, 6]",True,5008,1.856502808735546,0.0,1.9801171064567855,0.19261723797123972,0.29125130398460897,0.19139901013767274,min_cost_max_flow,95,22,95,5,112,6
move,"['move', 24, 1, 5]",True,5018,1.604599111150417,0.0,1.9870815641675104,0.3824824530170934,0.4988180105719948,0.5294303757411202,min_cost_max_flow,26,24,26,1,98,5
move,"['move', 24, 4, 5]",True,5018,1.2651906783170603,0.0,1.9870815641675104,0.72189088585045,1.346836287433689,0.8646338568728151,min_cost_max_flow,90,24,90,4,104,5
move,"['move', 24, 6, 3]",True,5018,1.4424129856527097,0.0,1.9870815641675104,0.5446685785148005,0.9036678129268694,0.9397713020033269,min_cost_max_flow,116,24,116,6,58,3
move,"['move', 24, 2, 3]",True,5018,1.4737771761392606,0.0,1.9870815641675104,0.5133043880282498,0.8249529056192841,1.1427253628089409,min_cost_max_flow,48,24,48,2,59,3
move,"['move', 22, 2, 8]",True,5028,1.3573590154440578,0.0,1.6781154000092307,0.3207563845651728,0.6112251282611396,0.44076048233896786,min_cost_max_flow,46,22,46,2,149,8
move,"['move', 22, 9, 0]",True,5028,1.2880918400834114,0.0,1.6781154000092307,0.39002355992581916,0.7839880760511733,0.7107542233938362,min_cost_max_flow,170,22,170,9,1,0
move,"['move', 22, 6, 1]",True,5028,1.4385638354149872,0.0,1.6781154000092307,0.27951865184424346,0.5080927776070894,0.4661063834902982,min_cost_max_flow,110,22,110,6,26,1
move,"['move', 22, 6, 8]",True,5028,1.4332800849370526,0.0,1.6781154000092307,0.24483531507217812,0.42156479207915254,0.3458687820059286,min_cost_max_flow,112,22,112,6,154,8
move,"['move', 2, 2, 9]",True,5038,1.1677730951086143,0.0,1.7583914457466405,0.6906183811380261,1.2784891304036137,1.913694843515133,min_cost_max_flow,37,2,37,2,170,9
move,"['move', 2, 3, 9]",True,5038,1.3446255154189257,0.0,1.7583914457466405,0.4137659303277148,0.5880163955225726,0.8081000803569872,min_cost_max_flow,61,2,61,3,169,9
move,"['move', 2, 4, 9]",True,5038,1.2190121038118622,0.0,1.7583914457466405,0.6335127048097784,1.136345450177032,1.5000211141567388,min_cost_max_flow,84,2,84,4,171,9
move,"['move', 2, 6, 9]",True,5038,1.2742408041383348,0.0,1.7583914457466405,0.4841506416083058,0.7640527991388808,0.7583498038030763,min_cost_max_flow,115,2,115,6,172,9
move,"['move', 3, 9, 4]",True,5048,1.0817456644335206,0.0,1.8298011775406988,0.7480555131071782,1.3844359746799455,2.3665423332069966,min_cost_max_flow,165,3,165,9,83,4
move,"['move', 3, 9, 3]",True,5048,1.4286581728010508,0.0,1.8298011775406988,0.40114300473964803,0.5195730607883888,0.754304315027737,min_cost_max_flow,168,3,168,9,61,3
move,"['move', 3, 1, 4]",True,5048,1.093344033333561,0.0,1.8298011775406988,0.7364571442071379,1.3560422678274335,1.9650654014811764,min_cost_max_flow,29,3,29,1,85,4
move,"['move', 3, 2, 4]",True,5048,1.058589086170342,0.0,1.8298011775406988,0.7712120913703568,1.442585623371997,2.194406977137235,min_cost_max_flow,44,3,44,2,87,4
move,"['move', 7, 0, 2]",True,5058,0.9199280863576051,0.0,1.2328628713708696,0.3280224556382645,0.43608022887201514,0.5929617337487474,min_cost_max_flow,5,7,5,0,44,2
move,"['move', 7, 1, 2]",True,5058,1.0238295437392284,0.0,1.2328628713708696,0.2914535651316412,0.3448617750618723,0.45711342947187844,min_cost_max_flow,31,7,31,1,46,2
move,"['move', 7, 2, 1]",True,5058,0.7423506182390562,0.0,1.2328628713708696,0.4905122531318134,0.8425093197365641,0.45656364663103177,min_cost_max_flow,44,7,44,2,29,1
move,"['move', 7, 2, 3]",True,5058,0.7347683311534667,0.0,1.2328628713708696,0.4980945402174028,0.861252213777334,0.5984460954333278,min_cost_max_flow,46,7,46,2,62,3
move,"['move', 3, 3, 2]",True,5068,1.1750924981705508,0.0,1.826869945636127,0.6517774474655761,1.1460671215318143,0.8156683626241397,min_cost_max_flow,61,3,61,3,44,2
move,"['move', 3, 4, 1]",True,5068,0.9904940678714439,0.0,1.826869945636127,0.8363758777646831,1.6060983737334027,1.7922173934104644,min_cost_max_flow,83,3,83,4,27,1
move,"['move', 3, 6, 2]",True,5068,1.1772242621287656,0.0,1.826869945636127,0.6496456835073614,1.1395831575646298,1.5853710770560738,min_cost_max_flow,119,3,119,6,46,2
move,"['move', 3, 4, 5]",True,5068,1.2486231478420604,0.0,1.826869945636127,0.5782467977940666,0.9617634390451713,1.1337072345372317,min_cost_max_flow,85,3,85,4,107,5
move,"['move', 2, 4, 3]",True,5078,1.2930260544624805,0.0,1.6024044598075244,0.30937840534504385,0.32733937663579127,0.6135710337595199,min_cost_max_flow,81,2,81,4,61,3
move,"['move', 2, 8, 2]",True,5078,0.8838941543869474,0.0,1.6024044598075244,0.733011345545577,1.3840800588659476,2.1746832145439527,min_cost_max_flow,154,2,154,8,48,2
move,"['move', 2, 1, 6]",True,5078,0.808217454603741,0.0,1.6024044598075244,0.7941870052037835,1.5380712580445106,1.473316525846145,min_cost_max_flow,24,2,24,1,116,6
move,"['move', 2, 9, 2]",True,5078,0.9571048781751959,0.0,1.6024044598075244,0.6982566127573285,1.2975616353578516,1.9290775728604537,min_cost_max_flow,172,2,172,9,38,2
move,"['move', 2, 9, 5]",True,5088,1.503712147082013,0.0,2.2801656734115725,0.7764535263295594,1.4943914306059014,1.0374033612122375,min_cost_max_flow,169,2,169,9,95,5
move,"['move', 2, 6, 4]",True,5088,1.909038491956274,0.0,2.2801656734115725,0.3711271814552986,0.48146607369562844,0.7770665109594206,min_cost_max_flow,116,2,116,6,77,4
move,"['move', 2, 2, 7]",True,5088,1.6134370883000306,0.0,2.2801656734115725,0.6667285851115418,1.2189502730689128,1.789939689175183,min_cost_max_flow,38,2,38,2,131,7
move,"['move', 2, 1, 4]",True,5088,1.6191584019881464,0.0,2.2801656734115725,0.6610072714234261,1.2051577570600784,1.4494275482052337,min_cost_max_flow,35,2,35,1,81,4
move,"['move', 3, 5, 6]",True,5098,1.4696677864000998,0.0,2.2079391258758827,0.7382713394757829,1.3600414946631645,2.322572958735561,min_cost_max_flow,107,3,107,5,116,6
move,"['move', 3, 4, 8]",True,5098,1.3863864549331089,0.0,2.2079391258758827,0.8215526709427737,1.5686311516765272,2.065020728145094,min_cost_max_flow,87,3,87,4,148,8
move,"['move', 3, 2, 6]",True,5098,1.2942240115590975,0.0,2.2079391258758827,0.9137151143167851,1.7994389238156145,1.7972449254389806,min_cost_max_flow,44,3,44,2,112,6
move,"['move', 3, 9, 6]",True,5098,1.3171569928235147,0.0,2.2079391258758827,0.890782133052368,1.7417205031306366,2.054556608062501,min_cost_max_flow,177,3,177,9,114,6
move,"['move', 4, 0, 2]",True,5108,1.7029100779506314,0.0,2.499310007939972,0.7963999299893406,1.5411644976775278,0.7833812414396938,min_cost_max_flow,7,4,7,0,44,2
move,"['move', 4, 5, 8]",True,5108,1.866746037321882,0.0,2.499310007939972,0.73896059286809,1.3949249773140764,2.544166281656326,min_cost_max_flow,108,4,108,5,150,8
move,"['move', 4, 4, 2]",True,5108,2.0758692280938256,0.0,2.499310007939972,0.4234407798461467,0.6082569669815712,1.1231514667542317,min_cost_max_flow,75,4,75,4,38,2
move,"['move', 4, 7, 1]",True,5108,1.9134058989605491,0.0,2.499310007939972,0.5859041089794229,1.0135216702110483,1.7188978692299461,min_cost_max_flow,129,4,129,7,35,1
move,"['move', 13, 9, 2]",True,5118,2.294824672463654,0.0,2.7300482808557343,0.4352236083920806,0.7759037299110787,0.7333961061433353,min_cost_max_flow,166,13,166,9,37,2
move,"['move', 13, 0, 2]",True,5118,2.34636070040062,0.0,2.7300482808557343,0.38368758045511436,0.6472163502621697,0.6316026438057585,min_cost_max_flow,9,13,9,0,40,2
move,"['move', 13, 8, 2]",True,5118,2.1229338163504057,0.0,2.7300482808557343,0.6071144645053285,1.2038746407124563,1.904215760638356,min_cost_max_flow,159,13,159,8,41,2
move,"['move', 13, 3, 4]",True,5118,2.4683464358852913,0.0,2.7300482808557343,0.26170184497044285,0.34262415544799296,0.3835067121377863,min_cost_max_flow,57,13,57,3,75,4
move,"['move', 3, 8, 9]",True,5128,1.9737680226160972,0.0,2.35462506761289,0.3808570449967926,0.4697358098492259,0.1692053697107975,min_cost_max_flow,148,3,148,8,166,9
move,"['move', 3, 6, 9]",True,5128,1.5818606678536302,0.0,2.35462506761289,0.7727643997592597,1.4469905200821813,1.8449898185189226,min_cost_max_flow,112,3,112,6,177,9
move,"['move', 3, 7, 9]",True,5128,1.3845169850818897,0.0,2.35462506761289,1.0117491085310002,2.0446953309947276,1.6829638297222969,min_cost_max_flow,137,3,137,7,165,9
move,"['move', 3, 0, 9]",True,5128,1.6877198227378087,0.0,2.35462506761289,0.6669052448750812,1.1839169379381929,0.7954531075469929,min_cost_max_flow,7,3,7,0,168,9
move,"['move', 3, 2, 8]",True,5138,1.3101675790855172,0.0,2.1284562276597856,0.8182886485742685,1.5596020895973197,2.6443581667748006,min_cost_max_flow,46,3,46,2,159,8
move,"['move', 3, 7, 8]",True,5138,1.489737179261668,0.0,2.1284562276597856,0.6387190483981174,1.1118860007918556,1.8390837434989633,min_cost_max_flow,141,3,141,7,148,8
move,"['move', 3, 0, 3]",True,5138,1.2730723840443363,0.0,2.1284562276597856,0.8553838436154492,1.654519751893531,1.191241704601583,min_cost_max_flow,16,3,16,0,68,3
move,"['move', 3, 6, 5]",True,5138,1.5363947558504327,0.0,2.1284562276597856,0.5920614718093529,0.996542154935014,0.9723533334524247,min_cost_max_flow,114,3,114,6,91,5
move,"['move', 18, 0, 1]",True,5148,1.4298091742623926,0.0,1.830127151974117,0.4003179777117243,0.53069367435819,0.4948989619746419,min_cost_max_flow,4,18,4,0,24,1
move,"['move', 18, 5, 2]",True,5148,1.1358499156004758,0.0,1.830127151974117,0.6942772363736411,1.2634083359516808,1.9505556695087116,min_cost_max_flow,99,18,99,5,46,2
move,"['move', 18, 6, 1]",True,5148,1.103340860816313,0.0,1.830127151974117,0.7267862911578037,1.343666415385087,2.626927354175441,min_cost_max_flow,117,18,117,6,29,1
move,"['move', 18, 7, 1]",True,5148,1.1678671151070126,0.0,1.830127151974117,0.6622600368671044,1.1826710228269803,2.4134319084146805,min_cost_max_flow,134,18,134,7,32,1
move,"['move', 3, 8, 0]",True,5158,2.709775471856983,0.0,3.1759777615269833,0.46620228967000044,0.6818573993950849,0.9968867944844461,min_cost_max_flow,148,3,148,8,7,0
move,"['move', 3, 8, 7]",True,5158,2.4177413601814375,0.0,3.1759777615269833,0.7582364013455457,1.4109529239794938,1.6567231974540737,min_cost_max_flow,159,3,159,8,134,7
move,"['move', 3, 5, 7]",True,5158,2.2973662257368934,0.0,3.1759777615269833,0.8786115357900901,1.7113222547850455,2.035726734660118,min_cost_max_flow,91,3,91,5,136,7
move,"['move', 3, 3, 0]",True,5158,2.0391691016167526,0.0,3.1759777615269833,1.136808659910231,2.3564904459854006,2.252139467991216,min_cost_max_flow,68,3,68,3,9,0
move,"['move', 4, 8, 0]",True,5168,1.602014772889623,0.0,2.27633121263581,0.6743164397461873,1.2347349236442824,1.597280191681153,min_cost_max_flow,150,4,150,8,16,0
move,"['move', 4, 5, 4]",True,5168,1.8900758093957715,0.0,2.27633121263581,0.38625540324003865,0.5157936719042482,0.7897205081228311,min_cost_max_flow,106,4,106,5,84,4
move,"['move', 4, 6, 7]",True,5168,1.8388365518175402,0.0,2.27633121263581,0.43749466081827,0.6441845693916548,0.5945514802373533,min_cost_max_flow,118,4,118,6,137,7
move,"['move', 4, 1, 7]",True,5168,1.5435310177704258,0.0,2.27633121263581,0.7328001948653844,1.3796075702775852,2.4884409681409685,min_cost_max_flow,35,4,35,1,141,7
move,"['move', 2, 9, 1]",True,5178,1.7727117885014994,0.0,2.0560163862165375,0.36028580646503794,0.4543258903067908,0.8015637864166726,min_cost_max_flow,171,2,171,9,31,1
move,"['move', 2, 9, 8]",True,5178,1.5291144255878801,0.0,2.0560163862165375,0.5269019606286574,0.8706347151237424,0.9559375144813593,min_cost_max_flow,170,2,170,9,159,8
move,"['move', 2, 2, 6]",True,5178,1.4439065125821875,0.0,2.0560163862165375,0.61210987363435,1.0823214506381191,1.8446355143847657,min_cost_max_flow,48,2,48,2,110,6
move,"['move', 2, 5, 1]",True,5178,1.3037013657342573,0.0,2.0560163862165375,0.7523150204822802,1.4326473562978208,1.9692764878003823,min_cost_max_flow,95,2,95,5,35,1
move,"['move', 13, 6, 9]",True,5188,1.4126550186989926,0.0,1.9087883343918017,0.4961333156928091,0.9280673628381919,0.8071529892822851,min_cost_max_flow,113,13,113,6,166,9
move,"['move', 13, 4, 0]",True,5188,1.5801191108576607,0.0,1.9087883343918017,0.328669223534141,0.5099255968307261,0.46151006314584486,min_cost_max_flow,75,13,75,4,4,0
move,"['move', 13, 2, 9]",True,5188,1.4835162840576024,0.0,1.9087883343918017,0.4252720503341993,0.7507367098078248,0.9254794118439221,min_cost_max_flow,37,13,37,2,169,9
move,"['move', 13, 7, 0]",True,5188,1.3940627225523308,0.0,1.9087883343918017,0.514725611839471,0.9733527256466914,1.6040713613857194,min_cost_max_flow,138,13,138,7,5,0
move,"['move', 24, 5, 9]",True,5198,1.5129874751427326,0.0,2.1345804961447783,0.6215930210020457,1.0945361374033382,1.9016257964326506,min_cost_max_flow,98,24,98,5,170,9
move,"['move', 24, 3, 2]",True,5198,1.554376187396949,0.0,2.1345804961447783,0.5802043087478294,0.991969120426802,1.2984500237628356,min_cost_max_flow,58,24,58,3,48,2
move,"['move', 24, 6, 9]",True,5198,1.641595946699712,0.0,2.1345804961447783,0.4929845494450661,0.7739880243098014,1.2529152638244971,min_cost_max_flow,120,24,120,6,172,9
move,"['move', 24, 0, 2]",True,5198,1.8242426381579637,0.0,2.1345804961447783,0.31033785798681446,0.31846352676075185,0.5247611994381242,min_cost_max_flow,3,24,3,0,37,2
move,"['move', 24, 5, 4]",True,5208,1.3330066002929297,0.0,1.9781241589039573,0.6451175586110276,1.1539491212824942,1.5005325586318712,min_cost_max_flow,104,24,104,5,75,4
move,"['move', 24, 6, 4]",True,5208,1.4516666722213525,0.0,1.9781241589039573,0.5264574866826048,0.8579777591003221,1.0479874660418163,min_cost_max_flow,123,24,123,6,85,4
move,"['move', 24, 0, 4]",True,5208,1.0767773742942346,0.0,1.9781241589039573,0.9013467846097227,1.7921204529993702,3.1016880785397483,min_cost_max_flow,5,24,5,0,86,4
move,"['move', 24, 9, 4]",True,5208,1.078325109504958,0.0,1.9781241589039573,0.8997990493989992,1.78918047829211,2.482112532174078,min_cost_max_flow,170,24,170,9,87,4
move,"['move', 24, 9, 5]",True,5218,1.4373172582160154,0.0,2.1315522246031477,0.6942349663871322,1.2764796651754295,1.675849590182649,min_cost_max_flow,172,24,172,9,95,5
move,"['move', 24, 3, 6]",True,5218,1.4923290596742254,0.0,2.1315522246031477,0.6392231649289223,1.1386912212401512,1.8484764500183475,min_cost_max_flow,59,24,59,3,117,6
move,"['move', 24, 8, 1]",True,5218,1.5086830931571367,0.0,2.1315522246031477,0.6228691314460112,1.0986185601796024,1.306861352199068,min_cost_max_flow,156,24,156,8,31,1
move,"['move', 24, 0, 6]",True,5218,1.4450090666841413,0.0,2.1315522246031477,0.6865431579190064,1.256984133622609,1.853189845186524,min_cost_max_flow,6,24,6,0,112,6
move,"['move', 3, 0, 5]",True,5228,1.8570383853875245,0.0,2.654336756703257,0.7972983713157327,1.5069391211654874,2.7692083571031807,min_cost_max_flow,7,3,7,0,98,5
move,"['move', 3, 9, 8]",True,5228,2.1216471198113114,0.0,2.654336756703257,0.5326896368919458,0.8481067194516072,0.9762521267117574,min_cost_max_flow,165,3,165,9,148,8
move,"['move', 3, 9, 5]",True,5228,1.8205427361675532,0.0,2.654336756703257,0.8337940205357038,1.5993715896329377,1.9736447454216748,min_cost_max_flow,166,3,166,9,99,5
move,"['move', 3, 1, 3]",True,5228,1.8181002738452443,0.0,2.654336756703257,0.8362364828580129,1.6061606347066117,1.5183852334873211,min_cost_max_flow,27,3,27,1,57,3
move,"['move', 13, 0, 3]",True,5238,2.6511676463977323,0.0,2.962194324820118,0.311026678422386,0.4656072925936314,0.6028043682840588,min_cost_max_flow,4,13,4,0,58,3
move,"['move', 13, 5, 8]",True,5238,2.460699577540451,0.0,2.962194324820118,0.501494747279667,0.9410084203482256,1.115500627356367,min_cost_max_flow,103,13,103,5,150,8
move,"['move', 13, 7, 3]",True,5238,2.510055033696482,0.0,2.962194324820118,0.452139291123636,0.8179533657385036,0.8931101071191244,min_cost_max_flow,139,13,139,7,64,3
move,"['move', 13, 1, 6]",True,5238,2.411250341199941,0.0,2.962194324820118,0.6200071014535102,1.2362522729090415,1.8068558765511233,min_cost_max_flow,25,13,25,1,113,6
move,"['move', 3, 8, 1]",True,5248,1.8467460315773503,0.0,2.8786724120126643,1.031926380435314,2.093763479075278,2.5996516165449135,min_cost_max_flow,148,3,148,8,27,1
move,"['move', 3, 5, 4]",True,5248,2.5106753036098066,0.0,2.8786724120126643,0.3679971084028578,0.4369030592351919,0.6244781225088045,min_cost_max_flow,98,3,98,5,83,4
move,"['move', 3, 5, 2]",True,5248,2.391580690284844,0.0,2.8786724120126643,0.4870917217278202,0.7336693584074965,1.2713008825764898,min_cost_max_flow,99,3,99,5,44,2
move,"['move', 3, 9, 2]",True,5248,1.9754150911845216,0.0,2.8786724120126643,0.9032573208281426,1.7730140015555662,1.9842039510672211,min_cost_max_flow,168,3,168,9,45,2
move,"['move', 3, 3, 5]",True,5258,1.4318791368204278,0.0,2.1315062852772573,0.6996271484568294,1.2644316067526233,1.6555132008403608,min_cost_max_flow,57,3,57,3,98,5
move,"['move', 3, 1, 0]",True,5258,1.6864537965755455,0.0,2.1315062852772573,0.44505248870171177,0.6292123463572352,0.8439205392364293,min_cost_max_flow,27,3,27,1,7,0
move,"['move', 3, 7, 0]",True,5258,1.3385014606602788,0.0,2.1315062852772573,0.7930048246169784,1.4972886993637076,2.0469117270325303,min_cost_max_flow,134,3,134,7,3,0
move,"['move', 3, 9, 0]",True,5258,1.2937833941707815,0.0,2.1315062852772573,0.8377228911064758,1.6087564040426514,2.2652194235655596,min_cost_max_flow,177,3,177,9,4,0
move,"['move', 13, 6, 7]",True,5268,2.0730943618204623,0.0,2.358986333330232,0.2858919715097698,0.40291476215497823,0.506646473025846,min_cost_max_flow,113,13,113,6,134,7
move,"['move', 13, 8, 4]",True,5268,1.7966847465494673,0.0,2.358986333330232,0.6040688819057649,1.1965283397439634,1.7257787403608589,min_cost_max_flow,150,13,150,8,88,4
move,"['move', 13, 3, 5]",True,5268,1.9756103394112032,0.0,2.358986333330232,0.38337599391902893,0.6462489484329126,0.7572263031681008,min_cost_max_flow,58,13,58,3,99,5
move,"['move', 13, 3, 7]",True,5268,2.0007954123277742,0.0,2.358986333330232,0.3581909210024579,0.5835451609600568,0.5846297574535761,min_cost_max_flow,64,13,64,3,135,7
move,"['move', 4, 0, 5]",True,5278,1.1856095006172693,0.0,1.8362663565130426,0.6506568558957732,1.1749275130860042,2.0362474798429577,min_cost_max_flow,16,4,16,0,103,5
move,"['move', 4, 7, 6]",True,5278,0.9956757872838642,0.0,1.8362663565130426,0.8405905692291784,1.6512824345263653,1.0224887419442443,min_cost_max_flow,137,4,137,7,113,6
move,"['move', 4, 2, 1]",True,5278,1.4287836915799204,0.0,1.8362663565130426,0.4074826649331222,0.567905753145169,1.4271025026482376,min_cost_max_flow,38,4,38,2,25,1
move,"['move', 4, 9, 6]",True,5278,1.277844373956444,0.0,1.8362663565130426,0.5584219825565985,0.944879054914054,1.6770973625187806,min_cost_max_flow,176,4,176,9,115,6
move,"['move', 4, 1, 8]",True,5288,1.3643996255309387,0.0,1.90320629721449,0.5388066716835515,0.8959777817435679,1.5857613544311293,min_cost_max_flow,25,4,25,1,148,8
move,"['move', 4, 2, 9]",True,5288,1.3383764290823958,0.0,1.90320629721449,0.5648298681320942,0.9609338913942338,1.6536823348917769,min_cost_max_flow,39,4,39,2,170,9
move,"['move', 4, 3, 9]",True,5288,1.224658234916846,0.0,1.90320629721449,0.6785480622976441,1.245873704123369,1.2241307913847714,min_cost_max_flow,71,4,71,3,176,9
move,"['move', 4, 6, 9]",True,5288,1.205886506131157,0.0,1.90320629721449,0.6973197910833332,1.292083035063115,1.7041248077027087,min_cost_max_flow,113,4,113,6,177,9
move,"['move', 14, 3, 1]",True,5298,1.1109159609770172,0.0,1.4549766237503454,0.3440606627733283,0.567555449262727,1.0141623983615997,min_cost_max_flow,57,14,57,3,25,1
move,"['move', 14, 4, 0]",True,5298,1.009977601968824,0.0,1.4549766237503454,0.44499902178152145,0.8201830097968923,0.8263870559066804,min_cost_max_flow,73,14,73,4,16,0
move,"['move', 14, 5, 6]",True,5298,1.1634303629771494,0.0,1.4549766237503454,0.29154626077319595,0.43707635812461376,0.4762198235498078,min_cost_max_flow,99,14,99,5,113,6
move,"['move', 14, 7, 0]",True,5298,0.877123519537743,0.0,1.4549766237503454,0.5778531042126024,1.1515108414023416,1.3646367040752048,min_cost_max_flow,139,14,139,7,5,0
move,"['move', 3, 5, 3]",True,5308,1.5530597319503245,0.0,2.2053271166746793,0.6522673847243547,1.1462374371985788,1.5186866827456758,min_cost_max_flow,98,3,98,5,57,3
move,"['move', 3, 4, 9]",True,5308,1.4225232660422436,0.0,2.2053271166746793,0.7828038506324357,1.4710433592335903,2.5421818395397304,min_cost_max_flow,83,3,83,4,165,9
move,"['move', 3, 2, 9]",True,5308,1.7767569227463473,0.0,2.2053271166746793,0.428570193928332,0.5874568965737126,1.210395772618642,min_cost_max_flow,44,3,44,2,168,9
move,"['move', 3, 0, 1]",True,5308,1.6472104532599892,0.0,2.2053271166746793,0.6300784015396901,1.0909875422876212,1.3703113156096278,min_cost_max_flow,3,3,3,0,27,1
move,"['move', 22, 5, 9]",True,5318,1.724614054886905,0.0,2.046755071951927,0.32214101706502235,0.6145807720531593,0.5113854540751508,min_cost_max_flow,93,22,93,5,170,9
move,"['move', 22, 7, 9]",True,5318,1.798148409360011,0.0,2.046755071951927,0.24860666259191616,0.43100601933838334,0.33729647541548136,min_cost_max_flow,140,22,140,7,171,9
move,"['move', 22, 4, 9]",True,5318,1.7070897158422438,0.0,2.046755071951927,0.33966535610968335,0.6581563037107117,0.6682627568085285,min_cost_max_flow,85,22,85,4,172,9
move,"['move', 22, 0, 6]",True,5318,1.6450342101109445,0.0,2.046755071951927,0.4017208618409826,0.8132662584248465,0.6874691662173625,min_cost_max_flow,1,22,1,0,116,6
move,"['move', 3, 9, 8]",True,5328,1.4193987710370433,0.0,2.0575632270886213,0.6381644560515781,1.1107364279887406,1.6811450346767505,min_cost_max_flow,165,3,165,9,154,8
move,"['move', 3, 3, 5]",True,5328,1.6235963962590552,0.0,2.0575632270886213,0.4339668308295661,0.6010938559047645,1.113484387307545,min_cost_max_flow,57,3,57,3,93,5
move,"['move', 3, 7, 4]",True,5328,1.2505145503302932,0.0,2.0575632270886213,0.8070486767583281,1.5318199428802473,2.4325029515890857,min_cost_max_flow,136,3,136,7,73,4
move,"['move', 3, 6, 4]",True,5328,1.675514213205326,0.0,2.0575632270886213,0.3820490138832952,0.471422269642062,1.0315136519910015,min_cost_max_flow,116,3,116,6,83,4
move,"['move', 24, 1, 0]",True,5338,2.0452929806697786,0.0,2.508305274423511,0.46301229375373243,0.6994345191851608,1.0014925280289102,min_cost_max_flow,31,24,31,1,1,0
move,"['move', 24, 5, 7]",True,5338,1.7235546455507866,0.0,2.508305274423511,0.8404137394977245,1.6416496095262119,1.8605085406480715,min_cost_max_flow,95,24,95,5,139,7
move,"['move', 24, 2, 0]",True,5338,2.10786310206038,0.0,2.508305274423511,0.49591818752979744,0.7811174632588518,1.3893527723430499,min_cost_max_flow,37,24,37,2,6,0
move,"['move', 24, 4, 0]",True,5338,1.8878571826372244,0.0,2.508305274423511,0.6933071564112867,1.273550215861178,2.082465839941138,min_cost_max_flow,86,24,86,4,7,0
move,"['move', 3, 8, 7]",True,5348,1.635012612579521,0.0,2.2090105630839156,0.5739979505043947,0.9503806157081272,1.6408439764466323,min_cost_max_flow,154,3,154,8,136,7
move,"['move', 3, 5, 7]",True,5348,1.3590936943942378,0.0,2.2090105630839156,0.849916868689678,1.6376618382055312,3.3182259536493555,min_cost_max_flow,93,3,93,5,138,7
move,"['move', 3, 4, 7]",True,5348,1.4691969589185132,0.0,2.2090105630839156,0.7398136041654024,1.36389846248494,2.3217022269175884,min_cost_max_flow,73,3,73,4,139,7
move,"['move', 3, 1, 6]",True,5348,1.5178820884579607,0.0,2.2090105630839156,0.691128474625955,1.243579866590153,1.3922169243631908,min_cost_max_flow,27,3,27,1,114,6
move,"['move', 3, 4, 3]",True,5358,1.250755969027082,0.0,1.9817625085654158,0.7310065395383339,1.342516272146895,1.8980547405002623,min_cost_max_flow,83,3,83,4,57,3
move,"['move', 3, 9, 1]",True,5358,1.539226184604822,0.0,1.9817625085654158,0.44253632396059367,0.6231982409371994,0.6597162507301493,min_cost_max_flow,168,3,168,9,27,1
move,"['move', 3, 2, 1]",True,5358,1.391661643903527,0.0,1.9817625085654158,0.5901008646618888,0.992231824558985,0.5782283383649347,min_cost_max_flow,45,3,45,2,28,1
move,"['move', 3, 7, 5]",True,5358,1.339038254028325,0.0,1.9817625085654158,0.6427242545370908,1.1222220443742117,1.6237315868838191,min_cost_max_flow,136,3,136,7,107,5
move,"['move', 24, 7, 5]",True,5368,1.5558963243977768,0.0,2.2035851443129126,0.6476888199151358,1.1593213921005372,2.204454186783499,min_cost_max_flow,139,24,139,7,93,5
move,"['move', 24, 0, 5]",True,5368,1.29933947428597,0.0,2.2035851443129126,0.9042456700269426,1.8004950391186867,2.350106361028407,min_cost_max_flow,1,24,1,0,98,5
move,"['move', 24, 0, 1]",True,5368,1.5257358504217784,0.0,2.2035851443129126,0.6778492938911341,1.235341212064668,1.7920308373601683,min_cost_max_flow,6,24,6,0,33,1
move,"['move', 24, 4, 1]",True,5368,1.6108647440038943,0.0,2.2035851443129126,0.5927204003090182,1.0224854474290623,1.8143846242373782,min_cost_max_flow,75,24,75,4,34,1
move,"['move', 24, 6, 8]",True,5378,0.9534068537927787,0.0,1.4562331720129047,0.502826318220126,0.7992291138725705,0.8284701804118034,min_cost_max_flow,112,24,112,6,150,8
move,"['move', 24, 2, 8]",True,5378,0.6116471684149539,0.0,1.4562331720129047,0.8445860035979508,1.6518140268308343,2.038003837943528,min_cost_max_flow,48,24,48,2,155,8
move,"['move', 24, 5, 8]",True,5378,0.7316853531769127,0.0,1.4562331720129047,0.724547818835992,1.3520422362053068,1.8222229850307339,min_cost_max_flow,93,24,93,5,156,8
move,"['move', 24, 1, 8]",True,5378,1.0168542397934972,0.0,1.4562331720129047,0.4393789322194075,0.6408475347197964,0.670546281063468,min_cost_max_flow,33,24,33,1,158,8
move,"['move', 3, 5, 4]",True,5388,1.301285861971583,0.0,1.6808151251369026,0.37952926316531965,0.4659940827114042,0.4507204091368667,min_cost_max_flow,107,3,107,5,73,4
move,"['move', 3, 3, 9]",True,5388,0.9268582703556411,0.0,1.6808151251369026,0.7539568547812615,1.3994105761521496,2.2190441418764943,min_cost_max_flow,57,3,57,3,165,9
move,"['move', 3, 1, 9]",True,5388,0.8718301100452976,0.0,1.6808151251369026,0.829773914091605,1.5907602737861453,1.0143445697850921,min_cost_max_flow,27,3,27,1,166,9
move,"['move', 3, 6, 9]",True,5388,1.0730271982524795,0.0,1.6808151251369026,0.607787926884423,1.0358099830700667,1.0045597018674293,min_cost_max_flow,114,3,114,6,168,9
move,"['move', 4, 8, 3]",True,5398,1.6240160822196774,0.0,2.277796840194822,0.6537807579751447,1.1819619321686332,2.553138223709662,min_cost_max_flow,148,4,148,8,57,3
move,"['move', 4, 5, 3]",True,5398,1.7560911452675891,0.0,2.277796840194822,0.521705694927233,0.8542501428964897,0.9025593252857194,min_cost_max_flow,103,4,103,5,71,3
move,"['move', 4, 6, 1]",True,5398,1.637140513998144,0.0,2.277796840194822,0.640656326196678,1.1502269457778311,1.835742853466581,min_cost_max_flow,115,4,115,6,33,1
move,"['move', 4, 4, 3]",True,5398,1.6738723830086104,0.0,2.277796840194822,0.6039244571862118,1.0586257142640534,1.683448845208088,min_cost_max_flow,84,4,84,4,58,3
move,"['move', 4, 2, 6]",True,5408,0.8514776068967168,0.0,1.7570422714683662,0.9055646645716494,1.8132605843493366,1.327214430748619,min_cost_max_flow,44,4,44,2,112,6
move,"['move', 4, 1, 5]",True,5408,1.006798253180652,0.0,1.7570422714683662,0.7502440182877141,1.4252012735159951,1.1656778464173843,min_cost_max_flow,33,4,33,1,107,5
move,"['move', 4, 3, 6]",True,5408,1.099981935762203,0.0,1.7570422714683662,0.6570603357061632,1.191851985116955,1.4257324765259185,min_cost_max_flow,57,4,57,3,114,6
move,"['move', 4, 7, 5]",True,5408,1.2324750528757489,0.0,1.7570422714683662,0.5245672185926173,0.8606098125237622,1.4319856827447741,min_cost_max_flow,141,4,141,7,93,5
move,"['move', 3, 4, 2]",True,5418,1.097974571456354,0.0,2.1242563150909923,1.0262817436346383,2.0810413534054533,1.6733407286351039,min_cost_max_flow,73,3,73,4,44,2
move,"['move', 3, 9, 2]",True,5418,1.3850154024863304,0.0,2.1242563150909923,0.739240912604662,1.3626526341831777,2.1977684935252295,min_cost_max_flow,165,3,165,9,48,2
move,"['move', 3, 1, 2]",True,5418,1.3938189905663054,0.0,2.1242563150909923,0.7304373245246869,1.340700903449033,2.1596088496632166,min_cost_max_flow,28,3,28,1,38,2
move,"['move', 3, 0, 5]",True,5418,1.4180855407613489,0.0,2.1242563150909923,0.7061707743296435,1.2818045153981075,0.9796172252078796,min_cost_max_flow,4,3,4,0,95,5
move,"['move', 2, 7, 5]",True,5428,1.5872584605529836,0.0,2.134460961447924,0.5472025008949406,0.9205973823409295,1.4817264801620698,min_cost_max_flow,131,2,131,7,99,5
move,"['move', 2, 4, 2]",True,5428,1.7258526374370486,0.0,2.134460961447924,0.4086083240108755,0.5748130036226939,1.0143508188771795,min_cost_max_flow,77,2,77,4,37,2
move,"['move', 2, 1, 5]",True,5428,1.7279482868854594,0.0,2.134460961447924,0.4611453383124649,0.7062804546294501,0.9310739836887666,min_cost_max_flow,31,2,31,1,103,5
move,"['move', 2, 1, 2]",True,5428,1.7517175816135964,0.0,2.134460961447924,0.3827433798343279,0.5100831401869073,1.0593528151555562,min_cost_max_flow,35,2,35,1,39,2
move,"['move', 3, 5, 6]",True,5438,1.9882326820226195,0.0,2.5030876337425667,0.5148549517199472,0.8039302917459281,0.7027286438336171,min_cost_max_flow,95,3,95,5,115,6
move,"['move', 3, 7, 6]",True,5438,1.927422649574916,0.0,2.5030876337425667,0.5756649841676507,0.9553153547312832,1.1294073997693768,min_cost_max_flow,138,3,138,7,116,6
move,"['move', 3, 0, 6]",True,5438,1.631652746761971,0.0,2.5030876337425667,0.8714348869805957,1.6926592996678664,2.5166154636221276,min_cost_max_flow,7,3,7,0,117,6
move,"['move', 3, 2, 6]",True,5438,1.7819079975208705,0.0,2.5030876337425667,0.8292145144716964,1.5877274433296407,2.1038988409405177,min_cost_max_flow,38,3,38,2,118,6
move,"['move', 22, 9, 2]",True,5448,0.836807177094084,0.0,1.0765001927246136,0.23969301563052958,0.4086945171657135,0.3555529882177679,min_cost_max_flow,170,22,170,9,44,2
move,"['move', 22, 6, 5]",True,5448,0.8656117798399156,0.0,1.0765001927246136,0.21088841288469803,0.3368607343509211,0.2370702883601097,min_cost_max_flow,116,22,116,6,95,5
move,"['move', 22, 1, 2]",True,5448,0.8444998663889061,0.0,1.0765001927246136,0.2320003263357075,0.3897290530294413,0.17804692102909686,min_cost_max_flow,26,22,26,1,46,2
move,"['move', 22, 7, 2]",True,5448,0.7628307017081419,0.0,1.0765001927246136,0.31366949101647174,0.5936388559712213,0.3534527611160685,min_cost_max_flow,141,22,141,7,47,2
move,"['move', 14, 0, 7]",True,5464,1.6149214145048179,0.0,2.133337136677171,0.5184157221723532,1.0031270585677703,1.224855193374191,min_cost_max_flow,5,14,5,0,141,7
move,"['move', 14, 0, 4]",True,5464,1.714556017066789,0.0,2.133337136677171,0.41878111961038195,0.7537384105453384,1.426282938376699,min_cost_max_flow,16,14,16,0,73,4
move,"['move', 14, 1, 7]",True,5464,1.6834761334342419,0.0,2.133337136677171,0.4498610032429291,0.8323474438366247,0.8200667984311296,min_cost_max_flow,25,14,25,1,131,7
move,"['move', 14, 2, 7]",True,5464,1.5522929575711255,0.0,2.133337136677171,0.5810441791060453,1.1585452380677452,1.9934970828777805,min_cost_max_flow,54,14,54,2,136,7
move,"['move', 3, 7, 3]",True,5474,1.292999185599807,0.0,2.2057806235498885,0.9127814379500815,1.7959384182540816,2.5747880219550177,min_cost_max_flow,139,3,139,7,57,3
move,"['move', 3, 2, 5]",True,5474,1.6158068142449993,0.0,2.2057806235498885,0.5899738093048892,0.9899794643788482,1.8680428634567106,min_cost_max_flow,44,3,44,2,104,5
move,"['move', 3, 6, 3]",True,5474,1.262991474609095,0.0,2.2057806235498885,0.9506140591074601,1.8923242049859255,1.3719654630233709,min_cost_max_flow,117,3,117,6,68,3
move,"['move', 3, 2, 3]",True,5474,1.6469862497056402,0.0,2.2057806235498885,0.5587943738442482,0.9128110655437922,1.3479163190925416,min_cost_max_flow,48,3,48,2,59,3
move,"['move', 4, 5, 7]",True,5484,1.601261510495747,0.0,2.349263925665373,0.7480024151696257,1.4180076255652239,2.2254379501176027,min_cost_max_flow,93,4,93,5,139,7
move,"['move', 4, 5, 0]",True,5484,1.5777505525327777,0.0,2.349263925665373,0.7715133731325953,1.477112474036403,2.0071355742807313,min_cost_max_flow,107,4,107,5,16,0
move,"['move', 4, 3, 1]",True,5484,1.6701867214858308,0.0,2.349263925665373,0.679077204179542,1.2460748983867234,1.9719044189783677,min_cost_max_flow,58,4,58,3,31,1
move,"['move', 4, 2, 7]",True,5484,1.626931297225061,0.0,2.349263925665373,0.7223326284403119,1.35571215487289,0.9727738628170551,min_cost_max_flow,47,4,47,2,137,7
move,"['move', 24, 1, 2]",True,5494,1.62538271899808,0.0,1.9839797445285234,0.35859702553044337,0.4387933316465933,0.736837181592004,min_cost_max_flow,34,24,34,1,48,2
move,"['move', 24, 8, 2]",True,5494,1.335346642316761,0.0,1.9839797445285234,0.6486331022117623,1.1621327217071666,1.904038276741399,min_cost_max_flow,150,24,150,8,54,2
move,"['move', 24, 4, 7]",True,5494,1.2904059521866662,0.0,1.9839797445285234,0.6935737923418573,1.2754625308152754,1.251982421494006,min_cost_max_flow,85,24,85,4,138,7
move,"['move', 24, 8, 7]",True,5494,1.384949065348376,0.0,1.9839797445285234,0.5990306791801474,1.0402415217395173,0.4941332024827889,min_cost_max_flow,155,24,155,8,139,7
move,"['move', 3, 5, 7]",True,5504,1.3288108769537637,0.0,1.8363104777588908,0.5074996008051272,0.7854604750973522,0.7570215515175828,min_cost_max_flow,104,3,104,5,140,7
move,"['move', 3, 9, 7]",True,5504,1.0310064882838206,0.0,1.8363104777588908,0.8053039894750702,1.5284987513005035,1.7388185326550443,min_cost_max_flow,166,3,166,9,141,7
move,"['move', 3, 6, 7]",True,5504,1.3875385177275803,0.0,1.8363104777588908,0.4641192915313105,0.677082749454712,0.7083231902498046,min_cost_max_flow,115,3,115,6,129,7
move,"['move', 3, 0, 7]",True,5504,0.9118677562037504,0.0,1.8363104777588908,0.9244427215551404,1.8263765496958513,1.7181730692068198,min_cost_max_flow,9,3,9,0,130,7
move,"['move', 22, 8, 1]",True,5514,1.2137381227451984,0.0,1.5273707547655992,0.31363263202040076,0.593292184836173,0.5231351910299782,min_cost_max_flow,149,22,149,8,35,1
move,"['move', 22, 3, 1]",True,5514,1.309441069261528,0.0,1.5273707547655992,0.2677866968790715,0.47887746951164445,0.38972017183358976,min_cost_max_flow,72,22,72,3,26,1
move,"['move', 22, 2, 6]",True,5514,1.2537750149193263,0.0,1.5273707547655992,0.27359573984627306,0.4930338222766295,0.6338899405128968,min_cost_max_flow,44,22,44,2,116,6
move,"['move', 22, 3, 6]",True,5514,1.2321323737960563,0.0,1.5273707547655992,0.29523838096954297,0.5474705273882137,0.41382173823988333,min_cost_max_flow,56,22,56,3,117,6
move,"['move', 22, 5, 4]",True,5524,0.8552270818008614,0.0,1.1546278798782525,0.2994007980773912,0.5578929393741419,0.40290892736810446,min_cost_max_flow,95,22,95,5,85,4
move,"['move', 22, 1, 3]",True,5524,0.9154130201590388,0.0,1.1546278798782525,0.23921485971921375,0.40757132023281883,0.307424424621146,min_cost_max_flow,26,22,26,1,56,3
move,"['move', 22, 6, 3]",True,5524,0.861494994047985,0.0,1.1546278798782525,0.29313288583026753,0.5422198626911268,0.40510630417211413,min_cost_max_flow,116,22,116,6,57,3
move,"['move', 22, 2, 3]",True,5524,0.9059336498998048,0.0,1.1546278798782525,0.24869422997844767,0.43123754966654815,0.3288885675247893,min_cost_max_flow,46,22,46,2,58,3
move,"['move', 18, 0, 7]",True,5534,1.0759365146708912,0.0,1.6058649932652975,0.5299284785944063,0.8537345558361267,1.1518127811536027,min_cost_max_flow,14,18,14,0,142,7
move,"['move', 18, 1, 7]",True,5534,0.7860352900734655,0.0,1.6058649932652975,0.819829703191832,1.5776397348672617,1.7170677561063215,min_cost_max_flow,24,18,24,1,131,7
move,"['move', 18, 2, 5]",True,5534,1.0223357116796654,0.0,1.6058649932652975,0.5835292815856321,0.987236015869712,1.4855110774729945,min_cost_max_flow,46,18,46,2,93,5
move,"['move', 18, 3, 6]",True,5534,0.8211913134369659,0.0,1.6058649932652975,0.7846736798283316,1.488873194095504,2.3013893314441045,min_cost_max_flow,55,18,55,3,116,6
move,"['move', 24, 2, 9]",True,5544,1.201842093538319,0.0,1.9029732053561366,0.7011311118178175,1.2932467103819363,1.9913951703201946,min_cost_max_flow,48,24,48,2,165,9
move,"['move', 24, 8, 9]",True,5544,1.0292374478690465,0.0,1.9029732053561366,0.8737357574870901,1.725531081247027,1.4762240423808088,min_cost_max_flow,156,24,156,8,166,9
move,"['move', 24, 7, 9]",True,5544,1.184616123664481,0.0,1.9029732053561366,0.7183570816916555,1.3380439990651212,0.8364858379268553,min_cost_max_flow,138,24,138,7,170,9
move,"['move', 24, 0, 9]",True,5544,1.255369952805545,0.0,1.9029732053561366,0.6476032525505914,1.1601801084325416,1.4893643578730678,min_cost_max_flow,7,24,7,0,174,9
move,"['move', 3, 3, 0]",True,5554,1.422719697309186,0.0,2.434182816074528,1.0975509471403417,2.2584090528253,2.2102136249096667,min_cost_max_flow,68,3,68,3,7,0
move,"['move', 3, 3, 2]",True,5554,1.974459990258919,0.0,2.434182816074528,0.49868164094060874,0.7631233225911274,0.9518567814698696,min_cost_max_flow,59,3,59,3,44,2
move,"['move', 3, 6, 0]",True,5554,1.6936512694712054,0.0,2.434182816074528,0.7405315466033223,1.3665426606239635,1.755474197435137,min_cost_max_flow,116,3,116,6,9,0
move,"['move', 3, 3, 1]",True,5554,1.9285758471002779,0.0,2.434182816074528,0.50560696897425,0.7804443342611194,0.9467290575439833,min_cost_max_flow,57,3,57,3,24,1
move,"['move', 24, 8, 0]",True,5564,1.1941545620230907,0.0,1.682509483942582,0.48835492191949137,0.7629446350038052,0.8991289251973902,min_cost_max_flow,158,24,158,8,14,0
move,"['move', 24, 5, 0]",True,5564,0.9565329558938378,0.0,1.682509483942582,0.7259765280487442,1.3552605413933634,2.0578682142467595,min_cost_max_flow,98,24,98,5,1,0
move,"['move', 24, 9, 1]",True,5564,0.9716484676360512,0.0,1.682509483942582,0.7108610163065309,1.318413968612731,1.429730497646088,min_cost_max_flow,165,24,165,9,25,1
move,"['move', 24, 7, 3]",True,5564,0.9762821130317898,0.0,1.682509483942582,0.7062273709107922,1.3059284840637702,2.0306445373888513,min_cost_max_flow,139,24,139,7,72,3
move,"['move', 22, 4, 0]",True,5574,0.7914864025362282,0.0,1.149969795358838,0.4114249075726098,0.8374499269630178,0.7384330268151501,min_cost_max_flow,85,22,85,4,3,0
move,"['move', 22, 1, 5]",True,5574,0.8734788327506695,0.0,1.149969795358838,0.27649096260816836,0.5004372660550871,0.5236320246999423,min_cost_max_flow,35,22,35,1,98,5
move,"['move', 22, 2, 5]",True,5574,0.8615068903616196,0.0,1.149969795358838,0.2884629049972182,0.5305572022189153,0.3969118972308855,min_cost_max_flow,47,22,47,2,104,5
move,"['move', 22, 9, 5]",True,5574,0.8337687832321872,0.0,1.149969795358838,0.31620101212665075,0.5995748474160791,0.6153269815092242,min_cost_max_flow,171,22,171,9,106,5
move,"['move', 3, 9, 5]",True,5584,2.224913001447254,0.0,3.0341251747959133,0.8092121733486594,1.5381303798640147,1.8313726129628154,min_cost_max_flow,168,3,168,9,108,5
move,"['move', 3, 6, 5]",True,5584,2.2236423637623837,0.0,3.0341251747959133,0.8104828110335297,1.5413215502994717,1.8216551307753837,min_cost_max_flow,118,3,118,6,91,5
move,"['move', 3, 1, 3]",True,5584,2.5164609151402906,0.0,3.0341251747959133,0.5176642596556227,0.8099834789391025,1.349450407843086,min_cost_max_flow,24,3,24,1,55,3
move,"['move', 3, 0, 3]",True,5584,2.5441545112196655,0.0,3.0341251747959133,0.48997066357624763,0.7408675787301036,1.2707237482172413,min_cost_max_flow,7,3,7,0,57,3
move,"['move', 3, 3, 6]",True,5594,2.0250623980294127,0.0,2.8085653359451657,0.783502937915753,1.4730958316722536,2.339012352626305,min_cost_max_flow,55,3,55,3,115,6
move,"['move', 3, 5, 1]",True,5594,2.033357514720748,0.0,2.8085653359451657,0.7752078212244178,1.4546272920706542,0.8261776014671556,min_cost_max_flow,91,3,91,5,35,1
move,"['move', 3, 5, 4]",True,5594,2.3466578728125906,0.0,2.8085653359451657,0.461907463132575,0.6710502691494185,1.0435960625530614,min_cost_max_flow,108,3,108,5,75,4
move,"['move', 3, 7, 6]",True,5594,2.308634357571325,0.0,2.8085653359451657,0.4999309783738405,0.7659798205349944,1.1297538742782876,min_cost_max_flow,129,3,129,7,116,6
move,"['move', 3, 4, 8]",True,5604,1.6166457032183286,0.0,2.129835106622898,0.5131894034045693,0.798077334446134,1.8287863180665311,min_cost_max_flow,75,3,75,4,148,8
move,"['move', 3, 2, 9]",True,5604,1.4643910274399872,0.0,2.129835106622898,0.6654440791829107,1.1787943581512081,1.7752301452526296,min_cost_max_flow,44,3,44,2,165,9
move,"['move', 3, 0, 9]",True,5604,1.6732090218886333,0.0,2.129835106622898,0.4566260847342647,0.6587287292422843,0.4556586701253176,min_cost_max_flow,9,3,9,0,168,9
move,"['move', 3, 3, 8]",True,5604,1.4037898208237776,0.0,2.129835106622898,0.7260452857991203,1.329222545864468,2.4917826967622236,min_cost_max_flow,57,3,57,3,149,8
move,"['move', 18, 6, 2]",True,5614,1.268615659795154,0.0,1.676822761336974,0.40820710154182005,0.5501858894203906,0.6486286373339012,min_cost_max_flow,116,18,116,6,44,2
move,"['move', 18, 7, 0]",True,5614,1.039132954875185,0.0,1.676822761336974,0.6376898064617887,1.1227167637698585,1.4325539376363685,min_cost_max_flow,131,18,131,7,7,0
move,"['move', 18, 7, 2]",True,5614,0.6883797494566218,0.0,1.676822761336974,0.9884430118803521,1.9979743385047186,2.5161798120016994,min_cost_max_flow,142,18,142,7,46,2
move,"['move', 18, 8, 0]",True,5614,1.1024405931899608,0.0,1.676822761336974,0.5743821681470132,0.9651687472287449,0.9518344404194446,min_cost_max_flow,147,18,147,8,9,0
move,"['move', 4, 0, 4]",True,5624,1.4055044968291157,0.0,2.0586699352274174,0.6531654383983017,1.1810058716800995,2.164979254660264,min_cost_max_flow,16,4,16,0,85,4
move,"['move', 4, 9, 2]",True,5624,1.351664345790807,0.0,2.0586699352274174,0.7070055894366104,1.3165578756888863,1.5305616459837583,min_cost_max_flow,170,4,170,9,47,2
move,"['move', 4, 7, 2]",True,5624,1.2976416887706759,0.0,2.0586699352274174,0.7610282464567415,1.4509864079736872,1.9493018230015338,min_cost_max_flow,137,4,137,7,48,2
move,"['move', 4, 3, 2]",True,5624,1.7042475768472485,0.0,2.0586699352274174,0.35442235838016894,0.4365111051592976,0.5896902383070814,min_cost_max_flow,71,4,71,3,38,2
move,"['move', 3, 8, 0]",True,5634,1.590500745889017,0.0,2.2069026035514185,0.649678194995735,1.1397652758168988,1.5181447228327958,min_cost_max_flow,148,3,148,8,16,0
move,"['move', 3, 8, 5]",True,5634,1.300127756901487,0.0,2.2069026035514185,0.9067748466499315,1.7810328627820127,2.5008395030843475,min_cost_max_flow,149,3,149,8,107,5
move,"['move', 3, 1, 0]",True,5634,1.6339847680899808,0.0,2.2069026035514185,0.5729178354614376,0.948153165896656,1.325618779165667,min_cost_max_flow,35,3,35,1,4,0
move,"['move', 3, 6, 0]",True,5634,1.7344743954677155,0.0,2.2069026035514185,0.4724282080837029,0.6971544215411996,1.1754027199121084,min_cost_max_flow,115,3,115,6,6,0
move,"['move', 24, 3, 8]",True,5644,1.1581269473272828,0.0,1.9056428657202304,0.7475159183929476,1.4074417516749236,3.1693786002124136,min_cost_max_flow,72,24,72,3,147,8
move,"['move', 24, 9, 8]",True,5644,1.4294241262225875,0.0,1.9056428657202304,0.5247579774976431,0.8544593819897273,0.561056898168877,min_cost_max_flow,166,24,166,9,149,8
move,"['move', 24, 0, 8]",True,5644,1.1254822664270971,0.0,1.9056428657202304,0.7801605992931333,1.4909912781586172,1.8774957780592751,min_cost_max_flow,1,24,1,0,150,8
move,"['move', 24, 4, 8]",True,5644,1.2069978021015144,0.0,1.9056428657202304,0.698645063618716,1.2868195169212413,2.1327771456146665,min_cost_max_flow,87,24,87,4,154,8
move,"['move', 3, 5, 2]",True,5654,0.9396131678472504,0.0,1.9007916951548287,0.9611785273075784,1.9168169315598789,2.650928080584874,min_cost_max_flow,107,3,107,5,44,2
move,"['move', 3, 0, 2]",True,5654,1.248190009340982,0.0,1.9007916951548287,0.6526016858138468,1.1475795609439956,1.181106001621154,min_cost_max_flow,4,3,4,0,45,2
move,"['move', 3, 6, 2]",True,5654,1.1287759434512996,0.0,1.9007916951548287,0.7720157517035291,1.4457118760547019,1.449672410620897,min_cost_max_flow,116,3,116,6,46,2
move,"['move', 3, 0, 3]",True,5654,1.2625822933620139,0.0,1.9007916951548287,0.6382094017928148,1.1104899991260027,1.9203405118964916,min_cost_max_flow,6,3,6,0,71,3
move,"['move', 4, 1, 3]",True,5664,1.0962378960496735,0.0,1.5341391886667388,0.5203215301170654,0.8506567449512659,0.9912166051556255,min_cost_max_flow,31,4,31,1,72,3
move,"['move', 4, 6, 3]",True,5664,0.9331836867283283,0.0,1.5341391886667388,0.6009555019384105,1.050601802438905,2.084464648971383,min_cost_max_flow,112,4,112,6,55,3
move,"['move', 4, 4, 0]",True,5664,0.8447173738673138,0.0,1.5341391886667388,0.689421814799425,1.2728199998746277,1.3828544601802646,min_cost_max_flow,85,4,85,4,1,0
move,"['move', 4, 2, 3]",True,5664,1.1967797081199287,0.0,1.5341391886667388,0.33735948054681014,0.3938845891680103,0.5692378435672877,min_cost_max_flow,38,4,38,2,57,3
move,"['move', 4, 0, 4]",True,5674,0.735321907410204,0.0,1.455291888805203,0.7199699813949991,1.348788842849899,1.6505701359563583,min_cost_max_flow,1,4,1,0,85,4
move,"['move', 4, 7, 1]",True,5674,0.7742973380292675,0.0,1.455291888805203,0.6809945507759356,1.2515313170006266,1.5298696703654389,min_cost_max_flow,139,4,139,7,35,1
move,"['move', 4, 9, 1]",True,5674,0.6888265988766744,0.0,1.455291888805203,0.7664652899285287,1.4643559002142865,2.0980461155805528,min_cost_max_flow,176,4,176,9,24,1
move,"['move', 4, 6, 5]",True,5674,0.7613482488735958,0.0,1.455291888805203,0.6939436399316073,1.2840307679143734,1.445384320654007,min_cost_max_flow,114,4,114,6,107,5
move,"['move', 4, 4, 7]",True,5684,2.03546388783967,0.0,2.434687662504968,0.39922377466529807,0.5475001081140363,1.2660487436965184,min_cost_max_flow,85,4,85,4,139,7
move,"['move', 4, 5, 6]",True,5684,1.6700724166793037,0.0,2.434687662504968,0.7646152458256644,1.4596054208668647,2.181625509088094,min_cost_max_flow,107,4,107,5,116,6
move,"['move', 4, 1, 6]",True,5684,1.7130214258580887,0.0,2.434687662504968,0.7216662366468793,1.3535398972162511,1.3102926448553007,min_cost_max_flow,24,4,24,1,112,6
move,"['move', 4, 9, 7]",True,5684,1.9478904334096123,0.0,2.434687662504968,0.48679722909535567,0.7665801294715493,1.168458555450371,min_cost_max_flow,177,4,177,9,138,7
move,"['move', 3, 3, 6]",True,5694,1.3391593800627832,0.0,2.055100804042768,0.7159414239799846,1.3047919246091624,1.9390938350730385,min_cost_max_flow,71,3,71,3,114,6
move,"['move', 3, 7, 6]",True,5694,1.5746673105298092,0.0,2.055100804042768,0.4804334935129585,0.7178581688422128,0.7150469013293128,min_cost_max_flow,130,3,130,7,115,6
move,"['move', 3, 9, 6]",True,5694,1.3712072882473265,0.0,2.055100804042768,0.6838935157954414,1.2247115185891744,1.9128508741599006,min_cost_max_flow,165,3,165,9,116,6
move,"['move', 3, 0, 6]",True,5694,1.3227674932109021,0.0,2.055100804042768,0.7323333108318657,1.3463013722284813,1.5859401753288989,min_cost_max_flow,16,3,16,0,119,6
move,"['move', 3, 2, 0]",True,5704,1.546481021347992,0.0,2.426032690414361,0.879551669066369,1.7141586631041719,1.7116766490406858,min_cost_max_flow,44,3,44,2,16,0
move,"['move', 3, 7, 0]",True,5704,1.777220936018269,0.0,2.426032690414361,0.648811754396092,1.1382310295011848,1.0969079339035814,min_cost_max_flow,140,3,140,7,1,0
move,"['move', 3, 9, 3]",True,5704,1.701652960559468,0.0,2.426032690414361,0.7243797298548931,1.3258425219682977,1.969205387163684,min_cost_max_flow,168,3,168,9,71,3
move,"['move', 3, 6, 0]",True,5704,1.7922399796205135,0.0,2.426032690414361,0.6337927107938476,1.1006477998453192,1.120655034073438,min_cost_max_flow,114,3,114,6,4,0
move,"['move', 24, 1, 4]",True,5714,1.9446328312638592,0.0,2.735358230961173,0.7907253996973138,1.516288358499878,2.620776224186292,min_cost_max_flow,25,24,25,1,85,4
move,"['move', 24, 2, 4]",True,5714,2.251713739277214,0.0,2.735358230961173,0.48364449168395884,0.7503779505495913,1.4262015021190788,min_cost_max_flow,54,24,54,2,75,4
move,"['move', 24, 9, 7]",True,5714,2.451910287241747,0.0,2.735358230961173,0.3548284824694259,0.4294782826618757,0.66596473637466,min_cost_max_flow,174,24,174,9,139,7
move,"['move', 24, 8, 4]",True,5714,2.2167003493817754,0.0,2.735358230961173,0.5186578815793977,0.8370254969995585,2.0168203612058857,min_cost_max_flow,147,24,147,8,77,4
move,"['move', 3, 3, 1]",True,5724,1.4630262332866328,0.0,2.0539665837292413,0.5909403504426086,0.9928716315698694,1.5508332989751965,min_cost_max_flow,71,3,71,3,24,1
move,"['move', 3, 7, 9]",True,5724,1.4400502797649168,0.0,2.0539665837292413,0.6139163039643244,1.0512413676042343,0.930931812258234,min_cost_max_flow,141,3,141,7,176,9
move,"['move', 3, 0, 1]",True,5724,1.3129875844930738,0.0,2.0539665837292413,0.7409789992361675,1.3669331522542052,2.2409008320160937,min_cost_max_flow,1,3,1,0,25,1
move,"['move', 3, 0, 9]",True,5724,1.340110626709698,0.0,2.0539665837292413,0.7138559570195434,1.300488771768869,1.3320841278666269,min_cost_max_flow,4,3,4,0,177,9
move,"['move', 24, 9, 2]",True,5734,1.4213740852234527,0.0,2.206099060410436,0.7847249751869831,1.5019251509729656,2.1955403915766447,min_cost_max_flow,170,24,170,9,54,2
move,"['move', 24, 7, 2]",True,5734,1.2703071337395593,0.0,2.206099060410436,0.9357919266708765,1.8799032950992114,1.9883634472352736,min_cost_max_flow,139,24,139,7,44,2
move,"['move', 24, 0, 3]",True,5734,1.69889001445028,0.0,2.206099060410436,0.5072090459601556,0.8109065597309382,0.3480525082157654,min_cost_max_flow,14,24,14,0,68,3
move,"['move', 24, 4, 2]",True,5734,1.4760942878910706,0.0,2.206099060410436,0.7300047725193652,1.3661984595964896,1.4796635298643042,min_cost_max_flow,75,24,75,4,47,2
move,"['move', 24, 4, 9]",True,5744,1.07157717860584,0.0,1.9069222795439411,0.8353451009381012,1.629112831549719,1.7706295922712354,min_cost_max_flow,77,24,77,4,170,9
move,"['move', 24, 3, 1]",True,5744,0.9953370418290158,0.0,1.9069222795439411,0.9115852377149253,1.820064642772195,1.5363167386608818,min_cost_max_flow,68,24,68,3,26,1
move,"['move', 24, 2, 0]",True,5744,1.2551654074876408,0.0,1.9069222795439411,0.6517568720563003,1.1701865895083756,1.7410761501652683,min_cost_max_flow,44,24,44,2,14,0
move,"['move', 24, 2, 1]",True,5744,1.4448109511740634,0.0,1.9069222795439411,0.4621113283698778,0.6974526483827503,0.8211307565446553,min_cost_max_flow,47,24,47,2,33,1
move,"['move', 18, 0, 8]",True,5754,1.6097862540763122,0.0,2.0504646997370988,0.44067844566078673,0.6310085818331572,0.8857405604340115,min_cost_max_flow,7,18,7,0,147,8
move,"['move', 18, 1, 8]",True,5754,1.2636523140406,0.0,2.0504646997370988,0.7868123856964988,1.4940475254115881,2.4163449010000355,min_cost_max_flow,29,18,29,1,148,8
move,"['move', 18, 2, 7]",True,5754,1.4729530211059005,0.0,2.0504646997370988,0.5775116786311983,0.9714965850944282,1.9491266702725383,min_cost_max_flow,44,18,44,2,139,7
move,"['move', 18, 2, 8]",True,5754,1.3647942492637737,0.0,2.0504646997370988,0.6856704504733251,1.2418031345587224,2.009380097621017,min_cost_max_flow,46,18,46,2,156,8
move,"['move', 3, 2, 7]",True,5764,1.3148498837349205,0.0,2.431264746482962,1.1164148627480417,2.3056848817504942,2.1328536876135216,min_cost_max_flow,45,3,45,2,137,7
move,"['move', 3, 1, 7]",True,5764,1.4176041572872367,0.0,2.431264746482962,1.0136605891957255,2.048027301651018,2.64745116673752,min_cost_max_flow,24,3,24,1,140,7
move,"['move', 3, 6, 7]",True,5764,1.9998921545805461,0.0,2.431264746482962,0.526369723777416,0.8322901387800812,0.9874507168460992,min_cost_max_flow,119,3,119,6,141,7
move,"['move', 3, 9, 7]",True,5764,1.778189644961216,0.0,2.431264746482962,0.6530751015217462,1.1494195446721278,0.7434763626988332,min_cost_max_flow,176,3,176,9,143,7
move,"['move', 13, 4, 8]",True,5774,1.3250242445232918,0.0,1.8381417352191742,0.5131174906958823,0.9704931808228139,0.830232671322979,min_cost_max_flow,88,13,88,4,155,8
move,"['move', 13, 5, 3]",True,5774,1.2305960518798396,0.0,1.8381417352191742,0.6075456833393347,1.206250922041363,1.0387262647108004,min_cost_max_flow,99,13,99,5,68,3
move,"['move', 13, 9, 6]",True,5774,1.3931426392232906,0.0,1.8381417352191742,0.44499909599588366,0.8004226779594319,0.6799100802464133,min_cost_max_flow,166,13,166,9,114,6
move,"['move', 13, 9, 8]",True,5774,1.3733215404543222,0.0,1.8381417352191742,0.4648201947648521,0.8498278663100791,0.7782824614289646,min_cost_max_flow,169,13,169,9,158,8
move,"['move', 13, 8, 9]",True,5784,1.5115054471311984,0.0,1.9851079881760072,0.47360254104480876,0.8719198165781563,0.6875594159719967,min_cost_max_flow,155,13,155,8,166,9
move,"['move', 13, 6, 9]",True,5784,1.4352289269674416,0.0,1.9851079881760072,0.5498790612085656,1.0621456436201697,0.9978749942243939,min_cost_max_flow,114,13,114,6,176,9
move,"['move', 13, 7, 5]",True,5784,1.4038650848275536,0.0,1.9851079881760072,0.5916435673484536,1.1663625144719845,1.1274713261613776,min_cost_max_flow,135,13,135,7,107,5
move,"['move', 13, 7, 4]",True,5784,1.5797043936163873,0.0,1.9851079881760072,0.40540359455962,0.7009488726253039,1.003277909225588,min_cost_max_flow,134,13,134,7,75,4
move,"['move', 3, 1, 3]",True,5794,1.2069693110348814,0.0,1.9072217098484652,0.7002523988135839,1.2658591830695514,1.7458795841458883,min_cost_max_flow,25,3,25,1,71,3
move,"['move', 3, 9, 5]",True,5794,0.8883365969926111,0.0,1.9072217098484652,1.018885112855854,2.0617812164273346,2.1857140827406587,min_cost_max_flow,177,3,177,9,95,5
move,"['move', 3, 6, 4]",True,5794,1.3497323342398497,0.0,1.9072217098484652,0.5574893756086154,0.9094538827484939,1.4110411232367246,min_cost_max_flow,115,3,115,6,77,4
move,"['move', 3, 6, 5]",True,5794,1.5680408802314818,0.0,1.9072217098484652,0.3391808296169834,0.3646124867736944,0.7910617870497765,min_cost_max_flow,116,3,116,6,99,5
move,"['move', 24, 8, 5]",True,5804,1.3560881130830218,0.0,2.134161761126335,0.7780736480433131,1.4860358689402346,1.7028498406140846,min_cost_max_flow,149,24,149,8,107,5
move,"['move', 24, 1, 7]",True,5804,1.3618011256653864,0.0,2.134161761126335,0.7723606354609487,1.471272142327507,2.023646611825044,min_cost_max_flow,26,24,26,1,134,7
move,"['move', 24, 1, 3]",True,5804,1.503097503977754,0.0,2.134161761126335,0.6310642571485808,1.1185086503464845,1.705344078560299,min_cost_max_flow,33,24,33,1,59,3
move,"['move', 24, 9, 3]",True,5804,1.5869753310518662,0.0,2.134161761126335,0.547186430074469,0.9095698289675056,1.2015132076931683,min_cost_max_flow,170,24,170,9,64,3
move,"['move', 24, 7, 1]",True,5814,1.4031104058021238,0.0,1.9063420586413158,0.5032316528391921,0.799208473523322,1.5177881116874112,min_cost_max_flow,134,24,134,7,31,1
move,"['move', 24, 3, 9]",True,5814,1.0036358604011317,0.0,1.9063420586413158,0.9027061982401842,1.795570597430924,3.0672811749394966,min_cost_max_flow,59,24,59,3,170,9
move,"['move', 24, 6, 9]",True,5814,1.2030831218160625,0.0,1.9063420586413158,0.7032589368252534,1.2989847261560499,1.7124263333044978,min_cost_max_flow,117,24,117,6,177,9
move,"['move', 24, 5, 9]",True,5814,1.4046889674952423,0.0,1.9063420586413158,0.6563541008127403,1.1821935122497962,1.398508916618257,min_cost_max_flow,107,24,107,5,165,9
move,"['move', 2, 4, 1]",True,5824,1.4487132069288455,0.0,2.2026377631384104,0.7539245562095649,1.4356741861774935,2.63394944682659,min_cost_max_flow,81,2,81,4,24,1
move,"['move', 2, 6, 1]",True,5824,1.5703426936749605,0.0,2.2026377631384104,0.6322950694634499,1.1335388488223543,1.341696440061005,min_cost_max_flow,110,2,110,6,26,1
move,"['move', 2, 0, 1]",True,5824,1.4541454610677795,0.0,2.2026377631384104,0.8484174166956308,1.673931820623693,1.2836272928032988,min_cost_max_flow,2,2,2,0,29,1
move,"['move', 2, 8, 9]",True,5824,1.422193922624087,0.0,2.2026377631384104,0.7804438405143234,1.5029228924468043,2.0002857752168546,min_cost_max_flow,159,2,159,8,166,9
move,"['move', 4, 2, 8]",True,5834,1.4531718702608494,0.0,2.0588040794253746,0.6056322091645251,1.0636011703318218,1.2127314305513226,min_cost_max_flow,47,4,47,2,159,8
move,"['move', 4, 7, 8]",True,5834,1.4501604653039932,0.0,2.0588040794253746,0.6086436141213813,1.071748714770365,0.8000433996161083,min_cost_max_flow,138,4,138,7,155,8
move,"['move', 4, 6, 8]",True,5834,1.264849150629599,0.0,2.0588040794253746,0.7939549287957758,1.5331373007429647,2.0598438752069574,min_cost_max_flow,112,4,112,6,160,8
move,"['move', 4, 6, 0]",True,5834,1.391483786670092,0.0,2.0588040794253746,0.6673202927552826,1.2164593772104126,2.12073282941978,min_cost_max_flow,116,4,116,6,7,0
move,"['move', 4, 8, 9]",True,5844,1.29768734554442,0.0,1.9089062584521321,0.6112189129077122,1.0780809861971647,0.8706937589678264,min_cost_max_flow,155,4,155,8,168,9
move,"['move', 4, 0, 6]",True,5844,1.2406081302067267,0.0,1.9089062584521321,0.6682981282454055,1.2186572070422699,2.285238758386386,min_cost_max_flow,7,4,7,0,116,6
move,"['move', 4, 8, 6]",True,5844,1.2656068402217522,0.0,1.9089062584521321,0.64329941823038,1.157182710718189,1.6037196160646727,min_cost_max_flow,159,4,159,8,110,6
move,"['move', 4, 1, 9]",True,5844,1.304183100195886,0.0,1.9089062584521321,0.6047231582562463,1.0610410260851495,1.4044094145347668,min_cost_max_flow,35,4,35,1,170,9
move,"['move', 3, 5, 6]",True,5854,1.3198967779655186,0.0,1.8315568611357684,0.5264965504202499,0.8336702848100686,0.2787311015778213,min_cost_max_flow,95,3,95,5,112,6
move,"['move', 3, 4, 6]",True,5854,1.2304050389886105,0.0,1.8315568611357684,0.6011518221471579,1.0184452670291648,1.5208625003601342,min_cost_max_flow,77,3,77,4,114,6
move,"['move', 3, 7, 6]",True,5854,1.217233066744123,0.0,1.8315568611357684,0.7289140925166455,1.3377933246738394,1.5592746863899525,min_cost_max_flow,143,3,143,7,115,6
move,"['move', 3, 2, 6]",True,5854,1.3223931376267406,0.0,1.8315568611357684,0.5091637235090277,0.7893756039266009,0.9204735051859955,min_cost_max_flow,46,3,46,2,116,6
move,"['move', 24, 3, 5]",True,5864,1.7259565420100402,0.0,2.436320141409034,0.7103635993989939,1.3160876956098946,2.1515509869753235,min_cost_max_flow,64,24,64,3,108,5
move,"['move', 24, 9, 6]",True,5864,1.8526507802215963,0.0,2.436320141409034,0.5836693611874377,1.0003903935430571,1.4593553456067074,min_cost_max_flow,165,24,165,9,117,6
move,"['move', 24, 1, 5]",True,5864,1.8883812792543986,0.0,2.436320141409034,0.5479388621546356,0.9112139584831311,1.3594803308871155,min_cost_max_flow,31,24,31,1,91,5
move,"['move', 24, 2, 6]",True,5864,1.6952125810957814,0.0,2.436320141409034,0.7411075603132525,1.393773342584609,1.6010545275968708,min_cost_max_flow,54,24,54,2,118,6
move,"['move', 24, 9, 7]",True,5874,1.505250125899281,0.0,1.9110278483916372,0.40577772249235633,0.5567417082056636,0.7390810787334925,min_cost_max_flow,170,24,170,9,134,7
move,"['move', 24, 0, 2]",True,5874,1.273383830451019,0.0,1.9110278483916372,0.6376440179406181,1.1345108466412057,2.003481202141602,min_cost_max_flow,14,24,14,0,44,2
move,"['move', 24, 5, 2]",True,5874,1.2046032138225407,0.0,1.9110278483916372,0.7064246345690964,1.3067985260131536,1.77938933497366,min_cost_max_flow,91,24,91,5,46,2
move,"['move', 24, 5, 7]",True,5874,1.0854917900196865,0.0,1.9110278483916372,0.8255360583719507,1.6044685786328046,1.8517272599632169,min_cost_max_flow,108,24,108,5,135,7
move,"['move', 2, 0, 6]",True,5884,1.5770132174974096,0.0,2.3507661646639084,0.7737529471664988,1.4859401261128369,2.170641084820882,min_cost_max_flow,8,2,8,0,119,6
move,"['move', 2, 9, 8]",True,5884,1.6175946871342513,0.0,2.3507661646639084,0.7476697780296571,1.4220132808986818,1.3165893328546576,min_cost_max_flow,166,2,166,9,159,8
move,"['move', 2, 5, 8]",True,5884,1.8418061931779368,0.0,2.3507661646639084,0.5089599714859716,0.8252873560340959,1.2841950031028568,min_cost_max_flow,99,2,99,5,155,8
move,"['move', 2, 1, 8]",True,5884,1.6275890178036119,0.0,2.3507661646639084,0.7231771468602967,1.360282757144887,1.6492198864506464,min_cost_max_flow,24,2,24,1,161,8
move,"['move', 3, 5, 9]",True,5894,1.6468494956837296,0.0,2.2836048874323933,0.6367553917486637,1.1069054540348588,1.886687165740645,min_cost_max_flow,99,3,99,5,165,9
move,"['move', 3, 3, 2]",True,5894,1.5589278028351958,0.0,2.2836048874323933,0.7246770845971976,1.3270323619290139,1.6715699838604128,min_cost_max_flow,71,3,71,3,47,2
move,"['move', 3, 7, 1]",True,5894,1.3995036563601677,0.0,2.2836048874323933,0.8841012310722255,1.7246377118426608,2.3082474998089424,min_cost_max_flow,137,3,137,7,31,1
move,"['move', 3, 6, 1]",True,5894,1.5613827492140122,0.0,2.2836048874323933,0.7620991693433811,1.4191640517601627,2.6205846734002187,min_cost_max_flow,114,3,114,6,35,1
move,"['move', 2, 5, 4]",True,5904,1.2216980634272006,0.0,1.8293351269593066,0.607637063532106,1.0710888208341203,1.878371879977332,min_cost_max_flow,103,2,103,5,77,4
move,"['move', 2, 2, 0]",True,5904,1.4397364600237617,0.0,1.8293351269593066,0.38959866693554485,0.5270445834103157,1.1772025015782874,min_cost_max_flow,37,2,37,2,7,0
move,"['move', 2, 3, 0]",True,5904,1.2396048072330224,0.0,1.8293351269593066,0.5897303197262842,1.027178034579265,1.3076563735111448,min_cost_max_flow,61,2,61,3,14,0
move,"['move', 2, 6, 4]",True,5904,1.37242931372853,0.0,1.8293351269593066,0.45690581323077667,0.6955626130802557,1.0104265470046616,min_cost_max_flow,119,2,119,6,81,4
move,"['move', 2, 2, 3]",True,5914,1.2767095901050451,0.0,1.6081594822394205,0.3314498921343754,0.3825717794316006,0.5777804854393298,min_cost_max_flow,39,2,39,2,71,3
move,"['move', 2, 0, 3]",True,5914,1.072533584802592,0.0,1.6081594822394205,0.5356258974368285,0.8919811335435952,1.2648865815315355,min_cost_max_flow,7,2,7,0,59,3
move,"['move', 2, 1, 3]",True,5914,1.277407580436998,0.0,1.6081594822394205,0.3307519018024226,0.38093492660846096,0.5056984809443659,min_cost_max_flow,26,2,26,1,61,3
move,"['move', 2, 8, 6]",True,5914,1.0867479058940852,0.0,1.6081594822394205,0.5214115763453353,0.8567527240447816,1.0599577615851135,min_cost_max_flow,155,2,155,8,119,6
move,"['move', 4, 8, 1]",True,5924,1.6741743944060454,0.0,2.506261059679652,0.8320866652736066,1.6275499078328721,2.670999944986729,min_cost_max_flow,160,4,160,8,25,1
move,"['move', 4, 2, 1]",True,5924,2.047612303306398,0.0,2.506261059679652,0.4586487563732538,0.6964760518385447,0.9903891072837676,min_cost_max_flow,48,4,48,2,26,1
move,"['move', 4, 6, 1]",True,5924,1.7083471311162415,0.0,2.506261059679652,0.8059212768134107,1.5633171703011612,1.8838441991341872,min_cost_max_flow,110,4,110,6,27,1
move,"['move', 4, 3, 1]",True,5924,1.7739431104769114,0.0,2.506261059679652,0.7323179492027407,1.379635405886802,1.6661411242572406,min_cost_max_flow,55,4,55,3,28,1
move,"['move', 3, 9, 4]",True,5934,0.7805532981705532,0.0,1.5295106312101319,0.7489573330395787,1.3865366819009068,2.469104073233423,min_cost_max_flow,165,3,165,9,83,4
move,"['move', 3, 1, 4]",True,5934,0.9424813816183817,0.0,1.5295106312101319,0.5870292495917502,0.9831295586991473,1.527047128025825,min_cost_max_flow,31,3,31,1,85,4
move,"['move', 3, 2, 4]",True,5934,0.8128400734826979,0.0,1.5295106312101319,0.7166705577274339,1.3072700249322224,1.5022498654485086,min_cost_max_flow,47,3,47,2,87,4
move,"['move', 3, 0, 4]",True,5934,0.9703995941900471,0.0,1.5295106312101319,0.5591110370200848,0.9139173530347762,1.138163284830884,min_cost_max_flow,16,3,16,0,88,4
move,"['move', 3, 4, 5]",True,5944,1.6483726237595775,0.0,1.907916734667337,0.25954411090775936,0.1661530302662868,0.3695016099481088,min_cost_max_flow,83,3,83,4,99,5
move,"['move', 3, 4, 0]",True,5944,1.2485386918802988,0.0,1.907916734667337,0.659378042787038,1.1631974647389143,2.0630984269941592,min_cost_max_flow,85,3,85,4,7,0
move,"['move', 3, 1, 0]",True,5944,1.6197781977340782,0.0,1.907916734667337,0.28813853693325864,0.23756335640064208,0.4199942295433544,min_cost_max_flow,35,3,35,1,16,0
move,"['move', 3, 4, 2]",True,5944,1.2362526798191715,0.0,1.907916734667337,0.6716640548481653,1.1947535851359135,1.5023715975401193,min_cost_max_flow,87,3,87,4,47,2
move,"['move', 18, 4, 6]",True,5954,1.1350932490517405,0.0,1.5307365065364797,0.39564325748473916,0.5188889387209201,0.5735223418460986,min_cost_max_flow,78,18,78,4,114,6
move,"['move', 18, 5, 6]",True,5954,0.8719061716210016,0.0,1.5307365065364797,0.6588303349154782,1.1744214544814895,2.196974219364649,min_cost_max_flow,93,18,93,5,123,6
move,"['move', 18, 7, 6]",True,5954,0.7558840933649028,0.0,1.5307365065364797,0.7748524131715769,1.4636764804454288,2.7304206702364535,min_cost_max_flow,139,18,139,7,109,6
move,"['move', 18, 8, 2]",True,5954,0.759943655095879,0.0,1.5307365065364797,0.7937016619406008,1.5112857473504846,2.4063240152388206,min_cost_max_flow,148,18,148,8,48,2
move,"['move', 3, 5, 3]",True,5964,1.5290462809455119,0.0,2.207302425477491,0.6782561445319791,1.2107221706246492,1.8434640780727105,min_cost_max_flow,99,3,99,5,55,3
move,"['move', 3, 4, 9]",True,5964,1.4568144588266705,0.0,2.207302425477491,0.7504879666508204,1.391691530479875,1.5835943726576822,min_cost_max_flow,88,3,88,4,165,9
move,"['move', 3, 2, 9]",True,5964,1.4499265738241673,0.0,2.207302425477491,0.7573758516533236,1.4089877782244002,1.532570880479465,min_cost_max_flow,47,3,47,2,169,9
move,"['move', 3, 7, 9]",True,5964,1.4053331053755467,0.0,2.207302425477491,0.8019693201019443,1.5198454557030345,1.949899975757753,min_cost_max_flow,140,3,140,7,170,9
move,"['move', 24, 7, 5]",True,5974,1.544473525524187,0.0,2.2046947633003895,0.6602212377762025,1.1926769819983747,0.8547573566696629,min_cost_max_flow,134,24,134,7,99,5
move,"['move', 24, 6, 5]",True,5974,1.6336425856625698,0.0,2.2046947633003895,0.6640966491378198,1.201128124492243,1.6796812967863823,min_cost_max_flow,118,24,118,6,93,5
move,"['move', 24, 2, 5]",True,5974,1.5106550459531751,0.0,2.2046947633003895,0.6940397173472144,1.2751853349400335,2.2133213472503246,min_cost_max_flow,44,24,44,2,103,5
move,"['move', 24, 9, 0]",True,5974,1.7533607751796505,0.0,2.2046947633003895,0.4513339881207389,0.6708785049777362,0.5749926113227528,min_cost_max_flow,177,24,177,9,1,0
move,"['move', 3, 3, 2]",True,5984,0.8178747029844211,0.0,1.7569089340862,0.939034231101779,1.863422091351822,1.3403278762906707,min_cost_max_flow,55,3,55,3,44,2
move,"['move', 3, 9, 2]",True,5984,0.8551102686283356,0.0,1.7569089340862,0.9017986654578645,1.768675784827792,2.445256152452869,min_cost_max_flow,165,3,165,9,47,2
move,"['move', 3, 9, 1]",True,5984,0.9802608950218774,0.0,1.7569089340862,0.7766480390643227,1.455531111707387,2.6239942434867185,min_cost_max_flow,169,3,169,9,35,1
move,"['move', 3, 7, 5]",True,5984,0.9897622728523121,0.0,1.7569089340862,0.767146661233888,1.4332232615270186,1.6602646463412132,min_cost_max_flow,141,3,141,7,95,5
move,"['move', 3, 5, 7]",True,5994,0.9510029660492603,0.0,1.612998888547939,0.6619959224986787,1.1714725151687162,0.9095309931939832,min_cost_max_flow,95,3,95,5,134,7
move,"['move', 3, 6, 7]",True,5994,0.9070088712385906,0.0,1.612998888547939,0.7059900173093483,1.2796574718304328,2.1097179031655235,min_cost_max_flow,112,3,112,6,138,7
move,"['move', 3, 2, 7]",True,5994,0.6162974550155703,0.0,1.612998888547939,0.9967014335323686,2.0049672519380692,3.0888915364419445,min_cost_max_flow,44,3,44,2,139,7
move,"['move', 3, 9, 7]",True,5994,0.8778330530602559,0.0,1.612998888547939,0.735165835487683,1.353405020730861,1.5710489334380608,min_cost_max_flow,170,3,170,9,140,7
move,"['move', 22, 5, 2]",True,6004,1.8575920005329953,0.0,2.133237675973124,0.2756456754401285,0.49861103082366753,0.3323102322465939,min_cost_max_flow,98,22,98,5,44,2
move,"['move', 22, 0, 1]",True,6004,1.9611066634547045,0.0,2.133237675973124,0.17213101251841953,0.24008478408359224,0.15870318944854045,min_cost_max_flow,3,22,3,0,24,1
move,"['move', 22, 9, 1]",True,6004,2.0234169148864947,0.0,2.133237675973124,0.19950067758662926,0.30838943272829056,0.238379206665861,min_cost_max_flow,172,22,172,9,33,1
move,"['move', 22, 5, 1]",True,6004,1.928950218067259,0.0,2.133237675973124,0.2042874579058649,0.32037780766404467,0.22409644822248498,min_cost_max_flow,104,22,104,5,34,1
move,"['move', 22, 8, 0]",True,6014,1.0970264893454262,0.0,1.3870386238485142,0.290012134503088,0.5344407560405671,0.3899251925794023,min_cost_max_flow,154,22,154,8,3,0
move,"['move', 22, 3, 0]",True,6014,1.1537040321284826,0.0,1.3870386238485142,0.2333345917200316,0.39259902398771374,0.4885085893876051,min_cost_max_flow,56,22,56,3,4,0
move,"['move', 22, 2, 0]",True,6014,1.1256652087441579,0.0,1.3870386238485142,0.26137341510435635,0.4630756265105447,0.2354792147082588,min_cost_max_flow,44,22,44,2,5,0
move,"['move', 22, 5, 9]",True,6014,1.1136356962958336,0.0,1.3870386238485142,0.2734029275526806,0.4930981342913583,0.26966144137288445,min_cost_max_flow,106,22,106,5,177,9
move,"['move', 24, 4, 3]",True,6024,1.9699761533788838,0.0,2.7290518144101905,0.7590756610313069,1.439374572451925,1.1470691461434042,min_cost_max_flow,85,24,85,4,56,3
move,"['move', 24, 8, 3]",True,6024,2.1414661855507062,0.0,2.7290518144101905,0.5875856288594842,1.0096598614327377,1.8068228725637088,min_cost_max_flow,150,24,150,8,64,3
move,"['move', 24, 6, 1]",True,6024,1.8716025715965343,0.0,2.7290518144101905,0.8574492428136563,1.6826557124368264,2.9156121267915664,min_cost_max_flow,117,24,117,6,35,1
move,"['move', 24, 7, 9]",True,6024,2.0886725895778233,0.0,2.7290518144101905,0.6403792248323672,1.1424466539319837,1.2716211612046842,min_cost_max_flow,135,24,135,7,165,9
move,"['move', 9, 0, 4]",True,6034,1.538578244898762,0.0,1.7544270879263952,0.4085589391526334,0.8291253583083744,0.5376185118304344,min_cost_max_flow,2,9,2,0,85,4
move,"['move', 9, 1, 2]",True,6034,1.456473320728114,0.0,1.7544270879263952,0.2979537671982812,0.5529997622870724,0.27939593544482755,min_cost_max_flow,22,9,22,1,44,2
move,"['move', 9, 1, 4]",True,6034,1.5905090519338057,0.0,1.7544270879263952,0.16391803599258967,0.21812604952719994,0.13565243254065895,min_cost_max_flow,23,9,23,1,78,4
move,"['move', 9, 1, 3]",True,6034,1.559741266175658,0.0,1.7544270879263952,0.19468582175073718,0.29483439142495627,0.27640076428229554,min_cost_max_flow,30,9,30,1,65,3
move,"['move', 13, 9, 0]",True,6044,1.2949430829934094,0.0,1.53046880408932,0.23552572109591055,0.2774997313390486,0.1729163272135673,min_cost_max_flow,166,13,166,9,6,0
move,"['move', 13, 8, 0]",True,6044,0.979431423561389,0.0,1.53046880408932,0.5510373805279309,1.064960410905769,1.051895669433897,min_cost_max_flow,158,13,158,8,7,0
move,"['move', 13, 2, 0]",True,6044,1.1880885348680217,0.0,1.53046880408932,0.3423802692212983,0.544115510499978,0.519977095573414,min_cost_max_flow,40,13,40,2,8,0
move,"['move', 13, 3, 6]",True,6044,0.779439086897507,0.0,1.53046880408932,0.751029717191813,1.5641132909513544,1.6038700788471565,min_cost_max_flow,68,13,68,3,110,6
move,"['move', 18, 2, 4]",True,6054,1.2661247563899143,0.0,1.6059387164000465,0.3398139600101323,0.3792076000609086,0.6455856575089494,min_cost_max_flow,48,18,48,2,84,4
move,"['move', 18, 3, 7]",True,6054,0.8405991915279938,0.0,1.6059387164000465,0.7653395248720527,1.4417020987020805,1.5251946665949156,min_cost_max_flow,67,18,67,3,135,7
move,"['move', 18, 6, 7]",True,6054,1.2277232626822046,0.0,1.6059387164000465,0.4696126669678421,0.7033497209558845,0.8820166570413583,min_cost_max_flow,109,18,109,6,141,7
move,"['move', 18, 6, 4]",True,6054,1.0281880751293064,0.0,1.6059387164000465,0.5777506412707399,0.9728934550948907,1.41615106920026,min_cost_max_flow,114,18,114,6,85,4
