ablation,arrival_lambda_total_per_slot,arrival_mode,average_communication_delay_s,average_end_to_end_delay_s,average_energy_j,average_slot_crossings,chain_length_filter,deadline_acceptance_rate,delay_margin_jain_fairness,delay_margin_max,delay_margin_mean,failure_count,feasible_count,p95_end_to_end_delay_s,request_count,route_mode_local_count,route_mode_shortest_hop_per_slot_count,seed,slot_count,success_rate,task_completion_rate,template_count
ELARA-SH,,per_template,3.1237973146370406,49.30640628380294,1539.700074911003,0.3128946680118073,,0.9749415302372202,0.9282491179438774,1.4930320520537697,0.6066658978914381,37,2993,95.02584202716207,3030,523,26240,42,606,0.9877887788778877,0.9877887788778877,14
ELARA-SH,,per_template,2.91227785215603,46.824419134206835,1531.080008909449,0.29031755308786283,,0.9837088388214905,0.9392107566174288,1.500590528608419,0.5849474645495708,28,2885,89.17738765459762,2913,1311,24354,43,606,0.9903879162375557,0.9903879162375557,14
ELARA-SH,,per_template,2.9804649783759865,47.392415467697994,1482.7363881851338,0.2935690693607927,,0.9856893542757417,0.9329321218230661,1.2876524036455583,0.5759983093361787,21,2865,94.80034796487371,2886,1115,24620,44,606,0.9927234927234927,0.9927234927234927,14
ELARA-SH,,per_template,2.953177485739354,47.05821782740609,1487.4562194472953,0.29303780768215915,,0.9797091646939465,0.9286992252915203,1.4984802429833508,0.5817617046610497,10,2957,85.67159870861087,2967,502,26027,45,606,0.9966295921806538,0.9966295921806538,14
