ablation,arrival_lambda_total_per_slot,arrival_mode,average_communication_delay_s,average_end_to_end_delay_s,average_energy_j,average_slot_crossings,chain_length_filter,deadline_acceptance_rate,delay_margin_jain_fairness,delay_margin_max,delay_margin_mean,failure_count,feasible_count,p95_end_to_end_delay_s,request_count,route_mode_local_count,route_mode_shortest_hop_per_slot_count,seed,slot_count,success_rate,task_completion_rate,template_count
Fair-NFV,4.9,total_per_slot,1.6375699541056057,50.156490733932735,2131.350988378883,0.1576336351234032,10,1.0,0.9836765532386944,0.7469258156663,0.5015649073393276,0,2932,61.218575896194125,2932,628,31624,42,606,1.0,1.0,4
Fair-NFV,4.9,total_per_slot,1.6513389753105532,49.61490710681984,2216.5568622854444,0.16032026226200982,10,1.0,0.9717556729984285,0.8190494285207354,0.4961490710681976,0,2884,65.0104817326046,2884,1436,30288,43,606,1.0,1.0,4
Fair-NFV,4.9,total_per_slot,1.5145951820776704,46.30889816288864,2026.3391834933989,0.14904038692584948,10,1.0,0.9578680932722563,0.9680348111903107,0.46308898162888634,0,2951,63.064157759136606,2951,2355,30106,44,606,1.0,1.0,4
Fair-NFV,4.9,total_per_slot,1.5161030533899975,46.36084929199343,2090.3968455673544,0.1448627758823707,10,1.0,0.9745948365778988,0.9344240139390422,0.4636084929199355,0,3011,60.2970924614267,3011,1309,31812,45,606,1.0,1.0,4
