ablation,chain_length,destination_node,destination_satellite,epoch,failed_stage,failure_reason,feasible,request_id,reward,seed,slot_mod,source_node,source_satellite,template_id,total_delay_s,total_energy_j
sc_nfv,5,5,SAT_0_4,1,,,True,5,-8.202010748359896,45,0,29,SAT_1_10,8,19.134034990560068,913.994586893114
sc_nfv,10,15,SAT_0_14,1,,,True,6,-18.498663125897835,45,0,3,SAT_0_2,9,43.67291220055126,1715.8304094622194
sc_nfv,5,4,SAT_0_3,1,,,True,4,-11.394469746739295,45,0,1,SAT_0_0,6,27.138948970940945,898.1502639381929
sc_nfv,5,3,SAT_0_2,1,,,True,2,-11.429028781428991,45,0,15,SAT_0_14,6,27.225250795755443,898.2141052113565
sc_nfv,5,3,SAT_0_2,1,,,True,3,-11.396345010578118,45,0,16,SAT_0_15,6,27.144115403485927,897.8314153062457
sc_nfv,10,8,SAT_0_7,1,,,True,7,-22.562293306578752,45,0,35,SAT_1_16,11,52.56014639182466,2563.724583081478
sc_nfv,5,11,SAT_0_10,1,,,True,1,-8.319832548211215,45,0,4,SAT_0_3,4,19.658182988159673,760.9322549122414
