action,arm_key,cross_orbit_transfer,epoch,estimated_reward,execution_feedback_reward,expected_saving,migration_cost,migration_delay_s,migration_energy_j,migration_route_mode,selected_source_node,service_id,source_node,source_plane,target_node,target_plane
add,"['add', 24, None, 2]",True,10,2.244080826283905,0.0,2.5353082273275023,0.29122740104359723,0.2671878188706449,0.6302714171345648,min_cost_max_flow,56,24,,,37,2
add,"['add', 24, None, 4]",True,10,2.2362054890910557,0.0,2.5353082273275023,0.29910273823644656,0.28674728690734375,0.7161880474174962,min_cost_max_flow,56,24,,,73,4
add,"['add', 24, None, 6]",True,10,2.1532750130983804,0.0,2.5353082273275023,0.38203321422912173,0.4940060349991042,0.7611493073691586,min_cost_max_flow,147,24,,,113,6
add,"['add', 25, None, 2]",True,10,1.952900350835543,0.0,2.234891507245982,0.2819911564104388,0.330829062003287,0.37772395595979125,min_cost_max_flow,59,25,,,39,2
add,"['add', 17, None, 1]",True,20,1.9789942159413392,0.0,2.3298398888615246,0.35084567292018554,0.42602444626851366,0.7413916328337282,min_cost_max_flow,37,17,,,23,1
add,"['add', 17, None, 3]",True,20,2.072941966967113,0.0,2.3298398888615246,0.2568979218944114,0.1915027934543474,0.5095751326544151,min_cost_max_flow,37,17,,,55,3
add,"['add', 17, None, 4]",True,20,2.0219758044425973,0.0,2.3298398888615246,0.30786408441892743,0.3186883248471446,0.6628250783161789,min_cost_max_flow,55,17,,,74,4
move,"['move', 24, 0, 1]",True,20,1.7923540769887234,0.0,2.274937498032733,0.48258342104400953,0.6952651619245813,0.8387427151974113,min_cost_max_flow,9,24,9,0,24,1
add,"['add', 29, None, 8]",True,30,2.043614874438287,0.0,2.420700392505447,0.37708551806715984,0.46633127175743994,0.633020054668153,min_cost_max_flow,131,29,,,146,8
add,"['add', 25, None, 0]",True,30,2.0916603080211122,0.0,2.3321845780176376,0.24052426999652526,0.22721366012629574,0.34318118409800236,min_cost_max_flow,39,25,,,3,0
move,"['move', 24, 1, 0]",True,30,1.5458996465177848,0.0,1.8961410868016833,0.3502414402838984,0.3651013216381216,0.37800163931878156,min_cost_max_flow,24,24,24,1,6,0
move,"['move', 24, 2, 0]",True,30,1.3125075252487628,0.0,1.8961410868016833,0.5836335615529203,0.9469754354952329,1.4487945162809723,min_cost_max_flow,37,24,37,2,7,0
move,"['move', 24, 0, 2]",True,40,2.0397152226260684,0.0,2.571635105608976,0.5319198829829074,0.8180967676767636,1.1784421119054662,min_cost_max_flow,6,24,6,0,37,2
move,"['move', 24, 0, 7]",True,40,1.890424676327001,0.0,2.571635105608976,0.6812104292819751,1.1908952594177435,1.4636914496985036,min_cost_max_flow,7,24,7,0,129,7
move,"['move', 24, 3, 2]",True,40,2.2457371040318503,0.0,2.571635105608976,0.3258980015771254,0.3038294762141618,0.6535007440035434,min_cost_max_flow,56,24,56,3,40,2
move,"['move', 24, 4, 2]",True,40,2.1064746271736094,0.0,2.571635105608976,0.4651604784353667,0.650781334938813,1.4563896913049623,min_cost_max_flow,73,24,73,4,41,2
move,"['move', 24, 2, 3]",True,50,2.8168214809322523,0.0,3.099953627446035,0.28313214651378277,0.1972546205213348,0.4269794336504623,min_cost_max_flow,37,24,37,2,56,3
move,"['move', 24, 2, 4]",True,50,2.683464435449837,0.0,3.099953627446035,0.4164891919961977,0.5295109357024899,1.1845117835720025,min_cost_max_flow,40,24,40,2,73,4
move,"['move', 24, 5, 3]",True,50,2.460301100604274,0.0,3.099953627446035,0.740243779841761,1.3380180527528864,1.7707468259130394,min_cost_max_flow,102,24,102,5,57,3
move,"['move', 24, 6, 3]",True,50,2.4633913472598867,0.0,3.099953627446035,0.636562280186148,1.0795043676789646,1.3107041158391304,min_cost_max_flow,113,24,113,6,59,3
add,"['add', 13, None, 5]",True,60,1.7071046777179864,0.0,2.1248583553947182,0.41775367767673194,0.5777003460001424,0.4941336439468154,min_cost_max_flow,73,13,,,91,5
add,"['add', 13, None, 2]",True,60,1.8231922895452943,0.0,2.1248583553947182,0.30166606584942385,0.28713727197140315,0.7234966175927617,min_cost_max_flow,73,13,,,37,2
add,"['add', 13, None, 0]",True,60,1.6467237293193755,0.0,2.1248583553947182,0.4781346260753427,0.7283751046665543,0.6792085306900274,min_cost_max_flow,26,13,,,6,0
move,"['move', 24, 2, 5]",True,60,1.6640260052849267,0.0,2.121926326259017,0.4579003209740902,0.6332080243698215,1.071667635171783,min_cost_max_flow,41,24,41,2,92,5
move,"['move', 24, 3, 6]",True,70,2.2946015001685915,0.0,2.723900163839371,0.42929866367077935,0.561832310437353,0.9860480846325616,min_cost_max_flow,56,24,56,3,113,6
move,"['move', 24, 3, 1]",True,70,2.1558796663769977,0.0,2.723900163839371,0.5680204974623732,0.9084725240523994,1.0956286605913645,min_cost_max_flow,57,24,57,3,24,1
move,"['move', 24, 4, 6]",True,70,2.2001663241374994,0.0,2.723900163839371,0.5237338397018717,0.7976147164844178,1.189737438409968,min_cost_max_flow,73,24,73,4,114,6
move,"['move', 24, 5, 2]",True,70,2.332281677236139,0.0,2.723900163839371,0.3916184866032319,0.4679732038551947,0.7584906934924704,min_cost_max_flow,92,24,92,5,40,2
move,"['move', 24, 1, 5]",True,80,1.9663166278299635,0.0,2.722673219866115,0.7563565920361514,1.3786827910968213,1.5156082539403755,min_cost_max_flow,24,24,24,1,92,5
move,"['move', 24, 3, 5]",True,80,2.3006919837025426,0.0,2.722673219866115,0.4336723365385728,0.5731899513679082,0.7037422439183407,min_cost_max_flow,59,24,59,3,93,5
move,"['move', 24, 6, 5]",True,80,2.1073631331593576,0.0,2.722673219866115,0.6153100867067575,1.0261892427737394,1.433798253671719,min_cost_max_flow,113,24,113,6,94,5
move,"['move', 24, 6, 4]",True,80,1.8959666746899742,0.0,2.722673219866115,0.8267065451761407,1.5548575076878706,1.3157190932230702,min_cost_max_flow,114,24,114,6,73,4
add,"['add', 28, None, 3]",True,90,2.63155303702095,0.0,2.8311551187572714,0.19960208173632116,0.2004579408162499,0.35969300459745945,min_cost_max_flow,38,28,,,56,3
add,"['add', 28, None, 9]",True,90,2.673909645143243,0.0,2.8311551187572714,0.15724547361402838,0.09498689761926471,0.07937493209960464,min_cost_max_flow,145,28,,,163,9
add,"['add', 28, None, 4]",True,90,2.5811581475977663,0.0,2.8311551187572714,0.24999697115950495,0.32629903707129415,0.4571112065409042,min_cost_max_flow,56,28,,,75,4
move,"['move', 24, 2, 6]",True,90,1.8800020080295883,0.0,2.7268002180472966,0.8467982100177082,1.6040865918984082,1.982437688810332,min_cost_max_flow,40,24,40,2,113,6
move,"['move', 2, 6, 5]",True,100,1.3876373272920692,0.0,1.0897092680010327,2.1222132343339637,4.880486058960173,1.2215922212940447,min_cost_max_flow,125,2,125,6,96,5
move,"['move', 24, 4, 1]",True,100,1.8194928961787735,0.0,2.352258747386163,0.5327658512073896,0.8201052400182789,1.2494075916990126,min_cost_max_flow,73,24,73,4,24,1
move,"['move', 24, 5, 1]",True,100,1.5137761773294414,0.0,2.352258747386163,0.8384825700567219,1.5826164364334545,2.4364747304691865,min_cost_max_flow,92,24,92,5,26,1
move,"['move', 24, 6, 2]",True,100,1.5913049130274763,0.0,2.352258747386163,0.7609538343586869,1.3886971047917314,2.501469661559646,min_cost_max_flow,113,24,113,6,40,2
move,"['move', 24, 1, 6]",True,110,1.7927943066493883,0.0,2.5733368699760897,0.7805425633267015,1.4380716148707506,2.2330112222377347,min_cost_max_flow,24,24,24,1,109,6
move,"['move', 24, 1, 3]",True,110,1.8811924097107,0.0,2.5733368699760897,0.6921444602653896,1.217998972534474,1.6179343442356067,min_cost_max_flow,26,24,26,1,56,3
move,"['move', 24, 5, 6]",True,110,2.1540659030320892,0.0,2.5733368699760897,0.4192709669440004,0.5371914535511451,0.7004581308062978,min_cost_max_flow,93,24,93,5,113,6
move,"['move', 24, 5, 4]",True,110,2.1255735843520545,0.0,2.5733368699760897,0.4477632856240353,0.608188705826592,0.856154413899886,min_cost_max_flow,94,24,94,5,73,4
add,"['add', 13, None, 7]",True,120,1.6534334701552458,0.0,1.9269454170204356,0.2735119468651899,0.21719312827735848,0.42939410656598037,min_cost_max_flow,148,13,,,130,7
add,"['add', 13, None, 3]",True,120,1.5473516654066644,0.0,1.9269454170204356,0.3795937516137712,0.48202631974413634,0.6769410430161994,min_cost_max_flow,37,13,,,57,3
move,"['move', 24, 2, 1]",True,120,1.5086571252058474,0.0,1.9023555449884977,0.3936984197826502,0.4735355164093562,0.5168376230819038,min_cost_max_flow,40,24,40,2,24,1
move,"['move', 24, 3, 0]",True,120,1.0766068335865766,0.0,1.9023555449884977,0.825748711401921,1.5527315838937739,1.1366119989215357,min_cost_max_flow,56,24,56,3,2,0
move,"['move', 24, 0, 5]",True,130,1.5720445594514163,0.0,2.723643384378814,1.1515988249273978,2.3657023036821556,2.2396546824618606,min_cost_max_flow,2,24,2,0,92,5
move,"['move', 24, 1, 2]",True,130,2.3168088835031524,0.0,2.723643384378814,0.40683450087566186,0.5062942121383003,0.5711756254719768,min_cost_max_flow,24,24,24,1,40,2
move,"['move', 24, 4, 5]",True,130,2.298455749239619,0.0,2.723643384378814,0.4251876351391954,0.5518556059228104,0.7854702083544819,min_cost_max_flow,73,24,73,4,93,5
move,"['move', 24, 7, 5]",True,130,2.2852034618768964,0.0,2.723643384378814,0.4384399225019176,0.5850084818202959,0.7706985479012196,min_cost_max_flow,129,24,129,7,94,5
move,"['move', 24, 2, 7]",True,140,1.4674549530504462,0.0,2.0582283040117235,0.5907733509612773,0.963785824162187,2.141517752239585,min_cost_max_flow,40,24,40,2,129,7
move,"['move', 24, 5, 7]",True,140,1.4074651786040802,0.0,2.0582283040117235,0.6507631254076435,1.1145574691927322,1.6100451424865894,min_cost_max_flow,92,24,92,5,134,7
move,"['move', 24, 6, 1]",True,140,1.244969341837773,0.0,2.0582283040117235,0.8132589621739504,1.517954521542606,3.5050715197490296,min_cost_max_flow,109,24,109,6,25,1
move,"['move', 24, 6, 7]",True,140,1.460299650355258,0.0,2.0582283040117235,0.5979286536564655,0.983497528312455,0.9258861440414337,min_cost_max_flow,113,24,113,6,135,7
move,"['move', 24, 1, 4]",True,150,1.6369754685253999,0.0,2.3507635263854914,0.7137880578600914,1.271071531059306,2.3088913188504456,min_cost_max_flow,25,24,25,1,73,4
move,"['move', 24, 7, 6]",True,150,2.017760907084326,0.0,2.3507635263854914,0.3330026193011656,0.32144644748700557,0.7498827688413303,min_cost_max_flow,129,24,129,7,109,6
move,"['move', 24, 7, 2]",True,150,1.6011049355270424,0.0,2.3507635263854914,0.7496585908584489,1.3600080799667467,2.8020803778192827,min_cost_max_flow,134,24,134,7,40,2
move,"['move', 24, 7, 4]",True,150,1.623867843183088,0.0,2.3507635263854914,0.7268956832024033,1.3043568104419592,1.9647473009350938,min_cost_max_flow,135,24,135,7,76,4
move,"['move', 24, 4, 7]",True,160,2.281223270402663,0.0,2.804071841577885,0.522848571175222,0.7946808096180575,1.6702278049006987,min_cost_max_flow,73,24,73,4,129,7
move,"['move', 24, 4, 0]",True,160,1.7473331041506743,0.0,2.804071841577885,1.0567387374272108,2.128187914473301,2.4824349880531367,min_cost_max_flow,76,24,76,4,2,0
move,"['move', 24, 5, 0]",True,160,2.1202300496467914,0.0,2.804071841577885,0.6838417919310938,1.195228311580422,2.9605944231106767,min_cost_max_flow,93,24,93,5,7,0
move,"['move', 24, 6, 0]",True,160,1.880139968600671,0.0,2.804071841577885,0.923931872977214,1.7945333187869892,3.57405802893286,min_cost_max_flow,109,24,109,6,8,0
add,"['add', 28, None, 7]",True,170,2.3422831732603973,0.0,2.527342178462111,0.18505900520171378,0.1641125034311699,0.3515237036385191,min_cost_max_flow,97,28,,,134,7
add,"['add', 28, None, 0]",True,170,2.065271189951214,0.0,2.527342178462111,0.4620709885108971,0.8561967842933882,0.6486419774652504,min_cost_max_flow,134,28,,,9,0
add,"['add', 15, None, 6]",True,170,2.182814615421377,0.0,2.318653415573639,0.135838800152262,0.1951305831432819,0.24382880102263826,min_cost_max_flow,145,15,,,109,6
add,"['add', 15, None, 2]",True,170,2.1406839138951166,0.0,2.318653415573639,0.17796950167852243,0.3004476031117065,0.2503180325070007,min_cost_max_flow,25,15,,,41,2
move,"['move', 24, 0, 6]",True,180,1.6687989152920455,0.0,2.734048937130993,1.1211614691722807,2.2900659607976195,1.934957013624085,min_cost_max_flow,2,24,2,0,115,6
move,"['move', 24, 0, 4]",True,180,2.115772009311836,0.0,2.734048937130993,0.618276927819157,1.032699806965411,2.038157313223343,min_cost_max_flow,7,24,7,0,73,4
move,"['move', 24, 7, 1]",True,180,1.960107474652272,0.0,2.734048937130993,0.7739414624787208,1.4218729579433784,2.030281093851342,min_cost_max_flow,129,24,129,7,25,1
move,"['move', 24, 8, 6]",True,180,2.1963144249991218,0.0,2.734048937130993,0.5377345121318712,0.8325191478936631,1.254570548912281,min_cost_max_flow,147,24,147,8,116,6
add,"['add', 23, None, 8]",True,190,1.5402242815060418,0.0,1.9390678248860613,0.3988435433800194,0.5971634965508201,1.0056489358880962,min_cost_max_flow,3,23,,,147,8
add,"['add', 23, None, 2]",True,190,1.4736709687323297,0.0,1.9390678248860613,0.46539685615373155,0.7634805431071072,1.0498058545502031,min_cost_max_flow,3,23,,,43,2
add,"['add', 23, None, 9]",True,190,1.6784269295273748,0.0,1.9390678248860613,0.26064089535868656,0.25230842438463696,0.5712836777889057,min_cost_max_flow,147,23,,,165,9
move,"['move', 24, 0, 3]",True,190,1.014046667884617,0.0,1.7476168203858586,0.7335701525012418,1.3214683204573703,1.681189455391853,min_cost_max_flow,8,24,8,0,56,3
add,"['add', 23, None, 1]",True,200,1.8589826393186657,0.0,2.1348435927147706,0.2758609533961049,0.2907359528746838,0.3196947467882195,min_cost_max_flow,43,23,,,26,1
move,"['move', 24, 1, 7]",True,200,1.2905549275744161,0.0,1.8957287301314916,0.6051738025570753,1.0003913045850368,1.7386167966698491,min_cost_max_flow,25,24,25,1,129,7
move,"['move', 24, 3, 7]",True,200,1.0178202100849085,0.0,1.8957287301314916,0.8779085200465829,1.6820549354251852,1.8540587190834885,min_cost_max_flow,56,24,56,3,132,7
move,"['move', 24, 8, 7]",True,200,1.093166131415344,0.0,1.8957287301314916,0.8025625987161477,1.4928332506374318,2.425313026860695,min_cost_max_flow,160,24,160,8,135,7
move,"['move', 24, 2, 8]",True,210,1.6512130736112631,0.0,2.580290755558155,0.9290776819468919,1.8091564319304325,2.4016642161004125,min_cost_max_flow,40,24,40,2,160,8
move,"['move', 24, 4, 8]",True,210,1.838211831841928,0.0,2.580290755558155,0.7420789237162267,1.340359382973702,3.2684331361456564,min_cost_max_flow,73,24,73,4,147,8
move,"['move', 24, 5, 8]",True,210,1.9729176474649979,0.0,2.580290755558155,0.6073731080931569,1.0048617571483192,2.4238243146175966,min_cost_max_flow,94,24,94,5,149,8
move,"['move', 24, 6, 8]",True,210,2.001286485367422,0.0,2.580290755558155,0.5790042701907329,0.9351439059632867,1.6209952672658763,min_cost_max_flow,115,24,115,6,151,8
move,"['move', 24, 8, 5]",True,220,1.8311875909152588,0.0,2.3497145703835596,0.5185269794683008,0.7835925347776538,1.8597581869679751,min_cost_max_flow,147,24,147,8,92,5
move,"['move', 24, 8, 2]",True,220,1.6717167571843572,0.0,2.3497145703835596,0.6779978131992024,1.1821297607971246,1.9529970588231884,min_cost_max_flow,149,24,149,8,40,2
move,"['move', 24, 8, 4]",True,220,1.5184314217735548,0.0,2.3497145703835596,0.8312831486100046,1.5637835886977882,2.992670809717924,min_cost_max_flow,151,24,151,8,73,4
move,"['move', 24, 9, 5]",True,220,1.702239089291862,0.0,2.3497145703835596,0.6474754810916977,1.1048787426711897,2.5831222969385395,min_cost_max_flow,165,24,165,9,93,5
move,"['move', 24, 4, 3]",True,230,2.152322631203945,0.0,2.426063677657199,0.27374104645325414,0.17377256914096506,0.4298469196825992,min_cost_max_flow,73,24,73,4,56,3
move,"['move', 24, 7, 3]",True,230,1.752680363622666,0.0,2.426063677657199,0.673383314034533,1.1697666788850256,2.5042197257735084,min_cost_max_flow,129,24,129,7,59,3
move,"['move', 24, 7, 0]",True,230,1.8377585057217165,0.0,2.426063677657199,0.5883051719354825,0.9596191649775392,0.8056588323470724,min_cost_max_flow,132,24,132,7,7,0
move,"['move', 24, 8, 1]",True,230,1.3579449933288252,0.0,2.426063677657199,1.0681186843283736,2.156061025125382,2.8669393886039938,min_cost_max_flow,160,24,160,8,24,1
move,"['move', 24, 0, 8]",True,240,1.173084458730736,0.0,2.1944738917677613,1.0213894330370252,2.0402935355641603,2.163180277170853,min_cost_max_flow,7,24,7,0,160,8
move,"['move', 24, 1, 8]",True,240,1.6075094420010139,0.0,2.1944738917677613,0.5869644497667476,0.9560907268187293,0.9234139903286576,min_cost_max_flow,24,24,24,1,147,8
move,"['move', 24, 3, 8]",True,240,1.507032292549491,0.0,2.1944738917677613,0.6874415992182704,1.2041337133132402,3.02333874652613,min_cost_max_flow,56,24,56,3,148,8
move,"['move', 24, 3, 4]",True,240,1.644190613647266,0.0,2.1944738917677613,0.5502832781204955,0.864291390102153,0.9876857242926876,min_cost_max_flow,59,24,59,3,73,4
move,"['move', 24, 8, 3]",True,250,1.2964149432360297,0.0,1.9853936250806794,0.6889786818446496,1.2081179984024857,2.9289530643278683,min_cost_max_flow,147,24,147,8,56,3
move,"['move', 24, 8, 0]",True,250,1.5390997198821599,0.0,1.9853936250806794,0.4462939051985196,0.6048264037417539,0.6487217612657548,min_cost_max_flow,148,24,148,8,7,0
move,"['move', 24, 9, 1]",True,250,1.2898829329098866,0.0,1.9853936250806794,0.6955106921707929,1.2274479008710841,0.9290352955008294,min_cost_max_flow,171,24,171,9,24,1
move,"['move', 24, 2, 3]",True,250,1.6148598420998703,0.0,1.9853936250806794,0.370533782980809,0.4154848194089027,0.6095742869822407,min_cost_max_flow,40,24,40,2,59,3
add,"['add', 21, None, 5]",True,260,1.9127741149588504,0.0,2.147426105986095,0.23465199102724443,0.26284089730461346,0.589954324396537,min_cost_max_flow,110,21,,,94,5
add,"['add', 27, None, 6]",True,260,1.7844825884445399,0.0,1.9347167072309732,0.1502341187864334,0.24263049060073172,0.15104038489106464,min_cost_max_flow,5,27,,,113,6
add,"['add', 27, None, 5]",True,260,1.7754517622635888,0.0,1.9347167072309732,0.1592649449673844,0.2651111548402696,0.21530786011752523,min_cost_max_flow,113,27,,,98,5
add,"['add', 27, None, 8]",True,260,1.803812130092756,0.0,1.9347167072309732,0.13090457713821707,0.19426502440819604,0.178781766221014,min_cost_max_flow,113,27,,,147,8
move,"['move', 24, 0, 9]",True,270,2.0494619398677556,0.0,2.6582770194172016,0.6088150795494459,1.0110004635234873,0.7346391583207447,min_cost_max_flow,7,24,7,0,171,9
move,"['move', 24, 1, 9]",True,270,2.051858708654147,0.0,2.6582770194172016,0.6064183107630544,1.004462265791517,1.0988230023151264,min_cost_max_flow,24,24,24,1,164,9
move,"['move', 24, 3, 9]",True,270,1.9444222545482348,0.0,2.6582770194172016,0.7138547648689667,1.2714540540314374,2.1650543522216275,min_cost_max_flow,56,24,56,3,165,9
move,"['move', 24, 4, 9]",True,270,1.843178587724955,0.0,2.6582770194172016,0.8150984316922468,1.5242810328095402,2.3531798722868627,min_cost_max_flow,73,24,73,4,166,9
move,"['move', 24, 9, 2]",True,280,1.6630625718963317,0.0,2.20585222113694,0.5427896492406082,0.8453376661686889,1.1341202134568353,min_cost_max_flow,164,24,164,9,40,2
move,"['move', 24, 9, 4]",True,280,1.5903126731424257,0.0,2.20585222113694,0.6155395479945142,1.0254650930833122,2.299000193551,min_cost_max_flow,165,24,165,9,73,4
move,"['move', 24, 5, 2]",True,280,1.4359241122914574,0.0,2.20585222113694,0.7699281088454827,1.4126599001660907,1.483396889979457,min_cost_max_flow,92,24,92,5,42,2
move,"['move', 24, 3, 2]",True,280,1.3454033729623438,0.0,2.20585222113694,0.8604488481745963,1.6396786122813864,1.0054876949717428,min_cost_max_flow,59,24,59,3,44,2
move,"['move', 24, 9, 3]",True,290,2.509264121021646,0.0,3.1005512671952022,0.5912871461735565,0.9662443847128088,1.358802738957273,min_cost_max_flow,166,24,166,9,56,3
move,"['move', 24, 9, 0]",True,290,2.473139357155582,0.0,3.1005512671952022,0.6274119100396199,1.057350663044872,0.829223627687406,min_cost_max_flow,171,24,171,9,7,0
move,"['move', 24, 6, 3]",True,290,2.410865581276356,0.0,3.1005512671952022,0.6896856859188462,1.2109503830665744,2.2190367452627773,min_cost_max_flow,116,24,116,6,59,3
move,"['move', 24, 5, 3]",True,290,2.5627876990805323,0.0,3.1005512671952022,0.5377635681146701,0.833091849000084,0.921196449296421,min_cost_max_flow,93,24,93,5,60,3
move,"['move', 24, 2, 9]",True,300,1.7442919444887863,0.0,2.500496020489012,0.7562040760002257,1.3778809517284571,1.7959744396402262,min_cost_max_flow,40,24,40,2,171,9
move,"['move', 24, 7, 9]",True,300,1.7870273599763888,0.0,2.500496020489012,0.7134686605126229,1.2715761739264053,1.4401338283368637,min_cost_max_flow,135,24,135,7,164,9
move,"['move', 24, 8, 9]",True,300,1.7453449182050327,0.0,2.500496020489012,0.7551511022839791,1.3761320347016408,1.2069629304403113,min_cost_max_flow,160,24,160,8,165,9
move,"['move', 24, 3, 6]",True,300,1.8347982292377965,0.0,2.500496020489012,0.6656977912512153,1.152618613118193,1.1270589314656845,min_cost_max_flow,56,24,56,3,114,6
move,"['move', 24, 9, 8]",True,310,2.237547404210583,0.0,2.7973042754887714,0.6639096874448552,1.1477484825140891,1.3936396569350047,min_cost_max_flow,171,24,171,9,160,8
move,"['move', 24, 3, 5]",True,310,2.3577258592918895,0.0,2.7973042754887714,0.4395784161968817,0.5879057274501065,0.7366909529676027,min_cost_max_flow,59,24,59,3,92,5
move,"['move', 24, 4, 5]",True,310,2.4397884474889273,0.0,2.7973042754887714,0.3575158279998441,0.38293946824296654,0.6098834293316113,min_cost_max_flow,73,24,73,4,93,5
move,"['move', 24, 3, 1]",True,310,2.1997276393005114,0.0,2.7973042754887714,0.5975766361882598,0.9825594135704705,0.9646001916884143,min_cost_max_flow,60,24,60,3,24,1
move,"['move', 24, 9, 7]",True,320,1.8973657232555996,0.0,2.197207296690199,0.29984157343459966,0.23894420348597123,0.4829689919210853,min_cost_max_flow,164,24,164,9,129,7
move,"['move', 24, 2, 4]",True,320,1.4306258197940687,0.0,2.197207296690199,0.7665814768961304,1.4037936123336294,1.816535529366594,min_cost_max_flow,42,24,42,2,73,4
move,"['move', 24, 9, 3]",True,320,1.7201490930435757,0.0,2.197207296690199,0.47705820364662366,0.681022235153705,1.125331566805203,min_cost_max_flow,165,24,165,9,56,3
move,"['move', 24, 5, 4]",True,320,1.8764645505300392,0.0,2.197207296690199,0.32074274616015985,0.2910868164299245,0.5565149052191642,min_cost_max_flow,92,24,92,5,76,4
add,"['add', 15, None, 9]",True,330,3.5898633550809844,0.0,3.716576693763051,0.1267133386820663,0.17249781398550112,0.12323912255034587,min_cost_max_flow,145,15,,,164,9
add,"['add', 15, None, 3]",True,330,3.518877801887063,0.0,3.716576693763051,0.19769889187598808,0.34977562649100946,0.2472861087476897,min_cost_max_flow,41,15,,,59,3
add,"['add', 15, None, 7]",True,330,3.5134985159416994,0.0,3.716576693763051,0.2030781778213516,0.36306131213405024,0.3556389223263765,min_cost_max_flow,98,15,,,132,7
add,"['add', 27, None, 2]",True,330,3.102620184999348,0.0,3.2306915969678887,0.12807141196854063,0.18709777313370068,0.2350073330905354,min_cost_max_flow,19,27,,,40,2
move,"['move', 24, 5, 9]",True,340,2.1621670690214367,0.0,2.650459226067882,0.48829215704644535,0.7093084706552872,0.99109689878648,min_cost_max_flow,93,24,93,5,165,9
move,"['move', 24, 6, 9]",True,340,1.8944115802954768,0.0,2.650459226067882,0.7560476457724049,1.3777724695169127,1.6075788676354272,min_cost_max_flow,114,24,114,6,166,9
move,"['move', 24, 7, 5]",True,340,2.372863898363463,0.0,2.650459226067882,0.2775953277044189,0.18349653143241085,0.37100747732666706,min_cost_max_flow,129,24,129,7,92,5
move,"['move', 24, 8, 6]",True,340,1.7246334291912326,0.0,2.650459226067882,0.9258257968766491,1.8010814695699082,2.365164006045186,min_cost_max_flow,160,24,160,8,114,6
move,"['move', 24, 9, 6]",True,350,1.6410849006199597,0.0,2.356893509991172,0.715808609371212,1.277186312055619,1.5999565065095724,min_cost_max_flow,165,24,165,9,116,6
move,"['move', 24, 4, 7]",True,350,1.9328553327135716,0.0,2.356893509991172,0.42403817727760024,0.5486747816371462,0.9902566294720647,min_cost_max_flow,73,24,73,4,129,7
move,"['move', 24, 9, 8]",True,350,1.3663484241398804,0.0,2.356893509991172,0.9905450858512913,1.9646396530365564,1.1918566526836405,min_cost_max_flow,166,24,166,9,160,8
move,"['move', 24, 4, 6]",True,350,1.6361007341678082,0.0,2.356893509991172,0.7207927758233635,1.2888593431198387,2.1248798839491205,min_cost_max_flow,76,24,76,4,117,6
move,"['move', 24, 5, 6]",True,360,1.3947870315402264,0.0,2.054045335575479,0.6592583040352523,1.135258287722536,1.9681305019655517,min_cost_max_flow,92,24,92,5,118,6
move,"['move', 24, 0, 4]",True,360,1.324337990895034,0.0,2.054045335575479,0.7297073446804448,1.3113456080595824,1.9916513525887098,min_cost_max_flow,7,24,7,0,73,4
move,"['move', 24, 1, 9]",True,360,1.565603001481131,0.0,2.054045335575479,0.4884423340943479,0.7098434652043579,0.8847289459103199,min_cost_max_flow,24,24,24,1,165,9
move,"['move', 24, 7, 6]",True,360,1.2747782509700905,0.0,2.054045335575479,0.7792670846053885,1.4357594594521288,1.6486502991306604,min_cost_max_flow,129,24,129,7,120,6
move,"['move', 24, 9, 0]",True,370,2.003946431318634,0.0,2.7316940057776566,0.7277475744590226,1.3080925416588798,0.8940785840200781,min_cost_max_flow,165,24,165,9,7,0
move,"['move', 24, 6, 5]",True,370,2.303929719083062,0.0,2.7316940057776566,0.4277642866945946,0.5581210229875069,0.9029447575553949,min_cost_max_flow,114,24,114,6,92,5
move,"['move', 24, 4, 1]",True,370,2.170771962359571,0.0,2.7316940057776566,0.5609220434180859,0.89023939185563,1.4202933846255252,min_cost_max_flow,73,24,73,4,24,1
move,"['move', 24, 6, 0]",True,370,2.094164668559049,0.0,2.7316940057776566,0.6375293372186074,1.0816551729176354,1.4885956774910793,min_cost_max_flow,116,24,116,6,12,0
add,"['add', 9, None, 9]",True,380,1.6795880457967884,0.0,1.9398449398961348,0.2602568940993463,0.5423826034930244,0.45821530846285297,min_cost_max_flow,159,9,,,165,9
add,"['add', 9, None, 4]",True,380,1.743763894681018,0.0,1.9398449398961348,0.19608104521511696,0.38211187571414484,0.34561902066693573,min_cost_max_flow,104,9,,,73,4
add,"['add', 9, None, 1]",True,380,1.754218817185661,0.0,1.9398449398961348,0.18562612271047382,0.3563034787844117,0.12634613275043288,min_cost_max_flow,65,9,,,27,1
move,"['move', 29, 2, 1]",True,380,1.3504433162969622,0.0,1.8167514784287895,0.46630816213182713,0.6398700354816356,0.31158434631654863,min_cost_max_flow,48,29,48,2,29,1
move,"['move', 24, 5, 9]",True,390,1.5850799379364644,0.0,2.6498681624478473,1.0647882245113829,2.1490115545730077,2.0158200618688524,min_cost_max_flow,92,24,92,5,166,9
move,"['move', 24, 0, 9]",True,390,2.158283254974955,0.0,2.6498681624478473,0.49158490747289235,0.7175315819622483,0.9969400715574476,min_cost_max_flow,7,24,7,0,170,9
move,"['move', 24, 3, 9]",True,390,1.9283473483724212,0.0,2.6498681624478473,0.7215208140754262,1.2904818117795003,2.256631197612611,min_cost_max_flow,56,24,56,3,172,9
move,"['move', 24, 0, 7]",True,390,1.846381771024852,0.0,2.6498681624478473,0.8034863914229954,1.4950756459797958,2.47003731003055,min_cost_max_flow,12,24,12,0,129,7
move,"['move', 24, 1, 5]",True,400,2.474862438521376,0.0,3.2536095456758716,0.7787471071544957,1.4345598537429396,1.5817583537687585,min_cost_max_flow,24,24,24,1,92,5
move,"['move', 24, 6, 4]",True,400,2.615446878240623,0.0,3.2536095456758716,0.6381626674352485,1.0832342597541356,1.491421480892789,min_cost_max_flow,117,24,117,6,76,4
move,"['move', 24, 8, 5]",True,400,2.3128325837528885,0.0,3.2536095456758716,0.940776961922983,1.8392690921991743,1.825357330424199,min_cost_max_flow,160,24,160,8,93,5
move,"['move', 24, 7, 0]",True,400,2.25028906893143,0.0,3.2536095456758716,1.0033204767444415,1.9959681451600773,1.5985133922533976,min_cost_max_flow,129,24,129,7,2,0
move,"['move', 24, 4, 3]",True,410,1.7169028324621696,0.0,2.134849110049762,0.4179462775875925,0.5337213833008718,0.8060227036420191,min_cost_max_flow,76,24,76,4,56,3
move,"['move', 24, 6, 8]",True,410,1.295571650245546,0.0,2.134849110049762,0.839277459804216,1.585129024712387,2.086232123670852,min_cost_max_flow,118,24,118,6,160,8
move,"['move', 24, 5, 8]",True,410,1.5713427231583048,0.0,2.134849110049762,0.5635063868914575,0.8966842948393605,1.4309305177578713,min_cost_max_flow,92,24,92,5,148,8
move,"['move', 24, 9, 7]",True,410,1.5964399563961584,0.0,2.134849110049762,0.5384091536536036,0.834666696820932,0.9472738002868974,min_cost_max_flow,166,24,166,9,129,7
move,"['move', 29, 1, 2]",True,420,1.723105892264722,0.0,2.351211585011252,0.6281056927465302,1.0441443018835344,0.4579577695556478,min_cost_max_flow,29,29,29,1,45,2
move,"['move', 29, 3, 2]",True,420,1.7564079960968515,0.0,2.351211585011252,0.5948035889144007,0.959863305084582,1.1417825819748946,min_cost_max_flow,58,29,58,3,46,2
move,"['move', 29, 3, 0]",True,420,1.7219135086327757,0.0,2.351211585011252,0.6292980763784762,1.0451173356968866,1.7965746138977066,min_cost_max_flow,61,29,61,3,7,0
move,"['move', 29, 3, 6]",True,420,1.6603338029995705,0.0,2.351211585011252,0.6908777820116817,1.1984488668595077,2.2083965608261704,min_cost_max_flow,67,29,67,3,114,6
move,"['move', 24, 7, 1]",True,430,1.004816629479131,0.0,1.747710289731283,0.7428936602521522,1.3445010772466048,1.8651978474193718,min_cost_max_flow,129,24,129,7,24,1
move,"['move', 24, 0, 1]",True,430,0.824737196116882,0.0,1.747710289731283,0.922973093614401,1.7954130375874229,1.3896132239553232,min_cost_max_flow,2,24,2,0,25,1
move,"['move', 24, 9, 5]",True,430,0.8393204049967372,0.0,1.747710289731283,0.9083898847345458,1.7564947263690556,3.0298059031082483,min_cost_max_flow,170,24,170,9,92,5
move,"['move', 24, 3, 4]",True,430,1.2785938480810226,0.0,1.747710289731283,0.4691164416502605,0.6617240484756621,0.7545193582284762,min_cost_max_flow,56,24,56,3,76,4
move,"['move', 24, 5, 0]",True,440,1.2473567939597243,0.0,2.28396247951601,1.0366056855562855,2.0783395341422874,2.1596020905198894,min_cost_max_flow,92,24,92,5,2,0
move,"['move', 24, 1, 3]",True,440,1.7817250694091977,0.0,2.28396247951601,0.578810090106812,0.9346759946192833,1.6093026900666396,min_cost_max_flow,24,24,24,1,56,3
move,"['move', 24, 4, 0]",True,440,1.5238369204202264,0.0,2.28396247951601,0.7601255590957835,1.386694048705067,2.4563816144970363,min_cost_max_flow,76,24,76,4,8,0
move,"['move', 24, 1, 0]",True,440,1.4862151140613578,0.0,2.28396247951601,0.7977473654546522,1.4810138207167256,2.2795442048389676,min_cost_max_flow,25,24,25,1,12,0
move,"['move', 24, 2, 1]",True,450,2.450321961150558,0.0,2.7979057425481293,0.3475837813975711,0.358329498936655,0.4631186297509673,min_cost_max_flow,44,24,44,2,25,1
move,"['move', 24, 9, 4]",True,450,1.939190300870628,0.0,2.7979057425481293,0.8587154416775012,1.6330765458396854,2.5178544942805376,min_cost_max_flow,172,24,172,9,76,4
move,"['move', 24, 5, 1]",True,450,1.810856910939656,0.0,2.7979057425481293,0.9870488316084735,1.9550977766548385,1.7260171691323112,min_cost_max_flow,93,24,93,5,28,1
move,"['move', 24, 8, 4]",True,450,2.2025236115611593,0.0,2.7979057425481293,0.5953821309869698,0.9754099199190023,2.073420623850441,min_cost_max_flow,148,24,148,8,77,4
add,"['add', 5, None, 5]",True,460,1.5599343292647534,0.0,1.8304728779241382,0.27053854865938465,0.32929684800819814,0.7386784692893084,min_cost_max_flow,129,5,,,92,5
add,"['add', 5, None, 6]",True,460,1.592249598443088,0.0,1.8304728779241382,0.23822327948105007,0.24894640204365714,0.4468604817589522,min_cost_max_flow,153,5,,,115,6
move,"['move', 29, 0, 3]",True,460,1.1197252480034088,0.0,1.6690297274764574,0.5493044794730485,0.8446365255204,2.1277865558424334,min_cost_max_flow,7,29,7,0,58,3
move,"['move', 29, 2, 3]",True,460,1.178606363088136,0.0,1.6690297274764574,0.49042336438832135,0.6997664928321683,0.572616540118486,min_cost_max_flow,45,29,45,2,61,3
move,"['move', 24, 1, 2]",True,470,2.0354118208610834,0.0,2.3535670467874623,0.318155225926379,0.28491533950000303,0.35829913553206866,min_cost_max_flow,25,24,25,1,44,2
move,"['move', 24, 4, 2]",True,470,1.7261224244982452,0.0,2.3535670467874623,0.6617946232892172,1.143040687242319,1.0070629120515158,min_cost_max_flow,77,24,77,4,45,2
move,"['move', 24, 0, 2]",True,470,1.1531700189935874,0.0,2.3535670467874623,1.2212458954605416,2.540461795252668,1.8117778573597378,min_cost_max_flow,2,24,2,0,47,2
move,"['move', 24, 6, 9]",True,470,1.584886769005442,0.0,2.3535670467874623,0.7686802777820204,1.4096998069853726,1.3770739046881249,min_cost_max_flow,120,24,120,6,171,9
move,"['move', 24, 1, 6]",True,480,1.1221125668995398,0.0,1.9057037003844068,0.783591133484867,1.4469489551456718,1.3957346358995733,min_cost_max_flow,28,24,28,1,116,6
move,"['move', 24, 2, 6]",True,480,1.4155439418690947,0.0,1.9057037003844068,0.4901597585153121,0.7138366447552471,1.0849832802578503,min_cost_max_flow,44,24,44,2,117,6
move,"['move', 24, 9, 6]",True,480,1.068448026197908,0.0,1.9057037003844068,0.8372556741864988,1.5809317311841369,1.5147851129755805,min_cost_max_flow,171,24,171,9,120,6
move,"['move', 24, 0, 6]",True,480,1.031731479930433,0.0,1.9057037003844068,0.8739722204539738,1.6722830146527485,1.8081732463593845,min_cost_max_flow,8,24,8,0,121,6
add,"['add', 10, None, 6]",True,490,2.3773412281308466,0.0,2.5178395439067085,0.14049831577586205,0.24526549381607765,0.21991879042369938,min_cost_max_flow,70,10,,,122,6
add,"['add', 10, None, 1]",True,490,2.3592474561981347,0.0,2.5178395439067085,0.1585920877085736,0.2904132187486539,0.277722056558779,min_cost_max_flow,134,10,,,25,1
add,"['add', 10, None, 4]",True,490,2.404862963104058,0.0,2.5178395439067085,0.11297658080265041,0.176538023933972,0.16867375647473792,min_cost_max_flow,134,10,,,79,4
move,"['move', 24, 4, 9]",True,490,1.6326732090375682,0.0,2.421753600496375,0.7890803914588068,1.460198279693941,1.711614893619654,min_cost_max_flow,76,24,76,4,171,9
move,"['move', 23, 0, 4]",True,500,0.9753937258495858,0.0,1.6042784985662244,0.7298517702166386,1.3735681936077526,1.749562292298591,min_cost_max_flow,3,23,3,0,76,4
move,"['move', 23, 1, 4]",True,500,1.1204948867397353,0.0,1.6042784985662244,0.48378361182648905,0.7598255277653152,0.7977422036740744,min_cost_max_flow,26,23,26,1,80,4
move,"['move', 23, 2, 4]",True,500,1.138773532386417,0.0,1.6042784985662244,0.46550496617980747,0.7133718940149265,1.3024219594639215,min_cost_max_flow,43,23,43,2,83,4
move,"['move', 23, 3, 4]",True,500,1.039028488734027,0.0,1.6042784985662244,0.5652500098321973,0.9631032725237674,1.0565757075531614,min_cost_max_flow,55,23,55,3,85,4
move,"['move', 24, 2, 5]",True,510,1.4927201173284481,0.0,2.3501296064705635,0.8574094891421155,1.6306491272907806,1.9595459679073637,min_cost_max_flow,45,24,45,2,93,5
move,"['move', 24, 0, 5]",True,510,1.5237381016183145,0.0,2.3501296064705635,0.8263915048522489,1.5525411623557375,2.33488210815876,min_cost_max_flow,12,24,12,0,103,5
move,"['move', 24, 2, 7]",True,510,1.321456221673504,0.0,2.3501296064705635,1.0286733847970595,2.05837901162613,2.246115835915,min_cost_max_flow,47,24,47,2,129,7
move,"['move', 24, 6, 7]",True,510,1.864621367057976,0.0,2.3501296064705635,0.5130997154125873,0.7720167374109224,0.5315163385997015,min_cost_max_flow,120,24,120,6,135,7
move,"['move', 24, 8, 2]",True,520,1.569304260394774,0.0,2.7253360854779585,1.1560318250831845,2.376709867088721,2.289612671062551,min_cost_max_flow,160,24,160,8,42,2
move,"['move', 24, 9, 2]",True,520,2.145145936049843,0.0,2.7253360854779585,0.5801901494281158,0.9383030764074647,1.4913470334521022,min_cost_max_flow,171,24,171,9,43,2
move,"['move', 24, 6, 2]",True,520,2.024395344384939,0.0,2.7253360854779585,0.7009407410930196,1.2402363755509214,1.453467045987349,min_cost_max_flow,116,24,116,6,44,2
move,"['move', 24, 7, 2]",True,520,1.877765099854852,0.0,2.7253360854779585,0.8475709856231065,1.6061566578655402,1.8903530530529298,min_cost_max_flow,129,24,129,7,45,2
move,"['move', 24, 7, 8]",True,530,1.6136881789281037,0.0,2.499158961749938,0.8854707828218341,1.7011045207391362,1.758106468535075,min_cost_max_flow,135,24,135,7,160,8
move,"['move', 24, 2, 9]",True,530,1.478708458801691,0.0,2.499158961749938,1.020450502948247,2.038403257288337,1.858482313089495,min_cost_max_flow,42,24,42,2,171,9
move,"['move', 24, 2, 8]",True,530,1.3610514102778963,0.0,2.499158961749938,1.1381075514720416,2.3335506961902865,1.1886039181140846,min_cost_max_flow,43,24,43,2,149,8
move,"['move', 24, 3, 8]",True,530,1.7466187852721617,0.0,2.499158961749938,0.7525401764777763,1.3675809620381187,2.5561350291167333,min_cost_max_flow,56,24,56,3,151,8
move,"['move', 24, 8, 0]",True,540,1.7983143553236112,0.0,2.2125686182219733,0.41425426289836204,0.5247978031557068,0.6017183183679528,min_cost_max_flow,149,24,149,8,7,0
move,"['move', 24, 2, 0]",True,540,1.0893403680003246,0.0,2.2125686182219733,1.1232282502216486,2.2965670361290904,1.0455418749233918,min_cost_max_flow,44,24,44,2,8,0
move,"['move', 24, 8, 3]",True,540,1.3110961825469456,0.0,2.2125686182219733,0.9014724356750276,1.739506291253747,2.826347547450046,min_cost_max_flow,151,24,151,8,55,3
move,"['move', 24, 9, 1]",True,540,1.5005441537294155,0.0,2.2125686182219733,0.7120244644925579,1.2687441773623505,0.9211381709317024,min_cost_max_flow,171,24,171,9,24,1
move,"['move', 24, 8, 9]",True,550,1.87274849185895,0.0,2.5094623436033583,0.6367138517444083,1.0795264604857948,1.5485948417197353,min_cost_max_flow,160,24,160,8,171,9
move,"['move', 24, 1, 4]",True,550,1.870086415173803,0.0,2.5094623436033583,0.6393759284295553,1.085960008674192,1.696357191366276,min_cost_max_flow,24,24,24,1,77,4
move,"['move', 24, 5, 7]",True,550,2.1763223093162587,0.0,2.5094623436033583,0.3331400342870994,0.32133977139255876,1.050025141695519,min_cost_max_flow,93,24,93,5,129,7
move,"['move', 24, 3, 7]",True,550,1.4142032412749088,0.0,2.5094623436033583,1.1092453278284495,2.2584933653670305,3.1231183942980856,min_cost_max_flow,55,24,55,3,135,7
move,"['move', 24, 4, 8]",True,560,1.3841632325645563,0.0,2.4268513792430855,1.0426881466785292,2.0917221347108352,3.3753035818943005,min_cost_max_flow,77,24,77,4,160,8
move,"['move', 24, 7, 3]",True,560,1.8300832324245588,0.0,2.4268513792430855,0.5967681468185267,0.9784091418778189,2.383965703900822,min_cost_max_flow,129,24,129,7,56,3
move,"['move', 24, 7, 8]",True,560,1.7122299232155211,0.0,2.4268513792430855,0.7146214560275642,1.275154508198284,0.9759035053200881,min_cost_max_flow,135,24,135,7,148,8
move,"['move', 24, 5, 3]",True,560,1.8408618414631066,0.0,2.4268513792430855,0.585989537779979,0.9516914663681746,2.2314009794174914,min_cost_max_flow,103,24,103,5,60,3
move,"['move', 24, 8, 1]",True,570,1.2760724913400328,0.0,1.9749258507746763,0.6988533594346434,1.2348816168450867,1.5443367525835912,min_cost_max_flow,148,24,148,8,24,1
move,"['move', 24, 6, 1]",True,570,1.2877383222227197,0.0,1.9749258507746763,0.6871875285519568,1.2048463690462086,2.124783814024642,min_cost_max_flow,117,24,117,6,26,1
move,"['move', 24, 8, 7]",True,570,1.4140491506130908,0.0,1.9749258507746763,0.5608767001615856,0.8898189097126306,1.6250427191246053,min_cost_max_flow,160,24,160,8,129,7
move,"['move', 24, 3, 5]",True,570,1.491032840231201,0.0,1.9749258507746763,0.48389301054347533,0.6979905386242535,1.204474081192282,min_cost_max_flow,56,24,56,3,93,5
move,"['move', 24, 1, 8]",True,580,1.590068585379583,0.0,2.5063894346380198,0.9163208492584368,1.7772192099773747,2.4317577040470093,min_cost_max_flow,24,24,24,1,160,8
move,"['move', 24, 7, 4]",True,580,2.0423511158584904,0.0,2.5063894346380198,0.4640383187795295,0.6480172930478147,1.4288181922417118,min_cost_max_flow,129,24,129,7,77,4
move,"['move', 24, 0, 8]",True,580,1.926453297925044,0.0,2.5063894346380198,0.5799361367129758,0.9377928758258349,1.408126229305383,min_cost_max_flow,7,24,7,0,148,8
move,"['move', 24, 6, 4]",True,580,2.1684646795428923,0.0,2.5063894346380198,0.3379247550951272,0.3336001089992351,0.8510014172909884,min_cost_max_flow,121,24,121,6,84,4
move,"['move', 24, 1, 7]",True,590,1.93236211814809,0.0,2.729693466175302,0.7973313480272121,1.4807654413234559,1.7517680879520319,min_cost_max_flow,26,24,26,1,129,7
move,"['move', 24, 4, 5]",True,590,2.07618742996875,0.0,2.729693466175302,0.653506036206552,1.120542176854542,2.1917580327941875,min_cost_max_flow,77,24,77,4,103,5
move,"['move', 24, 4, 7]",True,590,1.995189732082077,0.0,2.729693466175302,0.7345037340932251,1.3234593964953092,1.9097747500712017,min_cost_max_flow,84,24,84,4,135,7
move,"['move', 24, 3, 6]",True,590,2.137814392277033,0.0,2.729693466175302,0.5918790738982688,0.9667414137102242,2.013996281867574,min_cost_max_flow,60,24,60,3,116,6
move,"['move', 24, 6, 3]",True,600,1.32579103561942,0.0,2.12447694527233,0.7986859096529103,1.4837024408361685,2.051371122307359,min_cost_max_flow,116,24,116,6,55,3
move,"['move', 24, 2, 3]",True,600,1.2732763303415262,0.0,2.12447694527233,0.8614647349308039,1.641836323690768,1.260158015730126,min_cost_max_flow,45,24,45,2,56,3
move,"['move', 24, 0, 3]",True,600,1.4055027133671913,0.0,2.12447694527233,0.718974231905139,1.285755449561293,1.163235725938716,min_cost_max_flow,8,24,8,0,60,3
move,"['move', 24, 9, 3]",True,600,1.4425331715893992,0.0,2.12447694527233,0.6819437736829311,1.1923940292308544,1.6867522425513743,min_cost_max_flow,171,24,171,9,62,3
move,"['move', 24, 7, 9]",True,616,1.4226162804158744,0.0,2.1292518079679583,0.7112461482187508,1.2664380652158798,1.1613524789003626,min_cost_max_flow,135,24,135,7,166,9
move,"['move', 24, 8, 6]",True,616,1.6522319773248495,0.0,2.1292518079679583,0.4770198306431089,0.6811840380360081,0.953507972745098,min_cost_max_flow,148,24,148,8,116,6
move,"['move', 24, 3, 9]",True,616,1.4133915416874347,0.0,2.1292518079679583,0.7158602662805237,1.2766654814195135,2.0332717794328876,min_cost_max_flow,55,24,55,3,169,9
move,"['move', 24, 5, 2]",True,616,1.4817921613338643,0.0,2.1292518079679583,0.647459646634094,1.107454680824958,0.8394394317537657,min_cost_max_flow,93,24,93,5,42,2
move,"['move', 24, 3, 0]",True,626,1.58681868564807,0.0,2.2783600359530585,0.6982078858049885,1.2322876128164353,2.19788338892623,min_cost_max_flow,62,24,62,3,3,0
move,"['move', 24, 9, 0]",True,626,1.6965758958735755,0.0,2.2783600359530585,0.5817841400794831,0.9433158304855169,0.8061620670295011,min_cost_max_flow,166,24,166,9,7,0
move,"['move', 24, 3, 1]",True,626,1.7667367182922709,0.0,2.2783600359530585,0.5116233176607877,0.7673296906077667,1.1955512877041672,min_cost_max_flow,56,24,56,3,24,1
move,"['move', 24, 2, 4]",True,626,1.5863243128420157,0.0,2.2783600359530585,0.6920357231110429,1.2187870650896002,0.9113107169068196,min_cost_max_flow,42,24,42,2,77,4
move,"['move', 24, 7, 5]",True,636,2.1675954530137487,0.0,2.4185855558731917,0.2509901028594431,0.1171496609431415,0.2602130618799808,min_cost_max_flow,129,24,129,7,93,5
move,"['move', 24, 6, 5]",True,636,1.8212685182457946,0.0,2.4185855558731917,0.5973170376273971,0.9816126369523772,1.163120335645942,min_cost_max_flow,116,24,116,6,104,5
move,"['move', 24, 1, 2]",True,636,1.761107485646669,0.0,2.4185855558731917,0.6574780702265225,1.1331680109178706,0.39459202385947384,min_cost_max_flow,24,24,24,1,42,2
move,"['move', 24, 0, 9]",True,636,1.9165296127610594,0.0,2.4185855558731917,0.5020559431121322,0.7443343794802786,0.5801344582703734,min_cost_max_flow,3,24,3,0,166,9
move,"['move', 24, 4, 1]",True,646,1.5603301219935184,0.0,2.2006022403262535,0.640272118332735,1.0888426475239612,1.2682477968199315,min_cost_max_flow,77,24,77,4,24,1
move,"['move', 24, 2, 1]",True,646,1.5517645929073063,0.0,2.2006022403262535,0.6488376474189473,1.1112209558923496,0.6252573615814283,min_cost_max_flow,42,24,42,2,26,1
move,"['move', 24, 5, 7]",True,646,1.8897450265889006,0.0,2.2006022403262535,0.3108572137373529,0.26619240677518974,0.6769006370307967,min_cost_max_flow,93,24,93,5,129,7
move,"['move', 24, 0, 7]",True,646,1.6668730957334916,0.0,2.2006022403262535,0.5337291445927618,0.8217952439508736,1.7282272789228752,min_cost_max_flow,7,24,7,0,136,7
move,"['move', 24, 7, 0]",True,656,1.7066133958978527,0.0,2.1296507084653205,0.42303731256746774,0.5467109906185215,0.6313427916677015,min_cost_max_flow,129,24,129,7,3,0
move,"['move', 24, 9, 2]",True,656,1.1290794099470876,0.0,2.1296507084653205,1.000571298518233,1.9889850111312626,1.6719723677823677,min_cost_max_flow,166,24,166,9,43,2
move,"['move', 24, 3, 2]",True,656,1.7262201839600277,0.0,2.1296507084653205,0.40343052450529276,0.49762240086329257,0.6790891915286208,min_cost_max_flow,60,24,60,3,44,2
move,"['move', 24, 5, 6]",True,656,1.3701405464990595,0.0,2.1296507084653205,0.7595101619662609,1.3864538528641788,1.5908502925511896,min_cost_max_flow,103,24,103,5,116,6
move,"['move', 24, 1, 5]",True,666,2.4216028037666706,0.0,3.0266971203385644,0.6050943165718939,1.0006279724384513,1.4483615857580097,min_cost_max_flow,24,24,24,1,93,5
move,"['move', 24, 8, 5]",True,666,2.2575230799354618,0.0,3.0266971203385644,0.7691740404031028,1.4098748604274078,2.0833093118016435,min_cost_max_flow,160,24,160,8,103,5
move,"['move', 24, 5, 4]",True,666,2.5899924602351274,0.0,3.0266971203385644,0.43670466010343706,0.5805459311050072,0.8536283606259975,min_cost_max_flow,93,24,93,5,77,4
move,"['move', 24, 1, 3]",True,666,2.3849286916666372,0.0,3.0266971203385644,0.6417684286719273,1.0923331222411434,1.4351152173521662,min_cost_max_flow,26,24,26,1,55,3
move,"['move', 24, 5, 9]",True,676,0.753520158996865,0.0,1.9789508908834086,1.2254307318865436,2.5480400996138997,3.734302326542046,min_cost_max_flow,103,24,103,5,166,9
move,"['move', 24, 9, 8]",True,676,0.9782328259236621,0.0,1.9789508908834086,1.0007180649597465,1.9899895001017285,1.2469237899941845,min_cost_max_flow,166,24,166,9,160,8
move,"['move', 24, 5, 8]",True,676,1.0470422943345374,0.0,1.9789508908834086,0.931908596548871,1.8158797569394665,2.6376385467094634,min_cost_max_flow,104,24,104,5,148,8
move,"['move', 24, 6, 9]",True,676,1.2640352132646808,0.0,1.9789508908834086,0.7149156776187279,1.2741747240115728,2.119462281733534,min_cost_max_flow,116,24,116,6,166,9
move,"['move', 24, 4, 6]",True,686,1.6326122821588962,0.0,2.2749031677186933,0.6422908855597971,1.0930900740549987,1.8012421545649522,min_cost_max_flow,77,24,77,4,116,6
move,"['move', 24, 7, 5]",True,686,1.5606143825840113,0.0,2.2749031677186933,0.7142887851346819,1.2726981805099058,2.059003809435025,min_cost_max_flow,136,24,136,7,93,5
move,"['move', 24, 2, 6]",True,686,1.5323374753344492,0.0,2.2749031677186933,0.7425656923842442,1.3432571069815822,2.14789824425447,min_cost_max_flow,43,24,43,2,117,6
move,"['move', 24, 8, 5]",True,686,1.3471136408345128,0.0,2.2749031677186933,0.9277895268841806,1.8060777955615777,2.30716335748471,min_cost_max_flow,148,24,148,8,103,5
move,"['move', 24, 8, 4]",True,696,1.7338264280438573,0.0,2.6497909044627184,0.9159644764188609,1.775812366457103,2.775698651601867,min_cost_max_flow,160,24,160,8,77,4
move,"['move', 24, 9, 7]",True,696,1.8525241251451714,0.0,2.6497909044627184,0.7999755773175469,1.4874567773777017,1.6979262023458626,min_cost_max_flow,169,24,169,9,129,7
move,"['move', 24, 9, 4]",True,696,1.6441131762025758,0.0,2.6497909044627184,1.0056777282601426,2.000764783883824,2.3295067692575593,min_cost_max_flow,166,24,166,9,84,4
move,"['move', 24, 0, 4]",True,696,1.6692948838635453,0.0,2.6497909044627184,0.980496020599173,1.9373111229751885,2.6624346067316447,min_cost_max_flow,3,24,3,0,87,4
add,"['add', 9, None, 0]",True,706,2.9214359628387068,0.0,3.132036985575366,0.21060102273665907,0.4186480264443162,0.18814773645615962,min_cost_max_flow,73,9,,,2,0
move,"['move', 24, 6, 0]",True,706,2.232411818204192,0.0,3.1047324098242934,0.8723205916201017,1.6669981337827267,2.578712436587472,min_cost_max_flow,116,24,116,6,3,0
move,"['move', 24, 4, 9]",True,706,2.164171512589187,0.0,3.1047324098242934,0.9405608972351064,1.8380037563383667,2.3088067578351152,min_cost_max_flow,77,24,77,4,166,9
move,"['move', 24, 5, 0]",True,706,2.2594135013342935,0.0,3.1047324098242934,0.8453189084899998,1.6001647999628403,2.1314630996749813,min_cost_max_flow,93,24,93,5,7,0
move,"['move', 24, 4, 5]",True,716,2.561778665671057,0.0,3.25241016490637,0.6906314992353134,1.2143319798551602,1.5409944136511973,min_cost_max_flow,84,24,84,4,93,5
move,"['move', 24, 5, 1]",True,716,2.517405429412721,0.0,3.25241016490637,0.7350047354936492,1.324724348262862,1.9014759057428894,min_cost_max_flow,93,24,93,5,24,1
move,"['move', 24, 7, 8]",True,716,2.456933042325108,0.0,3.25241016490637,0.7954771225812621,1.4758360782325326,1.9476344053171901,min_cost_max_flow,129,24,129,7,160,8
move,"['move', 24, 6, 8]",True,716,2.642911111825157,0.0,3.25241016490637,0.6094990530812131,1.0111458927494823,1.7776422272692096,min_cost_max_flow,117,24,117,6,148,8
move,"['move', 24, 1, 5]",True,726,2.6293944488784753,0.0,3.2505830785305685,0.6211886296520931,1.0405663068577269,1.6466604399062197,min_cost_max_flow,24,24,24,1,93,5
move,"['move', 24, 2, 5]",True,726,2.5099193609371455,0.0,3.2505830785305685,0.7406637175934231,1.3386322273618134,2.061193339398459,min_cost_max_flow,44,24,44,2,104,5
move,"['move', 24, 3, 6]",True,726,2.3856500549471833,0.0,3.2505830785305685,0.8649330235833853,1.6473407025096094,3.371053224138155,min_cost_max_flow,55,24,55,3,116,6
move,"['move', 24, 0, 5]",True,726,2.271104788418941,0.0,3.2505830785305685,0.9794782901116273,1.9340065150918235,3.16928904973208,min_cost_max_flow,3,24,3,0,105,5
move,"['move', 25, 0, 4]",True,736,1.0097150600474154,0.0,1.597532744444408,0.5878176843969928,1.0433739822192365,1.7253237895832993,min_cost_max_flow,3,25,3,0,77,4
move,"['move', 25, 1, 4]",True,736,1.1689976795752048,0.0,1.597532744444408,0.4285350648692033,0.6462488277911689,1.00439419531261,min_cost_max_flow,31,25,31,1,84,4
move,"['move', 25, 2, 4]",True,736,1.0604785980438214,0.0,1.597532744444408,0.5370541464005866,0.9171675740763021,1.2570325575293126,min_cost_max_flow,39,25,39,2,88,4
move,"['move', 25, 3, 4]",True,736,0.8887660148534332,0.0,1.597532744444408,0.7656064613409749,1.4887543493550766,1.1197072723266321,min_cost_max_flow,59,25,59,3,89,4
move,"['move', 24, 4, 3]",True,746,1.248559083676414,0.0,1.8228979255938622,0.5743388419174483,0.924189009838301,1.148545561782226,min_cost_max_flow,87,24,87,4,55,3
move,"['move', 24, 6, 2]",True,746,1.0668780135524258,0.0,1.8228979255938622,0.7560199120414365,1.375779616332693,2.8899247721677677,min_cost_max_flow,116,24,116,6,39,2
move,"['move', 24, 5, 3]",True,746,1.2668530788307932,0.0,1.8228979255938622,0.556044846763069,0.8784539019088697,1.1486255907707141,min_cost_max_flow,93,24,93,5,56,3
move,"['move', 24, 0, 2]",True,746,1.3777598537425848,0.0,1.8228979255938622,0.44513807185127735,0.6014211588462786,0.9924961128456202,min_cost_max_flow,7,24,7,0,43,2
move,"['move', 24, 8, 0]",True,756,1.9090029493483054,0.0,2.2710275212015585,0.36202457185325304,0.3940193039879887,0.7378993549983012,min_cost_max_flow,148,24,148,8,3,0
move,"['move', 24, 9, 0]",True,756,1.746496768571861,0.0,2.2710275212015585,0.5322442437963641,0.8194457265863093,0.8197375279697166,min_cost_max_flow,166,24,166,9,7,0
move,"['move', 24, 3, 1]",True,756,1.7108642901706363,0.0,2.2710275212015585,0.5601632310309222,0.8872875157230737,2.1235234943901675,min_cost_max_flow,55,24,55,3,26,1
move,"['move', 24, 5, 1]",True,756,1.4549806804940828,0.0,2.2710275212015585,0.8160468407074758,1.5262798689782358,2.6013041185379504,min_cost_max_flow,103,24,103,5,28,1
move,"['move', 25, 4, 3]",True,766,1.3540104497999024,0.0,1.8991475897926202,0.6197132202427179,1.123787699971217,1.2754050311380642,min_cost_max_flow,84,25,84,4,55,3
move,"['move', 25, 4, 2]",True,766,1.5133037659417838,0.0,1.8991475897926202,0.43179364151750305,0.6547907120802847,0.7407657497349993,min_cost_max_flow,77,25,77,4,44,2
move,"['move', 25, 4, 0]",True,766,1.111061665839911,0.0,1.8991475897926202,0.7880859239527093,1.543356079849218,2.1843246291229756,min_cost_max_flow,88,25,88,4,8,0
move,"['move', 25, 5, 3]",True,766,1.3903487633857579,0.0,1.8991475897926202,0.5778017666568623,1.0192716217088673,1.1003678962787067,min_cost_max_flow,95,25,95,5,59,3
move,"['move', 24, 8, 9]",True,776,2.1565524867858343,0.0,2.806859543135987,0.6503070563501528,1.11350161653354,1.5538318194636407,min_cost_max_flow,160,24,160,8,171,9
move,"['move', 24, 1, 9]",True,776,2.371841088104811,0.0,2.806859543135987,0.43501845503117603,0.575961940936395,1.0992800192657592,min_cost_max_flow,26,24,26,1,169,9
move,"['move', 24, 1, 7]",True,776,1.717480436209045,0.0,2.806859543135987,1.089379106926942,2.209190803769161,2.881124623698792,min_cost_max_flow,28,24,28,1,129,7
move,"['move', 24, 2, 9]",True,776,2.005159162081366,0.0,2.806859543135987,0.8017003810546212,1.491248938350509,2.0444917822649664,min_cost_max_flow,39,24,39,2,170,9
move,"['move', 24, 3, 8]",True,786,0.9483555500809474,0.0,1.5977077090029053,0.6493521589219579,1.1115992527138587,1.23057865225954,min_cost_max_flow,56,24,56,3,160,8
move,"['move', 24, 7, 6]",True,786,0.9935438209934395,0.0,1.5977077090029053,0.6041638880094657,0.9983391290170402,1.4235429293183866,min_cost_max_flow,129,24,129,7,116,6
move,"['move', 24, 0, 8]",True,786,1.126528774305086,0.0,1.5977077090029053,0.5642721789478192,0.8986590549438915,1.3907438753398553,min_cost_max_flow,3,24,3,0,149,8
move,"['move', 24, 2, 8]",True,786,1.0360480910029422,0.0,1.5977077090029053,0.5616596179999632,0.8922717184923386,1.294699929948718,min_cost_max_flow,43,24,43,2,151,8
move,"['move', 24, 8, 2]",True,796,1.9800990283169742,0.0,2.723696765373282,0.7435977370563079,1.3455744988559672,2.3230447814373125,min_cost_max_flow,149,24,149,8,39,2
move,"['move', 24, 6, 3]",True,796,2.0539308191197136,0.0,2.723696765373282,0.6697659462535681,1.1618085170484846,1.780714648526036,min_cost_max_flow,116,24,116,6,56,3
move,"['move', 24, 9, 1]",True,796,2.3125404733140806,0.0,2.723696765373282,0.4111562920592011,0.5176325347692909,0.21527917737698823,min_cost_max_flow,169,24,169,9,26,1
move,"['move', 24, 0, 1]",True,796,2.131377808319182,0.0,2.723696765373282,0.5923189570541,0.9696985890341239,0.7756846589862527,min_cost_max_flow,7,24,7,0,28,1
move,"['move', 24, 1, 0]",True,806,3.2670805205854654,0.0,3.553157892513532,0.2860773719280666,0.2046879176514267,0.3801570373955794,min_cost_max_flow,26,24,26,1,7,0
move,"['move', 24, 1, 6]",True,806,2.7282760836600257,0.0,3.553157892513532,0.8248818088535063,1.5496349335235209,1.756207998398937,min_cost_max_flow,28,24,28,1,116,6
move,"['move', 24, 2, 7]",True,806,2.8430304321027338,0.0,3.553157892513532,0.7101274604107982,1.2609073908415667,2.983989048521644,min_cost_max_flow,39,24,39,2,129,7
move,"['move', 24, 9, 6]",True,806,2.9579808729121897,0.0,3.553157892513532,0.5951770196013425,0.9759645321964854,1.36182679614937,min_cost_max_flow,170,24,170,9,117,6
add,"['add', 20, None, 5]",True,816,2.4179251643491377,0.0,2.6266991552549985,0.20877399090586063,0.18087745166303648,0.48000470932564093,min_cost_max_flow,111,20,,,93,5
add,"['add', 20, None, 0]",True,816,2.281703325687438,0.0,2.6266991552549985,0.34499582956756036,0.5213340783866443,0.5453179964200199,min_cost_max_flow,172,20,,,12,0
add,"['add', 20, None, 8]",True,816,2.371876058157131,0.0,2.6266991552549985,0.2548230970978675,0.2963123326917412,0.27192767686727515,min_cost_max_flow,131,20,,,149,8
add,"['add', 7, None, 5]",True,816,2.1266227019548314,0.0,2.6243272071878696,0.49770450523303805,0.9075861678975343,0.9707401895798341,min_cost_max_flow,17,7,,,103,5
move,"['move', 24, 7, 4]",True,826,1.833343204241543,0.0,2.429739945121576,0.5963967408800334,0.9777779643545728,2.1857408219093455,min_cost_max_flow,129,24,129,7,77,4
move,"['move', 24, 6, 4]",True,826,1.8033003266781633,0.0,2.429739945121576,0.6264396184434129,1.0539364655351164,1.4848693071795362,min_cost_max_flow,116,24,116,6,87,4
move,"['move', 24, 5, 4]",True,826,2.0522279005691813,0.0,2.429739945121576,0.3775120445523951,0.43301724001776165,0.5517298337198769,min_cost_max_flow,104,24,104,5,88,4
move,"['move', 24, 3, 4]",True,826,1.8946056824225779,0.0,2.429739945121576,0.5351342626989984,0.8270777267007361,0.5484356227421587,min_cost_max_flow,56,24,56,3,90,4
move,"['move', 4, 1, 5]",True,836,2.375667209650329,0.0,2.8734019821861305,0.49773477253580123,0.9949445384554565,0.9401780043185299,min_cost_max_flow,32,4,32,1,95,5
move,"['move', 4, 2, 5]",True,836,2.4822951481416156,0.0,2.8734019821861305,0.3911068340445151,0.7286324923279608,0.7683112705054409,min_cost_max_flow,40,4,40,2,104,5
move,"['move', 4, 4, 5]",True,836,2.4898747635952665,0.0,2.8734019821861305,0.38352721859086386,0.7102851892723265,0.3671542181762669,min_cost_max_flow,90,4,90,4,106,5
move,"['move', 4, 6, 5]",True,836,2.4695120533089896,0.0,2.8734019821861305,0.40388992887714087,0.7602869636994001,0.9704884105889056,min_cost_max_flow,113,4,113,6,107,5
move,"['move', 24, 4, 2]",True,846,3.0869868211023945,0.0,3.560429341155097,0.47344252005270265,0.6717269562759611,1.2960448287660675,min_cost_max_flow,77,24,77,4,39,2
move,"['move', 24, 9, 3]",True,846,2.6616805575768865,0.0,3.560429341155097,0.8987487835782105,1.7324700944864162,2.97772523097567,min_cost_max_flow,171,24,171,9,56,3
move,"['move', 24, 8, 3]",True,846,2.8338994255115986,0.0,3.560429341155097,0.7265299156434984,1.3043845066003996,1.3366705971331778,min_cost_max_flow,151,24,151,8,60,3
move,"['move', 24, 4, 1]",True,846,3.183075332190172,0.0,3.560429341155097,0.37735400896492527,0.43253986019954027,0.6065904000842646,min_cost_max_flow,87,24,87,4,32,1
move,"['move', 24, 6, 7]",True,856,1.2985505546509937,0.0,1.9030158766439917,0.604465321992998,0.9993957151891664,1.2215421204545818,min_cost_max_flow,117,24,117,6,129,7
move,"['move', 24, 4, 7]",True,856,0.6109190854025465,0.0,1.9030158766439917,1.3102811849914453,2.7617205763417587,2.6980730161383844,min_cost_max_flow,90,24,90,4,135,7
move,"['move', 24, 0, 9]",True,856,1.3152519227809156,0.0,1.9030158766439917,0.587763953863076,0.9585341596084618,0.626965624387855,min_cost_max_flow,7,24,7,0,171,9
move,"['move', 24, 1, 9]",True,856,1.0320122482607204,0.0,1.9030158766439917,0.8710036283832713,1.6648953345629707,1.7856398550406507,min_cost_max_flow,32,24,32,1,166,9
move,"['move', 17, 0, 9]",True,866,1.65101027320156,0.0,2.5039557525779728,0.993750701376413,1.9824068219040782,1.328188636169647,min_cost_max_flow,13,17,13,0,169,9
move,"['move', 17, 1, 9]",True,866,1.9224639494837787,0.0,2.5039557525779728,0.5814918030941939,0.9522779185026593,0.9826271000838718,min_cost_max_flow,23,17,23,1,170,9
move,"['move', 17, 2, 9]",True,866,1.856346460450928,0.0,2.5039557525779728,0.7550959843770445,1.38498349902693,1.8525422219877288,min_cost_max_flow,37,17,37,2,171,9
move,"['move', 17, 2, 7]",True,866,1.6925043926736758,0.0,2.5039557525779728,0.811451359904297,1.5241900057008024,2.9738303181600925,min_cost_max_flow,50,17,50,2,136,7
move,"['move', 17, 3, 2]",True,876,1.550796604156732,0.0,2.057882876672335,0.5625794825156031,0.9043766372415121,1.3962803098639278,min_cost_max_flow,55,17,55,3,50,2
move,"['move', 17, 4, 2]",True,876,1.596649421548383,0.0,2.057882876672335,0.461233455123952,0.6512871195391199,1.2125797920401795,min_cost_max_flow,74,17,74,4,37,2
move,"['move', 17, 5, 2]",True,876,1.2369972952718267,0.0,2.057882876672335,0.8208855814005082,1.5493974564415112,1.8925656513730535,min_cost_max_flow,106,17,106,5,40,2
move,"['move', 17, 6, 2]",True,876,0.9641183843677021,0.0,2.057882876672335,1.0937644923046328,2.231151811331074,2.1878472318724302,min_cost_max_flow,118,17,118,6,42,2
move,"['move', 24, 4, 0]",True,886,1.6652900484663586,0.0,2.3564352262752113,0.6911451778088525,1.2147526015760377,2.1167108889646897,min_cost_max_flow,88,24,88,4,3,0
move,"['move', 24, 7, 1]",True,886,1.4930245904553436,0.0,2.3564352262752113,0.8654139464448677,1.6501666080312134,2.288654312206162,min_cost_max_flow,135,24,135,7,32,1
move,"['move', 24, 7, 0]",True,886,1.7519967302018236,0.0,2.3564352262752113,0.6044384960733878,0.9987849842582364,1.5839862083912157,min_cost_max_flow,129,24,129,7,7,0
move,"['move', 24, 3, 0]",True,886,1.6718896271933255,0.0,2.3564352262752113,0.6845455990818857,1.1978805530561658,2.3654453572677943,min_cost_max_flow,56,24,56,3,14,0
move,"['move', 24, 1, 4]",True,896,1.5887000755703302,0.0,2.3521724993603916,0.7634724237900615,1.394595710138674,2.766715149222283,min_cost_max_flow,32,24,32,1,74,4
move,"['move', 24, 0, 6]",True,896,1.4594320268367769,0.0,2.3521724993603916,0.8927404725236149,1.7179012809738197,2.6764158150472057,min_cost_max_flow,3,24,3,0,118,6
move,"['move', 24, 2, 4]",True,896,1.9690159606875342,0.0,2.3521724993603916,0.3831565386728574,0.4467763545271737,0.7864770282156943,min_cost_max_flow,39,24,39,2,77,4
move,"['move', 24, 9, 6]",True,896,1.850452169108265,0.0,2.3521724993603916,0.5017203302521268,0.743447651144379,0.6119319155276584,min_cost_max_flow,166,24,166,9,113,6
move,"['move', 24, 4, 2]",True,906,3.1245347693499412,0.0,3.543755182754156,0.41922041340421445,0.5368326498683018,0.855404686391943,min_cost_max_flow,74,24,74,4,39,2
move,"['move', 24, 4, 1]",True,906,2.811920724570605,0.0,3.543755182754156,0.7318344581835506,1.3157547877744946,2.5973873811570845,min_cost_max_flow,77,24,77,4,32,1
move,"['move', 24, 5, 7]",True,906,2.6457378539973933,0.0,3.543755182754156,0.8980173287567627,1.7326825644177006,1.616987241039627,min_cost_max_flow,105,24,105,5,129,7
move,"['move', 24, 8, 1]",True,906,2.6295594973662344,0.0,3.543755182754156,0.9141956853879215,1.771550075549385,2.669240871848248,min_cost_max_flow,160,24,160,8,23,1
move,"['move', 24, 1, 8]",True,916,1.812083172003573,0.0,2.7185464359752993,0.9064632639717264,1.7524361334690184,2.5244998984338,min_cost_max_flow,23,24,23,1,160,8
move,"['move', 24, 6, 5]",True,916,1.8802567183638539,0.0,2.7185464359752993,0.8382897176114453,1.5823116067549563,2.3182737740069146,min_cost_max_flow,113,24,113,6,105,5
move,"['move', 24, 3, 5]",True,916,2.058649973837841,0.0,2.7185464359752993,0.6598964621374585,1.1362564530154486,2.3662838103672046,min_cost_max_flow,60,24,60,3,106,5
move,"['move', 24, 1, 5]",True,916,1.8374111479712445,0.0,2.7185464359752993,0.8811352880040547,1.6887176066120446,2.790224523630499,min_cost_max_flow,32,24,32,1,91,5
move,"['move', 24, 7, 3]",True,926,1.6395658491522562,0.0,2.129561567909584,0.4899957187573278,0.7128519254511048,1.4680632197121444,min_cost_max_flow,129,24,129,7,55,3
move,"['move', 24, 2, 3]",True,926,1.822892429771335,0.0,2.129561567909584,0.3066691381382492,0.2558419060351298,0.5971084652311877,min_cost_max_flow,39,24,39,2,56,3
move,"['move', 24, 5, 4]",True,926,1.683491563528599,0.0,2.129561567909584,0.44607000438098504,0.6043924505665927,0.5648558488156845,min_cost_max_flow,91,24,91,5,74,4
move,"['move', 24, 6, 1]",True,926,1.4450163975419446,0.0,2.129561567909584,0.6845451703676394,1.1991388637416094,1.525857043228385,min_cost_max_flow,118,24,118,6,32,1
move,"['move', 4, 5, 0]",True,936,1.3197146889812956,0.0,1.6743942462021972,0.35467955722090166,0.6378858501393552,0.5539446902202129,min_cost_max_flow,95,4,95,5,3,0
move,"['move', 4, 5, 4]",True,936,1.3354748941541312,0.0,1.6743942462021972,0.3389193520480661,0.5980379630327661,0.8521941398869058,min_cost_max_flow,104,4,104,5,77,4
move,"['move', 4, 5, 1]",True,936,1.2085219692006868,0.0,1.6743942462021972,0.4658722770015104,0.9150817000863753,1.0779110265546652,min_cost_max_flow,106,4,106,5,23,1
move,"['move', 4, 6, 0]",True,936,1.1608748911321276,0.0,1.6743942462021972,0.5135193550700696,1.0339498669636669,1.2442632226256167,min_cost_max_flow,114,4,114,6,13,0
move,"['move', 24, 4, 2]",True,946,3.167150552633249,0.0,3.5489789240107603,0.38182837137751163,0.4434347914393584,0.8005735945161827,min_cost_max_flow,74,24,74,4,39,2
move,"['move', 24, 1, 2]",True,946,2.8486163338610706,0.0,3.5489789240107603,0.7003625901496896,1.2380265439842333,1.963103184895982,min_cost_max_flow,32,24,32,1,43,2
move,"['move', 24, 8, 6]",True,946,2.7460506444115778,0.0,3.5489789240107603,0.8029282795991824,1.4939373785691714,2.2986958774253052,min_cost_max_flow,160,24,160,8,118,6
move,"['move', 24, 3, 6]",True,946,2.9959977903411605,0.0,3.5489789240107603,0.5529811336695997,0.8706948042490694,1.2151688748553933,min_cost_max_flow,55,24,55,3,113,6
move,"['move', 24, 6, 8]",True,956,0.8126428037301502,0.0,1.7572782482018197,0.9446354444716695,1.8481902566782082,2.308718592212493,min_cost_max_flow,113,24,113,6,160,8
move,"['move', 24, 2, 1]",True,956,1.2233413113759033,0.0,1.7572782482018197,0.5339369368259164,0.8224246217178006,1.6549624895624784,min_cost_max_flow,39,24,39,2,32,1
move,"['move', 24, 6, 4]",True,956,1.0246309269877742,0.0,1.7572782482018197,0.7326473212140455,1.3183033966561197,2.253086510898274,min_cost_max_flow,118,24,118,6,74,4
move,"['move', 24, 9, 1]",True,956,1.1402990781800488,0.0,1.7572782482018197,0.6884709923967708,1.2081959080060187,2.0308642488411373,min_cost_max_flow,171,24,171,9,24,1
add,"['add', 20, None, 4]",True,966,1.9160960988431892,0.0,2.135824702663212,0.21972860382002268,0.20841702359030023,0.3779782814198724,min_cost_max_flow,64,20,,,84,4
move,"['move', 24, 8, 9]",True,966,1.0019863619159648,0.0,1.9748133042135274,0.9728269422975625,1.920413072253723,1.1460045850245328,min_cost_max_flow,160,24,160,8,166,9
move,"['move', 24, 1, 6]",True,966,1.2507179542368365,0.0,1.9748133042135274,0.7240953499766908,1.2968287348085141,2.316242347044149,min_cost_max_flow,24,24,24,1,118,6
move,"['move', 24, 2, 7]",True,966,1.2783050096043813,0.0,1.9748133042135274,0.6965082946091462,1.228639645189105,1.7972098140759796,min_cost_max_flow,43,24,43,2,129,7
move,"['move', 24, 7, 2]",True,976,3.031918730317004,0.0,3.4691277844105186,0.4372090540935149,0.5815564826516493,1.0205839796611127,min_cost_max_flow,129,24,129,7,39,2
move,"['move', 24, 4, 8]",True,976,2.631267930187334,0.0,3.4691277844105186,0.8378598542231847,1.5830023431262816,1.1413438793555908,min_cost_max_flow,74,24,74,4,160,8
move,"['move', 24, 1, 2]",True,976,2.5453558193241963,0.0,3.4691277844105186,0.9237719650863222,1.7963467477384256,2.0985922431555695,min_cost_max_flow,32,24,32,1,43,2
move,"['move', 24, 3, 2]",True,976,2.6995105045880172,0.0,3.4691277844105186,0.7696172798225015,1.4107332993753516,2.2497490455037648,min_cost_max_flow,56,24,56,3,47,2
move,"['move', 24, 8, 3]",True,986,1.6299725080741143,0.0,2.502959140373162,0.8729866322990479,1.6695771247668745,1.9694529120657454,min_cost_max_flow,160,24,160,8,55,3
move,"['move', 24, 0, 3]",True,986,1.8027115897995594,0.0,2.502959140373162,0.7002475505736028,1.2383531478844816,1.5536346245858175,min_cost_max_flow,7,24,7,0,56,3
move,"['move', 24, 9, 3]",True,986,1.4484551870288673,0.0,2.502959140373162,1.0545039533442948,2.121963107985721,2.9076658415798247,min_cost_max_flow,166,24,166,9,60,3
move,"['move', 24, 6, 3]",True,986,2.0432143398318092,0.0,2.502959140373162,0.4597448005413531,0.6372535320460884,1.448795129765307,min_cost_max_flow,118,24,118,6,62,3
move,"['move', 24, 3, 6]",True,996,1.635177466402356,0.0,2.4292083370528306,0.7940308706504745,1.4713345469026535,2.53823540725741,min_cost_max_flow,55,24,55,3,118,6
move,"['move', 24, 5, 6]",True,996,1.6010111764257027,0.0,2.4292083370528306,0.828197160627128,1.557227563151173,2.220041202666794,min_cost_max_flow,105,24,105,5,113,6
move,"['move', 24, 3, 1]",True,996,1.9091773857716294,0.0,2.4292083370528306,0.5200309512812011,0.7878700923647557,1.514672817067028,min_cost_max_flow,56,24,56,3,32,1
move,"['move', 24, 0, 1]",True,996,1.6283184054637778,0.0,2.4292083370528306,0.8008899315890526,1.4888368925312534,2.3017732191544873,min_cost_max_flow,14,24,14,0,24,1
move,"['move', 24, 3, 7]",True,1006,1.2118492293899155,0.0,1.9758802075544533,0.7640309781645379,1.396161930369999,2.653492285799493,min_cost_max_flow,60,24,60,3,129,7
move,"['move', 24, 5, 7]",True,1006,1.1705811079176347,0.0,1.9758802075544533,0.8052990996368184,1.5011462771471997,1.4441302214667229,min_cost_max_flow,106,24,106,5,135,7
move,"['move', 24, 1, 4]",True,1006,1.3886715761810722,0.0,1.9758802075544533,0.5872086313733812,0.9559389561509306,1.4315637799172378,min_cost_max_flow,24,24,24,1,74,4
move,"['move', 24, 1, 8]",True,1006,1.1999608540020583,0.0,1.9758802075544533,0.7759193535523948,1.4274421706868452,1.613957720996764,min_cost_max_flow,32,24,32,1,160,8
move,"['move', 24, 6, 0]",True,1016,1.211614590410282,0.0,2.129715250735802,0.9181006603255201,1.7829791795811616,1.5581297466611437,min_cost_max_flow,113,24,113,6,3,0
move,"['move', 24, 4, 5]",True,1016,1.3995678861922012,0.0,2.129715250735802,0.7301473645436009,1.3142456775240134,0.791638148228081,min_cost_max_flow,74,24,74,4,106,5
move,"['move', 24, 2, 5]",True,1016,1.3477686280146028,0.0,2.129715250735802,0.781946622721199,1.441618762066355,2.208345415997292,min_cost_max_flow,39,24,39,2,104,5
move,"['move', 24, 2, 0]",True,1016,1.657405025104417,0.0,2.129715250735802,0.47231022563138503,0.6691778434178559,1.1082960319734816,min_cost_max_flow,43,24,43,2,7,0
move,"['move', 24, 7, 9]",True,1026,1.4784278403190383,0.0,2.1216526220520424,0.643224781733004,1.0957119806807896,1.6097980260493017,min_cost_max_flow,129,24,129,7,171,9
move,"['move', 24, 7, 4]",True,1026,0.9336363521602156,0.0,2.1216526220520424,1.1880162698918268,2.456889992850847,2.1436035107157885,min_cost_max_flow,135,24,135,7,90,4
move,"['move', 24, 8, 4]",True,1026,1.28346629548827,0.0,2.1216526220520424,0.8381863265637722,1.5816403791577613,2.5934404260150625,min_cost_max_flow,160,24,160,8,74,4
move,"['move', 24, 3, 9]",True,1026,1.4670069103524361,0.0,2.1216526220520424,0.6546457116996064,1.1231048303307034,2.3827815371108367,min_cost_max_flow,62,24,62,3,172,9
move,"['move', 24, 4, 8]",True,1036,1.5377567110515034,0.0,2.427076818994927,0.8893201079434235,1.7088627324174013,3.001507219007228,min_cost_max_flow,74,24,74,4,160,8
move,"['move', 24, 4, 1]",True,1036,1.6935471885175217,0.0,2.427076818994927,0.7335296304774054,1.3219546808595624,1.2894124808694665,min_cost_max_flow,90,24,90,4,32,1
move,"['move', 24, 5, 3]",True,1036,1.6624290229052918,0.0,2.427076818994927,0.7646477960896351,1.3988924338300421,1.8611865209327272,min_cost_max_flow,104,24,104,5,55,3
move,"['move', 24, 2, 3]",True,1036,1.6762975343286777,0.0,2.427076818994927,0.7507792846662492,1.3640185169024335,1.9962787670285127,min_cost_max_flow,47,24,47,2,56,3
move,"['move', 24, 8, 7]",True,1046,1.0528167610108705,0.0,1.7539285751499276,0.7011118141390571,1.2402671594809362,1.7180661693733197,min_cost_max_flow,160,24,160,8,129,7
move,"['move', 24, 9, 7]",True,1046,1.0980333202106625,0.0,1.7539285751499276,0.655895254939265,1.1286052164559806,0.798429519690206,min_cost_max_flow,171,24,171,9,135,7
move,"['move', 24, 0, 7]",True,1046,0.8101372852425025,0.0,1.7539285751499276,0.9437912899074251,1.8462907425437152,2.168137074800575,min_cost_max_flow,3,24,3,0,139,7
move,"['move', 24, 5, 2]",True,1046,1.0428850239092555,0.0,1.7539285751499276,0.711043551240672,1.264760822918106,1.9418523806184347,min_cost_max_flow,106,24,106,5,39,2
move,"['move', 24, 7, 8]",True,1056,2.6063494075245583,0.0,3.3267238933696346,0.7203744858450764,1.2881815436739998,1.879596217363013,min_cost_max_flow,129,24,129,7,160,8
move,"['move', 24, 9, 5]",True,1056,2.5793322313448264,0.0,3.3267238933696346,0.7473916620248081,1.3553432196677022,2.133772521114466,min_cost_max_flow,172,24,172,9,106,5
move,"['move', 24, 7, 5]",True,1056,2.6774639505091806,0.0,3.3267238933696346,0.6492599428604541,1.1110616770474735,1.4352689940101349,min_cost_max_flow,135,24,135,7,104,5
move,"['move', 24, 0, 5]",True,1056,2.4430582181734612,0.0,3.3267238933696346,0.8836656751961732,1.6948068473648163,2.948042675313418,min_cost_max_flow,7,24,7,0,105,5
move,"['move', 24, 1, 0]",True,1066,2.0716409335301997,0.0,2.8016423516449045,0.7300014181147046,1.3110869795837061,2.654192726939219,min_cost_max_flow,32,24,32,1,7,0
move,"['move', 24, 5, 0]",True,1066,1.9593217513182926,0.0,2.8016423516449045,0.8423206003266118,1.5911895295139402,3.117796459961854,min_cost_max_flow,104,24,104,5,14,0
move,"['move', 24, 8, 0]",True,1066,2.2625599719088445,0.0,2.8016423516449045,0.5390823797360601,0.836405903164632,0.9098463752477655,min_cost_max_flow,160,24,160,8,15,0
move,"['move', 24, 2, 9]",True,1066,2.0448210114339647,0.0,2.8016423516449045,0.7568213402109399,1.3788489651597047,2.1794058366657416,min_cost_max_flow,39,24,39,2,171,9
move,"['move', 24, 7, 8]",True,1076,2.082107104102166,0.0,2.6488626683613217,0.5667555642591554,0.9043864135328477,1.711480334929543,min_cost_max_flow,139,24,139,7,160,8
move,"['move', 24, 9, 4]",True,1076,1.4421478122686011,0.0,2.6488626683613217,1.2067148560927206,2.502612296901134,2.8263778120139555,min_cost_max_flow,171,24,171,9,90,4
move,"['move', 24, 0, 4]",True,1076,1.9721049397373727,0.0,2.6488626683613217,0.6767577286239489,1.1789489999337093,2.006696675677565,min_cost_max_flow,7,24,7,0,74,4
move,"['move', 24, 3, 4]",True,1076,2.115220162091639,0.0,2.6488626683613217,0.5336425062696825,0.8226506861647067,1.0135352645687155,min_cost_max_flow,55,24,55,3,87,4
move,"['move', 24, 4, 2]",True,1086,2.387068702728652,0.0,2.730697135838316,0.3436284331096638,0.3481753098421905,0.6403308795484963,min_cost_max_flow,74,24,74,4,39,2
move,"['move', 24, 8, 1]",True,1086,2.190235519672262,0.0,2.730697135838316,0.5404616161660539,0.8396827265823958,1.024024813395005,min_cost_max_flow,160,24,160,8,32,1
move,"['move', 24, 3, 2]",True,1086,2.0422695070844155,0.0,2.730697135838316,0.6884276287539005,1.2087296532736218,1.6027613323218588,min_cost_max_flow,56,24,56,3,43,2
move,"['move', 24, 6, 2]",True,1086,2.08911589690096,0.0,2.730697135838316,0.7179319302706894,1.282753822804807,1.4271508395131725,min_cost_max_flow,118,24,118,6,45,2
move,"['move', 24, 1, 3]",True,1096,1.6787116507079296,0.0,2.2020206299409115,0.5233089792329818,0.7963678555879596,1.3128772545655836,min_cost_max_flow,32,24,32,1,55,3
move,"['move', 24, 4, 6]",True,1096,1.514836531263406,0.0,2.2020206299409115,0.6871840986775054,1.205356425492937,1.7790297254532723,min_cost_max_flow,87,24,87,4,114,6
move,"['move', 24, 4, 3]",True,1096,1.6907491055287265,0.0,2.2020206299409115,0.511271524412185,0.7676799995024339,0.3756899435882839,min_cost_max_flow,90,24,90,4,56,3
move,"['move', 24, 2, 6]",True,1096,1.4679848744276454,0.0,2.2020206299409115,0.7340357555132663,1.3219156162358559,2.1589972897757086,min_cost_max_flow,39,24,39,2,116,6
move,"['move', 24, 2, 4]",True,1106,1.5133675172610035,0.0,2.427507877173212,0.9141403599122085,1.7730824752688932,1.5554319326543764,min_cost_max_flow,43,24,43,2,90,4
move,"['move', 24, 5, 8]",True,1106,2.0498120118480694,0.0,2.427507877173212,0.3776958653251428,0.4334843292908772,0.5467049395556829,min_cost_max_flow,105,24,105,5,160,8
move,"['move', 24, 5, 4]",True,1106,1.810225784112204,0.0,2.427507877173212,0.6172820930610082,1.0311124877916882,1.4383121654571354,min_cost_max_flow,106,24,106,5,74,4
move,"['move', 24, 3, 4]",True,1106,1.941289572645529,0.0,2.427507877173212,0.48621830452768305,0.704325539914862,0.8566298611327783,min_cost_max_flow,55,24,55,3,87,4
move,"['move', 24, 3, 5]",True,1116,2.758769462695609,0.0,3.2543658381328835,0.49559637543727436,0.7276743507936771,0.920874124574939,min_cost_max_flow,56,24,56,3,106,5
move,"['move', 24, 6, 5]",True,1116,2.6418197573846087,0.0,3.2543658381328835,0.6125460807482749,1.0188734620005562,1.704308838323051,min_cost_max_flow,114,24,114,6,104,5
move,"['move', 24, 4, 5]",True,1116,2.5894486503060388,0.0,3.2543658381328835,0.6649171878268448,1.1499984152032994,1.572851834110772,min_cost_max_flow,74,24,74,4,105,5
move,"['move', 24, 0, 5]",True,1116,2.433080972225698,0.0,3.2543658381328835,0.8212848659071855,1.5411930137088348,1.3892496309884776,min_cost_max_flow,14,24,14,0,108,5
move,"['move', 24, 6, 7]",True,1126,1.3815147042825746,0.0,1.9747739726477165,0.593259268365142,0.9713782690487278,1.2230835009869332,min_cost_max_flow,116,24,116,6,129,7
move,"['move', 24, 8, 1]",True,1126,1.3428700811532375,0.0,1.9747739726477165,0.6319038914944789,1.0684223194675724,0.9347551039854858,min_cost_max_flow,160,24,160,8,32,1
move,"['move', 24, 5, 1]",True,1126,1.1507747051393236,0.0,1.9747739726477165,0.8239992675083928,1.5460715855952003,2.6608710420900965,min_cost_max_flow,104,24,104,5,24,1
move,"['move', 24, 4, 1]",True,1126,1.1505592746911901,0.0,1.9747739726477165,0.8242146979565265,1.5469401563004794,2.4408746521266327,min_cost_max_flow,87,24,87,4,26,1
move,"['move', 24, 7, 3]",True,1136,1.8660111086018318,0.0,2.4966760140609443,0.6306649054591126,1.0628452984874457,2.5877923651260883,min_cost_max_flow,129,24,129,7,55,3
move,"['move', 24, 1, 3]",True,1136,1.937808465165947,0.0,2.4966760140609443,0.5588675488949973,0.8848578735269257,1.5838147319472626,min_cost_max_flow,24,24,24,1,56,3
move,"['move', 24, 4, 8]",True,1136,1.5531631003436241,0.0,2.4966760140609443,0.9435129137173203,1.8469293871057744,1.2784137165864382,min_cost_max_flow,90,24,90,4,160,8
move,"['move', 24, 0, 3]",True,1136,1.7666090399130825,0.0,2.4966760140609443,0.7300669741478617,1.3121715937559202,2.0403766673915484,min_cost_max_flow,15,24,15,0,60,3
move,"['move', 24, 8, 6]",True,1146,1.3304461946283213,0.0,2.195838007647594,0.8653918130192727,1.651462176170753,1.388053176521332,min_cost_max_flow,160,24,160,8,113,6
move,"['move', 24, 1, 7]",True,1146,1.3944975836771079,0.0,2.195838007647594,0.8013404239704859,1.4908310145638097,1.7231791665054301,min_cost_max_flow,26,24,26,1,129,7
move,"['move', 24, 3, 6]",True,1146,1.5450177441659423,0.0,2.195838007647594,0.6508202634816517,1.1145160721462162,1.732873296844228,min_cost_max_flow,55,24,55,3,114,6
move,"['move', 24, 2, 7]",True,1146,1.119066798142532,0.0,2.195838007647594,1.0767712095050619,2.1777527027734322,2.8266962510507847,min_cost_max_flow,45,24,45,2,135,7
add,"['add', 10, None, 2]",True,1156,1.9788998414082561,0.0,2.1256803931835306,0.1467805517752745,0.2609522936563735,0.23244556258051766,min_cost_max_flow,70,10,,,39,2
add,"['add', 10, None, 0]",True,1156,2.0063002570020987,0.0,2.1256803931835306,0.11938013618143203,0.19241903112560976,0.2539279266855833,min_cost_max_flow,39,10,,,3,0
move,"['move', 24, 7, 2]",True,1156,0.8631678176174777,0.0,1.8990779403474614,1.0359101227299836,2.0761163195256813,2.482473791087361,min_cost_max_flow,129,24,129,7,43,2
move,"['move', 24, 1, 2]",True,1156,1.251071926816802,0.0,1.8990779403474614,0.6480060135306592,1.1083362203298748,1.1623579227512677,min_cost_max_flow,32,24,32,1,45,2
move,"['move', 24, 7, 8]",True,1166,1.493305218456957,0.0,2.5013148159443737,1.0080095974874166,2.0073425830487395,1.8307560381038601,min_cost_max_flow,135,24,135,7,160,8
move,"['move', 24, 3, 8]",True,1166,1.829405668877285,0.0,2.5013148159443737,0.6719091470670887,1.165530829470299,2.8711743898507436,min_cost_max_flow,56,24,56,3,148,8
move,"['move', 24, 3, 1]",True,1166,1.7679498057613263,0.0,2.5013148159443737,0.7333650101830472,1.3201895257825527,2.1918153749458646,min_cost_max_flow,60,24,60,3,32,1
move,"['move', 24, 5, 8]",True,1166,1.7237139186227926,0.0,2.5013148159443737,0.8830141718215813,1.6929700597484043,3.086728795268297,min_cost_max_flow,108,24,108,5,151,8
move,"['move', 24, 6, 3]",True,1176,1.9818081379210857,0.0,2.6513041878705668,0.6694960499494811,1.1607869716754067,2.0119177237663615,min_cost_max_flow,113,24,113,6,56,3
move,"['move', 24, 8, 3]",True,1176,1.9212564752476213,0.0,2.6513041878705668,0.7300477126229453,1.3114376098583307,2.4975967242573716,min_cost_max_flow,148,24,148,8,60,3
move,"['move', 24, 5, 3]",True,1176,2.053513138695012,0.0,2.6513041878705668,0.5977910491755548,0.9812874092422135,2.1699580560180207,min_cost_max_flow,105,24,105,5,62,3
move,"['move', 24, 1, 3]",True,1176,2.058038287720727,0.0,2.6513041878705668,0.5932659001498398,0.9708629872220627,1.5776576932603508,min_cost_max_flow,32,24,32,1,63,3
move,"['move', 24, 2, 1]",True,1186,1.2862291890607733,0.0,2.200345045524967,0.9141158564641935,1.7733828173386428,1.314364806129538,min_cost_max_flow,43,24,43,2,32,1
move,"['move', 24, 6, 1]",True,1186,1.4003378919937446,0.0,2.200345045524967,0.8000071535312222,1.4872152879706846,1.9115461631495527,min_cost_max_flow,114,24,114,6,24,1
move,"['move', 24, 8, 4]",True,1186,1.496680681604949,0.0,2.200345045524967,0.7036643639200179,1.245739065194357,2.324378662027496,min_cost_max_flow,151,24,151,8,74,4
move,"['move', 24, 5, 4]",True,1186,1.7538519312640537,0.0,2.200345045524967,0.44649311426091315,0.6053773348521645,0.6134494583146908,min_cost_max_flow,106,24,106,5,87,4
move,"['move', 24, 1, 5]",True,1196,1.8020726257423827,0.0,2.7973909495522005,0.9953183238098177,1.9749024032280431,2.30541978923636,min_cost_max_flow,24,24,24,1,106,5
move,"['move', 24, 3, 5]",True,1196,2.0962620193151773,0.0,2.7973909495522005,0.701128930237023,1.2414655680786382,0.9476539341820487,min_cost_max_flow,56,24,56,3,95,5
move,"['move', 24, 8, 5]",True,1196,2.2512791972228667,0.0,2.7973909495522005,0.546111752329334,0.8535307209403982,1.2089221801934296,min_cost_max_flow,160,24,160,8,104,5
move,"['move', 24, 4, 5]",True,1196,2.108843155305279,0.0,2.7973909495522005,0.6885477942469211,1.2096026140861795,1.2210632789845197,min_cost_max_flow,74,24,74,4,105,5
move,"['move', 24, 4, 6]",True,1206,1.7778321774140915,0.0,2.427084179046126,0.6492520016320346,1.111458236544422,1.1576606153451934,min_cost_max_flow,87,24,87,4,118,6
move,"['move', 24, 1, 6]",True,1206,1.5775017132263964,0.0,2.427084179046126,0.8495824658197296,1.6096431961068447,2.9184612198883917,min_cost_max_flow,32,24,32,1,113,6
move,"['move', 24, 2, 8]",True,1206,1.4070372304663787,0.0,2.427084179046126,1.0303110685797474,2.0613108307934453,3.0210426955179592,min_cost_max_flow,45,24,45,2,160,8
move,"['move', 24, 5, 6]",True,1206,1.8127773604187714,0.0,2.427084179046126,0.6143068186273548,1.0248479129695625,0.6559046574519934,min_cost_max_flow,95,24,95,5,114,6
move,"['move', 24, 8, 2]",True,1222,1.0680624410909498,0.0,2.125683489252036,1.0576210481610864,2.1297079873111215,2.939570985965267,min_cost_max_flow,160,24,160,8,43,2
move,"['move', 24, 3, 2]",True,1222,1.6052431906062874,0.0,2.125683489252036,0.5204402986457489,0.790181113035942,0.6562379771892513,min_cost_max_flow,60,24,60,3,45,2
move,"['move', 24, 6, 2]",True,1222,1.1786835506836097,0.0,2.125683489252036,0.9469999385684263,1.85413006309318,2.289671143492694,min_cost_max_flow,113,24,113,6,47,2
move,"['move', 24, 6, 4]",True,1222,1.5777698429051696,0.0,2.125683489252036,0.5479136463468667,0.8580879542223556,1.1739233547761958,min_cost_max_flow,114,24,114,6,74,4
move,"['move', 24, 6, 8]",True,1232,1.5123898220255887,0.0,2.2724437777063535,0.7600539556807647,1.3881818991976616,1.3451422610692136,min_cost_max_flow,118,24,118,6,160,8
move,"['move', 24, 4, 7]",True,1232,1.9210166477436867,0.0,2.2724437777063535,0.35142712996266673,0.3675449529509933,0.7250635620181297,min_cost_max_flow,74,24,74,4,129,7
move,"['move', 24, 5, 7]",True,1232,1.7700142443427902,0.0,2.2724437777063535,0.5024295333635634,0.7448407775973465,0.8651861326105971,min_cost_max_flow,104,24,104,5,139,7
move,"['move', 24, 3, 7]",True,1232,1.530676751470152,0.0,2.2724437777063535,0.7484335617362016,1.3584498750824423,1.7991684302767743,min_cost_max_flow,62,24,62,3,140,7
move,"['move', 24, 7, 1]",True,1242,1.2344600725366437,0.0,1.9044894555086467,0.6700293829720029,1.162426176309964,1.808003004931052,min_cost_max_flow,129,24,129,7,32,1
move,"['move', 24, 7, 6]",True,1242,1.4666476331755967,0.0,1.9044894555086467,0.43784182233304997,0.5837157027399371,0.6357176533609012,min_cost_max_flow,139,24,139,7,118,6
move,"['move', 24, 8, 6]",True,1242,1.0538416547568055,0.0,1.9044894555086467,0.8506478007518413,1.6135777379768115,2.0709915267634713,min_cost_max_flow,160,24,160,8,113,6
move,"['move', 24, 2, 4]",True,1242,1.1729801562911655,0.0,1.9044894555086467,0.7487046490508144,1.3595209870181861,1.5369059974685881,min_cost_max_flow,45,24,45,2,74,4
move,"['move', 24, 4, 9]",True,1252,2.2784093118533395,0.0,3.02225121376274,0.7438419019094006,1.3472364574190578,1.6220138278645886,min_cost_max_flow,74,24,74,4,166,9
move,"['move', 24, 1, 0]",True,1252,2.310421888518287,0.0,3.02225121376274,0.7118293252444533,1.265772017191921,2.5773462043772994,min_cost_max_flow,32,24,32,1,7,0
move,"['move', 24, 6, 9]",True,1252,2.323090684090557,0.0,3.02225121376274,0.6991605296721831,1.234238064414967,2.48532210189604,min_cost_max_flow,113,24,113,6,172,9
move,"['move', 24, 7, 9]",True,1252,2.335033947391055,0.0,3.02225121376274,0.6872172663716852,1.2061802068637917,1.2851216351832464,min_cost_max_flow,140,24,140,7,173,9
move,"['move', 24, 9, 8]",True,1262,2.188026915871078,0.0,3.1730524535112172,0.9850255376401394,1.9508604864058725,1.1787207212198345,min_cost_max_flow,166,24,166,9,160,8
move,"['move', 24, 0, 4]",True,1262,2.54380605647387,0.0,3.1730524535112172,0.6292463970373473,1.0608043189204182,1.5842647068690705,min_cost_max_flow,7,24,7,0,74,4
move,"['move', 24, 9, 4]",True,1262,2.4862753583560178,0.0,3.1730524535112172,0.6867770951551996,1.2044100893635914,1.731581274507214,min_cost_max_flow,172,24,172,9,87,4
move,"['move', 24, 3, 4]",True,1262,2.6052452497275844,0.0,3.1730524535112172,0.5787656517836329,0.934825694977917,1.4354385790123734,min_cost_max_flow,63,24,63,3,88,4
move,"['move', 24, 4, 3]",True,1272,2.132535593284719,0.0,2.428567447358993,0.2960318540742743,0.2296085799298453,0.3571857621294251,min_cost_max_flow,74,24,74,4,55,3
move,"['move', 24, 9, 3]",True,1272,1.6007031622664663,0.0,2.428567447358993,0.827864285092527,1.5557508321908244,2.6497359518975236,min_cost_max_flow,173,24,173,9,56,3
move,"['move', 24, 6, 3]",True,1272,1.8557944588865825,0.0,2.428567447358993,0.5727729884724108,0.9189617709562299,2.023615741433715,min_cost_max_flow,118,24,118,6,60,3
move,"['move', 24, 2, 3]",True,1272,1.9932066331573541,0.0,2.428567447358993,0.43536081420163897,0.5773502791507781,0.744319827115296,min_cost_max_flow,43,24,43,2,62,3
move,"['move', 24, 3, 6]",True,1282,1.0870913208340824,0.0,1.8267206174703676,0.7396292966362851,1.335468038729232,2.4466174992226426,min_cost_max_flow,55,24,55,3,118,6
move,"['move', 24, 2, 6]",True,1282,1.073681843861555,0.0,1.8267206174703676,0.7530387736088128,1.3700054541513964,1.770802171992689,min_cost_max_flow,47,24,47,2,113,6
move,"['move', 24, 4, 6]",True,1282,0.9622110661657169,0.0,1.8267206174703676,0.8645095513046507,1.6481774297917582,2.107447904814597,min_cost_max_flow,87,24,87,4,114,6
move,"['move', 24, 8, 7]",True,1282,0.9831767346176777,0.0,1.8267206174703676,0.8435438828526899,1.5955284067949833,2.264015816063089,min_cost_max_flow,160,24,160,8,129,7
move,"['move', 24, 4, 2]",True,1292,2.5764936350102245,0.0,3.405934570866547,0.8294409358563227,1.5603801727556856,2.19126018164956,min_cost_max_flow,88,24,88,4,43,2
move,"['move', 24, 7, 2]",True,1292,2.4523253932444247,0.0,3.405934570866547,0.9536091776221226,1.8699480277446128,2.7597597986982083,min_cost_max_flow,129,24,129,7,45,2
move,"['move', 24, 5, 2]",True,1292,2.753961627750114,0.0,3.405934570866547,0.6519729431164331,1.1181163780674979,1.2538020739587161,min_cost_max_flow,105,24,105,5,47,2
move,"['move', 24, 3, 2]",True,1292,2.745944696961,0.0,3.405934570866547,0.6599898739055471,1.1378191010680894,1.4802047220878611,min_cost_max_flow,56,24,56,3,48,2
move,"['move', 24, 3, 4]",True,1302,2.351179910242315,0.0,2.798109626411895,0.4469297161695799,0.6060161078912643,0.9152706133593308,min_cost_max_flow,60,24,60,3,74,4
move,"['move', 24, 3, 1]",True,1302,2.2266740009708776,0.0,2.798109626411895,0.5714356254410172,0.9165248154513392,1.4193143590381259,min_cost_max_flow,62,24,62,3,32,1
move,"['move', 24, 5, 8]",True,1302,2.188963389754562,0.0,2.798109626411895,0.6091462366573328,1.0104407361432095,1.659719258317316,min_cost_max_flow,106,24,106,5,160,8
move,"['move', 24, 6, 4]",True,1302,1.986515081998959,0.0,2.798109626411895,0.8115945444129361,1.5158080889250414,2.1619969964349526,min_cost_max_flow,113,24,113,6,87,4
move,"['move', 24, 6, 5]",True,1312,0.9099863545059338,0.0,1.7520929969939028,0.842106642487969,1.5925566798887303,1.849766479030326,min_cost_max_flow,114,24,114,6,106,5
move,"['move', 24, 1, 5]",True,1312,0.8233062143293314,0.0,1.7520929969939028,0.9287867826645714,1.8076300004868244,2.9344530413048204,min_cost_max_flow,32,24,32,1,104,5
move,"['move', 24, 8, 5]",True,1312,1.0850101720525682,0.0,1.7520929969939028,0.6670828249413344,1.1550527428335045,1.8126952714568558,min_cost_max_flow,160,24,160,8,105,5
move,"['move', 24, 2, 5]",True,1312,0.9146230966475498,0.0,1.7520929969939028,0.8374699003463529,1.5807691589743627,1.9802101859154673,min_cost_max_flow,43,24,43,2,91,5
move,"['move', 24, 5, 3]",True,1322,2.2712039081191655,0.0,2.5785818419226336,0.3073779338034682,0.25819433629840205,0.2101477317479567,min_cost_max_flow,91,24,91,5,55,3
move,"['move', 24, 4, 3]",True,1322,2.2619756449246013,0.0,2.5785818419226336,0.31660619699803244,0.28089928073495685,0.4539567649852845,min_cost_max_flow,74,24,74,4,56,3
move,"['move', 24, 4, 8]",True,1322,1.8480236325287116,0.0,2.5785818419226336,0.7305582093939221,1.313004173372974,2.3040489994563704,min_cost_max_flow,87,24,87,4,160,8
move,"['move', 24, 6, 3]",True,1322,2.025877787925053,0.0,2.5785818419226336,0.5527040539975806,0.8696350941681885,1.4598428087443482,min_cost_max_flow,118,24,118,6,60,3
move,"['move', 24, 8, 1]",True,1332,1.4788207798907882,0.0,2.199656690921343,0.7208359110305546,1.2892897039928357,1.9098646472695016,min_cost_max_flow,160,24,160,8,32,1
move,"['move', 24, 3, 4]",True,1332,1.6158388590722608,0.0,2.199656690921343,0.5838178318490821,0.9490183924681332,0.39394036128358567,min_cost_max_flow,55,24,55,3,90,4
move,"['move', 24, 5, 4]",True,1332,1.285777556844332,0.0,2.199656690921343,0.913879134077011,1.771095550919199,2.444671773788046,min_cost_max_flow,104,24,104,5,74,4
move,"['move', 24, 5, 1]",True,1332,1.2410283141356508,0.0,2.199656690921343,0.9586283767856919,1.8821166258603625,3.0126929941470855,min_cost_max_flow,105,24,105,5,24,1
move,"['move', 24, 1, 7]",True,1342,1.526488108081967,0.0,2.2814802172806696,0.7549921091987027,1.3746726157278317,1.914920437518859,min_cost_max_flow,24,24,24,1,129,7
move,"['move', 24, 1, 8]",True,1342,1.5968645678700493,0.0,2.2814802172806696,0.6846156494106204,1.1989729674933187,1.7539196137238007,min_cost_max_flow,32,24,32,1,160,8
move,"['move', 24, 4, 7]",True,1342,1.4939948808304155,0.0,2.2814802172806696,0.7874853364502542,1.4563472515292233,1.620541989177066,min_cost_max_flow,74,24,74,4,135,7
move,"['move', 24, 3, 8]",True,1342,1.5839717942113793,0.0,2.2814802172806696,0.6975084230692903,1.2307502458770614,2.057023455678506,min_cost_max_flow,56,24,56,3,148,8
move,"['move', 24, 4, 9]",True,1352,1.8145422103013797,0.0,2.8773946986644297,1.06285248836305,2.1429163672328286,2.853051374766401,min_cost_max_flow,90,24,90,4,171,9
move,"['move', 24, 5, 9]",True,1352,2.155594935236298,0.0,2.8773946986644297,0.7217997634281316,1.2914636745372263,2.066971613637336,min_cost_max_flow,106,24,106,5,172,9
move,"['move', 24, 2, 9]",True,1352,2.056776917346468,0.0,2.8773946986644297,0.8206177813179617,1.5400623880013882,1.0311924539128994,min_cost_max_flow,45,24,45,2,173,9
move,"['move', 24, 7, 9]",True,1352,2.015576165172019,0.0,2.8773946986644297,0.8618185334924108,1.641914496633035,1.797706990230029,min_cost_max_flow,129,24,129,7,176,9
move,"['move', 24, 9, 5]",True,1362,1.0081365559651534,0.0,1.8270769001122265,0.8189403441470732,1.5336160371898586,2.533031043451592,min_cost_max_flow,171,24,171,9,106,5
move,"['move', 24, 7, 5]",True,1362,1.1768321878573782,0.0,1.8270769001122265,0.6502447122548483,1.1135223603669147,1.4360957717062197,min_cost_max_flow,135,24,135,7,104,5
move,"['move', 24, 9, 6]",True,1362,1.1996773453975949,0.0,1.8270769001122265,0.6273995547146315,1.056756802398013,1.2045385172796124,min_cost_max_flow,172,24,172,9,118,6
move,"['move', 24, 3, 5]",True,1362,1.1313649047202425,0.0,1.8270769001122265,0.751802799891984,1.3658985115453106,2.4488077146685545,min_cost_max_flow,60,24,60,3,105,5
move,"['move', 24, 8, 3]",True,1372,1.2497186515143266,0.0,1.9797479268347706,0.7300292753204439,1.3114391294093366,2.4658548527509954,min_cost_max_flow,148,24,148,8,55,3
move,"['move', 24, 9, 4]",True,1372,0.8042252770426361,0.0,1.9797479268347706,1.1755226497921345,2.4250907402474695,2.5204050801467868,min_cost_max_flow,173,24,173,9,90,4
move,"['move', 24, 9, 1]",True,1372,1.4595932527224793,0.0,1.9797479268347706,0.5201546741122912,0.7883737118863792,1.3851311878015318,min_cost_max_flow,176,24,176,9,32,1
move,"['move', 24, 5, 3]",True,1372,1.2465003140638,0.0,1.9797479268347706,0.7332476127709705,1.3205609423566784,1.748541972067262,min_cost_max_flow,104,24,104,5,56,3
move,"['move', 24, 4, 0]",True,1382,1.7681795132491611,0.0,2.877335708390809,1.109156195141648,2.259379431248817,2.3838533284378545,min_cost_max_flow,90,24,90,4,7,0
move,"['move', 24, 1, 0]",True,1382,2.468050088727316,0.0,2.877335708390809,0.4092856196634929,0.5119978615184664,0.8539406850797002,min_cost_max_flow,32,24,32,1,14,0
move,"['move', 24, 8, 0]",True,1382,2.3874654584826156,0.0,2.877335708390809,0.48987024990819344,0.7135783947160235,0.7746356278758884,min_cost_max_flow,160,24,160,8,15,0
move,"['move', 24, 5, 0]",True,1382,2.1578314217544894,0.0,2.877335708390809,0.7195042866363196,1.28648809383958,1.55823075904815,min_cost_max_flow,105,24,105,5,16,0
move,"['move', 24, 0, 8]",True,1392,1.4721660507603054,0.0,2.3511259634210697,0.8789599126607645,1.6842229271569522,2.161051921541455,min_cost_max_flow,7,24,7,0,160,8
move,"['move', 24, 0, 4]",True,1392,1.4618310770074592,0.0,2.3511259634210697,0.8892948864136104,1.7112876022729324,1.3428914322979955,min_cost_max_flow,14,24,14,0,90,4
move,"['move', 24, 0, 1]",True,1392,2.025539305370994,0.0,2.3511259634210697,0.3255866580500758,0.3030574298409192,0.6492924477492882,min_cost_max_flow,15,24,15,0,32,1
move,"['move', 24, 3, 1]",True,1392,1.693708536970227,0.0,2.3511259634210697,0.6574174264508427,1.1311207724811538,1.658344688870847,min_cost_max_flow,55,24,55,3,26,1
move,"['move', 28, 0, 6]",True,1402,1.596258647912256,0.0,2.0545098282359104,0.45825118032365453,0.7967716685561754,0.5657054902027713,min_cost_max_flow,9,28,9,0,114,6
move,"['move', 28, 1, 6]",True,1402,1.5487538878750768,0.0,2.0545098282359104,0.5057559403608336,0.9143663850099983,1.3438279162859488,min_cost_max_flow,22,28,22,1,116,6
move,"['move', 28, 2, 6]",True,1402,1.4832312883781045,0.0,2.0545098282359104,0.5712785398578061,1.077968057768885,1.4803785719822524,min_cost_max_flow,38,28,38,2,117,6
move,"['move', 28, 3, 6]",True,1402,1.5691227226322628,0.0,2.0545098282359104,0.4853871056036476,0.8637659332016483,1.1294045265425694,min_cost_max_flow,56,28,56,3,121,6
move,"['move', 24, 0, 9]",True,1412,1.2554579076266683,0.0,1.900701831798675,0.6452439241720068,1.1010275345943228,1.4313328153652296,min_cost_max_flow,16,24,16,0,171,9
move,"['move', 24, 6, 9]",True,1412,1.548442188338904,0.0,1.900701831798675,0.4632537131264379,0.6464123458008544,1.1911069350626633,min_cost_max_flow,118,24,118,6,172,9
move,"['move', 24, 1, 9]",True,1412,1.213671831110044,0.0,1.900701831798675,0.6870300006886308,1.204543441954229,2.064188769801223,min_cost_max_flow,26,24,26,1,173,9
move,"['move', 24, 4, 9]",True,1412,0.8029190533833246,0.0,1.900701831798675,1.0977827784153504,2.2316986878577154,1.8819877120096296,min_cost_max_flow,90,24,90,4,175,9
move,"['move', 24, 1, 4]",True,1422,2.0076259960044878,0.0,2.875084542855223,0.8674585468507355,1.6571034099742974,1.0717870265963199,min_cost_max_flow,32,24,32,1,90,4
move,"['move', 24, 9, 7]",True,1422,2.182909239587572,0.0,2.875084542855223,0.7140860675176509,1.2720921718100726,2.1251469142720953,min_cost_max_flow,172,24,172,9,129,7
move,"['move', 24, 9, 6]",True,1422,2.192365745402235,0.0,2.875084542855223,0.6827187974529881,1.193187519296771,2.449465148701758,min_cost_max_flow,171,24,171,9,123,6
move,"['move', 24, 5, 6]",True,1422,2.2638704099068456,0.0,2.875084542855223,0.6112141329483777,1.0160655552099342,1.3563336989089292,min_cost_max_flow,106,24,106,5,109,6
move,"['move', 24, 9, 0]",True,1432,1.2424280421101654,0.0,1.8243144487187024,0.5818864066085371,0.9424010054426617,1.5864896440227803,min_cost_max_flow,173,24,173,9,7,0
move,"['move', 24, 7, 0]",True,1432,0.9774544178348731,0.0,1.8243144487187024,0.8468600308838293,1.6047841520030488,1.6204323959183824,min_cost_max_flow,129,24,129,7,9,0
move,"['move', 24, 6, 0]",True,1432,0.9842228362640525,0.0,1.8243144487187024,0.8400916124546499,1.5879858405824052,1.538609294381986,min_cost_max_flow,109,24,109,6,14,0
move,"['move', 24, 3, 0]",True,1432,1.2744172561204081,0.0,1.8243144487187024,0.5498971925982944,0.8623114747588261,1.6641534161754041,min_cost_max_flow,56,24,56,3,15,0
move,"['move', 24, 0, 5]",True,1442,1.8094936668712358,0.0,2.8053448489746544,0.9958511821034187,1.975109708842865,3.0553132020232563,min_cost_max_flow,7,24,7,0,106,5
move,"['move', 24, 4, 5]",True,1442,1.8890215691126215,0.0,2.8053448489746544,0.9163232798620328,1.778758421580278,1.4096676414383291,min_cost_max_flow,90,24,90,4,95,5
move,"['move', 24, 6, 5]",True,1442,2.504494599490791,0.0,2.8053448489746544,0.30085024948386324,0.24145341643998108,0.4912871046871359,min_cost_max_flow,123,24,123,6,104,5
move,"['move', 24, 9, 5]",True,1442,2.227743601932681,0.0,2.8053448489746544,0.5776012470419735,0.932312938160976,1.1699352208740934,min_cost_max_flow,175,24,175,9,105,5
move,"['move', 24, 0, 6]",True,1452,0.9973084523865009,0.0,1.7567072093379572,0.7593987569514563,1.3856250221069786,1.9577291060106712,min_cost_max_flow,9,24,9,0,113,6
move,"['move', 24, 0, 3]",True,1452,1.0961903546947385,0.0,1.7567072093379572,0.6605168546432189,1.1382072778142174,2.099721454122062,min_cost_max_flow,14,24,14,0,56,3
move,"['move', 24, 2, 3]",True,1452,0.9634505328171322,0.0,1.7567072093379572,0.793256676520825,1.4709333961382072,1.5153457008057625,min_cost_max_flow,47,24,47,2,55,3
move,"['move', 24, 0, 1]",True,1452,1.4782154216325085,0.0,1.7567072093379572,0.2784917877054488,0.18577246993481822,0.34781514410488695,min_cost_max_flow,15,24,15,0,32,1
move,"['move', 24, 1, 0]",True,1462,1.8821035663073418,0.0,2.7237828571699265,0.8416792908625846,1.589821908801241,2.9606944950493204,min_cost_max_flow,32,24,32,1,7,0
move,"['move', 24, 8, 0]",True,1462,2.023912964614042,0.0,2.7237828571699265,0.6998698925558845,1.2370074529608246,1.8213345441599684,min_cost_max_flow,160,24,160,8,9,0
move,"['move', 24, 2, 0]",True,1462,2.2284227972098414,0.0,2.7237828571699265,0.49536005996008514,0.7268193270101619,1.0970308516030687,min_cost_max_flow,48,24,48,2,14,0
move,"['move', 24, 5, 0]",True,1462,1.71683081400223,0.0,2.7237828571699265,1.0069520431676966,2.0036868317965855,2.505333006673048,min_cost_max_flow,95,24,95,5,15,0
move,"['move', 24, 0, 4]",True,1472,0.9081439766280163,0.0,1.6002416528127879,0.6920976761847716,1.217164428848264,2.096323334012301,min_cost_max_flow,7,24,7,0,74,4
move,"['move', 24, 0, 8]",True,1472,0.9027617139025181,0.0,1.6002416528127879,0.6974799389102697,1.2310311264009215,1.822296174737418,min_cost_max_flow,9,24,9,0,160,8
move,"['move', 24, 6, 8]",True,1472,1.2468707700733794,0.0,1.6002416528127879,0.35337088273940837,0.37256407127824787,0.6185726384177923,min_cost_max_flow,113,24,113,6,148,8
move,"['move', 24, 5, 8]",True,1472,0.7671061314162321,0.0,1.6002416528127879,0.8331355213965558,1.56993089748903,1.9817529264751117,min_cost_max_flow,104,24,104,5,151,8
move,"['move', 24, 4, 2]",True,1482,1.2461415381002472,0.0,2.2762245982479494,1.0300830601477022,2.06299495881467,1.5182766279595756,min_cost_max_flow,74,24,74,4,43,2
move,"['move', 24, 0, 2]",True,1482,1.3856878679874711,0.0,2.2762245982479494,0.8905367302604784,1.7142965877956158,1.4066408286224952,min_cost_max_flow,14,24,14,0,45,2
move,"['move', 24, 5, 2]",True,1482,1.5179976407944782,0.0,2.2762245982479494,0.7582269574534714,1.382429635632434,2.1349875923986112,min_cost_max_flow,105,24,105,5,47,2
move,"['move', 24, 8, 2]",True,1482,1.3858431021753952,0.0,2.2762245982479494,0.8903814960725541,1.7116260939947097,2.9282463826861065,min_cost_max_flow,148,24,148,8,48,2
move,"['move', 24, 8, 4]",True,1492,1.650303150545521,0.0,2.3483874058740755,0.6980842553285546,1.2318623668925284,2.2753298774743542,min_cost_max_flow,151,24,151,8,74,4
move,"['move', 24, 2, 1]",True,1492,1.4220821520851108,0.0,2.3483874058740755,0.9263052537889648,1.803834081021705,1.32918455870688,min_cost_max_flow,43,24,43,2,32,1
move,"['move', 24, 5, 6]",True,1492,1.4526874370238292,0.0,2.3483874058740755,0.8956999688502464,1.725539061220843,2.5170561947509764,min_cost_max_flow,106,24,106,5,113,6
move,"['move', 24, 8, 6]",True,1492,1.7619632102916172,0.0,2.3483874058740755,0.5864241955824584,0.9544878105825774,1.0916011739480609,min_cost_max_flow,160,24,160,8,120,6
move,"['move', 24, 0, 5]",True,1502,2.303855300457342,0.0,2.951723462631611,0.6478681621742689,1.1076027429080568,1.4215906099792446,min_cost_max_flow,15,24,15,0,106,5
move,"['move', 24, 4, 5]",True,1502,2.3887219786341913,0.0,2.951723462631611,0.5630014839974199,0.8965059076435864,0.7083504915443606,min_cost_max_flow,74,24,74,4,95,5
move,"['move', 24, 6, 7]",True,1502,2.5976327756505526,0.0,2.951723462631611,0.35409068698105867,0.37453463125712005,0.504539721920179,min_cost_max_flow,113,24,113,6,129,7
move,"['move', 24, 6, 5]",True,1502,2.580699761356312,0.0,2.951723462631611,0.3710237012752991,0.41684273487226164,0.5208278022264812,min_cost_max_flow,120,24,120,6,104,5
move,"['move', 24, 7, 4]",True,1512,1.7272609407277992,0.0,2.1192910024490432,0.39203006172124405,0.46851564064672857,1.0828246958234136,min_cost_max_flow,129,24,129,7,74,4
move,"['move', 24, 1, 4]",True,1512,1.564348663004922,0.0,2.1192910024490432,0.5549423394441214,0.8758440627116215,1.0510061906903538,min_cost_max_flow,32,24,32,1,87,4
move,"['move', 24, 2, 8]",True,1512,1.1057870506887189,0.0,2.1192910024490432,1.0252272623853245,2.048669157558834,2.975814527887356,min_cost_max_flow,45,24,45,2,160,8
move,"['move', 24, 3, 6]",True,1512,1.2183023368862158,0.0,2.1192910024490432,0.9009886655628275,1.7396674291485397,1.9126387639217561,min_cost_max_flow,55,24,55,3,118,6
move,"['move', 24, 4, 0]",True,1522,1.2967142439223402,0.0,1.8992668321629687,0.6025525882406284,0.9943198074888642,1.41759100004013,min_cost_max_flow,74,24,74,4,7,0
move,"['move', 24, 8, 0]",True,1522,0.6512732853785199,0.0,1.8992668321629687,1.2479935467844487,2.603850493345817,4.132064668438864,min_cost_max_flow,160,24,160,8,9,0
move,"['move', 24, 2, 0]",True,1522,1.0302507990692509,0.0,1.8992668321629687,0.8690160330937177,1.6616106650781148,0.6627606956887145,min_cost_max_flow,47,24,47,2,13,0
move,"['move', 24, 6, 7]",True,1522,1.2335286174553008,0.0,1.8992668321629687,0.6657382147076677,1.1519277571751445,1.6550019875853021,min_cost_max_flow,118,24,118,6,129,7
move,"['move', 25, 0, 1]",True,1532,1.0189845493993652,0.0,1.826846268443179,0.8078617190438139,1.5926277800226671,2.296182998664596,min_cost_max_flow,8,25,8,0,32,1
move,"['move', 25, 2, 1]",True,1532,1.3380213094731825,0.0,1.826846268443179,0.48882495896999634,0.7973923059926165,0.7252322290025941,min_cost_max_flow,44,25,44,2,22,1
move,"['move', 25, 3, 1]",True,1532,1.362223203222131,0.0,1.826846268443179,0.46462306522104785,0.7362827515244135,1.1284456262238576,min_cost_max_flow,55,25,55,3,24,1
move,"['move', 25, 3, 5]",True,1532,1.2197491677702117,0.0,1.826846268443179,0.6070971006729674,1.0915260390611365,1.7563130216077953,min_cost_max_flow,59,25,59,3,105,5
move,"['move', 24, 7, 8]",True,1542,1.6848324182192047,0.0,2.431056287849048,0.7462238696298434,1.3528409444388672,1.8556353487297406,min_cost_max_flow,129,24,129,7,160,8
move,"['move', 24, 4, 1]",True,1542,1.556666400649767,0.0,2.431056287849048,0.8743898871992809,1.6725302211671078,2.339480145632025,min_cost_max_flow,87,24,87,4,26,1
move,"['move', 24, 0, 6]",True,1542,1.8574081936915492,0.0,2.431056287849048,0.5736480941574988,0.9209483158610965,2.1577619466694244,min_cost_max_flow,7,24,7,0,118,6
move,"['move', 24, 3, 1]",True,1542,1.7628375513300094,0.0,2.431056287849048,0.6682187365190387,1.15694849358988,2.442047396713579,min_cost_max_flow,56,24,56,3,29,1
move,"['move', 24, 1, 3]",True,1552,1.7527282893315745,0.0,2.4334009604356255,0.680672671104051,1.189217583691061,1.6858783042801078,min_cost_max_flow,26,24,26,1,55,3
move,"['move', 24, 0, 7]",True,1552,1.4200756127922682,0.0,2.4334009604356255,1.0133253476433572,2.02061004578718,1.8453644723780052,min_cost_max_flow,9,24,9,0,129,7
move,"['move', 24, 5, 7]",True,1552,1.5851524779319957,0.0,2.4334009604356255,0.8482484825036299,1.6078297857802681,1.9040959107733537,min_cost_max_flow,95,24,95,5,139,7
move,"['move', 24, 6, 3]",True,1552,1.6517337435992006,0.0,2.4334009604356255,0.7816672168364248,1.4407320209593308,2.333829679389849,min_cost_max_flow,118,24,118,6,56,3
move,"['move', 24, 3, 9]",True,1562,2.1436677632294225,0.0,2.805305889164292,0.6616381259348697,1.1421250353705545,1.356668569315503,min_cost_max_flow,55,24,55,3,166,9
move,"['move', 24, 8, 9]",True,1562,2.2185543286850997,0.0,2.805305889164292,0.5867515604791922,0.9552658385891846,1.1185239974328554,min_cost_max_flow,160,24,160,8,172,9
move,"['move', 24, 5, 9]",True,1562,2.1965978657372456,0.0,2.805305889164292,0.6087080234270467,1.009869398038063,1.310255944604696,min_cost_max_flow,104,24,104,5,173,9
move,"['move', 24, 2, 9]",True,1562,2.419187380367644,0.0,2.805305889164292,0.3861185087966481,0.4542432117596036,0.7451890795801718,min_cost_max_flow,48,24,48,2,175,9
move,"['move', 24, 9, 8]",True,1572,1.4562148971798181,0.0,2.4290418394773807,0.9728269422975625,1.920413072253723,1.1460045850245328,min_cost_max_flow,166,24,166,9,160,8
move,"['move', 24, 7, 6]",True,1572,1.7814292834136776,0.0,2.4290418394773807,0.647612556063703,1.107136126849582,1.3066577980193248,min_cost_max_flow,129,24,129,7,118,6
move,"['move', 24, 1, 6]",True,1572,1.640158549867115,0.0,2.4290418394773807,0.7888832896102659,1.4581413826381322,2.7543765165906553,min_cost_max_flow,29,24,29,1,113,6
move,"['move', 24, 9, 6]",True,1572,1.907493320318167,0.0,2.4290418394773807,0.5215485191592137,0.7920397887555737,1.264155019876211,min_cost_max_flow,172,24,172,9,120,6
move,"['move', 24, 9, 2]",True,1582,1.3715778220871533,0.0,2.284711845148026,0.9131340230608725,1.7680381225254678,3.2411056760446533,min_cost_max_flow,173,24,173,9,43,2
move,"['move', 24, 7, 2]",True,1582,1.3390308024853939,0.0,2.284711845148026,0.9456810426626322,1.8497887404537323,2.9857263934676554,min_cost_max_flow,139,24,139,7,44,2
move,"['move', 24, 3, 2]",True,1582,1.5150945653255246,0.0,2.284711845148026,0.7696172798225015,1.4107332993753516,2.2497490455037648,min_cost_max_flow,56,24,56,3,47,2
move,"['move', 24, 0, 2]",True,1582,1.3166394334012543,0.0,2.284711845148026,0.9680724117467717,1.908253698828048,1.3280359508230601,min_cost_max_flow,13,24,13,0,48,2
move,"['move', 24, 9, 3]",True,1592,2.351522952571683,0.0,3.1765009009781577,0.8249779484064746,1.549006988561814,2.3350705611506304,min_cost_max_flow,175,24,175,9,55,3
move,"['move', 24, 6, 1]",True,1592,2.425522562247506,0.0,3.1765009009781577,0.750978338730652,1.3642031261679222,2.2049626973743557,min_cost_max_flow,113,24,113,6,29,1
move,"['move', 24, 2, 4]",True,1592,2.5627928108105897,0.0,3.1765009009781577,0.6137080901675681,1.022332877968438,1.3347138918903765,min_cost_max_flow,43,24,43,2,74,4
move,"['move', 24, 6, 4]",True,1592,2.637631992126072,0.0,3.1765009009781577,0.5388689088520857,0.835650005727075,1.0579931936617892,min_cost_max_flow,118,24,118,6,87,4
move,"['move', 24, 1, 0]",True,1602,1.3901249387773977,0.0,2.130932079846762,0.7408071410693643,1.3397315341026115,1.5673613054353068,min_cost_max_flow,29,24,29,1,7,0
move,"['move', 24, 8, 9]",True,1602,1.2719643484172374,0.0,2.130932079846762,0.8589677314295249,1.6351155125012156,1.5790263066333148,min_cost_max_flow,160,24,160,8,166,9
move,"['move', 24, 2, 9]",True,1602,1.4267545402917055,0.0,2.130932079846762,0.7041775395550566,1.2470777350008575,2.287224849424925,min_cost_max_flow,44,24,44,2,172,9
move,"['move', 24, 5, 9]",True,1602,1.3791586250736745,0.0,2.130932079846762,0.7517734547730875,1.366915531887571,1.7218856216675797,min_cost_max_flow,106,24,106,5,173,9
move,"['move', 24, 0, 5]",True,1612,1.053429266010895,0.0,2.05161655360509,0.998187287594195,1.9808852867881797,3.0984370564407766,min_cost_max_flow,7,24,7,0,106,5
move,"['move', 24, 3, 5]",True,1612,1.3700220512693826,0.0,2.05161655360509,0.6815945023357072,1.1915152151632356,1.6905093755904819,min_cost_max_flow,55,24,55,3,104,5
move,"['move', 24, 6, 5]",True,1612,1.1823356734975312,0.0,2.05161655360509,0.8692808801075586,1.6612811070317548,1.3238777496633312,min_cost_max_flow,120,24,120,6,91,5
move,"['move', 24, 4, 5]",True,1612,1.5605492221786077,0.0,2.05161655360509,0.49106733142648223,0.7160326536086359,1.1335988966155377,min_cost_max_flow,74,24,74,4,92,5
move,"['move', 24, 4, 3]",True,1622,2.050384144299413,0.0,2.6499895166328606,0.5996053723334475,0.987228686484741,1.2329784908205597,min_cost_max_flow,87,24,87,4,55,3
move,"['move', 24, 9, 8]",True,1622,1.8030901044632088,0.0,2.6499895166328606,0.8468994121696519,1.6049961199987592,1.5447558751493986,min_cost_max_flow,166,24,166,9,160,8
move,"['move', 24, 9, 3]",True,1622,1.7531157707205525,0.0,2.6499895166328606,0.8968737459123081,1.7274611523480417,3.191957213387882,min_cost_max_flow,172,24,172,9,56,3
move,"['move', 24, 9, 6]",True,1622,2.053398097181013,0.0,2.6499895166328606,0.5965914194518477,0.978742407000027,1.8672433446304124,min_cost_max_flow,173,24,173,9,118,6
move,"['move', 24, 5, 0]",True,1632,1.8826995351334617,0.0,2.6479989433420705,0.7652994082086088,1.3996803667323547,2.421918117680526,min_cost_max_flow,91,24,91,5,7,0
move,"['move', 24, 6, 0]",True,1632,1.7499394476601204,0.0,2.6479989433420705,0.8980594956819502,1.7309803758653288,2.822057817933237,min_cost_max_flow,118,24,118,6,8,0
move,"['move', 24, 3, 0]",True,1632,1.894710610997759,0.0,2.6479989433420705,0.7532883323443115,1.3708892860940978,1.5975121026898027,min_cost_max_flow,55,24,55,3,9,0
move,"['move', 24, 2, 4]",True,1632,1.5963594359794187,0.0,2.6479989433420705,1.0516395073626519,2.116237771606393,1.950480125060209,min_cost_max_flow,47,24,47,2,90,4
move,"['move', 24, 4, 1]",True,1642,1.2524766045708255,0.0,2.1368624879723392,0.8843858834015138,1.6972453386515554,2.5227288263885264,min_cost_max_flow,90,24,90,4,26,1
move,"['move', 24, 2, 7]",True,1642,1.2951770107481195,0.0,2.1368624879723392,0.8416854772242196,1.5904492271292838,2.5527928790791443,min_cost_max_flow,48,24,48,2,129,7
move,"['move', 24, 3, 7]",True,1642,1.1988296841194481,0.0,2.1368624879723392,0.9380328038528912,1.8323882353415684,1.8389984520088114,min_cost_max_flow,56,24,56,3,135,7
move,"['move', 24, 8, 1]",True,1642,1.2001529689555976,0.0,2.1368624879723392,0.9367095190167417,1.8281220515364112,2.477646261864327,min_cost_max_flow,160,24,160,8,28,1
move,"['move', 24, 7, 3]",True,1652,0.9141212401668496,0.0,1.6089885024106574,0.6948672622438078,1.2242771716410061,1.9704715705778493,min_cost_max_flow,129,24,129,7,55,3
move,"['move', 24, 1, 3]",True,1652,0.9416428057764793,0.0,1.6089885024106574,0.6673456966341781,1.1543616944836685,2.711513659419989,min_cost_max_flow,26,24,26,1,56,3
move,"['move', 24, 7, 8]",True,1652,0.6805299583273073,0.0,1.6089885024106574,0.92845854408335,1.8070105926817632,2.8003272759768807,min_cost_max_flow,135,24,135,7,160,8
move,"['move', 24, 1, 8]",True,1652,0.6545524311449368,0.0,1.6089885024106574,0.9544360712657206,1.87267974155111,2.316773333696708,min_cost_max_flow,28,24,28,1,148,8
move,"['move', 24, 5, 2]",True,1662,1.884871704647231,0.0,2.353699908196735,0.468828203549504,0.65981242664202,1.5485370793957276,min_cost_max_flow,92,24,92,5,38,2
move,"['move', 24, 3, 2]",True,1662,1.6766918560903277,0.0,2.353699908196735,0.6770080521064072,1.1790032139288087,2.387759816375299,min_cost_max_flow,55,24,55,3,43,2
move,"['move', 24, 3, 4]",True,1662,1.9275606879778904,0.0,2.353699908196735,0.4261392202188445,0.5547546125853842,0.43877423272051086,min_cost_max_flow,56,24,56,3,90,4
move,"['move', 24, 8, 2]",True,1662,1.5911901335629386,0.0,2.353699908196735,0.7625097746337962,1.3928381425284897,2.3340116289027257,min_cost_max_flow,148,24,148,8,44,2
move,"['move', 24, 4, 3]",True,1672,1.672804809214072,0.0,2.4332136901470185,0.7604088809329467,1.3900116657532635,0.7168399776377468,min_cost_max_flow,90,24,90,4,55,3
move,"['move', 24, 8, 3]",True,1672,1.6882589097716,0.0,2.4332136901470185,0.7449547803754183,1.3494947899744147,1.9712562343228845,min_cost_max_flow,160,24,160,8,56,3
move,"['move', 24, 5, 3]",True,1672,1.6374513215626751,0.0,2.4332136901470185,0.7957623685843435,1.475684405046195,2.524159868011302,min_cost_max_flow,104,24,104,5,59,3
move,"['move', 24, 0, 1]",True,1672,2.1254720472367783,0.0,2.4332136901470185,0.3077416429102403,0.2585150278209767,0.6025352279851481,min_cost_max_flow,7,24,7,0,26,1
move,"['move', 24, 3, 8]",True,1682,1.7094213110767846,0.0,2.43211519222932,0.7226938811525355,1.294759467633412,1.3599724235200683,min_cost_max_flow,55,24,55,3,160,8
move,"['move', 24, 1, 4]",True,1682,1.4102745911731116,0.0,2.43211519222932,1.0218406010562084,2.041848998553178,1.8781516497980435,min_cost_max_flow,26,24,26,1,90,4
move,"['move', 24, 5, 4]",True,1682,1.6153655429902347,0.0,2.43211519222932,0.8167496492390852,1.5292821443545108,1.7711347537037119,min_cost_max_flow,106,24,106,5,74,4
move,"['move', 24, 2, 6]",True,1682,1.5919366659157248,0.0,2.43211519222932,0.8401785263135951,1.5862735201553733,2.825012677311878,min_cost_max_flow,38,24,38,2,118,6
move,"['move', 29, 2, 0]",True,1692,1.1989691768335131,0.0,1.904722805992689,0.705753629159176,1.2374470682807441,1.0026741924923008,min_cost_max_flow,46,29,46,2,7,0
move,"['move', 29, 3, 1]",True,1692,1.3308672282777403,0.0,1.904722805992689,0.5738555777149489,0.9077597378527571,0.9641420707717183,min_cost_max_flow,58,29,58,3,26,1
move,"['move', 29, 4, 1]",True,1692,1.168787916049602,0.0,1.904722805992689,0.7359348899430872,1.3121936760799144,1.4737036328974358,min_cost_max_flow,82,29,82,4,28,1
move,"['move', 29, 5, 1]",True,1692,0.9539262084976331,0.0,1.904722805992689,1.014854959745056,2.0076603706838796,2.6960235668688703,min_cost_max_flow,95,29,95,5,29,1
move,"['move', 24, 3, 9]",True,1702,0.8897849208021403,0.0,1.8257564370137929,0.9359715162116525,1.8258823394207866,2.740782997131845,min_cost_max_flow,56,24,56,3,171,9
move,"['move', 24, 6, 9]",True,1702,1.2056221451634097,0.0,1.8257564370137929,0.7154756530170497,1.2765167442812526,1.4914077658165898,min_cost_max_flow,118,24,118,6,172,9
move,"['move', 24, 0, 9]",True,1702,1.204883657719821,0.0,1.8257564370137929,0.620872779293972,1.0410307366510096,0.8106233141825501,min_cost_max_flow,8,24,8,0,173,9
move,"['move', 24, 8, 5]",True,1702,1.4788439675221867,0.0,1.8257564370137929,0.34691246949160626,0.3565771902103734,0.5124712706639244,min_cost_max_flow,160,24,160,8,106,5
move,"['move', 24, 9, 7]",True,1712,1.7582628751850367,0.0,2.429471045138022,0.6712081699529854,1.1652117296944198,1.9156123835981589,min_cost_max_flow,171,24,171,9,129,7
move,"['move', 24, 4, 8]",True,1712,1.7002687030312291,0.0,2.429471045138022,0.7292023421067929,1.3103494595634402,1.8140793939304514,min_cost_max_flow,74,24,74,4,160,8
move,"['move', 24, 4, 7]",True,1712,1.3619716181115618,0.0,2.429471045138022,1.0674994270264604,2.155873543371854,1.9598317211004124,min_cost_max_flow,90,24,90,4,135,7
move,"['move', 24, 9, 8]",True,1712,2.0350995840926465,0.0,2.429471045138022,0.3943714610453756,0.4747087707364699,0.856403509548491,min_cost_max_flow,172,24,172,9,151,8
move,"['move', 24, 7, 1]",True,1722,1.3992889602341094,0.0,2.2849508885367165,0.8856619283026071,1.700390193858766,2.552900190070246,min_cost_max_flow,129,24,129,7,30,1
move,"['move', 24, 7, 4]",True,1722,1.147402417522576,0.0,2.2849508885367165,1.1375484710141404,2.3309283456474077,2.0050368501980795,min_cost_max_flow,135,24,135,7,90,4
move,"['move', 24, 9, 1]",True,1722,1.66572816260287,0.0,2.2849508885367165,0.6192227259338464,1.0360203941563668,1.400762710401689,min_cost_max_flow,173,24,173,9,32,1
move,"['move', 24, 8, 6]",True,1722,1.6218284379616148,0.0,2.2849508885367165,0.6631224505751016,1.144325149794895,2.3638000201415905,min_cost_max_flow,151,24,151,8,123,6
move,"['move', 29, 0, 5]",True,1732,1.4823142942824306,0.0,2.2005654140738384,0.7182511197914078,1.2665868192125345,2.4053246250182685,min_cost_max_flow,7,29,7,0,104,5
move,"['move', 29, 1, 5]",True,1732,1.2822810203027242,0.0,2.2005654140738384,0.9182843937711144,1.7656951232856954,3.0552452090888025,min_cost_max_flow,26,29,26,1,106,5
move,"['move', 29, 1, 4]",True,1732,1.277688512454366,0.0,2.2005654140738384,0.9228769016194723,1.7785387937728956,2.146977964885175,min_cost_max_flow,28,29,28,1,74,4
move,"['move', 29, 3, 5]",True,1732,1.585640729353646,0.0,2.2005654140738384,0.6149246847201922,1.0096343399309262,1.4962523607313605,min_cost_max_flow,61,29,61,3,108,5
move,"['move', 29, 1, 3]",True,1742,0.7354455150782448,0.0,1.3783069318771035,0.6428614167988587,1.078463033587468,2.1716767208141032,min_cost_max_flow,29,29,29,1,55,3
move,"['move', 29, 4, 3]",True,1742,1.0442419267437169,0.0,1.3783069318771035,0.33406500513338655,0.3088332644547336,0.5975033668502394,min_cost_max_flow,74,29,74,4,56,3
move,"['move', 29, 5, 3]",True,1742,0.5447063534362303,0.0,1.3783069318771035,0.8336005784408732,1.5550606399810931,2.338541861754964,min_cost_max_flow,104,29,104,5,58,3
move,"['move', 29, 5, 2]",True,1742,0.7012882233894834,0.0,1.3783069318771035,0.6770187084876201,1.1649230320290371,1.4604972410372943,min_cost_max_flow,106,29,106,5,38,2
move,"['move', 4, 0, 3]",True,1752,1.3696549012979653,0.0,1.751806698732901,0.5408826719349358,1.1028643071986153,0.9068311741034818,min_cost_max_flow,13,4,13,0,55,3
move,"['move', 4, 0, 2]",True,1752,1.3134243623754402,0.0,1.751806698732901,0.5826470600241275,1.2075657568784663,0.7131782028554741,min_cost_max_flow,3,4,3,0,45,2
move,"['move', 4, 1, 3]",True,1752,1.4854607460642923,0.0,1.751806698732901,0.26634595266860883,0.4167832351704419,0.7330137490076007,min_cost_max_flow,23,4,23,1,56,3
move,"['move', 4, 4, 3]",True,1752,1.6045217240488359,0.0,1.751806698732901,0.14728497468406518,0.12002674442192074,0.13571094044900975,min_cost_max_flow,77,4,77,4,60,3
move,"['move', 24, 1, 0]",True,1762,1.9499426249642982,0.0,2.8018730995318304,0.8519304745675323,1.615205300058733,3.123739831634379,min_cost_max_flow,30,24,30,1,3,0
move,"['move', 24, 1, 9]",True,1762,1.932609238461521,0.0,2.8018730995318304,0.8692638610703093,1.660550342516217,1.7826890312731065,min_cost_max_flow,32,24,32,1,166,9
move,"['move', 24, 4, 0]",True,1762,1.818349960692796,0.0,2.8018730995318304,0.9975093643390346,1.9792467254810617,3.0609391692519963,min_cost_max_flow,90,24,90,4,7,0
move,"['move', 24, 5, 0]",True,1762,1.7759809272903893,0.0,2.8018730995318304,1.0258921722414411,2.0503300184172986,2.9767570491053097,min_cost_max_flow,106,24,106,5,8,0
move,"['move', 24, 9, 5]",True,1772,0.5916213848866444,0.0,1.3740462047710489,0.7824248198844045,1.4449715844712046,0.7701257514401354,min_cost_max_flow,166,24,166,9,95,5
move,"['move', 24, 6, 1]",True,1772,0.3979773887864787,0.0,1.3740462047710489,0.9760688159845702,1.9251584778176039,3.3855236874499717,min_cost_max_flow,123,24,123,6,23,1
move,"['move', 24, 2, 5]",True,1772,0.26628737740061514,0.0,1.3740462047710489,1.1077588273704337,2.2550436133533367,2.9454523067340275,min_cost_max_flow,43,24,43,2,106,5
move,"['move', 24, 3, 5]",True,1772,0.6588152925718883,0.0,1.3740462047710489,0.7152309121991606,1.2742819609447906,2.57336196030969,min_cost_max_flow,59,24,59,3,104,5
move,"['move', 24, 1, 6]",True,1782,2.1090153006918224,0.0,3.0307198901881605,0.9217045894963379,1.790853184673324,2.315341636582814,min_cost_max_flow,23,24,23,1,118,6
move,"['move', 24, 8, 4]",True,1782,2.3375853944813363,0.0,3.0307198901881605,0.6931344957068241,1.2194671650140663,2.2891984268982872,min_cost_max_flow,160,24,160,8,74,4
move,"['move', 24, 2, 3]",True,1782,2.23263282484052,0.0,3.0307198901881605,0.7980870653476405,1.483873877710721,0.9390060304891668,min_cost_max_flow,44,24,44,2,59,3
move,"['move', 24, 0, 3]",True,1782,2.334717006484592,0.0,3.0307198901881605,0.6960028837035683,1.2281886027340079,1.2555532748443168,min_cost_max_flow,3,24,3,0,61,3
move,"['move', 24, 4, 2]",True,1792,0.8159200158885416,0.0,1.827452731829612,1.0115327159410705,2.0167443256686965,1.434791714222096,min_cost_max_flow,74,24,74,4,43,2
move,"['move', 24, 6, 2]",True,1792,0.7539933741215656,0.0,1.827452731829612,1.0737406770413798,2.1708883147512097,2.3520674930624135,min_cost_max_flow,118,24,118,6,44,2
move,"['move', 24, 5, 2]",True,1792,1.0493870026049774,0.0,1.827452731829612,0.7780657292246348,1.4331647017752402,1.3762297824667507,min_cost_max_flow,95,24,95,5,46,2
move,"['move', 24, 0, 2]",True,1792,0.8728598388387542,0.0,1.827452731829612,0.9545928929908579,1.8733895025034144,2.104968907389405,min_cost_max_flow,7,24,7,0,47,2
move,"['move', 24, 3, 4]",True,1802,1.9725418038455045,0.0,2.4262341020764504,0.453692298230946,0.6231868189024681,0.7391000415003911,min_cost_max_flow,59,24,59,3,74,4
move,"['move', 24, 0, 6]",True,1802,1.616232450837567,0.0,2.4262341020764504,0.8100016512388833,1.511355194310454,2.475771449405033,min_cost_max_flow,8,24,8,0,118,6
move,"['move', 24, 5, 6]",True,1802,1.6457758725016527,0.0,2.4262341020764504,0.7804582295747978,1.4378847080297419,2.217059529737606,min_cost_max_flow,104,24,104,5,113,6
move,"['move', 24, 0, 4]",True,1802,1.7240839037437707,0.0,2.4262341020764504,0.7021501983326796,1.2430937426433957,1.5643177171043692,min_cost_max_flow,9,24,9,0,77,4
move,"['move', 24, 3, 0]",True,1812,1.6781666405635205,0.0,2.3531344386801827,0.6749677981166621,1.1752497543966456,1.489642854908598,min_cost_max_flow,61,24,61,3,3,0
move,"['move', 24, 2, 0]",True,1812,1.6682797505066207,0.0,2.3531344386801827,0.684854688173562,1.2010640214939485,0.7582815515398706,min_cost_max_flow,43,24,43,2,7,0
move,"['move', 24, 6, 0]",True,1812,1.5351519600227514,0.0,2.3531344386801827,0.8179824786574311,1.5323562712837884,1.7764324980952808,min_cost_max_flow,113,24,113,6,8,0
move,"['move', 24, 4, 8]",True,1812,1.5919243875034041,0.0,2.3531344386801827,0.7612100511767784,1.3898833197017666,2.137687751688572,min_cost_max_flow,74,24,74,4,160,8
move,"['move', 24, 6, 7]",True,1828,1.304793321686906,0.0,1.9729903506177213,0.6681970289308153,1.15805633459604,1.6673074122344707,min_cost_max_flow,118,24,118,6,129,7
move,"['move', 24, 0, 7]",True,1828,0.9314174816503618,0.0,1.9729903506177213,1.0415728689673596,2.0904622053640196,2.356460294488471,min_cost_max_flow,3,24,3,0,139,7
move,"['move', 24, 5, 7]",True,1828,1.5359118159647451,0.0,1.9729903506177213,0.43707853465297614,0.5816476403015258,0.7422798121787328,min_cost_max_flow,106,24,106,5,140,7
move,"['move', 24, 4, 3]",True,1828,1.598397865032309,0.0,1.9729903506177213,0.3745924855854123,0.42587023256419343,0.4504698577940023,min_cost_max_flow,77,24,77,4,59,3
move,"['move', 24, 7, 5]",True,1838,2.3668688029490843,0.0,2.879517740203108,0.5126489372540235,0.7706454762301291,0.6943935281888247,min_cost_max_flow,129,24,129,7,95,5
move,"['move', 24, 7, 6]",True,1838,2.418299213408133,0.0,2.879517740203108,0.4612185267949747,0.6420896998242824,0.6808937003386457,min_cost_max_flow,139,24,139,7,118,6
move,"['move', 24, 0, 5]",True,1838,1.9043290432871212,0.0,2.879517740203108,0.975188696915987,1.9239627313399978,2.715822891548796,min_cost_max_flow,7,24,7,0,106,5
move,"['move', 24, 8, 5]",True,1838,2.1980291513698424,0.0,2.879517740203108,0.6814885888332655,1.1913356656332326,1.6336865581898257,min_cost_max_flow,160,24,160,8,104,5
move,"['move', 24, 6, 4]",True,1848,1.602619973806601,0.0,2.352351935966005,0.749731962159404,1.361908299026254,1.6575531730729929,min_cost_max_flow,118,24,118,6,74,4
move,"['move', 24, 0, 1]",True,1848,1.7783158057140795,0.0,2.352351935966005,0.5740361302519251,0.9243320168316131,0.5486881237019516,min_cost_max_flow,8,24,8,0,23,1
move,"['move', 24, 7, 1]",True,1848,1.3365973059009257,0.0,2.352351935966005,1.015754630065079,2.0255611636493995,2.593423267101225,min_cost_max_flow,140,24,140,7,26,1
move,"['move', 24, 5, 1]",True,1848,1.4028620594103751,0.0,2.352351935966005,0.9494898765556298,1.8605984952228027,2.127279702416624,min_cost_max_flow,95,24,95,5,29,1
move,"['move', 24, 1, 0]",True,1858,0.7955239509076906,0.0,1.9734631883172211,1.1779392374095305,2.430621105744649,2.861140777687425,min_cost_max_flow,23,24,23,1,13,0
move,"['move', 24, 4, 0]",True,1858,1.510996014969234,0.0,1.9734631883172211,0.4624671733479871,0.6445901870538364,1.0949798023232473,min_cost_max_flow,74,24,74,4,3,0
move,"['move', 24, 5, 0]",True,1858,1.1153433542684228,0.0,1.9734631883172211,0.8581198340487982,1.630622516044241,3.161194976738428,min_cost_max_flow,104,24,104,5,7,0
move,"['move', 24, 1, 6]",True,1858,1.0907187962153948,0.0,1.9734631883172211,0.8827443921018264,1.692484202900232,2.9610004944584185,min_cost_max_flow,26,24,26,1,118,6
move,"['move', 24, 1, 7]",True,1868,2.2212279480426522,0.0,3.0955620691981847,0.8743341211555326,1.6710083428333746,3.2611222952066554,min_cost_max_flow,29,24,29,1,129,7
move,"['move', 24, 6, 4]",True,1868,2.3675194734786342,0.0,3.0955620691981847,0.7280425957195505,1.3068334632225742,2.225166309103689,min_cost_max_flow,118,24,118,6,74,4
move,"['move', 24, 2, 4]",True,1868,2.640931929740491,0.0,3.0955620691981847,0.45463013945769365,0.6253368840043549,0.8687920181551795,min_cost_max_flow,44,24,44,2,77,4
move,"['move', 24, 3, 8]",True,1868,2.0947254255954206,0.0,3.0955620691981847,1.000836643602764,1.9882175575767178,2.6258498783638338,min_cost_max_flow,59,24,59,3,160,8
move,"['move', 25, 1, 3]",True,1878,2.138395186076453,0.0,2.8776373881505277,0.7392422020740747,1.4223539978120243,1.4461761895277498,min_cost_max_flow,22,25,22,1,59,3
move,"['move', 25, 1, 2]",True,1878,2.4209485632574546,0.0,2.8776373881505277,0.4566888248930733,0.7170746320298349,0.7101247426518952,min_cost_max_flow,24,25,24,1,43,2
move,"['move', 25, 1, 0]",True,1878,2.0373689241258917,0.0,2.8776373881505277,0.8402684640246362,1.6734488189358672,2.426732024568626,min_cost_max_flow,32,25,32,1,8,0
move,"['move', 25, 5, 2]",True,1878,2.1355009844400517,0.0,2.8776373881505277,0.7421364037104762,1.428676126019127,2.055093445462041,min_cost_max_flow,105,25,105,5,44,2
move,"['move', 24, 7, 3]",True,1888,1.459889067021709,0.0,2.04309040651232,0.5832013394906111,0.9458471514408302,1.4806137820341863,min_cost_max_flow,129,24,129,7,61,3
move,"['move', 24, 4, 6]",True,1888,1.3830644656921627,0.0,2.04309040651232,0.6600259408201573,1.1369240079293377,2.1370450056060877,min_cost_max_flow,74,24,74,4,118,6
move,"['move', 24, 0, 3]",True,1888,1.0222013853939447,0.0,2.04309040651232,1.0208890211183754,2.038727782393835,2.37299585963818,min_cost_max_flow,3,24,3,0,62,3
move,"['move', 24, 2, 3]",True,1888,1.679476547699565,0.0,2.04309040651232,0.36361385881275504,0.3983483779193193,0.5006616666145742,min_cost_max_flow,46,24,46,2,63,3
move,"['move', 24, 4, 9]",True,1898,1.6915780134993934,0.0,2.653777786918627,0.9621997734192335,1.8917951501789503,2.512671170991206,min_cost_max_flow,77,24,77,4,166,9
move,"['move', 24, 2, 9]",True,1898,2.2180677374957023,0.0,2.653777786918627,0.4357100494229245,0.5787131954893994,0.4177676368436166,min_cost_max_flow,47,24,47,2,172,9
move,"['move', 24, 5, 9]",True,1898,2.028485476518908,0.0,2.653777786918627,0.6252923103997189,1.0499052380291687,2.2601742383212176,min_cost_max_flow,106,24,106,5,173,9
move,"['move', 24, 8, 9]",True,1898,2.260931762192838,0.0,2.653777786918627,0.39284602472578906,0.4712813241421827,0.598974039762389,min_cost_max_flow,160,24,160,8,175,9
move,"['move', 24, 6, 5]",True,1908,0.8442299009552785,0.0,1.451522836999173,0.6072929360438946,1.0066302941413596,1.1111795704868572,min_cost_max_flow,118,24,118,6,106,5
move,"['move', 24, 9, 8]",True,1908,0.5944244951585894,0.0,1.451522836999173,0.8570983418405836,1.6304470289323945,1.5756993709452671,min_cost_max_flow,166,24,166,9,160,8
move,"['move', 24, 3, 1]",True,1908,0.8473462361886813,0.0,1.451522836999173,0.6041766008104917,0.9981205600124667,1.5904436007440332,min_cost_max_flow,61,24,61,3,32,1
move,"['move', 24, 0, 5]",True,1908,0.49448936949645594,0.0,1.451522836999173,0.9570334675027171,1.878271623980254,2.9178454425946563,min_cost_max_flow,7,24,7,0,104,5
move,"['move', 24, 1, 2]",True,1918,1.920482704471667,0.0,2.506174107160586,0.5856914026889188,0.9531647184412577,0.7523411122618082,min_cost_max_flow,32,24,32,1,46,2
move,"['move', 24, 9, 2]",True,1918,1.689813434360085,0.0,2.506174107160586,0.8259447040505009,1.5526358495444583,1.5270893127648826,min_cost_max_flow,175,24,175,9,47,2
move,"['move', 24, 3, 2]",True,1918,1.8918839468452773,0.0,2.506174107160586,0.6142901603153085,1.023609155548911,1.453979084475814,min_cost_max_flow,62,24,62,3,48,2
move,"['move', 24, 9, 6]",True,1918,2.113368328484924,0.0,2.506174107160586,0.39280577867566185,0.4708916334420792,0.7916910896193015,min_cost_max_flow,172,24,172,9,118,6
move,"['move', 24, 9, 7]",True,1928,1.3308649973768998,0.0,2.0500097154040544,0.7191447180271547,1.2850038290962402,1.9484595726666618,min_cost_max_flow,173,24,173,9,129,7
move,"['move', 24, 8, 4]",True,1928,1.1473485141751847,0.0,2.0500097154040544,0.9026612012288698,1.7441231001430424,1.7297508776571957,min_cost_max_flow,160,24,160,8,90,4
move,"['move', 24, 2, 4]",True,1928,1.3786672775946998,0.0,2.0500097154040544,0.6713424378093547,1.165696250191104,1.816378479757499,min_cost_max_flow,46,24,46,2,74,4
move,"['move', 24, 2, 1]",True,1928,1.595928594573191,0.0,2.0500097154040544,0.45408112083086355,0.6243141487357207,0.6355844858611833,min_cost_max_flow,47,24,47,2,32,1
move,"['move', 24, 7, 9]",True,1938,2.0796466006701646,0.0,2.7224425639995964,0.6427959633294316,1.0946380855129973,1.6110307986233061,min_cost_max_flow,129,24,129,7,171,9
move,"['move', 24, 1, 5]",True,1938,2.0444331226176438,0.0,2.7224425639995964,0.6780094413819524,1.1823681919086084,1.8134232890840327,min_cost_max_flow,32,24,32,1,105,5
move,"['move', 24, 4, 5]",True,1938,2.1982723102079205,0.0,2.7224425639995964,0.5241702537916758,0.7991320572400582,0.9055337509899386,min_cost_max_flow,74,24,74,4,91,5
move,"['move', 24, 2, 9]",True,1938,1.9156763631299647,0.0,2.7224425639995964,0.8067662008696318,1.5044831021477876,1.6647489424301805,min_cost_max_flow,48,24,48,2,172,9
move,"['move', 24, 4, 2]",True,1948,1.78133169401859,0.0,2.8776683490473687,1.0963366550287788,2.2279293483406946,1.9846750790704963,min_cost_max_flow,90,24,90,4,46,2
move,"['move', 24, 9, 2]",True,1948,2.012163922852387,0.0,2.8776683490473687,0.8655044261949815,1.6496976635971805,2.7520835184178813,min_cost_max_flow,171,24,171,9,47,2
move,"['move', 24, 6, 8]",True,1948,2.077070932323223,0.0,2.8776683490473687,0.8005974167241455,1.4886499982130772,1.9388446564268431,min_cost_max_flow,118,24,118,6,160,8
move,"['move', 24, 9, 1]",True,1948,2.1127280824250696,0.0,2.8776683490473687,0.7649402666222992,1.3979429659084417,2.9816160231065547,min_cost_max_flow,172,24,172,9,32,1
move,"['move', 29, 2, 4]",True,1958,1.0209207420729165,0.0,1.5208888572744996,0.4999681152015832,0.7235562340501929,0.6207070835384944,min_cost_max_flow,38,29,38,2,90,4
move,"['move', 29, 3, 4]",True,1958,0.9900279283695195,0.0,1.5208888572744996,0.5308609289049802,0.8002045751491096,1.0098358565889203,min_cost_max_flow,55,29,55,3,74,4
move,"['move', 29, 5, 4]",True,1958,1.0250663648210259,0.0,1.5208888572744996,0.4958224924534737,0.7124283750854374,1.1299084798595813,min_cost_max_flow,108,29,108,5,77,4
move,"['move', 29, 6, 4]",True,1958,1.0552729316006453,0.0,1.5208888572744996,0.5047777046738544,0.7348985440512479,1.0751495366205075,min_cost_max_flow,114,29,114,6,82,4
move,"['move', 24, 8, 9]",True,1968,1.4253194727435798,0.0,2.056457663647831,0.6311381909042509,1.0656991220057535,1.4740524281516707,min_cost_max_flow,160,24,160,8,171,9
move,"['move', 24, 3, 6]",True,1968,1.4876798177924595,0.0,2.056457663647831,0.5687778458553714,0.9102277376732673,1.1877335683430839,min_cost_max_flow,63,24,63,3,118,6
move,"['move', 24, 5, 7]",True,1968,1.5676765037088507,0.0,2.056457663647831,0.48878115993898025,0.7103078883228591,1.1398232746301007,min_cost_max_flow,91,24,91,5,129,7
move,"['move', 24, 5, 6]",True,1968,1.3977189732952986,0.0,2.056457663647831,0.6587386903525323,1.1345288261763926,1.5884153948610595,min_cost_max_flow,104,24,104,5,113,6
move,"['move', 24, 9, 3]",True,1978,2.494704424628485,0.0,3.3271581285048164,0.8324537038763317,1.5673306994976883,2.5788557203295364,min_cost_max_flow,171,24,171,9,55,3
move,"['move', 24, 6, 3]",True,1978,2.752635645388544,0.0,3.3271581285048164,0.6090630601162724,1.0109151412216306,1.2048216376024707,min_cost_max_flow,113,24,113,6,61,3
move,"['move', 24, 7, 3]",True,1978,2.6033407609672423,0.0,3.3271581285048164,0.723817367537574,1.296291736398416,2.2109372219149845,min_cost_max_flow,129,24,129,7,62,3
move,"['move', 24, 1, 3]",True,1978,2.883106498560195,0.0,3.3271581285048164,0.44405162994462116,0.5980325117088796,1.4408576933512247,min_cost_max_flow,32,24,32,1,63,3
move,"['move', 24, 6, 8]",True,1988,1.7445843909631595,0.0,2.4250695564058886,0.6804851654427291,1.1879281379806343,2.232999342361134,min_cost_max_flow,118,24,118,6,160,8
move,"['move', 24, 0, 1]",True,1988,1.7938645997897749,0.0,2.4250695564058886,0.7806518546161135,1.440315196854499,0.9194420487591286,min_cost_max_flow,13,24,13,0,32,1
move,"['move', 24, 3, 8]",True,1988,1.63215010317111,0.0,2.4250695564058886,0.7929194532347786,1.4687975635533803,2.377195280613244,min_cost_max_flow,55,24,55,3,148,8
move,"['move', 24, 5, 8]",True,1988,1.8073649757085928,0.0,2.4250695564058886,0.617704580697296,1.031524421825452,1.8678355367607702,min_cost_max_flow,105,24,105,5,151,8
move,"['move', 24, 8, 0]",True,1998,1.7205827977788124,0.0,2.202022278859142,0.5147158184136628,0.7753089059406193,1.03024232059429,min_cost_max_flow,148,24,148,8,7,0
move,"['move', 24, 3, 0]",True,1998,1.5848700708963603,0.0,2.202022278859142,0.6171522079627817,1.0318559928855393,0.7261669391788478,min_cost_max_flow,61,24,61,3,9,0
move,"['move', 24, 8, 7]",True,1998,1.5697516188341718,0.0,2.202022278859142,0.6322706600249701,1.0689472463491256,1.1960847337687923,min_cost_max_flow,151,24,151,8,129,7
move,"['move', 24, 2, 0]",True,1998,1.3517347300177103,0.0,2.202022278859142,0.8502875488414315,1.6133236797977588,1.6399437954488434,min_cost_max_flow,46,24,46,2,14,0
move,"['move', 24, 7, 9]",True,2008,1.931375551482453,0.0,2.728264106627799,0.7968885551453458,1.4797235807527613,1.708353665304323,min_cost_max_flow,129,24,129,7,171,9
move,"['move', 24, 3, 4]",True,2008,2.099838784295756,0.0,2.728264106627799,0.628425322332043,1.058480116451392,1.7652751773792938,min_cost_max_flow,62,24,62,3,87,4
move,"['move', 24, 5, 4]",True,2008,2.482794677246558,0.0,2.728264106627799,0.24546942938124072,0.10345123695151415,0.19137325929424465,min_cost_max_flow,106,24,106,5,88,4
move,"['move', 24, 8, 6]",True,2008,1.8765722332887096,0.0,2.728264106627799,0.8516918733390894,1.6150574734565453,2.8246221856874847,min_cost_max_flow,160,24,160,8,114,6
move,"['move', 24, 1, 5]",True,2018,2.1974177958076404,0.0,2.726319390752318,0.5289015949446777,0.8108020330801082,1.0111184459596185,min_cost_max_flow,32,24,32,1,106,5
move,"['move', 24, 4, 5]",True,2018,2.3543129614820106,0.0,2.726319390752318,0.37200642927030775,0.4193484264797007,0.48824672228155364,min_cost_max_flow,87,24,87,4,104,5
move,"['move', 24, 9, 7]",True,2018,2.0536245470013466,0.0,2.726319390752318,0.6726948437509714,1.168915955018747,1.923918497356715,min_cost_max_flow,171,24,171,9,129,7
move,"['move', 24, 4, 8]",True,2018,2.3838971556509816,0.0,2.726319390752318,0.3424222351013368,0.3453879655644414,0.4882303841694883,min_cost_max_flow,88,24,88,4,160,8
move,"['move', 24, 7, 9]",True,2028,1.677972228177715,0.0,2.3567690437322613,0.6787968155545464,1.184125743991899,1.9540121878803698,min_cost_max_flow,129,24,129,7,171,9
move,"['move', 24, 6, 9]",True,2028,1.6010320530295976,0.0,2.3567690437322613,0.7557369907026638,1.3761125845194329,2.196410416386718,min_cost_max_flow,114,24,114,6,173,9
move,"['move', 24, 5, 4]",True,2028,2.0011076398771452,0.0,2.3567690437322613,0.35566140385511597,0.3785668801574502,0.43423524512887635,min_cost_max_flow,104,24,104,5,87,4
move,"['move', 24, 8, 9]",True,2028,1.8251035719706805,0.0,2.3567690437322613,0.5316654717615809,0.8176868351001758,1.0277117940864398,min_cost_max_flow,160,24,160,8,175,9
move,"['move', 24, 4, 1]",True,2038,1.2263924661788528,0.0,1.6782777353536524,0.4518852691747996,0.6184163158832234,0.9077202940861403,min_cost_max_flow,87,24,87,4,32,1
move,"['move', 24, 9, 6]",True,2038,0.9199532523562862,0.0,1.6782777353536524,0.7583244829973662,1.3831240221043117,1.8346058509716143,min_cost_max_flow,171,24,171,9,113,6
move,"['move', 24, 9, 1]",True,2038,0.8633377233230396,0.0,1.6782777353536524,0.8149400120306128,1.5235867653464084,2.551992078317982,min_cost_max_flow,173,24,173,9,22,1
move,"['move', 24, 0, 8]",True,2038,0.7251307840517541,0.0,1.6782777353536524,0.9531469513018983,1.8699567070652847,1.98359638454294,min_cost_max_flow,7,24,7,0,160,8
move,"['move', 29, 4, 5]",True,2048,1.596536899922655,0.0,2.202116854519562,0.6055799545969068,0.9868871173603111,1.0865172023324474,min_cost_max_flow,74,29,74,4,95,5
move,"['move', 29, 4, 0]",True,2048,1.4298240287382187,0.0,2.202116854519562,0.7722928257813433,1.4012800785749278,2.6793283666487713,min_cost_max_flow,77,29,77,4,7,0
move,"['move', 29, 6, 5]",True,2048,1.6950728727620568,0.0,2.202116854519562,0.5070439817575052,0.7409055320167681,0.8476193656916281,min_cost_max_flow,119,29,119,6,104,5
move,"['move', 29, 7, 5]",True,2048,1.4520312289214674,0.0,2.202116854519562,0.7500856255980947,1.346229263490386,2.3678714509287633,min_cost_max_flow,131,29,131,7,105,5
move,"['move', 24, 9, 4]",True,2058,1.3204751471457041,0.0,2.205001384992459,0.884526237846755,1.6969713716716797,2.9392975550409357,min_cost_max_flow,175,24,175,9,74,4
move,"['move', 24, 6, 4]",True,2058,1.7840677351653271,0.0,2.205001384992459,0.42093364982713183,0.5415581612869573,0.560457778817234,min_cost_max_flow,113,24,113,6,77,4
move,"['move', 24, 1, 4]",True,2058,1.5392752834047556,0.0,2.205001384992459,0.6657261015877033,1.151386854609882,1.9954151644863547,min_cost_max_flow,22,24,22,1,87,4
move,"['move', 24, 3, 4]",True,2058,1.6046750929413238,0.0,2.205001384992459,0.6003262920511353,0.9882549135181762,1.750359998010316,min_cost_max_flow,63,24,63,3,88,4
move,"['move', 24, 1, 3]",True,2068,1.6009812125382936,0.0,2.277489007677217,0.6765077951389237,1.178807753003639,1.6843054873492318,min_cost_max_flow,32,24,32,1,61,3
move,"['move', 24, 5, 3]",True,2068,1.6064507823481007,0.0,2.277489007677217,0.6710382253291166,1.1639998487225967,2.440291991698919,min_cost_max_flow,106,24,106,5,62,3
move,"['move', 24, 8, 3]",True,2068,1.402001365167202,0.0,2.277489007677217,0.875487642510015,1.673699878527259,3.3893007567544897,min_cost_max_flow,160,24,160,8,63,3
move,"['move', 24, 4, 3]",True,2068,1.7058204165996669,0.0,2.277489007677217,0.5716685910775504,0.9170475032660761,1.459131876768864,min_cost_max_flow,74,24,74,4,64,3
move,"['move', 24, 4, 8]",True,2078,1.2865987350129062,0.0,2.3617106673659887,1.0751119323530824,2.1728258420516795,3.345808145586937,min_cost_max_flow,77,24,77,4,160,8
move,"['move', 24, 2, 8]",True,2078,1.3383148338930348,0.0,2.3617106673659887,1.0233958334729538,2.0439152044127695,3.0927351046460156,min_cost_max_flow,47,24,47,2,148,8
move,"['move', 24, 0, 6]",True,2078,1.4977453621288523,0.0,2.3617106673659887,0.8639653052371364,1.6463093168094929,2.4457797804675097,min_cost_max_flow,9,24,9,0,118,6
move,"['move', 24, 4, 6]",True,2078,1.4933705659867806,0.0,2.3617106673659887,0.8683401013792079,1.6578216517737019,2.062216707780869,min_cost_max_flow,87,24,87,4,113,6
move,"['move', 24, 4, 2]",True,2088,1.1476054115408925,0.0,1.902619586009048,0.7550141744681554,1.3744157609289687,2.1229324191821353,min_cost_max_flow,88,24,88,4,46,2
move,"['move', 24, 8, 5]",True,2088,0.9815502870691203,0.0,1.902619586009048,0.9210692989399277,1.788325525012624,2.941630483032539,min_cost_max_flow,148,24,148,8,106,5
move,"['move', 24, 3, 2]",True,2088,1.3276734312608318,0.0,1.902619586009048,0.5749461547482162,0.9259957513895642,0.9562392455531207,min_cost_max_flow,61,24,61,3,47,2
move,"['move', 24, 8, 2]",True,2088,1.1090451107139683,0.0,1.902619586009048,0.7935744752950799,1.4712290499846858,1.8479077602447167,min_cost_max_flow,160,24,160,8,48,2
move,"['move', 24, 6, 7]",True,2098,2.7998425080092817,0.0,3.477556660017779,0.6803852328418303,1.1885155981508433,1.674804894057241,min_cost_max_flow,118,24,118,6,129,7
move,"['move', 24, 3, 7]",True,2098,2.790815383313866,0.0,3.477556660017779,0.686741276703913,1.2046060222710366,1.5412619173996491,min_cost_max_flow,62,24,62,3,131,7
move,"['move', 24, 2, 1]",True,2098,2.853933508631065,0.0,3.477556660017779,0.6236231513867139,1.0476425490778638,0.986701850849558,min_cost_max_flow,46,24,46,2,32,1
move,"['move', 24, 5, 1]",True,2098,2.6314087232472976,0.0,3.477556660017779,0.8461479367704813,1.60180963232051,2.4166219953644057,min_cost_max_flow,106,24,106,5,22,1
move,"['move', 29, 0, 6]",True,2108,0.6305500822605555,0.0,1.5986356563656456,0.9680855741050901,1.8899990915379021,3.187900264243722,min_cost_max_flow,7,29,7,0,118,6
move,"['move', 29, 4, 6]",True,2108,0.776100500413264,0.0,1.5986356563656456,0.9075437795773816,1.7412899283735896,1.4243514942713609,min_cost_max_flow,90,29,90,4,114,6
move,"['move', 29, 4, 2]",True,2108,1.00345809549679,0.0,1.5986356563656456,0.5951775608688556,0.9603716997407901,1.4261394019277502,min_cost_max_flow,82,29,82,4,46,2
move,"['move', 29, 5, 6]",True,2108,0.8079605965193779,0.0,1.5986356563656456,0.7906750598462677,1.4485834738261474,1.780788307376429,min_cost_max_flow,95,29,95,5,120,6
move,"['move', 24, 7, 5]",True,2118,2.0343213015814348,0.0,2.571351473172429,0.5370301715909945,0.8317512434223318,0.5926059616721794,min_cost_max_flow,129,24,129,7,95,5
move,"['move', 24, 1, 5]",True,2118,1.6139524167933894,0.0,2.571351473172429,0.9573990563790397,1.880993766033498,1.7123988676362532,min_cost_max_flow,22,24,22,1,106,5
move,"['move', 24, 7, 4]",True,2118,2.096169593644149,0.0,2.571351473172429,0.47518187952828017,0.6758819059250527,1.425010855334182,min_cost_max_flow,131,24,131,7,74,4
move,"['move', 24, 6, 4]",True,2118,2.1681443527109545,0.0,2.571351473172429,0.40320712046147483,0.4971504490713414,0.6213836464662092,min_cost_max_flow,113,24,113,6,77,4
move,"['move', 24, 3, 7]",True,2128,1.4095891653667305,0.0,2.0515449977674436,0.6419558324007132,1.0923128534050193,1.7609673227448548,min_cost_max_flow,63,24,63,3,129,7
move,"['move', 24, 4, 7]",True,2128,1.5946601284145725,0.0,2.0515449977674436,0.4568848693528711,0.6303828498603252,1.2626979394708049,min_cost_max_flow,74,24,74,4,131,7
move,"['move', 24, 3, 6]",True,2128,1.3853906735948596,0.0,2.0515449977674436,0.666154324172584,1.153427811259462,1.3484817062343541,min_cost_max_flow,64,24,64,3,113,6
move,"['move', 24, 5, 8]",True,2128,1.1151110081801194,0.0,2.0515449977674436,0.9364339895873243,1.8281189479930617,2.0204995750683064,min_cost_max_flow,95,24,95,5,160,8
move,"['move', 24, 7, 0]",True,2138,1.6437242177609774,0.0,2.724856236138862,1.0811320183778848,2.188929272298992,2.643664688715528,min_cost_max_flow,129,24,129,7,13,0
move,"['move', 24, 6, 3]",True,2138,2.1379379131015948,0.0,2.724856236138862,0.5869183230372675,0.9549159447560669,1.6297241496368993,min_cost_max_flow,113,24,113,6,55,3
move,"['move', 24, 7, 9]",True,2138,2.179642542549595,0.0,2.724856236138862,0.5452136935892674,0.8518616039691551,0.8249022609112941,min_cost_max_flow,131,24,131,7,166,9
move,"['move', 24, 4, 9]",True,2138,1.9365460750107117,0.0,2.724856236138862,0.7883101611281506,1.4570849838673894,2.503428226893604,min_cost_max_flow,77,24,77,4,172,9
move,"['move', 24, 9, 7]",True,2148,1.2207678147610503,0.0,1.6756946591363109,0.4549268443752605,0.6267788969780668,0.40195823162537586,min_cost_max_flow,166,24,166,9,129,7
move,"['move', 24, 5, 4]",True,2148,0.9111131644092266,0.0,1.6756946591363109,0.7645814947270843,1.3986994454862725,1.8793431458609342,min_cost_max_flow,106,24,106,5,74,4
move,"['move', 24, 0, 4]",True,2148,0.6901576906553554,0.0,1.6756946591363109,0.9855369684809555,1.950260451896611,2.4311284620875124,min_cost_max_flow,13,24,13,0,77,4
move,"['move', 24, 2, 4]",True,2148,1.1372486959743078,0.0,1.6756946591363109,0.5384459631620031,0.8348436477281211,0.890655709493362,min_cost_max_flow,47,24,47,2,82,4
move,"['move', 24, 9, 0]",True,2158,1.6815581918748177,0.0,2.42179754573827,0.7402393538634523,1.3398406556116242,0.5483016229065969,min_cost_max_flow,172,24,172,9,13,0
move,"['move', 24, 7, 5]",True,2158,1.9255851264356776,0.0,2.42179754573827,0.49621241930259236,0.7297831469877565,0.5417497707187173,min_cost_max_flow,129,24,129,7,95,5
move,"['move', 24, 4, 5]",True,2158,1.630975301773785,0.0,2.42179754573827,0.7908222439644849,1.4644521241716575,1.7788060846052063,min_cost_max_flow,74,24,74,4,106,5
move,"['move', 24, 8, 0]",True,2158,1.5953326981092277,0.0,2.42179754573827,0.826464847629042,1.5532487735363247,1.985379282422424,min_cost_max_flow,160,24,160,8,3,0
move,"['move', 24, 5, 7]",True,2168,2.8929882025398017,0.0,3.4769267119641203,0.5839385094243185,0.948263627680717,1.0982461782883441,min_cost_max_flow,95,24,95,5,129,7
move,"['move', 24, 4, 7]",True,2168,2.878350482701799,0.0,3.4769267119641203,0.5985762292623212,0.9839933743314759,1.6746148077871368,min_cost_max_flow,77,24,77,4,131,7
move,"['move', 24, 1, 6]",True,2168,2.676763311412721,0.0,3.4769267119641203,0.800163400551399,1.4868255533074262,2.431780972283357,min_cost_max_flow,32,24,32,1,113,6
move,"['move', 24, 0, 7]",True,2168,2.6365775936378735,0.0,3.4769267119641203,0.8403491183262469,1.5875202230854484,2.2781974116813717,min_cost_max_flow,3,24,3,0,135,7
move,"['move', 17, 2, 1]",True,2178,1.836811310845067,0.0,2.655458761635281,0.8430768687902138,1.6046892071026377,2.016877526798085,min_cost_max_flow,42,17,42,2,32,1
move,"['move', 17, 2, 5]",True,2178,1.9976146656658993,0.0,2.655458761635281,0.6578440959693815,1.1428070999936608,1.2169942313955882,min_cost_max_flow,37,17,37,2,95,5
move,"['move', 17, 2, 4]",True,2178,2.2915394876617894,0.0,2.655458761635281,0.36391927397349133,0.4087418511953729,0.719123437103903,min_cost_max_flow,40,17,40,2,74,4
move,"['move', 17, 6, 1]",True,2178,1.8727165479341485,0.0,2.655458761635281,0.7827422137011324,1.4530892775401298,2.525738753334274,min_cost_max_flow,120,17,120,6,22,1
move,"['move', 24, 7, 9]",True,2188,2.0908312913546045,0.0,2.725278905916299,0.6344476145616945,1.0748593354473996,0.8829495627934465,min_cost_max_flow,129,24,129,7,166,9
move,"['move', 24, 7, 8]",True,2188,1.868159752324221,0.0,2.725278905916299,0.8571191535920782,1.6309240382761345,1.292379394276075,min_cost_max_flow,131,24,131,7,160,8
move,"['move', 24, 6, 9]",True,2188,2.0873349876840255,0.0,2.725278905916299,0.6379439182322737,1.0818506811301631,2.0492252252496983,min_cost_max_flow,113,24,113,6,172,9
move,"['move', 24, 4, 9]",True,2188,2.1692543167997322,0.0,2.725278905916299,0.5560245891165668,0.8778351610817481,1.5273567313482241,min_cost_max_flow,82,24,82,4,173,9
move,"['move', 24, 7, 6]",True,2198,1.9515836679700285,0.0,2.578350610554563,0.6267669425845345,1.0551655330164067,1.2110312215218895,min_cost_max_flow,135,24,135,7,113,6
move,"['move', 24, 2, 1]",True,2198,1.5831001291057096,0.0,2.578350610554563,0.9952504814488533,1.9746646000203327,2.350884659436132,min_cost_max_flow,48,24,48,2,23,1
move,"['move', 24, 8, 1]",True,2198,1.507027446371712,0.0,2.578350610554563,1.071323164182851,2.164359366750432,2.675511396032567,min_cost_max_flow,160,24,160,8,24,1
move,"['move', 24, 5, 1]",True,2198,1.7834009173321221,0.0,2.578350610554563,0.7949496932224406,1.473379708801076,2.7061650949192355,min_cost_max_flow,106,24,106,5,29,1
move,"['move', 24, 1, 5]",True,2208,1.1029423398888842,0.0,2.051936079066188,0.9489937391773037,1.8584725515502214,2.717679853594266,min_cost_max_flow,23,24,23,1,106,5
move,"['move', 24, 9, 5]",True,2208,1.1171455435430482,0.0,2.051936079066188,0.9347905355231395,1.8242736175998289,1.8449630635823506,min_cost_max_flow,166,24,166,9,91,5
move,"['move', 24, 6, 5]",True,2208,1.386298543411884,0.0,2.051936079066188,0.6656375356543038,1.152601734145719,1.0378855849293487,min_cost_max_flow,113,24,113,6,92,5
move,"['move', 24, 3, 5]",True,2208,1.511143818439512,0.0,2.051936079066188,0.5407922606266757,0.8400962860978325,1.2993925708068716,min_cost_max_flow,55,24,55,3,93,5
move,"['move', 24, 9, 4]",True,2218,1.1908591100432337,0.0,1.8283744802158237,0.6375153701725901,1.0813895381579641,1.6424071072431161,min_cost_max_flow,172,24,172,9,77,4
move,"['move', 24, 1, 6]",True,2218,0.9068021164378192,0.0,1.8283744802158237,0.9215723637780046,1.7896468852304679,2.8991650679311736,min_cost_max_flow,24,24,24,1,113,6
move,"['move', 24, 1, 4]",True,2218,1.1768362787066855,0.0,1.8283744802158237,0.6515382015091381,1.1178280834574252,0.7214291351822004,min_cost_max_flow,29,24,29,1,82,4
move,"['move', 24, 9, 6]",True,2218,1.4999620231400645,0.0,1.8283744802158237,0.32841245707575917,0.3103522760575288,0.49572667948185734,min_cost_max_flow,173,24,173,9,118,6
move,"['move', 24, 4, 2]",True,2228,1.3664584403442932,0.0,1.8242329565570883,0.457774516212795,0.6330867656579358,0.9428321742702941,min_cost_max_flow,77,24,77,4,37,2
move,"['move', 24, 5, 2]",True,2228,1.4473962251900063,0.0,1.8242329565570883,0.3768367313670819,0.4313503866578685,0.5374434314598916,min_cost_max_flow,91,24,91,5,38,2
move,"['move', 24, 6, 2]",True,2228,1.108870691706731,0.0,1.8242329565570883,0.7153622648503571,1.2759812730873819,1.659408283909737,min_cost_max_flow,113,24,113,6,40,2
move,"['move', 24, 6, 8]",True,2228,0.9849554967530542,0.0,1.8242329565570883,0.8392774598040341,1.5851290247119323,2.086232123670852,min_cost_max_flow,118,24,118,6,160,8
move,"['move', 24, 2, 3]",True,2238,2.5749670764640595,0.0,2.80128630666813,0.2263192302040708,0.05571891416184371,0.09592315712464262,min_cost_max_flow,37,24,37,2,55,3
move,"['move', 24, 5, 3]",True,2238,2.29512422972447,0.0,2.80128630666813,0.5061620769436601,0.7536070993992325,1.241877564847577,min_cost_max_flow,92,24,92,5,61,3
move,"['move', 24, 8, 6]",True,2238,1.9793596141843834,0.0,2.80128630666813,0.8219266924837468,1.542062669795996,1.8791898671497782,min_cost_max_flow,160,24,160,8,113,6
move,"['move', 24, 4, 3]",True,2238,2.4529431592281155,0.0,2.80128630666813,0.3483431474400146,0.36005426905830973,0.5788819527202796,min_cost_max_flow,82,24,82,4,62,3
move,"['move', 24, 6, 4]",True,2248,1.8874325416026752,0.0,2.6501859247333583,0.7627533831306833,1.3951854680781253,1.175142090624343,min_cost_max_flow,113,24,113,6,90,4
move,"['move', 24, 0, 1]",True,2248,1.5681142203577443,0.0,2.6501859247333583,1.1412634678756142,2.3397299953212496,2.328931836759559,min_cost_max_flow,13,24,13,0,23,1
move,"['move', 24, 3, 4]",True,2248,2.1015883171380985,0.0,2.6501859247333583,0.54859760759526,0.8599137874771259,1.0966365989182634,min_cost_max_flow,55,24,55,3,77,4
move,"['move', 24, 3, 1]",True,2248,2.024628010642261,0.0,2.6501859247333583,0.6255579140910971,1.0520128258176555,1.2977885316270177,min_cost_max_flow,61,24,61,3,24,1
move,"['move', 24, 5, 7]",True,2258,2.2690286291811024,0.0,2.5818420295016633,0.3128134003205611,0.27108330348710297,0.676613801102327,min_cost_max_flow,93,24,93,5,129,7
move,"['move', 24, 4, 7]",True,2258,2.0647997630554213,0.0,2.5818420295016633,0.5170422664462422,0.7804159442639502,1.5029634926725906,min_cost_max_flow,77,24,77,4,131,7
move,"['move', 24, 0, 7]",True,2258,1.7640126683264565,0.0,2.5818420295016633,0.8178293611752067,1.531210964112688,2.284774808454858,min_cost_max_flow,14,24,14,0,135,7
move,"['move', 24, 3, 8]",True,2258,1.6762029541074916,0.0,2.5818420295016633,0.9056390753941715,1.7496048357461405,3.0383840844277685,min_cost_max_flow,62,24,62,3,160,8
move,"['move', 25, 0, 5]",True,2268,1.133460981967628,0.0,1.985684734560047,0.8522237525924191,1.7033325827287626,2.4297037756099584,min_cost_max_flow,8,25,8,0,106,5
move,"['move', 25, 2, 5]",True,2268,1.1880641288967682,0.0,1.985684734560047,0.797620605663279,1.5682228688456235,1.4976014824689665,min_cost_max_flow,43,25,43,2,108,5
move,"['move', 25, 2, 0]",True,2268,1.470637204666565,0.0,1.985684734560047,0.5150475298934819,0.8620574504166143,1.3194208188132823,min_cost_max_flow,44,25,44,2,3,0
move,"['move', 25, 3, 0]",True,2268,1.463466208688664,0.0,1.985684734560047,0.522218525871383,0.8793618911549856,1.734786956400756,min_cost_max_flow,59,25,59,3,7,0
move,"['move', 24, 7, 0]",True,2278,2.2451569937335436,0.0,3.1084462553505565,0.8632892616170128,1.644940680849686,2.231464386799735,min_cost_max_flow,129,24,129,7,8,0
move,"['move', 24, 7, 3]",True,2278,2.3415583631434362,0.0,3.1084462553505565,0.7668878922071204,1.4034651038455195,2.5462333730898083,min_cost_max_flow,131,24,131,7,55,3
move,"['move', 24, 7, 6]",True,2278,2.605038933697699,0.0,3.1084462553505565,0.5034073216528576,0.7475834081196808,0.6664129332112154,min_cost_max_flow,135,24,135,7,118,6
move,"['move', 24, 1, 0]",True,2278,2.571628966723967,0.0,3.1084462553505565,0.5919611802515891,0.9690524236320925,0.6101669228222775,min_cost_max_flow,24,24,24,1,9,0
move,"['move', 24, 6, 7]",True,2288,1.7177778583034913,0.0,2.4286108432100657,0.7108329849065743,1.2645990270611946,1.698772395062849,min_cost_max_flow,118,24,118,6,129,7
move,"['move', 24, 4, 9]",True,2288,1.2218959871180726,0.0,2.4286108432100657,1.2067148560919931,2.502612296899315,2.8263778120139547,min_cost_max_flow,90,24,90,4,171,9
move,"['move', 24, 5, 7]",True,2288,1.5518883296951005,0.0,2.4286108432100657,0.8767225135149651,1.679071081780421,1.8666169295634965,min_cost_max_flow,106,24,106,5,131,7
move,"['move', 24, 8, 9]",True,2288,1.8151766691564775,0.0,2.4286108432100657,0.6134341740535881,1.0215860480893753,1.3760736212990445,min_cost_max_flow,160,24,160,8,172,9
move,"['move', 24, 7, 6]",True,2298,1.757386180348533,0.0,2.5073190646207824,0.7499328842722494,1.3620116185957158,1.923543648174004,min_cost_max_flow,129,24,129,7,119,6
move,"['move', 24, 7, 4]",True,2298,1.5985780922442174,0.0,2.5073190646207824,0.908740972376565,1.7582138646794192,2.468859766231259,min_cost_max_flow,131,24,131,7,90,4
move,"['move', 24, 1, 8]",True,2298,1.7799187973664385,0.0,2.5073190646207824,0.7274002672543437,1.3058669678539445,1.798949112845552,min_cost_max_flow,23,24,23,1,160,8
move,"['move', 24, 3, 4]",True,2298,1.740194831205605,0.0,2.5073190646207824,0.7671242334151772,1.405073345060373,1.8679745766157028,min_cost_max_flow,55,24,55,3,82,4
move,"['move', 24, 9, 3]",True,2308,1.686635680873409,0.0,2.5782663119085267,0.8916306310351175,1.7144135548805934,3.151830729702615,min_cost_max_flow,171,24,171,9,55,3
move,"['move', 24, 6, 3]",True,2308,1.8826011395911646,0.0,2.5782663119085267,0.6956651723173622,1.2267689699910989,1.6391227931067434,min_cost_max_flow,119,24,119,6,59,3
move,"['move', 24, 4, 5]",True,2308,2.0045679955138374,0.0,2.5782663119085267,0.5736983163946895,0.9224629844757146,1.2316865989083474,min_cost_max_flow,82,24,82,4,106,5
move,"['move', 24, 2, 3]",True,2308,1.893970387497114,0.0,2.5782663119085267,0.6842959244114126,1.1989814437329187,1.2153937886441564,min_cost_max_flow,38,24,38,2,61,3
move,"['move', 24, 4, 1]",True,2318,2.09084322174561,0.0,2.8045356754016293,0.7136924536560195,1.271962428410916,1.5556194109907477,min_cost_max_flow,90,24,90,4,23,1
move,"['move', 24, 8, 7]",True,2318,2.322999085591204,0.0,2.8045356754016293,0.48153658981042513,0.6922372818517033,1.1126107078086909,min_cost_max_flow,160,24,160,8,129,7
move,"['move', 24, 2, 1]",True,2318,2.193934293993855,0.0,2.8045356754016293,0.6106013814077743,1.014475681946351,1.3949966402922045,min_cost_max_flow,40,24,40,2,26,1
move,"['move', 24, 3, 7]",True,2318,2.052629970725271,0.0,2.8045356754016293,0.7519057046763585,1.3652957171689195,3.022178606220378,min_cost_max_flow,55,24,55,3,131,7
move,"['move', 24, 7, 6]",True,2328,2.396532551688417,0.0,3.1070521999508514,0.7105196482624344,1.263177671989979,2.1241147023068545,min_cost_max_flow,129,24,129,7,119,6
move,"['move', 24, 7, 8]",True,2328,2.2858731643933576,0.0,3.1070521999508514,0.8211790355574938,1.540897907121689,1.4096034395992807,min_cost_max_flow,131,24,131,7,160,8
move,"['move', 24, 9, 8]",True,2328,2.7209280825685487,0.0,3.1070521999508514,0.4023175648823028,0.4945010815281421,0.9050360433124045,min_cost_max_flow,172,24,172,9,151,8
move,"['move', 24, 5, 6]",True,2328,2.8405979450358245,0.0,3.1070521999508514,0.26645425491502706,0.15579569292458473,0.2697785002244009,min_cost_max_flow,106,24,106,5,123,6
move,"['move', 24, 1, 2]",True,2338,2.516886943114042,0.0,2.8804814368370844,0.36359449372304253,0.3977978461152816,0.8354077197855792,min_cost_max_flow,23,24,23,1,38,2
move,"['move', 24, 8, 4]",True,2338,1.8480246405203187,0.0,2.8804814368370844,1.0324567963167657,2.067244424517412,2.641526441237076,min_cost_max_flow,151,24,151,8,90,4
move,"['move', 24, 3, 2]",True,2338,2.4951179550070366,0.0,2.8804814368370844,0.3853634818300479,0.452404888044839,0.7123599450895906,min_cost_max_flow,59,24,59,3,40,2
move,"['move', 24, 8, 5]",True,2338,2.3573146925149437,0.0,2.8804814368370844,0.5231667443221407,0.7966208110628941,0.9071820865408128,min_cost_max_flow,160,24,160,8,106,5
move,"['move', 24, 6, 9]",True,2348,1.9648662248390272,0.0,2.432671980656648,0.4678057558176207,0.6576713615577319,1.2718342491156298,min_cost_max_flow,119,24,119,6,171,9
move,"['move', 24, 6, 7]",True,2348,1.8328712286479958,0.0,2.432671980656648,0.5998007520086521,0.9868056778614118,1.8406170317146076,min_cost_max_flow,123,24,123,6,129,7
move,"['move', 24, 4, 7]",True,2348,1.5498247769942481,0.0,2.432671980656648,0.8828472036623999,1.6934104515057697,2.5148540250555476,min_cost_max_flow,90,24,90,4,131,7
move,"['move', 24, 0, 9]",True,2348,1.9473513054355402,0.0,2.432671980656648,0.4853206752211076,0.7023347867143457,0.6877498171845613,min_cost_max_flow,8,24,8,0,173,9
move,"['move', 24, 7, 6]",True,2358,2.2903715878667823,0.0,2.656422828130849,0.3660512402640665,0.40428962388978107,0.6021334384925423,min_cost_max_flow,129,24,129,7,113,6
move,"['move', 24, 7, 8]",True,2358,1.8092393502202286,0.0,2.656422828130849,0.8471834779106203,1.6057078617777734,1.5437042574204531,min_cost_max_flow,131,24,131,7,160,8
move,"['move', 24, 5, 6]",True,2358,2.077667135917313,0.0,2.656422828130849,0.5787556922135361,0.935502695338073,0.9675057220805747,min_cost_max_flow,106,24,106,5,119,6
move,"['move', 24, 9, 8]",True,2358,2.052876784293452,0.0,2.656422828130849,0.6035460438373971,0.9968158046140161,1.4093522445532558,min_cost_max_flow,171,24,171,9,148,8
move,"['move', 24, 8, 7]",True,2368,1.5413259074816008,0.0,1.8267365798513469,0.285410672369746,0.2027798134367913,0.5410605832848803,min_cost_max_flow,148,24,148,8,129,7
move,"['move', 24, 1, 5]",True,2368,0.8312472853000391,0.0,1.8267365798513469,0.9954892945513077,1.9766359790555725,1.4346538067002979,min_cost_max_flow,26,24,26,1,95,5
move,"['move', 24, 8, 5]",True,2368,1.0696802056431367,0.0,1.8267365798513469,0.7570563742082103,1.3796890707599232,2.011058765303757,min_cost_max_flow,160,24,160,8,106,5
move,"['move', 24, 6, 4]",True,2368,1.2836764167901737,0.0,1.8267365798513469,0.5430601630611731,0.8459692618853296,1.163912769971009,min_cost_max_flow,113,24,113,6,77,4
move,"['move', 24, 9, 0]",True,2378,1.912689650420036,0.0,2.425035646485427,0.5123459960653909,0.7696712262622896,0.8389915256941914,min_cost_max_flow,173,24,173,9,8,0
move,"['move', 24, 7, 0]",True,2378,1.5841654337185198,0.0,2.425035646485427,0.8408702127669069,1.5883937656217313,2.564326455259526,min_cost_max_flow,129,24,129,7,14,0
move,"['move', 24, 6, 0]",True,2378,1.848136688969893,0.0,2.425035646485427,0.705968297015534,1.2528791966069548,1.4041795461555404,min_cost_max_flow,119,24,119,6,15,0
move,"['move', 24, 4, 0]",True,2378,1.6077374430809717,0.0,2.425035646485427,0.8172982034044552,1.5288638007659756,2.96428742167739,min_cost_max_flow,77,24,77,4,16,0
move,"['move', 24, 5, 6]",True,2388,3.189442357382534,0.0,3.5515753133103054,0.3621329559277717,0.39520546337371343,0.12776655537965667,min_cost_max_flow,95,24,95,5,113,6
move,"['move', 24, 0, 6]",True,2388,2.758424531457604,0.0,3.5515753133103054,0.7931507818527016,1.4708469978540961,1.3964534433409634,min_cost_max_flow,8,24,8,0,118,6
move,"['move', 24, 3, 6]",True,2388,2.873849090602948,0.0,3.5515753133103054,0.6777262227073572,1.1806772172749334,2.4687085872087744,min_cost_max_flow,61,24,61,3,120,6
move,"['move', 24, 5, 4]",True,2388,2.7925847986589876,0.0,3.5515753133103054,0.758990514651318,1.3853063767201093,1.4897555303594192,min_cost_max_flow,106,24,106,5,77,4
move,"['move', 24, 4, 5]",True,2398,1.1232987256699423,0.0,1.4537487725505194,0.33045004688057716,0.3160389695040067,0.10058072319326862,min_cost_max_flow,77,24,77,4,95,5
move,"['move', 24, 6, 1]",True,2398,0.6186372015482885,0.0,1.4537487725505194,0.8353928903355642,1.575644788066711,1.93477410636839,min_cost_max_flow,118,24,118,6,23,1
move,"['move', 24, 6, 5]",True,2398,0.5602771092214361,0.0,1.4537487725505194,0.8934716633290832,1.7199876727936498,2.5041392776077434,min_cost_max_flow,113,24,113,6,106,5
move,"['move', 24, 2, 1]",True,2398,1.1138984855615077,0.0,1.4537487725505194,0.4481833268640116,0.6092826998974488,0.8268937666225634,min_cost_max_flow,38,24,38,2,24,1
move,"['move', 24, 6, 3]",True,2408,0.7434550567273256,0.0,1.52682666359085,0.7833716068635245,1.4447068504632625,2.524593388601416,min_cost_max_flow,120,24,120,6,59,3
move,"['move', 24, 1, 3]",True,2408,0.9759240634554223,0.0,1.52682666359085,0.5509026001354278,0.8657777792395791,1.0289629908958868,min_cost_max_flow,23,24,23,1,61,3
move,"['move', 24, 5, 3]",True,2408,0.8494303087770586,0.0,1.52682666359085,0.6773963548137915,1.1821588684397284,0.9311613214023458,min_cost_max_flow,95,24,95,5,62,3
move,"['move', 24, 2, 3]",True,2408,0.9764203929129437,0.0,1.52682666359085,0.5504062706779064,0.8644318944025144,1.099003786403204,min_cost_max_flow,40,24,40,2,63,3
move,"['move', 24, 5, 6]",True,2418,2.18342425890657,0.0,3.0995665701898476,0.9161423112832777,1.7784047748536977,1.3438178278997832,min_cost_max_flow,106,24,106,5,113,6
move,"['move', 24, 0, 6]",True,2418,2.443257342381067,0.0,3.0995665701898476,0.6563092278087804,1.1273441395569535,2.329102234900852,min_cost_max_flow,9,24,9,0,118,6
move,"['move', 24, 3, 6]",True,2418,2.3344992167419414,0.0,3.0995665701898476,0.7650673534479061,1.3991746981700999,2.372272558012499,min_cost_max_flow,59,24,59,3,120,6
move,"['move', 24, 1, 8]",True,2418,2.1625207721749127,0.0,3.0995665701898476,0.9370457980149348,1.828876773808588,2.5349630774017484,min_cost_max_flow,24,24,24,1,160,8
move,"['move', 24, 3, 2]",True,2434,1.481093147680125,0.0,1.973017995847563,0.49192484816743814,0.7180071416623832,1.2464680957104228,min_cost_max_flow,61,24,61,3,37,2
move,"['move', 24, 0, 2]",True,2434,1.2211792180460823,0.0,1.973017995847563,0.7518387778014809,1.3659495544088713,2.474742321456128,min_cost_max_flow,14,24,14,0,40,2
move,"['move', 24, 3, 5]",True,2434,1.3847607431795494,0.0,1.973017995847563,0.5882572526680135,0.9596877349322313,0.6800800834374453,min_cost_max_flow,62,24,62,3,95,5
move,"['move', 24, 0, 5]",True,2434,1.127055668315657,0.0,1.973017995847563,0.845962327531906,1.6018067902150506,2.1091680013784737,min_cost_max_flow,15,24,15,0,106,5
move,"['move', 24, 5, 1]",True,2444,1.6156093135605518,0.0,2.346721845583082,0.7311125320225299,1.315769140564953,1.384608585816993,min_cost_max_flow,95,24,95,5,23,1
move,"['move', 24, 8, 1]",True,2444,1.3478723622307465,0.0,2.346721845583082,0.9988494833523355,1.983589343031781,2.399392490940735,min_cost_max_flow,160,24,160,8,24,1
move,"['move', 24, 6, 7]",True,2444,1.991101481022951,0.0,2.346721845583082,0.35562036456013085,0.37835063738384633,0.5099982692229629,min_cost_max_flow,113,24,113,6,129,7
move,"['move', 24, 0, 7]",True,2444,1.6700938133612366,0.0,2.346721845583082,0.6766280322218451,1.1789343689451925,1.800289997849247,min_cost_max_flow,16,24,16,0,131,7
move,"['move', 24, 1, 0]",True,2454,0.7886339891952583,0.0,1.982746027741405,1.1941120385461468,2.4708569551112305,2.9919097609933076,min_cost_max_flow,23,24,23,1,13,0
move,"['move', 24, 7, 0]",True,2454,1.2550215245176255,0.0,1.982746027741405,0.7277245032237797,1.3071725299487298,1.4689676653817052,min_cost_max_flow,129,24,129,7,8,0
move,"['move', 24, 5, 0]",True,2454,0.9321164258591945,0.0,1.982746027741405,1.0506296018822106,2.1118269470061932,3.2078540577910535,min_cost_max_flow,106,24,106,5,9,0
move,"['move', 24, 6, 0]",True,2454,1.1267412526214864,0.0,1.982746027741405,0.8560047751199186,1.6255372638552217,3.0262648879520575,min_cost_max_flow,118,24,118,6,14,0
move,"['move', 24, 7, 5]",True,2464,2.5422036083589714,0.0,3.1821135834970695,0.6399099751380982,1.088780623394996,0.706025225068792,min_cost_max_flow,131,24,131,7,95,5
move,"['move', 24, 2, 5]",True,2464,2.4760503097191586,0.0,3.1821135834970695,0.706063273777911,1.2524032368710323,1.8797806407325401,min_cost_max_flow,37,24,37,2,106,5
move,"['move', 24, 2, 8]",True,2464,2.2425895461202168,0.0,3.1821135834970695,0.9395240373768529,1.835198620970914,2.4507972390476347,min_cost_max_flow,40,24,40,2,160,8
move,"['move', 24, 3, 8]",True,2464,2.415148566733756,0.0,3.1821135834970695,0.7801953550133135,1.4370342915317451,2.345879592594653,min_cost_max_flow,63,24,63,3,148,8
move,"['move', 24, 1, 2]",True,2474,1.8458542389824366,0.0,2.2770612468016007,0.43120700781916416,0.5668175602586416,0.8431217844148671,min_cost_max_flow,24,24,24,1,37,2
move,"['move', 24, 8, 3]",True,2474,1.6627945023251054,0.0,2.2770612468016007,0.6142667444764952,1.0235346269619185,1.4646384111152497,min_cost_max_flow,148,24,148,8,55,3
move,"['move', 24, 0, 3]",True,2474,1.4043392961149315,0.0,2.2770612468016007,0.8727219506866691,1.6695783020513772,1.5275320350992894,min_cost_max_flow,8,24,8,0,59,3
move,"['move', 24, 6, 3]",True,2474,1.604580419507113,0.0,2.2770612468016007,0.6724808272944879,1.1678128737112274,2.302611941563805,min_cost_max_flow,120,24,120,6,61,3
move,"['move', 24, 0, 6]",True,2484,1.2309534051201638,0.0,2.279543858465486,1.0485904533453223,2.1085292397146986,2.0077446906405005,min_cost_max_flow,9,24,9,0,113,6
move,"['move', 24, 8, 6]",True,2484,1.6130551512126305,0.0,2.279543858465486,0.6664887072528557,1.1534467292731279,1.8931748309099725,min_cost_max_flow,160,24,160,8,118,6
move,"['move', 24, 5, 6]",True,2484,1.5330598485380675,0.0,2.279543858465486,0.7464840099274187,1.3539838348078774,1.52727559868165,min_cost_max_flow,95,24,95,5,120,6
move,"['move', 24, 3, 1]",True,2484,1.6894834447082108,0.0,2.279543858465486,0.5900604137572755,0.9633199481941119,1.2638730576202368,min_cost_max_flow,55,24,55,3,23,1
move,"['move', 24, 3, 7]",True,2494,3.3780181923259973,0.0,4.006578395412086,0.6285602030860891,1.0592444768226414,1.4805028532897744,min_cost_max_flow,59,24,59,3,129,7
move,"['move', 24, 5, 4]",True,2494,3.117059416690872,0.0,4.006578395412086,0.8895189787212144,1.711045280117105,1.8779267155231611,min_cost_max_flow,106,24,106,5,77,4
move,"['move', 24, 6, 7]",True,2494,3.708373275409624,0.0,4.006578395412086,0.2982051200024623,0.235061277726345,0.34416377810963317,min_cost_max_flow,113,24,113,6,131,7
move,"['move', 24, 2, 8]",True,2494,3.158043564302811,0.0,4.006578395412086,0.8485348311092754,1.6086435158686072,1.8388568612895946,min_cost_max_flow,37,24,37,2,160,8
move,"['move', 24, 7, 2]",True,2504,1.227604810279269,0.0,2.0515060956785454,0.8239012853992763,1.5459938631065597,2.5493825193229815,min_cost_max_flow,129,24,129,7,37,2
move,"['move', 24, 1, 2]",True,2504,1.5486212191427993,0.0,2.0515060956785454,0.5028848765357462,0.7462972073008132,0.6531382839372903,min_cost_max_flow,23,24,23,1,40,2
move,"['move', 24, 7, 5]",True,2504,1.444052578835342,0.0,2.0515060956785454,0.6074535168432033,1.007277508299012,0.9473381308998006,min_cost_max_flow,131,24,131,7,95,5
move,"['move', 24, 4, 2]",True,2504,1.5781960566494757,0.0,2.0515060956785454,0.4733100390290696,0.6720767497681663,0.8420474612408029,min_cost_max_flow,77,24,77,4,43,2
move,"['move', 24, 3, 7]",True,2514,1.6388385918956367,0.0,2.3533214762946697,0.7144828843990328,1.2725432139632176,2.4858136144786376,min_cost_max_flow,61,24,61,3,129,7
move,"['move', 24, 6, 7]",True,2514,1.7530075081096181,0.0,2.3533214762946697,0.6003139681850514,0.9882463299400115,1.7355426066469104,min_cost_max_flow,118,24,118,6,131,7
move,"['move', 24, 5, 4]",True,2514,1.8895303223421658,0.0,2.3533214762946697,0.46910503432750394,0.6622130494397425,0.4095065109139894,min_cost_max_flow,95,24,95,5,77,4
move,"['move', 24, 8, 4]",True,2514,1.6423963064431737,0.0,2.3533214762946697,0.7109251698514961,1.2644615080971562,1.9440932792915069,min_cost_max_flow,160,24,160,8,82,4
move,"['move', 24, 7, 5]",True,2524,1.154717735315701,0.0,1.9778763885220219,0.8231586532063208,1.54413376759112,2.5517258746901486,min_cost_max_flow,129,24,129,7,106,5
move,"['move', 24, 7, 1]",True,2524,1.1849389732065965,0.0,1.9778763885220219,0.7929374153154253,1.4687799235216517,2.4188921028432757,min_cost_max_flow,131,24,131,7,23,1
move,"['move', 24, 2, 8]",True,2524,1.3655533751561522,0.0,1.9778763885220219,0.6123230133658696,1.0186345289512246,1.4918185672019109,min_cost_max_flow,37,24,37,2,160,8
move,"['move', 24, 2, 5]",True,2524,1.5011320648637332,0.0,1.9778763885220219,0.4767443236582888,0.6804564357807976,0.979397834851927,min_cost_max_flow,40,24,40,2,91,5
move,"['move', 24, 4, 3]",True,2534,1.6993357682903738,0.0,2.1278771728568437,0.42854140456646994,0.5602240974185406,0.7960915899918738,min_cost_max_flow,77,24,77,4,55,3
move,"['move', 24, 6, 9]",True,2534,1.1019752643406309,0.0,2.1278771728568437,1.0259019085162129,2.0507696705935814,2.699882722869685,min_cost_max_flow,120,24,120,6,166,9
move,"['move', 24, 1, 9]",True,2534,1.3986485996572404,0.0,2.1278771728568437,0.7292285731996034,1.310605516544456,1.6870932279371722,min_cost_max_flow,23,24,23,1,171,9
move,"['move', 24, 2, 9]",True,2534,1.24529590176562,0.0,2.1278771728568437,0.8825812710912239,1.6930047370078682,2.342109405029884,min_cost_max_flow,43,24,43,2,172,9
move,"['move', 24, 9, 2]",True,2544,1.413337843933386,0.0,2.0484744740301553,0.6412102733467694,1.0915542606453528,1.0240974059494714,min_cost_max_flow,166,24,166,9,37,2
move,"['move', 24, 4, 2]",True,2544,1.2924223982162681,0.0,2.0484744740301553,0.756052075813887,1.3763450497208396,2.566575467487469,min_cost_max_flow,82,24,82,4,38,2
move,"['move', 24, 3, 6]",True,2544,1.3113334310875508,0.0,2.0484744740301553,0.7371410429426043,1.329495548387058,2.2811882378706523,min_cost_max_flow,55,24,55,3,113,6
move,"['move', 24, 8, 2]",True,2544,1.3930979721568457,0.0,2.0484744740301553,0.6553765018733096,1.125994733240077,1.6741632203670187,min_cost_max_flow,160,24,160,8,40,2
move,"['move', 24, 9, 8]",True,2554,2.382363215337224,0.0,2.955294346268668,0.5729311309314439,0.9200931039049465,1.5329645406777894,min_cost_max_flow,171,24,171,9,160,8
move,"['move', 24, 5, 4]",True,2554,2.3729774745055408,0.0,2.955294346268668,0.5823168717631271,0.9453644829627592,0.32827988827462445,min_cost_max_flow,91,24,91,5,90,4
move,"['move', 24, 0, 1]",True,2554,1.865736859609854,0.0,2.955294346268668,1.1586996266588139,2.383072613964032,2.494117380237646,min_cost_max_flow,13,24,13,0,23,1
move,"['move', 24, 9, 1]",True,2554,2.1842347413438143,0.0,2.955294346268668,0.7710596049248536,1.4148326990034548,1.9206911306884553,min_cost_max_flow,172,24,172,9,24,1
move,"['move', 24, 6, 7]",True,2564,1.6511675023890853,0.0,1.980085457771974,0.32891795538288876,0.3113197358507023,0.6932506625821315,min_cost_max_flow,113,24,113,6,129,7
move,"['move', 24, 8, 9]",True,2564,1.4018424914593397,0.0,1.980085457771974,0.5782429663126342,0.9333214966281957,1.5670950271621866,min_cost_max_flow,160,24,160,8,171,9
move,"['move', 24, 4, 3]",True,2564,1.5426195577799566,0.0,1.980085457771974,0.4374658999920174,0.5832833877284429,0.29739042596938936,min_cost_max_flow,90,24,90,4,55,3
move,"['move', 24, 1, 3]",True,2564,1.425506764081645,0.0,1.980085457771974,0.6120312350653289,1.0180047665780876,1.4253629817251954,min_cost_max_flow,24,24,24,1,59,3
move,"['move', 24, 7, 6]",True,2574,2.104832145743379,0.0,2.4943045303559708,0.38947238461259165,0.46262156287775724,0.7494146940502793,min_cost_max_flow,129,24,129,7,113,6
move,"['move', 24, 9, 8]",True,2574,1.8631663394517197,0.0,2.4943045303559708,0.6311381909042509,1.0656991220057535,1.4740524281516707,min_cost_max_flow,171,24,171,9,160,8
move,"['move', 24, 5, 4]",True,2574,1.7919681444783384,0.0,2.4943045303559708,0.7023363858776324,1.2447880284380517,0.7451064289217503,min_cost_max_flow,106,24,106,5,90,4
move,"['move', 24, 2, 4]",True,2574,1.9335603068185683,0.0,2.4943045303559708,0.5607442235374026,0.8890835117235838,1.8945136715175335,min_cost_max_flow,37,24,37,2,77,4
move,"['move', 24, 4, 5]",True,2584,1.998492877836323,0.0,2.8084092786026686,0.8558662184330125,1.6278120568968006,1.2788083820561087,min_cost_max_flow,77,24,77,4,106,5
move,"['move', 24, 3, 7]",True,2584,2.1185430666576868,0.0,2.8084092786026686,0.689866211944982,1.2113458599451405,2.2562622031119925,min_cost_max_flow,55,24,55,3,129,7
move,"['move', 24, 3, 9]",True,2584,2.020617904618747,0.0,2.8084092786026686,0.7877913739839216,1.457161955673655,1.5874684490015234,min_cost_max_flow,59,24,59,3,171,9
move,"['move', 24, 4, 9]",True,2584,1.5927122341369264,0.0,2.8084092786026686,1.2156970444657422,2.5252701458521187,2.6914591330602704,min_cost_max_flow,90,24,90,4,172,9
move,"['move', 24, 9, 0]",True,2594,1.2150721103239155,0.0,1.8316787349234058,0.6166066245994903,1.0307561262889067,0.5501057314483802,min_cost_max_flow,171,24,171,9,8,0
move,"['move', 24, 7, 3]",True,2594,1.11708076935779,0.0,1.8316787349234058,0.7145979655656157,1.2728593890096818,2.4668321944739495,min_cost_max_flow,129,24,129,7,55,3
move,"['move', 24, 9, 3]",True,2594,0.8863375542326103,0.0,1.8316787349234058,0.9453411806907955,1.8501885318182758,2.1527621973774926,min_cost_max_flow,172,24,172,9,59,3
move,"['move', 24, 8, 0]",True,2594,0.6310455126467527,0.0,1.8316787349234058,1.2006332222766531,2.487892547287629,2.503487860905015,min_cost_max_flow,160,24,160,8,9,0
move,"['move', 24, 5, 7]",True,2604,1.7118559111702085,0.0,2.577081034642445,0.8652251234722365,1.6499160011007916,2.141020644768448,min_cost_max_flow,106,24,106,5,129,7
move,"['move', 24, 3, 7]",True,2604,1.8667612220328058,0.0,2.577081034642445,0.7103198126096394,1.261849272341351,2.6766550467339547,min_cost_max_flow,55,24,55,3,131,7
move,"['move', 24, 3, 8]",True,2604,1.6564688081086625,0.0,2.577081034642445,0.9206122265337825,1.7889776709344005,1.7450791916058483,min_cost_max_flow,59,24,59,3,160,8
move,"['move', 24, 2, 8]",True,2604,1.8313968676133352,0.0,2.577081034642445,0.7456841670291098,1.3509393314016052,2.2238730390151056,min_cost_max_flow,38,24,38,2,151,8
move,"['move', 24, 7, 5]",True,2614,1.6628439960207015,0.0,2.5084138498050583,0.8455698537843567,1.600908528031141,2.053886544736094,min_cost_max_flow,129,24,129,7,106,5
move,"['move', 24, 7, 3]",True,2614,1.77405470647067,0.0,2.5084138498050583,0.7343591433343882,1.3216470635888982,2.8770120896172764,min_cost_max_flow,131,24,131,7,55,3
move,"['move', 24, 8, 3]",True,2614,1.945730362258371,0.0,2.5084138498050583,0.5626834875466874,0.8949444611316721,1.2193207482664217,min_cost_max_flow,151,24,151,8,59,3
move,"['move', 24, 6, 3]",True,2614,1.9894082564717013,0.0,2.5084138498050583,0.544419205833357,0.8497381047673116,0.9164221356228763,min_cost_max_flow,113,24,113,6,61,3
move,"['move', 24, 8, 7]",True,2624,1.699325663050125,0.0,2.430948736598741,0.7316230735486161,1.3175797950862034,1.0284081151268896,min_cost_max_flow,160,24,160,8,129,7
move,"['move', 24, 3, 4]",True,2624,1.8769760688300168,0.0,2.430948736598741,0.5539726677687243,0.8740791987293051,0.6114627199062567,min_cost_max_flow,55,24,55,3,90,4
move,"['move', 24, 5, 6]",True,2624,1.9587138951689134,0.0,2.430948736598741,0.4722348414298277,0.6689083755481988,1.162300942482706,min_cost_max_flow,106,24,106,5,119,6
move,"['move', 24, 3, 7]",True,2624,1.6519790280046256,0.0,2.430948736598741,0.7789697085941155,1.4351397427599295,1.5661680751415965,min_cost_max_flow,59,24,59,3,131,7
move,"['move', 24, 7, 9]",True,2634,1.9033325473291183,0.0,2.5821293628836646,0.6787968155545464,1.184125743991899,1.9540121878803698,min_cost_max_flow,129,24,129,7,171,9
move,"['move', 24, 4, 8]",True,2634,1.5786265493677496,0.0,2.5821293628836646,1.003502813515915,1.9966202089708531,1.4676988041918742,min_cost_max_flow,90,24,90,4,160,8
move,"['move', 24, 7, 5]",True,2634,1.7296998103670091,0.0,2.5821293628836646,0.8524295525166553,1.6170255336619448,2.7420473446978884,min_cost_max_flow,131,24,131,7,106,5
move,"['move', 24, 0, 9]",True,2634,1.830850190590923,0.0,2.5821293628836646,0.7512791722927415,1.3655638611999166,1.7991952795273358,min_cost_max_flow,8,24,8,0,173,9
move,"['move', 24, 9, 7]",True,2644,1.3683064678934853,0.0,2.051919074392529,0.6836126064990437,1.1961321650051104,1.9760497532346748,min_cost_max_flow,171,24,171,9,129,7
move,"['move', 24, 8, 6]",True,2644,1.296553932432404,0.0,2.051919074392529,0.7553651419601247,1.3758102853353193,1.7781953015641005,min_cost_max_flow,160,24,160,8,113,6
move,"['move', 24, 6, 7]",True,2644,1.744079234690964,0.0,2.051919074392529,0.3078398397015649,0.25913292768018437,0.35426330738770473,min_cost_max_flow,113,24,113,6,131,7
move,"['move', 24, 9, 6]",True,2644,1.2181408779923384,0.0,2.051919074392529,0.8337781964001904,1.5712450997525593,2.176743090180061,min_cost_max_flow,173,24,173,9,113,6
move,"['move', 24, 7, 9]",True,2654,2.142442667510742,0.0,2.727293578509686,0.5848509109989437,0.9502978214331961,1.2627863010110425,min_cost_max_flow,129,24,129,7,166,9
move,"['move', 24, 7, 4]",True,2654,1.8463394953930505,0.0,2.727293578509686,0.8809540831166355,1.688678100676043,2.5145536685993113,min_cost_max_flow,131,24,131,7,90,4
move,"['move', 24, 5, 9]",True,2654,1.943394233713533,0.0,2.727293578509686,0.7838993447961528,1.4467750044350396,2.025387295130567,min_cost_max_flow,106,24,106,5,171,9
move,"['move', 24, 3, 9]",True,2654,1.850216616009655,0.0,2.727293578509686,0.8770769625000311,1.679484175550897,2.1819693910227542,min_cost_max_flow,61,24,61,3,173,9
move,"['move', 24, 9, 3]",True,2664,2.694543856876021,0.0,3.548237830773415,0.8536939738973938,1.6206744173287007,2.4168272014246956,min_cost_max_flow,166,24,166,9,55,3
move,"['move', 24, 4, 5]",True,2664,2.6344193904326887,0.0,3.548237830773415,0.9138184403407262,1.7725078067123832,1.4020116845238833,min_cost_max_flow,90,24,90,4,95,5
move,"['move', 24, 9, 5]",True,2664,2.75311997417992,0.0,3.548237830773415,0.7951178565934948,1.4740790023897716,2.5202416542123367,min_cost_max_flow,171,24,171,9,106,5
move,"['move', 24, 1, 8]",True,2664,2.52376441827915,0.0,3.548237830773415,1.0244734124942647,2.0463229613160365,3.2835288713193824,min_cost_max_flow,23,24,23,1,160,8
move,"['move', 24, 5, 1]",True,2674,1.5586043347403162,0.0,2.3513009910874483,0.7926966563471322,1.4689651692751795,1.8941299866697303,min_cost_max_flow,95,24,95,5,23,1
move,"['move', 24, 9, 1]",True,2674,1.5802550098429693,0.0,2.3513009910874483,0.7710459812444789,1.4157723141397582,1.271574905861498,min_cost_max_flow,173,24,173,9,24,1
move,"['move', 24, 6, 4]",True,2674,1.8145785951681945,0.0,2.3513009910874483,0.5367223959192537,0.8301618205732666,1.1392617414807997,min_cost_max_flow,113,24,113,6,77,4
move,"['move', 24, 3, 1]",True,2674,1.6601649033402475,0.0,2.3513009910874483,0.7093204814972006,1.260644106521795,1.8145470723733956,min_cost_max_flow,55,24,55,3,26,1
move,"['move', 24, 4, 7]",True,2684,1.8625597992144751,0.0,2.3546291473482195,0.4920693481337445,0.717507954199391,1.820093014882497,min_cost_max_flow,77,24,77,4,129,7
move,"['move', 24, 5, 9]",True,2684,1.1444798359951318,0.0,2.3546291473482195,1.2101493113530877,2.5099153666888014,3.6817567208477047,min_cost_max_flow,106,24,106,5,166,9
move,"['move', 24, 8, 3]",True,2684,1.302356740630324,0.0,2.3546291473482195,1.0522724067178955,2.114953577016422,3.861442110446816,min_cost_max_flow,160,24,160,8,59,3
move,"['move', 24, 0, 7]",True,2684,1.673324195490658,0.0,2.3546291473482195,0.6813049518575615,1.190604289764451,1.815208844537336,min_cost_max_flow,9,24,9,0,131,7
move,"['move', 24, 9, 5]",True,2694,2.1413478499501934,0.0,2.8736326419445613,0.7322847919943679,1.3194738840211357,0.8685462347583738,min_cost_max_flow,166,24,166,9,95,5
move,"['move', 24, 7, 8]",True,2694,2.3077822442931173,0.0,2.8736326419445613,0.5658503976514441,0.902237266953307,1.6356337084378647,min_cost_max_flow,129,24,129,7,160,8
move,"['move', 24, 7, 4]",True,2694,2.3533121446300753,0.0,2.8736326419445613,0.520320497314486,0.7893152480974095,1.0338123841061047,min_cost_max_flow,131,24,131,7,77,4
move,"['move', 24, 1, 8]",True,2694,2.280756008793587,0.0,2.8736326419445613,0.5928766331509742,0.9702527312874736,1.335716651543346,min_cost_max_flow,23,24,23,1,148,8
move,"['move', 24, 3, 0]",True,2704,1.7703700958954047,0.0,2.352590740099409,0.5822206442040042,0.9442482339254639,0.9120666479334139,min_cost_max_flow,59,24,59,3,8,0
move,"['move', 24, 2, 0]",True,2704,1.74835346455218,0.0,2.352590740099409,0.6042372755472291,0.9990081487012503,1.0998423694505912,min_cost_max_flow,40,24,40,2,9,0
move,"['move', 24, 4, 0]",True,2704,1.4651958493877912,0.0,2.352590740099409,0.8873948907116177,1.7042542512499494,2.865132610965636,min_cost_max_flow,77,24,77,4,15,0
move,"['move', 24, 1, 0]",True,2704,1.4902273861168323,0.0,2.352590740099409,0.8623633539825767,1.6425865525161498,2.2577038850970554,min_cost_max_flow,24,24,24,1,16,0
move,"['move', 24, 1, 2]",True,2714,2.7117815874259055,0.0,3.32906263723978,0.6172810498138745,1.0313334117745399,1.289290765000044,min_cost_max_flow,26,24,26,1,37,2
move,"['move', 24, 5, 2]",True,2714,2.7677646359938226,0.0,3.32906263723978,0.5612980012459575,0.8920949643033964,0.809841465900541,min_cost_max_flow,95,24,95,5,40,2
move,"['move', 24, 8, 4]",True,2714,2.8765373580110287,0.0,3.32906263723978,0.45252527922875135,0.6200949941048748,0.855284902904782,min_cost_max_flow,148,24,148,8,77,4
move,"['move', 24, 6, 2]",True,2714,0.5753026407659438,0.0,3.32906263723978,2.868948758098836,4.157817107708979,3.0796739503099113,min_cost_max_flow,119,24,119,6,42,2
move,"['move', 24, 4, 1]",True,2724,1.5558632162583628,0.0,1.9755795938986036,0.4197163776402409,0.5380353067666874,0.8802404808456363,min_cost_max_flow,77,24,77,4,23,1
move,"['move', 24, 2, 5]",True,2724,1.3400558403351188,0.0,1.9755795938986036,0.6355237535634847,1.0771129375316377,1.1741131762848394,min_cost_max_flow,37,24,37,2,95,5
move,"['move', 24, 0, 1]",True,2724,1.4801612237114372,0.0,1.9755795938986036,0.49541837018716633,0.7280359042852069,0.3831630467083722,min_cost_max_flow,8,24,8,0,24,1
move,"['move', 24, 8, 5]",True,2724,1.333010834251354,0.0,1.9755795938986036,0.6425687596472497,1.0944138900522375,1.3818216354933615,min_cost_max_flow,160,24,160,8,106,5
move,"['move', 24, 1, 8]",True,2734,1.6737258380516686,0.0,2.580189102023395,0.9064632639717264,1.7524361334690184,2.5244998984338,min_cost_max_flow,23,24,23,1,160,8
move,"['move', 24, 2, 4]",True,2734,2.266708335593343,0.0,2.580189102023395,0.31348076643005224,0.2731336641445523,0.4219835452879235,min_cost_max_flow,40,24,40,2,77,4
move,"['move', 24, 5, 4]",True,2734,1.9317906817109094,0.0,2.580189102023395,0.6483984203124856,1.109281777193246,1.185997983547729,min_cost_max_flow,95,24,95,5,82,4
move,"['move', 24, 5, 8]",True,2734,1.7543900244905286,0.0,2.580189102023395,0.8257990775328664,1.5507480501473765,2.542911381428667,min_cost_max_flow,106,24,106,5,148,8
move,"['move', 24, 4, 6]",True,2744,2.089303576000584,0.0,2.57900128467368,0.48969770867309637,0.7126659446657868,1.0953669362051923,min_cost_max_flow,77,24,77,4,113,6
move,"['move', 24, 4, 5]",True,2744,1.9253658100071909,0.0,2.57900128467368,0.6536354746664891,1.122323564664839,1.219896925824693,min_cost_max_flow,82,24,82,4,95,5
move,"['move', 24, 2, 3]",True,2744,1.89238928133318,0.0,2.57900128467368,0.6866120033405001,1.2046715889373445,1.2820952008394446,min_cost_max_flow,42,24,42,2,55,3
move,"['move', 24, 0, 6]",True,2744,1.5890448511439335,0.0,2.57900128467368,0.9899564335297465,1.9605295173132617,2.9508599323050486,min_cost_max_flow,9,24,9,0,118,6
move,"['move', 24, 1, 2]",True,2754,2.166480313068449,0.0,2.6491613188517373,0.48268100578328826,0.6951617424965661,1.070330232672135,min_cost_max_flow,24,24,24,1,37,2
move,"['move', 24, 5, 2]",True,2754,1.928554656646193,0.0,2.6491613188517373,0.7206066622055441,1.289994446316996,1.0579550561450914,min_cost_max_flow,95,24,95,5,40,2
move,"['move', 24, 3, 2]",True,2754,1.9704252910090068,0.0,2.6491613188517373,0.6787360278427305,1.1850565407185059,1.2321681837825849,min_cost_max_flow,55,24,55,3,42,2
move,"['move', 24, 8, 4]",True,2754,2.207871075319772,0.0,2.6491613188517373,0.4412902435319654,0.5916713480764884,1.079322760519102,min_cost_max_flow,148,24,148,8,77,4
move,"['move', 24, 4, 1]",True,2764,3.216674500465747,0.0,3.77204522008205,0.555370719616303,0.8767946885091078,1.1312226126687897,min_cost_max_flow,77,24,77,4,23,1
move,"['move', 24, 6, 3]",True,2764,3.21906408641245,0.0,3.77204522008205,0.5529811336695997,0.8706948042490694,1.2151688748553935,min_cost_max_flow,113,24,113,6,55,3
move,"['move', 24, 0, 3]",True,2764,2.887981618322763,0.0,3.77204522008205,0.8840636017592868,1.6963064483134076,2.611519648108637,min_cost_max_flow,14,24,14,0,59,3
move,"['move', 24, 8, 1]",True,2764,2.751124230394982,0.0,3.77204522008205,1.0209209896870675,2.037853938258195,3.0088395645516544,min_cost_max_flow,160,24,160,8,24,1
move,"['move', 24, 6, 8]",True,2774,1.5499168809665744,0.0,2.349122185860966,0.7992053048943918,1.4847792361179017,2.1991663369541783,min_cost_max_flow,118,24,118,6,160,8
move,"['move', 24, 0, 4]",True,2774,1.604644475005379,0.0,2.349122185860966,0.7444777108555872,1.3476375138598087,2.4143244443420238,min_cost_max_flow,15,24,15,0,77,4
move,"['move', 24, 3, 5]",True,2774,1.6803712275252716,0.0,2.349122185860966,0.6687509583356946,1.160187545010558,1.1697161440212538,min_cost_max_flow,55,24,55,3,95,5
move,"['move', 24, 3, 4]",True,2774,1.7831164888398532,0.0,2.349122185860966,0.566005697021113,0.9029877690700232,1.3941312467417626,min_cost_max_flow,59,24,59,3,82,4
move,"['move', 24, 0, 3]",True,2784,1.9489460015955469,0.0,2.5016125609095283,0.5526665593139815,0.8689643201287254,1.8445343623877926,min_cost_max_flow,16,24,16,0,55,3
move,"['move', 24, 4, 6]",True,2784,1.98866464839291,0.0,2.5016125609095283,0.5129479125166184,0.7708933955473185,1.0274060877208686,min_cost_max_flow,77,24,77,4,113,6
move,"['move', 24, 5, 3]",True,2784,1.8113322277598676,0.0,2.5016125609095283,0.6902803331496609,1.214545866874687,0.8131262578790979,min_cost_max_flow,95,24,95,5,59,3
move,"['move', 24, 4, 3]",True,2784,2.0785435974951856,0.0,2.5016125609095283,0.42306896341434286,0.5461926354873867,1.0296642905493363,min_cost_max_flow,82,24,82,4,61,3
move,"['move', 24, 3, 0]",True,2794,1.5810980305533024,0.0,2.6471188975152535,1.066020866961951,2.15191943107493,2.13163981153419,min_cost_max_flow,55,24,55,3,13,0
move,"['move', 24, 2, 0]",True,2794,1.5602491242758014,0.0,2.6471188975152535,1.1235717707394521,2.297004509753606,1.326426988252016,min_cost_max_flow,42,24,42,2,9,0
move,"['move', 24, 6, 0]",True,2794,1.7902919597596685,0.0,2.6471188975152535,0.8568269377555849,1.628277328400145,2.569826250780507,min_cost_max_flow,113,24,113,6,14,0
move,"['move', 24, 8, 4]",True,2794,1.6636137665139863,0.0,2.6471188975152535,0.9835051310012671,1.9463460801416659,1.6543138325701339,min_cost_max_flow,160,24,160,8,77,4
move,"['move', 24, 4, 5]",True,2804,1.8178430436902544,0.0,2.279056473053707,0.4612134293634528,0.6425715735458652,0.35114883341359215,min_cost_max_flow,77,24,77,4,95,5
move,"['move', 24, 1, 6]",True,2804,1.38914641357505,0.0,2.279056473053707,0.8899100594786572,1.7117153664949,2.0830037260643013,min_cost_max_flow,23,24,23,1,113,6
move,"['move', 24, 1, 5]",True,2804,1.2194413877369488,0.0,2.279056473053707,1.0596150853167583,2.134890021836327,2.808276561948343,min_cost_max_flow,24,24,24,1,106,5
move,"['move', 24, 3, 6]",True,2804,1.6537344378841163,0.0,2.279056473053707,0.6321067496695908,1.0673884789539443,1.962079071590777,min_cost_max_flow,59,24,59,3,118,6
move,"['move', 24, 2, 4]",True,2814,2.767724082365696,0.0,3.2513955109231123,0.4836714285574163,0.6975377706003201,1.1370161203828137,min_cost_max_flow,37,24,37,2,77,4
move,"['move', 24, 2, 1]",True,2814,2.994840253200153,0.0,3.2513955109231123,0.2565552577229596,0.13118760914585437,0.17683903259884487,min_cost_max_flow,40,24,40,2,23,1
move,"['move', 24, 6, 4]",True,2814,2.7256600087275933,0.0,3.2513955109231123,0.5257355021955189,0.8024395426255069,1.309290833762602,min_cost_max_flow,113,24,113,6,82,4
move,"['move', 24, 3, 8]",True,2814,2.3700339348129127,0.0,3.2513955109231123,0.8813615761101997,1.6888523408160836,3.077548564512721,min_cost_max_flow,61,24,61,3,160,8
move,"['move', 24, 1, 2]",True,2824,2.208618277234386,0.0,2.5788223147369402,0.370204037502554,0.4144669933411933,0.7385492016968842,min_cost_max_flow,23,24,23,1,37,2
move,"['move', 24, 5, 2]",True,2824,1.817043944309263,0.0,2.5788223147369402,0.7766148376776772,1.4291185012589267,1.6555442150799458,min_cost_max_flow,95,24,95,5,38,2
move,"['move', 24, 4, 2]",True,2824,2.0263115762744754,0.0,2.5788223147369402,0.5525107384624647,0.8698172101831005,1.0162395736096927,min_cost_max_flow,77,24,77,4,40,2
move,"['move', 24, 6, 3]",True,2824,1.7934703189139314,0.0,2.5788223147369402,0.7853519958230087,1.4501905908146,2.1694147535169694,min_cost_max_flow,118,24,118,6,55,3
move,"['move', 24, 4, 1]",True,2834,1.6060775789052903,0.0,2.3528873027504265,0.746809723845136,1.3542453667796508,1.8957774803617282,min_cost_max_flow,82,24,82,4,23,1
move,"['move', 24, 2, 1]",True,2834,1.8731344895496347,0.0,2.3528873027504265,0.4797528132007917,0.688001137048559,0.963746227182588,min_cost_max_flow,37,24,37,2,24,1
move,"['move', 24, 8, 1]",True,2834,1.339001803029003,0.0,2.3528873027504265,1.0138854997214235,2.0207764640363166,2.6680057697303656,min_cost_max_flow,160,24,160,8,26,1
move,"['move', 24, 5, 7]",True,2834,1.5658284229619857,0.0,2.3528873027504265,0.7870588797884409,1.455503942874202,1.47198665616923,min_cost_max_flow,106,24,106,5,129,7
move,"['move', 24, 7, 6]",True,2844,2.5689679525963185,0.0,2.8811186434282536,0.3121506908319352,0.26955334800004493,0.5920683114310898,min_cost_max_flow,129,24,129,7,113,6
move,"['move', 24, 2, 4]",True,2844,2.2213336069944494,0.0,2.8811186434282536,0.6597850364338043,1.1385158848279389,0.6742864292835192,min_cost_max_flow,38,24,38,2,90,4
move,"['move', 24, 1, 4]",True,2844,2.3728740129667587,0.0,2.8811186434282536,0.508244630461495,0.7585932926085661,1.3886712883500756,min_cost_max_flow,23,24,23,1,77,4
move,"['move', 24, 2, 8]",True,2844,2.219885441732578,0.0,2.8811186434282536,0.6612332016956756,1.140584052853228,1.7091165155427435,min_cost_max_flow,40,24,40,2,160,8
move,"['move', 24, 1, 2]",True,2854,2.498802200246238,0.0,2.9528152284356426,0.4540130281894049,0.6237600413805922,0.8915016535158358,min_cost_max_flow,24,24,24,1,37,2
move,"['move', 24, 4, 2]",True,2854,2.453458551850769,0.0,2.9528152284356426,0.49935667658487337,0.7362059079969185,1.500337901745655,min_cost_max_flow,77,24,77,4,38,2
move,"['move', 24, 3, 2]",True,2854,2.557494166341804,0.0,2.9528152284356426,0.3953210620938385,0.47678090990302735,1.0576458126150672,min_cost_max_flow,55,24,55,3,40,2
move,"['move', 24, 4, 7]",True,2854,2.1518386511136054,0.0,2.9528152284356426,0.8009765773220371,1.4905569770744478,1.299459745332305,min_cost_max_flow,90,24,90,4,129,7
move,"['move', 24, 7, 3]",True,2864,2.6336413955246383,0.0,3.328508657768446,0.6948672622438078,1.2242771716410061,1.9704715705778493,min_cost_max_flow,129,24,129,7,55,3
move,"['move', 24, 0, 3]",True,2864,2.1601304260856975,0.0,3.328508657768446,1.2622270730577483,2.6416210942952603,2.674207824309291,min_cost_max_flow,13,24,13,0,59,3
move,"['move', 24, 2, 4]",True,2864,2.8547979160966377,0.0,3.328508657768446,0.47371074167180854,0.6736497610654624,0.4612110009417836,min_cost_max_flow,37,24,37,2,90,4
move,"['move', 24, 6, 3]",True,2864,2.7073528802879276,0.0,3.328508657768446,0.6211557774805184,1.0406132916832576,1.560583603594659,min_cost_max_flow,113,24,113,6,61,3
move,"['move', 24, 4, 6]",True,2874,2.343366264690656,0.0,3.1785529472199534,0.8351866825292974,1.5756387505680323,1.595119428376169,min_cost_max_flow,90,24,90,4,113,6
move,"['move', 24, 8, 7]",True,2874,2.458178461374877,0.0,3.1785529472199534,0.7203744858450764,1.2881815436739998,1.879596217363013,min_cost_max_flow,160,24,160,8,129,7
move,"['move', 24, 2, 7]",True,2874,2.4744333198499437,0.0,3.1785529472199534,0.7041196273700095,1.2461124568908417,2.834223281023829,min_cost_max_flow,38,24,38,2,131,7
move,"['move', 24, 0, 5]",True,2874,2.322874157059384,0.0,3.1785529472199534,0.8556787901605695,1.6260913259575318,2.113581887496824,min_cost_max_flow,9,24,9,0,106,5
move,"['move', 24, 7, 9]",True,2884,1.040937833310477,0.0,1.8283741444547656,0.7874363111442885,1.455972728679626,1.7885150456322068,min_cost_max_flow,129,24,129,7,171,9
move,"['move', 24, 7, 8]",True,2884,1.083867162813278,0.0,1.8283741444547656,0.7445069816414874,1.348438774846727,1.9289350962297893,min_cost_max_flow,131,24,131,7,160,8
move,"['move', 24, 2, 4]",True,2884,1.0748551048317494,0.0,1.8283741444547656,0.7535190396230164,1.3714352913666517,1.6180207188284679,min_cost_max_flow,40,24,40,2,90,4
move,"['move', 24, 0, 9]",True,2884,1.158870326879339,0.0,1.8283741444547656,0.6695038175754268,1.1612772354346816,1.698021260825652,min_cost_max_flow,14,24,14,0,172,9
move,"['move', 24, 1, 2]",True,2894,2.0300157760124224,0.0,2.579885179085898,0.5498694030734756,0.8617082435594057,2.019991674424614,min_cost_max_flow,26,24,26,1,37,2
move,"['move', 24, 9, 0]",True,2894,1.9522012912204314,0.0,2.579885179085898,0.6276838878654666,1.0584306226446643,0.5625469375702612,min_cost_max_flow,171,24,171,9,8,0
move,"['move', 24, 9, 2]",True,2894,1.771297532529533,0.0,2.579885179085898,0.8085876465563652,1.507966421700985,2.378278718187517,min_cost_max_flow,172,24,172,9,38,2
move,"['move', 24, 5, 0]",True,2894,1.4465618831167426,0.0,2.579885179085898,1.1333232959691555,2.3195939514080237,2.5193412681457446,min_cost_max_flow,106,24,106,5,9,0
move,"['move', 24, 4, 1]",True,2904,2.878847331668886,0.0,3.5567138435110053,0.6778665118421193,1.182812647162791,1.2789038865738718,min_cost_max_flow,90,24,90,4,23,1
move,"['move', 24, 2, 7]",True,2904,2.8490489757195574,0.0,3.5567138435110053,0.7076648677914478,1.2550772793365468,2.766409019617271,min_cost_max_flow,37,24,37,2,129,7
move,"['move', 24, 8, 7]",True,2904,2.823625495823381,0.0,3.5567138435110053,0.7330883476876243,1.3197852214179875,2.0002474589511072,min_cost_max_flow,160,24,160,8,131,7
move,"['move', 24, 2, 1]",True,2904,2.9756862670055675,0.0,3.5567138435110053,0.5810275765054379,0.9409104801779904,1.1487896486385887,min_cost_max_flow,38,24,38,2,26,1
move,"['move', 24, 7, 4]",True,2914,1.364326111192935,0.0,2.2060584560039986,0.8417323448110637,1.59097430303882,2.280854917461805,min_cost_max_flow,129,24,129,7,90,4
move,"['move', 24, 7, 5]",True,2914,1.3219546397690887,0.0,2.2060584560039986,0.8841038162349099,1.6962759433299652,2.698880429775257,min_cost_max_flow,131,24,131,7,106,5
move,"['move', 24, 1, 4]",True,2914,1.4052930044812397,0.0,2.2060584560039986,0.8007654515227588,1.4893866161473852,1.72782403124347,min_cost_max_flow,23,24,23,1,82,4
move,"['move', 24, 6, 4]",True,2914,1.4599537971089194,0.0,2.2060584560039986,0.7730400841450794,1.4197398455326038,1.950058811632216,min_cost_max_flow,113,24,113,6,87,4
move,"['move', 24, 1, 2]",True,2924,1.8331293552171553,0.0,2.428823244355596,0.595693889138441,0.9774145686460542,1.2565850582678284,min_cost_max_flow,26,24,26,1,38,2
move,"['move', 24, 4, 8]",True,2924,1.751844192683146,0.0,2.428823244355596,0.67697905167245,1.1801768148579868,1.5570251403276942,min_cost_max_flow,82,24,82,4,160,8
move,"['move', 24, 3, 2]",True,2924,2.113570313975952,0.0,2.428823244355596,0.31525293037964414,0.2773261162401468,0.5806220642114227,min_cost_max_flow,55,24,55,3,40,2
move,"['move', 24, 4, 2]",True,2924,1.6863420326047387,0.0,2.428823244355596,0.7424812117508574,1.3430258791267988,2.1612490917988882,min_cost_max_flow,87,24,87,4,43,2
move,"['move', 24, 2, 7]",True,2934,1.0931886662454238,0.0,1.8338026146316204,0.7406139483861965,1.3368733019960928,3.1508615711678,min_cost_max_flow,38,24,38,2,129,7
move,"['move', 24, 4, 1]",True,2934,1.0703597263717506,0.0,1.8338026146316204,0.76344288825987,1.39606841521163,1.7356858835987223,min_cost_max_flow,90,24,90,4,23,1
move,"['move', 24, 8, 7]",True,2934,1.0126235790741265,0.0,1.8338026146316204,0.8211790355574938,1.540897907121689,1.4096034395992807,min_cost_max_flow,160,24,160,8,131,7
move,"['move', 24, 2, 1]",True,2934,1.2436902879070164,0.0,1.8338026146316204,0.5901123267246041,0.9634905704187986,1.2366465200435703,min_cost_max_flow,40,24,40,2,26,1
move,"['move', 24, 7, 6]",True,2944,0.9872481369054569,0.0,1.3817745804198323,0.3945264435143753,0.4753158023340802,0.7100198928078125,min_cost_max_flow,129,24,129,7,113,6
move,"['move', 24, 5, 6]",True,2944,0.9011218571316142,0.0,1.3817745804198323,0.48065272328821806,0.689861000275414,1.2236875549898771,min_cost_max_flow,106,24,106,5,119,6
move,"['move', 24, 0, 8]",True,2944,0.26492595310731293,0.0,1.3817745804198323,1.1168486273125193,2.2789192135533085,2.1780520768955913,min_cost_max_flow,8,24,8,0,160,8
move,"['move', 24, 3, 8]",True,2944,0.7890310751278603,0.0,1.3817745804198323,0.592743505291972,0.9702049070838257,1.1457196889716552,min_cost_max_flow,59,24,59,3,151,8
move,"['move', 24, 7, 9]",True,2954,1.9361150123883044,0.0,2.580154346362392,0.6440393339740875,1.0979456716449931,1.478257785052795,min_cost_max_flow,131,24,131,7,171,9
move,"['move', 24, 6, 9]",True,2954,1.7674030544549963,0.0,2.580154346362392,0.8127512919073957,1.5187412180603133,2.1344900636865063,min_cost_max_flow,113,24,113,6,173,9
move,"['move', 24, 1, 9]",True,2954,1.761122785378046,0.0,2.580154346362392,0.8190315609843458,1.5336403549299575,2.6688472788402624,min_cost_max_flow,23,24,23,1,175,9
move,"['move', 24, 2, 9]",True,2954,1.5206484824502002,0.0,2.580154346362392,1.0595058639121917,2.135709445723478,2.0799582962366543,min_cost_max_flow,43,24,43,2,176,9
move,"['move', 24, 1, 2]",True,2964,1.7273089320656418,0.0,2.3605188211603982,0.6332098890947563,1.0707208980238647,1.5790320669195677,min_cost_max_flow,26,24,26,1,38,2
move,"['move', 24, 9, 2]",True,2964,1.4940726229331847,0.0,2.3605188211603982,0.8664461982272137,1.653488042724348,1.7947841540262606,min_cost_max_flow,171,24,171,9,40,2
move,"['move', 24, 9, 5]",True,2964,1.263132009382513,0.0,2.3605188211603982,1.0973868117778853,2.2291757352577406,2.904011716217501,min_cost_max_flow,173,24,173,9,95,5
move,"['move', 24, 9, 4]",True,2964,1.3320770855213697,0.0,2.3605188211603982,1.0284417356390285,2.058842138529144,1.5512826371871156,min_cost_max_flow,175,24,175,9,90,4
move,"['move', 24, 9, 0]",True,2974,1.4858014282318424,0.0,2.138116708591237,0.6523152803593947,1.1189053584203066,1.2983772436888934,min_cost_max_flow,176,24,176,9,8,0
move,"['move', 24, 4, 0]",True,2974,1.2642569411307765,0.0,2.138116708591237,0.8878459929604606,1.7079305894003483,1.1660775921044864,min_cost_max_flow,90,24,90,4,14,0
move,"['move', 24, 8, 0]",True,2974,1.435506452334025,0.0,2.138116708591237,0.7026102562572119,1.2436533875479654,1.9579843216117714,min_cost_max_flow,151,24,151,8,15,0
move,"['move', 24, 3, 0]",True,2974,1.3644936655245208,0.0,2.138116708591237,0.7736230430667163,1.4209059862150752,2.144229892712655,min_cost_max_flow,61,24,61,3,16,0
move,"['move', 24, 6, 3]",True,2984,2.141692108486565,0.0,2.797568590242169,0.7849458212556039,1.448788981855614,2.4268631138325816,min_cost_max_flow,119,24,119,6,59,3
move,"['move', 24, 0, 3]",True,2984,1.9720821786503682,0.0,2.797568590242169,0.8254864115918009,1.551405380738288,1.5835810857120176,min_cost_max_flow,8,24,8,0,61,3
move,"['move', 24, 5, 3]",True,2984,2.112251396684167,0.0,2.797568590242169,0.6853171935580021,1.2011239659841522,1.4891608654710318,min_cost_max_flow,95,24,95,5,62,3
move,"['move', 24, 2, 3]",True,2984,2.16342263948934,0.0,2.797568590242169,0.6341459507528292,1.0732964985872968,1.4220677880863692,min_cost_max_flow,38,24,38,2,63,3
move,"['move', 24, 8, 4]",True,2994,2.0007290082161973,0.0,2.730911168977052,0.7301821607608548,1.3118297595574404,2.4602438213667632,min_cost_max_flow,160,24,160,8,77,4
move,"['move', 24, 0, 5]",True,2994,1.8512055708820192,0.0,2.730911168977052,0.8797055980950331,1.686185805767309,2.095275238418032,min_cost_max_flow,9,24,9,0,95,5
move,"['move', 24, 3, 4]",True,2994,2.1435454060069197,0.0,2.730911168977052,0.5873657629701327,0.9569606532350008,1.0123183851227897,min_cost_max_flow,59,24,59,3,82,4
move,"['move', 24, 2, 6]",True,2994,2.1458234764721364,0.0,2.730911168977052,0.585087692504916,0.9505779220926343,1.4706883713394998,min_cost_max_flow,40,24,40,2,113,6
move,"['move', 24, 5, 2]",True,3004,2.4273183679331467,0.0,3.0281130238557763,0.6007946559226297,0.9900033413359779,1.3653479053000013,min_cost_max_flow,95,24,95,5,37,2
move,"['move', 24, 3, 2]",True,3004,2.578037311378766,0.0,3.0281130238557763,0.4500757124770102,0.6142930077003257,0.6406645863689747,min_cost_max_flow,61,24,61,3,40,2
move,"['move', 24, 4, 8]",True,3004,2.288166305742876,0.0,3.0281130238557763,0.7399467181129006,1.3365075935544155,2.2826167434597275,min_cost_max_flow,77,24,77,4,160,8
move,"['move', 24, 4, 2]",True,3004,2.1155607224292448,0.0,3.0281130238557763,0.9125523014265317,1.7695449704224302,1.26700435416825,min_cost_max_flow,82,24,82,4,42,2
move,"['move', 17, 1, 6]",True,3014,1.389082873998991,0.0,2.2117160843396837,0.8226332103406926,1.5535277313283586,2.051763960448767,min_cost_max_flow,22,17,22,1,118,6
move,"['move', 17, 1, 0]",True,3014,1.5097346253986612,0.0,2.2117160843396837,0.7019814589410226,1.2527325739720254,1.4956165318875994,min_cost_max_flow,32,17,32,1,8,0
move,"['move', 17, 2, 6]",True,3014,1.6560946240395156,0.0,2.2117160843396837,0.5556214603001681,0.8876630427330383,0.9419729564547833,min_cost_max_flow,50,17,50,2,120,6
move,"['move', 17, 4, 6]",True,3014,1.5301268134017916,0.0,2.2117160843396837,0.6815892709378921,1.2021647140973073,1.2205431098154607,min_cost_max_flow,74,17,74,4,123,6
move,"['move', 24, 3, 1]",True,3024,1.655360941660577,0.0,2.2067530323477067,0.5513920906871296,0.8664035659385263,1.4275894444340624,min_cost_max_flow,62,24,62,3,32,1
move,"['move', 24, 2, 1]",True,3024,1.8601476467089393,0.0,2.2067530323477067,0.3466053856387673,0.3554943791277765,0.7225389043302952,min_cost_max_flow,37,24,37,2,22,1
move,"['move', 24, 6, 5]",True,3024,1.6782362535048434,0.0,2.2067530323477067,0.5285167788428634,0.8106291521617095,0.48501222186833925,min_cost_max_flow,113,24,113,6,95,5
move,"['move', 24, 3, 5]",True,3024,1.615194383681469,0.0,2.2067530323477067,0.5915586486662378,0.9661309494949819,1.8869303719771437,min_cost_max_flow,63,24,63,3,106,5
move,"['move', 25, 0, 2]",True,3040,1.0794697535210882,0.0,1.6795279109214003,0.600058157400312,1.0743250300183718,1.4920802623586178,min_cost_max_flow,3,25,3,0,50,2
move,"['move', 25, 0, 3]",True,3040,1.1614113340020304,0.0,1.6795279109214003,0.5181165769193699,0.8695444869772473,1.4431414882046674,min_cost_max_flow,7,25,7,0,55,3
move,"['move', 25, 4, 1]",True,3040,0.9762650112279466,0.0,1.6795279109214003,0.7032628996934537,1.3321586842721445,1.610881248412742,min_cost_max_flow,89,25,89,4,23,1
move,"['move', 25, 5, 1]",True,3040,1.1517806958521977,0.0,1.6795279109214003,0.6817245330692027,1.2789119056687923,1.2114559435626049,min_cost_max_flow,108,25,108,5,24,1
move,"['move', 24, 1, 3]",True,3050,2.6940389913886107,0.0,3.2574187578200906,0.5633797664314798,0.8972465720798937,0.8450449241061165,min_cost_max_flow,22,24,22,1,59,3
move,"['move', 24, 5, 4]",True,3050,2.7111143241339284,0.0,3.2574187578200906,0.5463044336861621,0.8547542502637953,0.7143715593090868,min_cost_max_flow,95,24,95,5,74,4
move,"['move', 24, 2, 3]",True,3050,2.6078317176263077,0.0,3.2574187578200906,0.649587040193783,1.112010779332195,1.347696359743938,min_cost_max_flow,40,24,40,2,61,3
move,"['move', 24, 0, 3]",True,3050,2.5788228756959533,0.0,3.2574187578200906,0.6785958821241374,1.1837625126172497,1.8612773869647783,min_cost_max_flow,14,24,14,0,63,3
move,"['move', 24, 4, 6]",True,3060,2.3657279246120666,0.0,2.80357154776376,0.43784362315169323,0.5834698618746188,0.8026129279785994,min_cost_max_flow,74,24,74,4,113,6
move,"['move', 24, 3, 9]",True,3060,2.0113369288656253,0.0,2.80357154776376,0.7922346188981345,1.4687017705946346,1.2996666920369242,min_cost_max_flow,59,24,59,3,166,9
move,"['move', 24, 8, 9]",True,3060,2.2538765470856053,0.0,2.80357154776376,0.5496950006781549,0.862757139155292,1.0300572849658414,min_cost_max_flow,160,24,160,8,172,9
move,"['move', 24, 3, 7]",True,3060,2.3332678957653736,0.0,2.80357154776376,0.47030365199838636,0.6640462119248696,1.1850943056333232,min_cost_max_flow,61,24,61,3,129,7
move,"['move', 24, 7, 0]",True,3070,1.9847531750695726,0.0,3.2508435134849707,1.266090338415398,2.6515019543658127,2.525743373357109,min_cost_max_flow,129,24,129,7,13,0
move,"['move', 24, 9, 0]",True,3070,2.765494674279954,0.0,3.2508435134849707,0.48534883920501676,0.7026462703615834,0.5270340255413413,min_cost_max_flow,166,24,166,9,3,0
move,"['move', 24, 9, 8]",True,3070,2.6807301791807356,0.0,3.2508435134849707,0.5701133343042349,0.9137299679678108,1.0787274534200815,min_cost_max_flow,172,24,172,9,160,8
move,"['move', 24, 1, 0]",True,3070,2.5390141882405173,0.0,3.2508435134849707,0.7118293252444533,1.265772017191921,2.5773462043772994,min_cost_max_flow,32,24,32,1,7,0
move,"['move', 24, 6, 7]",True,3080,1.7939975889533866,0.0,2.204485905266618,0.4104883163132316,0.5149801869447401,0.8702181504617317,min_cost_max_flow,113,24,113,6,129,7
move,"['move', 24, 5, 4]",True,3080,1.4257141646878564,0.0,2.204485905266618,0.7787717405787616,1.4342360839691537,1.8386605767358635,min_cost_max_flow,106,24,106,5,74,4
move,"['move', 24, 0, 7]",True,3080,1.6982967748921143,0.0,2.204485905266618,0.5061891303745039,0.7540772558968456,0.9735289511784698,min_cost_max_flow,3,24,3,0,131,7
move,"['move', 24, 3, 7]",True,3080,1.5096048457014504,0.0,2.204485905266618,0.7058395075651677,1.251432470697182,2.1540144020603282,min_cost_max_flow,63,24,63,3,135,7
move,"['move', 24, 7, 6]",True,3090,2.998285686068942,0.0,3.4042303698097345,0.40594468374079246,0.503691950270877,0.82298831230521,min_cost_max_flow,129,24,129,7,113,6
move,"['move', 24, 7, 1]",True,3090,2.595395304399139,0.0,3.4042303698097345,0.8088350654105955,1.5079663229516882,2.790709308102524,min_cost_max_flow,131,24,131,7,32,1
move,"['move', 24, 4, 6]",True,3090,3.11563113461647,0.0,3.4042303698097345,0.28859923519326436,0.21107840396871325,0.3229382678674879,min_cost_max_flow,74,24,74,4,110,6
move,"['move', 24, 7, 5]",True,3090,2.583926236408227,0.0,3.4042303698097345,0.8203041334015072,1.538135184582643,1.7932482056522816,min_cost_max_flow,135,24,135,7,95,5
move,"['move', 24, 1, 3]",True,3100,1.7915533948046778,0.0,2.5824585772719506,0.7909051824672727,1.4642636652752117,2.042676186882461,min_cost_max_flow,32,24,32,1,59,3
move,"['move', 24, 6, 3]",True,3100,2.04522880110461,0.0,2.5824585772719506,0.5372297761673407,0.831321587520506,1.2117175234660293,min_cost_max_flow,110,24,110,6,61,3
move,"['move', 24, 0, 3]",True,3100,1.7049567735762494,0.0,2.5824585772719506,0.8775018036957011,1.680774976943212,2.0295037889291137,min_cost_max_flow,7,24,7,0,62,3
move,"['move', 24, 2, 3]",True,3100,1.8623438004639201,0.0,2.5824585772719506,0.7593141305580305,1.386741780974262,1.07217920544533,min_cost_max_flow,42,24,42,2,63,3
move,"['move', 24, 3, 2]",True,3110,1.5255398432991516,0.0,1.9769162044423387,0.4630674615181871,0.6462120773394417,1.014199895586383,min_cost_max_flow,59,24,59,3,37,2
move,"['move', 24, 5, 2]",True,3110,1.2411136239417284,0.0,1.9769162044423387,0.7358025805006104,1.327433249585738,1.4252833687611592,min_cost_max_flow,95,24,95,5,40,2
move,"['move', 24, 8, 2]",True,3110,0.8638076644785424,0.0,1.9769162044423387,1.1131085399637963,2.2671166162690497,3.8129713518631267,min_cost_max_flow,160,24,160,8,43,2
move,"['move', 24, 0, 2]",True,3110,0.7437723935986222,0.0,1.9769162044423387,1.2331438108437165,2.5702502703243226,1.7826534482146679,min_cost_max_flow,13,24,13,0,44,2
move,"['move', 24, 2, 8]",True,3120,1.4139292684484803,0.0,2.053781487526645,0.6398522190781647,1.0871974766814674,1.6651962675317908,min_cost_max_flow,37,24,37,2,160,8
move,"['move', 24, 0, 1]",True,3120,1.7942331685005026,0.0,2.053781487526645,0.25954831902614245,0.13841431049877428,0.3474736359569936,min_cost_max_flow,15,24,15,0,32,1
move,"['move', 24, 6, 4]",True,3120,1.3308614798711655,0.0,2.053781487526645,0.7229200076554795,1.295544839449576,1.2132687176507542,min_cost_max_flow,113,24,113,6,74,4
move,"['move', 24, 2, 4]",True,3120,1.5248909677886728,0.0,2.053781487526645,0.5288905197379723,0.810882778128871,0.9388297356088289,min_cost_max_flow,40,24,40,2,77,4
move,"['move', 24, 4, 6]",True,3130,1.8487032034100266,0.0,2.5057715637852085,0.657068360375182,1.1310563316510525,1.1195284495040243,min_cost_max_flow,74,24,74,4,113,6
move,"['move', 24, 4, 5]",True,3130,1.6407038007437835,0.0,2.5057715637852085,0.8650677630414249,1.6507554717863968,1.3191061363456908,min_cost_max_flow,77,24,77,4,106,5
move,"['move', 24, 2, 7]",True,3130,1.6008180866444168,0.0,2.5057715637852085,0.9049534771407918,1.7479791062578443,2.979539987659109,min_cost_max_flow,43,24,43,2,129,7
move,"['move', 24, 8, 6]",True,3130,1.7656602517638742,0.0,2.5057715637852085,0.7401113120213344,1.3370684126821288,2.183060505707239,min_cost_max_flow,160,24,160,8,119,6
move,"['move', 24, 7, 9]",True,3140,1.7399076417856776,0.0,2.2810995210666722,0.5411918792809945,0.8415855724815628,0.9725660721845436,min_cost_max_flow,129,24,129,7,166,9
move,"['move', 24, 1, 8]",True,3140,1.5304868122253539,0.0,2.2810995210666722,0.7506127088413183,1.3635233798595436,2.048743754070253,min_cost_max_flow,32,24,32,1,160,8
move,"['move', 24, 3, 9]",True,3140,1.5952493381957948,0.0,2.2810995210666722,0.6858501828708774,1.200769939867314,2.613493798155307,min_cost_max_flow,61,24,61,3,171,9
move,"['move', 24, 6, 9]",True,3140,1.6436102085712747,0.0,2.2810995210666722,0.6374893124953976,1.0810414087645768,1.8310639075139328,min_cost_max_flow,113,24,113,6,172,9
move,"['move', 24, 9, 7]",True,3150,1.6512163457347815,0.0,2.203141850731092,0.5579991482463103,0.8834422625768639,1.080220950843463,min_cost_max_flow,166,24,166,9,129,7
move,"['move', 24, 5, 1]",True,3150,1.4633309037141125,0.0,2.203141850731092,0.7398109470169795,1.3366155494295526,1.9843610001663996,min_cost_max_flow,106,24,106,5,32,1
move,"['move', 24, 9, 1]",True,3150,1.5106225066454608,0.0,2.203141850731092,0.6925193440856309,1.2187628942083393,1.7334595953941836,min_cost_max_flow,171,24,171,9,22,1
move,"['move', 24, 6, 7]",True,3150,1.515509924268152,0.0,2.203141850731092,0.6876319264629397,1.2066969384541153,1.6317340603914465,min_cost_max_flow,119,24,119,6,131,7
move,"['move', 24, 7, 6]",True,3160,2.784686048380091,0.0,3.1064466980661662,0.3217606496860754,0.2934910842923273,0.6501755401431372,min_cost_max_flow,129,24,129,7,113,6
move,"['move', 24, 7, 5]",True,3160,2.275778995634915,0.0,3.1064466980661662,0.8306677024312513,1.5631257522800297,2.4054847903012306,min_cost_max_flow,131,24,131,7,106,5
move,"['move', 24, 9, 5]",True,3160,2.219422781400971,0.0,3.1064466980661662,0.8870239166651955,1.703837782060873,2.5244886596460607,min_cost_max_flow,172,24,172,9,108,5
move,"['move', 24, 2, 6]",True,3160,2.5448122776110713,0.0,3.1064466980661662,0.5616344204550948,0.8921230553060013,1.351812812726096,min_cost_max_flow,44,24,44,2,119,6
move,"['move', 24, 1, 2]",True,3170,3.0928723093830177,0.0,3.407271163403343,0.31439885402032525,0.2751400263805408,0.6145547050839817,min_cost_max_flow,22,24,22,1,37,2
move,"['move', 24, 5, 7]",True,3170,2.7352124386459966,0.0,3.407271163403343,0.6720587247573465,1.1682432957532,1.3121596850130506,min_cost_max_flow,106,24,106,5,129,7
move,"['move', 24, 3, 2]",True,3170,2.7686904958216316,0.0,3.407271163403343,0.6385806675817114,1.0840245531690016,1.661226115086827,min_cost_max_flow,62,24,62,3,38,2
move,"['move', 24, 3, 4]",True,3170,2.561874106898872,0.0,3.407271163403343,0.8453970565044712,1.6000140471442137,2.3622116695451347,min_cost_max_flow,63,24,63,3,90,4
move,"['move', 24, 7, 3]",True,3180,2.257795507822092,0.0,2.8036503860674458,0.5458548782453537,0.8521447110178997,1.7048053218920736,min_cost_max_flow,129,24,129,7,59,3
move,"['move', 24, 1, 0]",True,3180,2.058784645590383,0.0,2.8036503860674458,0.7448657404770628,1.3493393574244692,1.9264781036940393,min_cost_max_flow,32,24,32,1,3,0
move,"['move', 24, 4, 9]",True,3180,1.5694174815907747,0.0,2.8036503860674458,1.2342329044766711,2.571179669495905,2.9782100554176374,min_cost_max_flow,90,24,90,4,171,9
move,"['move', 24, 8, 9]",True,3180,2.2077938135821378,0.0,2.8036503860674458,0.5958565724853081,0.9777517167494807,1.3029585674287807,min_cost_max_flow,160,24,160,8,172,9
move,"['move', 24, 9, 8]",True,3190,1.039299463384923,0.0,1.6814695925308443,0.6421701291459213,1.0932102132210275,1.519888687419625,min_cost_max_flow,171,24,171,9,160,8
move,"['move', 24, 5, 8]",True,3190,0.9026726487179889,0.0,1.6814695925308443,0.7787969438128554,1.43370150591727,2.237051334814581,min_cost_max_flow,108,24,108,5,148,8
move,"['move', 24, 3, 4]",True,3190,0.9439195449014582,0.0,1.6814695925308443,0.737550047629386,1.3322919107777125,1.0986211220706341,min_cost_max_flow,59,24,59,3,90,4
move,"['move', 24, 0, 4]",True,3190,1.0319990634675253,0.0,1.6814695925308443,0.7247916590633189,1.2992478234846203,1.8640317073534605,min_cost_max_flow,3,24,3,0,74,4
move,"['move', 24, 9, 3]",True,3200,1.108678105886415,0.0,2.0540192865772107,0.9453411806907955,1.8501885318182758,2.1527621973774926,min_cost_max_flow,172,24,172,9,59,3
move,"['move', 24, 4, 3]",True,3200,1.5021741540452633,0.0,2.0540192865772107,0.5518451325319473,0.8676748181896983,1.3351576850157059,min_cost_max_flow,74,24,74,4,61,3
move,"['move', 24, 4, 1]",True,3200,1.1993854158712716,0.0,2.0540192865772107,0.8546338707059392,1.624913082774583,1.1575449184122133,min_cost_max_flow,90,24,90,4,32,1
move,"['move', 24, 6, 3]",True,3200,1.5482067996032662,0.0,2.0540192865772107,0.5393408404739443,0.8370691573763906,0.8984447972157301,min_cost_max_flow,113,24,113,6,62,3
move,"['move', 24, 8, 4]",True,3210,1.7900591480638315,0.0,2.799856573028986,1.043073762298488,2.0936374247976346,2.741136223959357,min_cost_max_flow,148,24,148,8,90,4
move,"['move', 24, 8, 7]",True,3210,2.102874154712266,0.0,2.799856573028986,0.69698241831672,1.2302461934777966,1.5163838009046682,min_cost_max_flow,160,24,160,8,129,7
move,"['move', 24, 2, 5]",True,3210,2.2380107472993807,0.0,2.799856573028986,0.5618458257296054,0.8929749485469074,1.1362261096396287,min_cost_max_flow,37,24,37,2,106,5
move,"['move', 24, 1, 4]",True,3210,2.1443165390032632,0.0,2.799856573028986,0.6555400340257231,1.1265010157840152,1.609195111764084,min_cost_max_flow,32,24,32,1,74,4
move,"['move', 24, 7, 1]",True,3220,1.3276809807325898,0.0,2.200743373666686,0.8730623929340965,1.6694535988171992,2.178071270263528,min_cost_max_flow,129,24,129,7,32,1
move,"['move', 24, 4, 8]",True,3220,1.437243859073635,0.0,2.200743373666686,0.7634995145930513,1.3958909818538814,1.948352010733679,min_cost_max_flow,74,24,74,4,160,8
move,"['move', 24, 6, 8]",True,3220,1.7726769421932087,0.0,2.200743373666686,0.4280664314734774,0.5587509841898282,0.9865452541459442,min_cost_max_flow,119,24,119,6,151,8
move,"['move', 24, 4, 9]",True,3220,0.999773441341921,0.0,2.200743373666686,1.2009699323247651,2.4889839490351733,2.3370701093953663,min_cost_max_flow,90,24,90,4,171,9
move,"['move', 24, 2, 6]",True,3230,1.189644441970466,0.0,1.979879746846704,0.7902353048762382,1.462309353530145,2.2290880318692023,min_cost_max_flow,38,24,38,2,119,6
move,"['move', 24, 5, 7]",True,3230,1.1433202907163782,0.0,1.979879746846704,0.8365594561303259,1.5794035496473953,1.3732093771820186,min_cost_max_flow,106,24,106,5,129,7
move,"['move', 24, 3, 6]",True,3230,1.3733240045914332,0.0,1.979879746846704,0.6065557422552706,1.0039566249797645,1.6649693638437069,min_cost_max_flow,59,24,59,3,109,6
move,"['move', 24, 0, 6]",True,3230,1.2650100332690668,0.0,1.979879746846704,0.7148697135776371,1.274386621433223,1.901590598815511,min_cost_max_flow,16,24,16,0,111,6
move,"['move', 24, 9, 0]",True,3240,1.3920619081190067,0.0,1.908628513634791,0.5165666055157843,0.7795527054331615,1.2856878291018805,min_cost_max_flow,171,24,171,9,7,0
move,"['move', 24, 7, 0]",True,3240,1.0390014862766006,0.0,1.908628513634791,0.8696270273581902,1.6615135491265391,1.7458284375266275,min_cost_max_flow,129,24,129,7,9,0
move,"['move', 24, 6, 0]",True,3240,0.9864097030972158,0.0,1.908628513634791,0.9222188105375752,1.7931651180697372,1.6310877743695502,min_cost_max_flow,109,24,109,6,14,0
move,"['move', 24, 1, 0]",True,3240,1.6050621188571175,0.0,1.908628513634791,0.3035663947776735,0.2482195746670186,0.50742377634582,min_cost_max_flow,32,24,32,1,15,0
move,"['move', 24, 8, 1]",True,3250,1.3036772972792559,0.0,2.133630478209635,0.8299531809303792,1.5613353638873377,2.4082078839755434,min_cost_max_flow,151,24,151,8,32,1
move,"['move', 24, 8, 5]",True,3250,1.2010477347761679,0.0,2.133630478209635,0.9325827434334671,1.818492474303639,2.0194051115881653,min_cost_max_flow,160,24,160,8,95,5
move,"['move', 24, 0, 5]",True,3250,1.1821799241404158,0.0,2.133630478209635,0.9514505540692194,1.8648932303149195,2.531918830321718,min_cost_max_flow,7,24,7,0,106,5
move,"['move', 24, 3, 1]",True,3250,1.520203870917952,0.0,2.133630478209635,0.6134266072916831,1.021242185968731,1.5927037652199707,min_cost_max_flow,61,24,61,3,22,1
move,"['move', 24, 1, 2]",True,3260,2.7128648459151865,0.0,3.031617453658411,0.3187526077432246,0.28587995416819467,0.7108590514803149,min_cost_max_flow,22,24,22,1,38,2
move,"['move', 24, 3, 2]",True,3260,2.477453583075052,0.0,3.031617453658411,0.554163870583359,0.8736732993456826,1.2007336667122641,min_cost_max_flow,62,24,62,3,40,2
move,"['move', 24, 5, 4]",True,3260,2.115294173796378,0.0,3.031617453658411,0.9163232798620328,1.778758421580278,1.4096676414383291,min_cost_max_flow,95,24,95,5,90,4
move,"['move', 24, 5, 2]",True,3260,1.9923062330011971,0.0,3.031617453658411,1.039311220657214,2.085177885946905,2.109926055655865,min_cost_max_flow,106,24,106,5,42,2
move,"['move', 24, 1, 3]",True,3270,1.4592758640177665,0.0,2.2088086056840486,0.7495327416662821,1.3602058882497658,2.4604595355288374,min_cost_max_flow,32,24,32,1,59,3
move,"['move', 24, 4, 5]",True,3270,1.2949901653433225,0.0,2.2088086056840486,0.9138184403407262,1.7725078067123832,1.4020116845238833,min_cost_max_flow,90,24,90,4,95,5
move,"['move', 24, 2, 3]",True,3270,1.6239776795798582,0.0,2.2088086056840486,0.5848309261041904,0.9501370492434944,1.3366596028900024,min_cost_max_flow,38,24,38,2,61,3
move,"['move', 24, 0, 3]",True,3270,1.2053370298545931,0.0,2.2088086056840486,1.0034715758294555,1.9935367245416273,3.4712922795766397,min_cost_max_flow,9,24,9,0,62,3
move,"['move', 24, 2, 1]",True,3280,1.7753414798469143,0.0,2.3579416782642033,0.5826001984172889,0.9437713185980101,1.862600555043727,min_cost_max_flow,40,24,40,2,32,1
move,"['move', 24, 5, 4]",True,3280,1.7691308349916306,0.0,2.3579416782642033,0.5888108432725726,0.9605262393524754,1.0437281442063733,min_cost_max_flow,95,24,95,5,74,4
move,"['move', 24, 6, 1]",True,3280,1.7140451481987897,0.0,2.3579416782642033,0.6438965300654135,1.0959949659954873,2.5407217035998606,min_cost_max_flow,111,24,111,6,22,1
move,"['move', 24, 0, 1]",True,3280,1.4796694669378154,0.0,2.3579416782642033,0.878272211326388,1.6837542402136023,1.3273409931473306,min_cost_max_flow,14,24,14,0,26,1
move,"['move', 24, 4, 7]",True,3290,2.3470892614400185,0.0,2.802094609542871,0.4550053481028524,0.6251046211473295,1.6489816647701845,min_cost_max_flow,74,24,74,4,129,7
move,"['move', 24, 2, 5]",True,3290,1.8897834595786795,0.0,2.802094609542871,0.9123111499641915,1.7697068071138347,0.7571941226650419,min_cost_max_flow,42,24,42,2,95,5
move,"['move', 24, 1, 8]",True,3290,1.7885318945985027,0.0,2.802094609542871,1.0135627149443684,2.0191859535334515,3.1903714765488873,min_cost_max_flow,22,24,22,1,160,8
move,"['move', 24, 1, 5]",True,3290,1.918709229292599,0.0,2.802094609542871,0.8833853802502724,1.6943469909456326,2.7874553782678566,min_cost_max_flow,26,24,26,1,106,5
move,"['move', 24, 7, 2]",True,3300,1.6798038112816815,0.0,2.3522022772179842,0.6723984659363027,1.1670002508035395,2.707091616380469,min_cost_max_flow,129,24,129,7,37,2
move,"['move', 24, 1, 2]",True,3300,1.7584216116798572,0.0,2.3522022772179842,0.593780665538127,0.9715646426047897,1.9678297519208636,min_cost_max_flow,32,24,32,1,40,2
move,"['move', 24, 8, 9]",True,3300,1.4680213010489758,0.0,2.3522022772179842,0.8841809761690086,1.6970910933450796,2.2840469765302753,min_cost_max_flow,160,24,160,8,166,9
move,"['move', 24, 3, 2]",True,3300,1.7811148237445589,0.0,2.3522022772179842,0.5710874534734253,0.9172808525108849,0.33500304002112735,min_cost_max_flow,59,24,59,3,42,2
move,"['move', 24, 9, 8]",True,3310,1.3554776136280675,0.0,2.2019181859236507,0.8464405722955831,1.6028377993570757,2.2189031794903054,min_cost_max_flow,166,24,166,9,160,8
move,"['move', 24, 2, 8]",True,3310,1.5278794815079215,0.0,2.2019181859236507,0.6740387044157293,1.1722360981439124,1.9502575218428586,min_cost_max_flow,37,24,37,2,148,8
move,"['move', 24, 5, 1]",True,3310,1.3258829451900707,0.0,2.2019181859236507,0.87603524073358,1.676833212513884,2.213075138279715,min_cost_max_flow,95,24,95,5,32,1
move,"['move', 24, 2, 4]",True,3310,1.7804974017063664,0.0,2.2019181859236507,0.4214207842172843,0.5422764364193426,0.8934983408144341,min_cost_max_flow,40,24,40,2,74,4
move,"['move', 17, 0, 4]",True,3320,1.7772817378262147,0.0,2.426910524677335,0.6496287868511201,1.1219627358950675,1.4210551000220781,min_cost_max_flow,8,17,8,0,77,4
move,"['move', 17, 5, 4]",True,3320,1.8154328975770744,0.0,2.426910524677335,0.6114776271002603,1.0271578522806522,1.0390445915326878,min_cost_max_flow,95,17,95,5,82,4
move,"['move', 17, 6, 4]",True,3320,1.7879369865863735,0.0,2.426910524677335,0.6389735380909614,1.0957018191329553,1.1695850078321772,min_cost_max_flow,118,17,118,6,87,4
move,"['move', 17, 7, 4]",True,3320,1.6509823661512009,0.0,2.426910524677335,0.775928158526134,1.4370567938676686,1.8573025766444413,min_cost_max_flow,136,17,136,7,88,4
move,"['move', 24, 4, 7]",True,3330,1.6608061222549488,0.0,2.0528361839769205,0.39203006172197163,0.46851564064854756,1.0828246958234136,min_cost_max_flow,74,24,74,4,129,7
move,"['move', 24, 2, 0]",True,3330,1.3341121141540064,0.0,2.0528361839769205,0.7187240698229141,1.2852136037909077,1.1075294358206769,min_cost_max_flow,42,24,42,2,3,0
move,"['move', 24, 5, 0]",True,3330,1.0185027811663803,0.0,2.0528361839769205,1.0343334028105402,2.0715824442449957,2.877190779138777,min_cost_max_flow,106,24,106,5,7,0
move,"['move', 24, 1, 9]",True,3330,1.1727578602447748,0.0,2.0528361839769205,0.8800783237321456,1.6870906672411365,2.1132436510539274,min_cost_max_flow,32,24,32,1,166,9
move,"['move', 24, 7, 4]",True,3340,3.6324601230890723,0.0,4.006164451882566,0.3737043287934938,0.4229449194681365,0.9204172686344013,min_cost_max_flow,129,24,129,7,74,4
move,"['move', 24, 9, 5]",True,3340,3.2062015215388135,0.0,4.006164451882566,0.7999629303437524,1.4878644811178674,1.4050454192447037,min_cost_max_flow,166,24,166,9,95,5
move,"['move', 24, 6, 5]",True,3340,3.593070630878924,0.0,4.006164451882566,0.5080909528786418,0.7589934685383923,0.8657580303771206,min_cost_max_flow,119,24,119,6,106,5
move,"['move', 24, 8, 4]",True,3340,3.0245751680919897,0.0,4.006164451882566,0.9815892837905763,1.9397495815574075,2.858900870924529,min_cost_max_flow,148,24,148,8,89,4
move,"['move', 24, 4, 6]",True,3350,1.6786685230023537,0.0,2.1313185666214194,0.45265004361906563,0.6203033501224127,0.9243215417367163,min_cost_max_flow,74,24,74,4,113,6
move,"['move', 24, 4, 2]",True,3350,1.4601209402774935,0.0,2.1313185666214194,0.671197626343926,1.1662073768893606,1.234274905205085,min_cost_max_flow,89,24,89,4,37,2
move,"['move', 24, 3, 2]",True,3350,1.6434110128420674,0.0,2.1313185666214194,0.49255927452935205,0.7202963619347429,0.7776985173272315,min_cost_max_flow,62,24,62,3,40,2
move,"['move', 24, 5, 6]",True,3350,1.4921903996345782,0.0,2.1313185666214194,0.639128166986841,1.0858289085444994,1.3708215399710535,min_cost_max_flow,95,24,95,5,118,6
move,"['move', 24, 8, 4]",True,3360,1.890813022404569,0.0,2.7256087543506524,0.8347957319460834,1.5737455325870542,2.2056804436718163,min_cost_max_flow,160,24,160,8,74,4
move,"['move', 24, 0, 7]",True,3360,2.3558020824253574,0.0,2.7256087543506524,0.36980667192529515,0.4136117373564048,0.6464438961244712,min_cost_max_flow,3,24,3,0,129,7
move,"['move', 24, 3, 7]",True,3360,2.170590001198506,0.0,2.7256087543506524,0.5550187531521465,0.8752896068326663,1.54799962336907,min_cost_max_flow,61,24,61,3,131,7
move,"['move', 24, 6, 7]",True,3360,2.1190747270530386,0.0,2.7256087543506524,0.606534027297614,1.0044121883329353,1.325068865635179,min_cost_max_flow,113,24,113,6,136,7
move,"['move', 24, 7, 3]",True,3370,1.0028891702047438,0.0,1.5256941651082143,0.5228049949034704,0.795885173654824,0.794691327470307,min_cost_max_flow,129,24,129,7,59,3
move,"['move', 24, 7, 8]",True,3370,0.6888824210488637,0.0,1.5256941651082143,0.8368117440593507,1.5788135343318572,2.1870328025818453,min_cost_max_flow,131,24,131,7,160,8
move,"['move', 24, 5, 3]",True,3370,0.916108253902166,0.0,1.5256941651082143,0.6095859112060483,1.011339780918206,1.7931469895120915,min_cost_max_flow,106,24,106,5,61,3
move,"['move', 24, 7, 1]",True,3370,0.9780631023694183,0.0,1.5256941651082143,0.547631062738796,0.8565970161143923,1.6969094133007192,min_cost_max_flow,136,24,136,7,32,1
move,"['move', 26, 7, 6]",True,3380,2.840416094673182,0.0,1.375184549883499,0.5347684552103166,0.9766737199242925,1.1511838637714966,min_cost_max_flow,137,26,137,7,113,6
move,"['move', 26, 7, 4]",True,3380,0.7819552069059909,0.0,1.375184549883499,0.5932293429775081,1.1226331707948702,1.2796962287053113,min_cost_max_flow,143,26,143,7,89,4
move,"['move', 28, 4, 0]",True,3380,1.3689809228163214,0.0,2.133942682294917,0.7649617594785953,1.5624107749317773,1.323933164702859,min_cost_max_flow,75,28,75,4,13,0
move,"['move', 28, 5, 0]",True,3380,1.6469518162573809,0.0,2.133942682294917,0.48699086603753605,0.8679516642077942,1.011851245592666,min_cost_max_flow,97,28,97,5,3,0
move,"['move', 24, 6, 5]",True,3390,2.63896281691356,0.0,3.2553623034327153,0.6163994865191549,1.0292664097214583,1.198019975854927,min_cost_max_flow,118,24,118,6,95,5
move,"['move', 24, 2, 9]",True,3390,2.4845322480111256,0.0,3.2553623034327153,0.7708300554215896,1.4141904104326386,1.9663010057925272,min_cost_max_flow,37,24,37,2,166,9
move,"['move', 24, 4, 7]",True,3390,2.91086205891295,0.0,3.2553623034327153,0.3445002445197654,0.35031343824084615,0.6679309639472822,min_cost_max_flow,74,24,74,4,129,7
move,"['move', 24, 0, 7]",True,3390,2.5805292497507164,0.0,3.2553623034327153,0.674833053681999,1.1746590389375342,1.6588791032110386,min_cost_max_flow,7,24,7,0,131,7
move,"['move', 24, 7, 6]",True,3400,2.411130846597896,0.0,2.9555071880527595,0.5443763414548638,0.8485709464439424,1.6230870537136752,min_cost_max_flow,129,24,129,7,118,6
move,"['move', 24, 7, 4]",True,3400,2.5504826316398015,0.0,2.9555071880527595,0.40502455641295815,0.5013123541430105,0.8758401844922971,min_cost_max_flow,131,24,131,7,74,4
move,"['move', 24, 9, 5]",True,3400,2.1866340991228936,0.0,2.9555071880527595,0.7688730889298657,1.4102060340665048,1.360941097008458,min_cost_max_flow,166,24,166,9,97,5
move,"['move', 24, 1, 6]",True,3400,2.312269491738398,0.0,2.9555071880527595,0.6432376963143615,1.0952200588872074,1.959270190699783,min_cost_max_flow,32,24,32,1,110,6
move,"['move', 24, 4, 7]",True,3410,1.648362728685695,0.0,2.429540621461121,0.7811778927754262,1.4398354765726253,2.1159858355290284,min_cost_max_flow,74,24,74,4,129,7
move,"['move', 24, 2, 9]",True,3410,1.5990569764102904,0.0,2.429540621461121,0.8304836450508305,1.5630120326386532,2.174535583850927,min_cost_max_flow,40,24,40,2,166,9
move,"['move', 24, 0, 7]",True,3410,1.5654602206689434,0.0,2.429540621461121,0.8640804007921775,1.6468172457316541,2.29898642409537,min_cost_max_flow,15,24,15,0,131,7
move,"['move', 24, 5, 9]",True,3410,1.6962827070086135,0.0,2.429540621461121,0.7332579144525077,1.3206765896757133,1.688613228606135,min_cost_max_flow,95,24,95,5,172,9
move,"['move', 24, 7, 2]",True,3420,2.07106737165077,0.0,2.8821063413850956,0.8110389697343255,1.5140177286375547,2.429612723741591,min_cost_max_flow,129,24,129,7,37,2
move,"['move', 24, 7, 4]",True,3420,2.0431459781161956,0.0,2.8821063413850956,0.8389603632689001,1.5840831382447504,2.254995543235334,min_cost_max_flow,131,24,131,7,74,4
move,"['move', 24, 9, 2]",True,3420,2.2385085245669414,0.0,2.8821063413850956,0.6435978168181541,1.09756630074844,0.9953097895323397,min_cost_max_flow,166,24,166,9,40,2
move,"['move', 24, 9, 4]",True,3420,2.1167128224588487,0.0,2.8821063413850956,0.7653935189262467,1.4002288257543114,2.2131299657727985,min_cost_max_flow,172,24,172,9,75,4
move,"['move', 24, 8, 0]",True,3430,0.9056323184941827,0.0,1.8261883134100663,0.9205559949158836,1.7872057447530096,2.8326439493682414,min_cost_max_flow,160,24,160,8,7,0
move,"['move', 24, 4, 0]",True,3430,1.041785255116733,0.0,1.8261883134100663,0.7844030582933333,1.4480875077788369,1.9899075612332018,min_cost_max_flow,74,24,74,4,8,0
move,"['move', 24, 3, 0]",True,3430,0.9747672751356872,0.0,1.8261883134100663,0.887861756649379,1.7071538136369782,1.710200915881774,min_cost_max_flow,59,24,59,3,9,0
move,"['move', 24, 4, 7]",True,3430,1.027262185382682,0.0,1.8261883134100663,0.7989261280273844,1.4835715108420118,2.53902174253495,min_cost_max_flow,75,24,75,4,129,7
move,"['move', 24, 7, 4]",True,3440,2.4954236434304398,0.0,3.330006764918945,0.8345831214885054,1.5749040247974335,1.0790015407889393,min_cost_max_flow,129,24,129,7,90,4
move,"['move', 24, 6, 8]",True,3440,2.6363765830961152,0.0,3.330006764918945,0.6936301818228298,1.2219693547667703,1.447215451771564,min_cost_max_flow,110,24,110,6,160,8
move,"['move', 24, 2, 1]",True,3440,2.895569293624325,0.0,3.330006764918945,0.43443747129462024,0.5746470559097361,1.0075638094453596,min_cost_max_flow,37,24,37,2,32,1
move,"['move', 24, 5, 4]",True,3440,2.7010741260870916,0.0,3.330006764918945,0.6289326388318535,1.0602957619048539,1.4003723747555004,min_cost_max_flow,97,24,97,5,74,4
add,"['add', 26, None, 2]",True,3450,1.571054751883743,0.0,1.7340366539746261,0.16298190209088304,0.09869366889324738,0.16029601874571825,min_cost_max_flow,1,26,,,37,2
add,"['add', 26, None, 7]",True,3450,1.5280538155150323,0.0,1.7340366539746261,0.20598283845959398,0.20582019967696397,0.4108361107862311,min_cost_max_flow,113,26,,,129,7
add,"['add', 26, None, 3]",True,3450,1.5133934003431648,0.0,1.7340366539746261,0.22064325363146137,0.2424353650349076,0.4347511586028145,min_cost_max_flow,99,26,,,62,3
move,"['move', 24, 6, 5]",True,3450,1.0543271699207246,0.0,1.4540024040195418,0.39967523409881717,0.4881815841799835,0.7141496362753227,min_cost_max_flow,118,24,118,6,97,5
move,"['move', 24, 4, 6]",True,3460,2.1593625417566398,0.0,2.887460367732036,0.7280978259753962,1.3077751034943503,1.6894565543290616,min_cost_max_flow,74,24,74,4,118,6
move,"['move', 24, 1, 6]",True,3460,2.2703700789914727,0.0,2.887460367732036,0.6170902887405634,1.0298331207886804,1.9715496333876141,min_cost_max_flow,32,24,32,1,119,6
move,"['move', 24, 8, 7]",True,3460,2.1358365061648916,0.0,2.887460367732036,0.7516238615671443,1.3664642654475756,1.7734079050925748,min_cost_max_flow,160,24,160,8,131,7
move,"['move', 24, 0, 9]",True,3460,2.309668556285706,0.0,2.887460367732036,0.5777918114463295,0.9329643941891845,1.0532385426616309,min_cost_max_flow,7,24,7,0,171,9
move,"['move', 24, 9, 5]",True,3470,0.8618694767770786,0.0,1.6134948635520194,0.7516253867749408,1.3657912389098783,2.2246342765514497,min_cost_max_flow,171,24,171,9,106,5
move,"['move', 24, 7, 5]",True,3470,1.1137121107545749,0.0,1.6134948635520194,0.49978275279744466,0.7375547839183128,1.311214308435026,min_cost_max_flow,131,24,131,7,108,5
move,"['move', 24, 6, 8]",True,3470,0.8398202764430248,0.0,1.6134948635520194,0.7736745871089946,1.4204621748503996,2.526010872960283,min_cost_max_flow,118,24,118,6,160,8
move,"['move', 24, 6, 5]",True,3470,0.7977222411115105,0.0,1.6134948635520194,0.815772622440509,1.5274535001299228,1.3618529058020543,min_cost_max_flow,119,24,119,6,91,5
move,"['move', 24, 4, 6]",True,3480,1.3129288978381966,0.0,2.2798160848199025,0.9668871869817058,1.9048836716174264,1.5993461494610872,min_cost_max_flow,90,24,90,4,118,6
move,"['move', 24, 2, 1]",True,3480,1.7492354122487617,0.0,2.2798160848199025,0.5305806725711408,0.8142781010246836,1.492202527014689,min_cost_max_flow,40,24,40,2,32,1
move,"['move', 24, 8, 6]",True,3480,1.5590132272824402,0.0,2.2798160848199025,0.7208028575374622,1.28901833047712,2.0356911692592083,min_cost_max_flow,160,24,160,8,119,6
move,"['move', 24, 5, 7]",True,3480,1.7105528613668226,0.0,2.2798160848199025,0.56926322345308,0.9110379672201816,1.4565431999146035,min_cost_max_flow,91,24,91,5,131,7
move,"['move', 24, 7, 2]",True,3490,2.2944905929463837,0.0,3.0275265367915063,0.7330359438451225,1.3180382038262906,3.077586115912866,min_cost_max_flow,131,24,131,7,38,2
move,"['move', 24, 1, 2]",True,3490,2.428808254665917,0.0,3.0275265367915063,0.5987182821255895,0.9844499633909436,1.6069768735890995,min_cost_max_flow,32,24,32,1,40,2
move,"['move', 24, 5, 2]",True,3490,2.4974457938436663,0.0,3.0275265367915063,0.5300807429478402,0.8138405253121164,0.9507036298918551,min_cost_max_flow,97,24,97,5,43,2
move,"['move', 24, 5, 4]",True,3490,2.331872776406122,0.0,3.0275265367915063,0.6956537603853844,1.2281387531402288,0.706914140390583,min_cost_max_flow,106,24,106,5,90,4
move,"['move', 24, 4, 8]",True,3500,1.5296438594393518,0.0,2.4273070968766164,0.8976632374372645,1.732034457694681,1.4589061905556624,min_cost_max_flow,90,24,90,4,160,8
move,"['move', 24, 3, 7]",True,3500,1.6958705112592902,0.0,2.4273070968766164,0.7314365856173263,1.3162038005975774,1.6349245553945653,min_cost_max_flow,61,24,61,3,131,7
move,"['move', 24, 2, 7]",True,3500,1.5619747368952703,0.0,2.4273070968766164,0.8653323599813459,1.649584999999206,2.5404155610078853,min_cost_max_flow,38,24,38,2,135,7
move,"['move', 24, 6, 7]",True,3500,2.1515797333424342,0.0,2.4273070968766164,0.27572736353418215,0.17888246537768282,0.33377789675081626,min_cost_max_flow,118,24,118,6,136,7
move,"['move', 24, 7, 4]",True,3510,1.6751734871079105,0.0,2.5839144594830206,0.90874097237511,1.7582138646757812,2.468859766231259,min_cost_max_flow,131,24,131,7,90,4
move,"['move', 24, 7, 3]",True,3510,1.8299285061319068,0.0,2.5839144594830206,0.7539859533511138,1.3724871308877482,1.6949839182598492,min_cost_max_flow,135,24,135,7,59,3
move,"['move', 24, 8, 3]",True,3510,1.667270425597053,0.0,2.5839144594830206,0.9166440338859677,1.7776664813864045,2.6722178105788603,min_cost_max_flow,160,24,160,8,61,3
move,"['move', 24, 6, 3]",True,3510,2.0121197669063675,0.0,2.5839144594830206,0.5717946925766529,0.9173401505322545,1.4742028644875802,min_cost_max_flow,119,24,119,6,63,3
move,"['move', 24, 7, 6]",True,3520,1.9465376927338875,0.0,2.2046745303236035,0.25813683758971595,0.1350221022075857,0.256476769371918,min_cost_max_flow,136,24,136,7,119,6
move,"['move', 24, 4, 1]",True,3520,1.3402602068365241,0.0,2.2046745303236035,0.8644143234870795,1.6483110112021677,1.8596806019228997,min_cost_max_flow,90,24,90,4,32,1
move,"['move', 24, 3, 6]",True,3520,1.710894179754874,0.0,2.2046745303236035,0.4937803505687295,0.7225020446639974,1.3423700967866197,min_cost_max_flow,59,24,59,3,109,6
move,"['move', 24, 2, 1]",True,3520,1.8936957480902208,0.0,2.2046745303236035,0.3109787822333827,0.26649435606668703,0.678215269415584,min_cost_max_flow,40,24,40,2,22,1
move,"['move', 24, 1, 7]",True,3530,1.4406759678356327,0.0,2.279363223254923,0.8386872554192902,1.583544481844001,2.158920061051979,min_cost_max_flow,22,24,22,1,131,7
move,"['move', 24, 1, 4]",True,3530,1.3491792913574745,0.0,2.279363223254923,0.9301839318974486,1.8136544241351658,1.246752663872649,min_cost_max_flow,32,24,32,1,90,4
move,"['move', 24, 5, 4]",True,3530,1.7429950638304335,0.0,2.279363223254923,0.5363681594244895,0.8303181105802651,0.44467424554142027,min_cost_max_flow,108,24,108,5,74,4
move,"['move', 24, 6, 4]",True,3530,1.9408292230371458,0.0,2.279363223254923,0.3385340002177772,0.33528572524664924,0.742665790098213,min_cost_max_flow,109,24,109,6,75,4
move,"['move', 24, 3, 5]",True,3540,2.3617509030264947,0.0,2.6576446886294463,0.2958937856029514,0.22944416396785527,0.23668228458449422,min_cost_max_flow,61,24,61,3,97,5
move,"['move', 24, 4, 5]",True,3540,2.0545290064361734,0.0,2.6576446886294463,0.6031156821932729,0.9957510576859931,1.4019141230284053,min_cost_max_flow,74,24,74,4,106,5
move,"['move', 24, 7, 5]",True,3540,1.9001167911899657,0.0,2.6576446886294463,0.7575278974394807,1.3810528281028382,1.8877592554780422,min_cost_max_flow,131,24,131,7,108,5
move,"['move', 24, 2, 5]",True,3540,1.9446418307212965,0.0,2.6576446886294463,0.7130028579081499,1.270145586990111,1.6175207784114158,min_cost_max_flow,43,24,43,2,91,5
move,"['move', 24, 5, 2]",True,3550,2.119072876157779,0.0,2.654099875696945,0.5350269995391664,0.8257476328217308,1.2563929423591158,min_cost_max_flow,91,24,91,5,38,2
move,"['move', 24, 4, 2]",True,3550,2.194089641283452,0.0,2.654099875696945,0.460010234413493,0.6382184219037299,1.2479250115707239,min_cost_max_flow,75,24,75,4,40,2
move,"['move', 24, 3, 2]",True,3550,2.06199675568407,0.0,2.654099875696945,0.5921031200128751,0.9694047572120326,0.6118441383391542,min_cost_max_flow,63,24,63,3,42,2
move,"['move', 24, 6, 1]",True,3550,1.899898145443606,0.0,2.654099875696945,0.7542017302533391,1.3722341399043216,2.2232727442529545,min_cost_max_flow,119,24,119,6,32,1
move,"['move', 24, 1, 6]",True,3560,2.075054359542084,0.0,2.886051000848532,0.8109966413064483,1.514854523447866,1.8012021370720024,min_cost_max_flow,32,24,32,1,119,6
move,"['move', 24, 2, 6]",True,3560,2.1995119518941517,0.0,2.886051000848532,0.6865390489543804,1.2026553567338851,2.504659359613073,min_cost_max_flow,38,24,38,2,109,6
move,"['move', 24, 0, 7]",True,3560,2.2566331060686506,0.0,2.886051000848532,0.6294178947798814,1.0623360167373903,0.8489623997778108,min_cost_max_flow,8,24,8,0,131,7
move,"['move', 24, 4, 6]",True,3560,2.1510710552196706,0.0,2.886051000848532,0.7349799456288616,1.3250838323729113,1.6205033910639017,min_cost_max_flow,90,24,90,4,111,6
move,"['move', 24, 7, 4]",True,3570,1.1035999145992346,0.0,1.9827773214196545,0.8791774068204198,1.684265537551255,2.4951352580985517,min_cost_max_flow,131,24,131,7,90,4
move,"['move', 24, 2, 4]",True,3570,1.4878564363531877,0.0,1.9827773214196545,0.4949208850664669,0.7254034234283608,1.3090084167733689,min_cost_max_flow,40,24,40,2,74,4
move,"['move', 24, 6, 4]",True,3570,1.5643571763236563,0.0,1.9827773214196545,0.41842014509599806,0.5342950031990767,1.2133886188480503,min_cost_max_flow,109,24,109,6,75,4
move,"['move', 24, 5, 4]",True,3570,1.4533814588345104,0.0,1.9827773214196545,0.529395862585144,0.8118239167233696,1.1536420845625686,min_cost_max_flow,97,24,97,5,73,4
move,"['move', 24, 6, 7]",True,3580,1.9323122906453625,0.0,2.281166487706953,0.34885419706159043,0.36090516372496495,0.863368210909842,min_cost_max_flow,111,24,111,6,131,7
move,"['move', 24, 0, 7]",True,3580,1.6418473804154767,0.0,2.281166487706953,0.6393191072914762,1.086170980706811,1.4610072728219468,min_cost_max_flow,9,24,9,0,135,7
move,"['move', 24, 5, 7]",True,3580,1.4178148481814143,0.0,2.281166487706953,0.9637882589005385,1.8965955712264986,1.9598662748007365,min_cost_max_flow,108,24,108,5,136,7
move,"['move', 24, 2, 1]",True,3580,1.3900770406095737,0.0,2.281166487706953,0.891089447097379,1.7145028939121403,2.190298145773696,min_cost_max_flow,42,24,42,2,32,1
move,"['move', 17, 4, 5]",True,3590,2.0079110563342386,0.0,2.4272652211725405,0.4193541648383019,0.5481372459689737,0.18034502938761096,min_cost_max_flow,77,17,77,4,95,5
move,"['move', 17, 4, 1]",True,3590,1.6763500072133073,0.0,2.4272652211725405,0.7509152139592332,1.3741234473127406,2.1246260017618828,min_cost_max_flow,82,17,82,4,22,1
move,"['move', 17, 6, 5]",True,3590,1.8861774715105364,0.0,2.4272652211725405,0.541087749662004,0.8509173982238281,1.216218232321475,min_cost_max_flow,120,17,120,6,97,5
move,"['move', 17, 8, 5]",True,3590,1.4820882792279146,0.0,2.4272652211725405,0.972217091069626,1.9265115720409085,2.702338033637693,min_cost_max_flow,155,17,155,8,91,5
move,"['move', 24, 7, 2]",True,3600,1.522080576476434,0.0,2.215543510202038,0.6934629337256043,1.2208325022511417,1.9263703001482555,min_cost_max_flow,131,24,131,7,38,2
move,"['move', 24, 1, 2]",True,3600,1.623134158397472,0.0,2.215543510202038,0.5924093518045661,0.9681552395923063,1.9552422043082691,min_cost_max_flow,32,24,32,1,40,2
move,"['move', 24, 4, 3]",True,3600,1.49629063217117,0.0,2.215543510202038,0.7587076029058683,1.3853143038941198,1.0129511719361346,min_cost_max_flow,90,24,90,4,59,3
move,"['move', 24, 7, 3]",True,3600,1.37921792033529,0.0,2.215543510202038,0.8363255898667484,1.5772805819287896,2.3987440836232055,min_cost_max_flow,135,24,135,7,61,3
move,"['move', 24, 7, 0]",True,3610,1.1729760597695251,0.0,2.131038899112997,0.9580628393434721,1.883159691657056,1.3747533926517583,min_cost_max_flow,136,24,136,7,7,0
move,"['move', 24, 2, 0]",True,3610,1.6175397794783308,0.0,2.131038899112997,0.6218321595096664,1.0426541443666792,1.3273185298936214,min_cost_max_flow,38,24,38,2,8,0
move,"['move', 24, 6, 0]",True,3610,1.4629494995826011,0.0,2.131038899112997,0.7921754127803958,1.4673766711421194,2.0843894641488445,min_cost_max_flow,119,24,119,6,9,0
move,"['move', 24, 3, 8]",True,3610,1.3263780095672755,0.0,2.131038899112997,0.8046608895457216,1.4981224278963055,2.3963462369013535,min_cost_max_flow,59,24,59,3,160,8
move,"['move', 24, 8, 7]",True,3620,2.329817022178839,0.0,3.0331335792737066,0.7033165570948677,1.2454924453340936,1.9091138602860824,min_cost_max_flow,160,24,160,8,131,7
move,"['move', 24, 2, 6]",True,3620,2.228954254060741,0.0,3.0331335792737066,0.8041793252129655,1.497667236471898,1.8971999652462228,min_cost_max_flow,40,24,40,2,118,6
move,"['move', 24, 3, 1]",True,3620,2.4235805860089594,0.0,3.0331335792737066,0.6095529932647473,1.011391608939448,1.7037317398492746,min_cost_max_flow,61,24,61,3,32,1
move,"['move', 24, 5, 6]",True,3620,2.536514184227391,0.0,3.0331335792737066,0.4966193950463154,0.7302989537129179,0.8761715268161696,min_cost_max_flow,106,24,106,5,120,6
move,"['move', 24, 7, 2]",True,3630,2.6902653419927307,0.0,3.180540684933357,0.49027534294062614,0.7142998338022153,0.9688312911357498,min_cost_max_flow,131,24,131,7,40,2
move,"['move', 24, 1, 2]",True,3630,2.2651380041546645,0.0,3.180540684933357,0.9154026807786922,1.7749413818091853,2.420029016599279,min_cost_max_flow,32,24,32,1,42,2
move,"['move', 24, 4, 2]",True,3630,2.407692500741906,0.0,3.180540684933357,0.7728481841914506,1.419403725398297,1.8543056451221376,min_cost_max_flow,73,24,73,4,43,2
move,"['move', 24, 4, 5]",True,3630,2.6252326417206584,0.0,3.180540684933357,0.5553080432126982,0.8773271834361367,0.6717653219748296,min_cost_max_flow,74,24,74,4,95,5
move,"['move', 24, 4, 8]",True,3646,1.2130957780929315,0.0,2.0528936273633533,0.8397978492704218,1.5861428608259303,2.2776571583183345,min_cost_max_flow,75,24,75,4,155,8
move,"['move', 24, 6, 7]",True,3646,1.3015447806247744,0.0,2.0528936273633533,0.751348846738579,1.365422599876183,2.009493571745239,min_cost_max_flow,118,24,118,6,131,7
move,"['move', 24, 0, 1]",True,3646,1.244978839986175,0.0,2.0528936273633533,0.8079147873771783,1.5069126480157138,1.959362543056856,min_cost_max_flow,7,24,7,0,32,1
move,"['move', 24, 2, 8]",True,3646,1.2292515386175333,0.0,2.0528936273633533,0.8236420887458199,1.5458959543393576,2.182660608363797,min_cost_max_flow,40,24,40,2,160,8
move,"['move', 24, 7, 9]",True,3656,2.1192442828010103,0.0,2.660787979783702,0.541543696982692,0.8427213424947695,0.8017488995425495,min_cost_max_flow,131,24,131,7,166,9
move,"['move', 24, 1, 3]",True,3656,1.9606938850136282,0.0,2.660787979783702,0.7000940947700741,1.237491064282949,1.8725973530598252,min_cost_max_flow,32,24,32,1,59,3
move,"['move', 24, 0, 9]",True,3656,1.914173929908178,0.0,2.660787979783702,0.7466140498755242,1.3551034740521573,0.9975826826710401,min_cost_max_flow,8,24,8,0,172,9
move,"['move', 24, 6, 9]",True,3656,2.197242334774018,0.0,2.660787979783702,0.4635456450096841,0.6479864463690319,0.6282596950212733,min_cost_max_flow,120,24,120,6,173,9
move,"['move', 24, 9, 6]",True,3666,1.8508902987625087,0.0,2.581551501426667,0.7306612026641585,1.314465106355783,1.5017491279778588,min_cost_max_flow,166,24,166,9,118,6
move,"['move', 24, 9, 4]",True,3666,1.7759918442461853,0.0,2.581551501426667,0.8055596571804816,1.5004840789697482,2.31985824587298,min_cost_max_flow,172,24,172,9,74,4
move,"['move', 24, 8, 4]",True,3666,1.7905077083207104,0.0,2.581551501426667,0.7910437931059567,1.464839979998942,1.8894841022022062,min_cost_max_flow,155,24,155,8,75,4
move,"['move', 24, 9, 1]",True,3666,2.215197147817894,0.0,2.581551501426667,0.3663543536087732,0.40475322528072866,0.798254752371977,min_cost_max_flow,173,24,173,9,32,1
move,"['move', 24, 3, 9]",True,3676,0.8614751694201704,0.0,1.6882778041030821,0.8268026346829117,1.5550780303456122,1.3288531660133724,min_cost_max_flow,59,24,59,3,166,9
move,"['move', 24, 8, 9]",True,3676,1.1181644698003024,0.0,1.6882778041030821,0.5701133343027799,0.9137299679641728,1.0787274534200815,min_cost_max_flow,160,24,160,8,172,9
move,"['move', 24, 6, 9]",True,3676,1.2124122685361494,0.0,1.6882778041030821,0.4758655355669329,0.6776783757450175,1.366791039778833,min_cost_max_flow,118,24,118,6,173,9
move,"['move', 24, 2, 9]",True,3676,0.6294686290230547,0.0,1.6882778041030821,1.0588091750800275,2.133370488358196,2.4781151528175367,min_cost_max_flow,42,24,42,2,175,9
move,"['move', 24, 9, 7]",True,3686,2.427595852824468,0.0,3.0999882553906923,0.6723924025662241,1.1692798408621456,1.177259293845251,min_cost_max_flow,166,24,166,9,131,7
move,"['move', 24, 9, 6]",True,3686,2.6901290724303353,0.0,3.0999882553906923,0.40985918296035684,0.5131505958779599,1.0413899401905553,min_cost_max_flow,172,24,172,9,118,6
move,"['move', 24, 1, 6]",True,3686,2.389569670287592,0.0,3.0999882553906923,0.7104185851031005,1.262874014893896,2.1581141674723914,min_cost_max_flow,32,24,32,1,120,6
move,"['move', 24, 9, 8]",True,3686,2.7881509149934898,0.0,3.0999882553906923,0.3118373403972028,0.2694287759513827,0.1528656193185718,min_cost_max_flow,173,24,173,9,155,8
move,"['move', 24, 9, 3]",True,3696,1.031805770510184,0.0,1.9849773346847375,0.9531715641745536,1.8676129955638316,3.58709217327066,min_cost_max_flow,175,24,175,9,59,3
move,"['move', 24, 6, 3]",True,3696,1.4593766212952446,0.0,1.9849773346847375,0.5256007133894929,0.8012879562447779,1.8523670775385506,min_cost_max_flow,118,24,118,6,61,3
move,"['move', 24, 2, 3]",True,3696,1.4777862263881847,0.0,1.9849773346847375,0.5071911082965527,0.7564121601099032,1.0868893458880187,min_cost_max_flow,43,24,43,2,64,3
move,"['move', 24, 8, 3]",True,3696,1.2672973173011455,0.0,1.9849773346847375,0.7176800173835919,1.2815513251553057,1.808961127351759,min_cost_max_flow,155,24,155,8,65,3
move,"['move', 24, 7, 2]",True,3706,1.435532811306722,0.0,1.981024216758771,0.5454914054520491,0.851573361112969,1.4799172696715375,min_cost_max_flow,131,24,131,7,40,2
move,"['move', 24, 5, 2]",True,3706,1.1217153021599118,0.0,1.981024216758771,0.8593089145988592,1.6364959800994257,1.2273531900505128,min_cost_max_flow,95,24,95,5,43,2
move,"['move', 24, 4, 2]",True,3706,1.318785214321207,0.0,1.981024216758771,0.6622390024375641,1.1435196103411727,1.4284127600607097,min_cost_max_flow,74,24,74,4,44,2
move,"['move', 24, 3, 2]",True,3706,1.3751300280885403,0.0,1.981024216758771,0.6058941886702306,1.0030301816295832,1.180008955564454,min_cost_max_flow,59,24,59,3,47,2
move,"['move', 24, 3, 5]",True,3716,1.6100659959090216,0.0,2.204030160885206,0.5939641649761843,0.9736546801723307,0.8803037703223382,min_cost_max_flow,61,24,61,3,95,5
move,"['move', 24, 4, 5]",True,3716,1.3408870572979583,0.0,2.204030160885206,0.8631431035872478,1.6446699539519614,2.1683522690076873,min_cost_max_flow,75,24,75,4,106,5
move,"['move', 24, 3, 1]",True,3716,1.6874043121159255,0.0,2.204030160885206,0.5166258487692805,0.77989880113455,1.153696117336552,min_cost_max_flow,64,24,64,3,32,1
move,"['move', 24, 2, 5]",True,3716,1.6017153510940774,0.0,2.204030160885206,0.6023148097911287,0.9934592500503641,1.5949985432074791,min_cost_max_flow,40,24,40,2,92,5
move,"['move', 24, 1, 8]",True,3726,2.6380252160893036,0.0,3.1858073843207158,0.5477821682314122,0.857992524135625,1.018413220172557,min_cost_max_flow,32,24,32,1,155,8
move,"['move', 24, 3, 4]",True,3726,2.5558560723045014,0.0,3.1858073843207158,0.6299513120162142,1.0622865209370502,1.7709883272259663,min_cost_max_flow,65,24,65,3,74,4
move,"['move', 24, 5, 8]",True,3726,2.191100991745941,0.0,3.1858073843207158,1.000020272949775,1.9861971474820166,2.6121721865162333,min_cost_max_flow,95,24,95,5,160,8
move,"['move', 24, 0, 4]",True,3726,2.194719653765223,0.0,3.1858073843207158,0.9910877305554927,1.9642816606574343,2.334926079100533,min_cost_max_flow,9,24,9,0,75,4
move,"['move', 24, 8, 7]",True,3736,2.2028926242954907,0.0,2.9569994931498917,0.7541068688544009,1.3730092377081746,1.5484385434542056,min_cost_max_flow,155,24,155,8,131,7
move,"['move', 24, 4, 3]",True,3736,2.4527053154962153,0.0,2.9569994931498917,0.5042941776536765,0.749099215347087,1.1339681163052677,min_cost_max_flow,74,24,74,4,61,3
move,"['move', 24, 5, 3]",True,3736,2.385525839793568,0.0,2.9569994931498917,0.5714736533563239,0.9163520340443938,1.5978818225130134,min_cost_max_flow,92,24,92,5,63,3
move,"['move', 24, 8, 1]",True,3736,2.1746912456906893,0.0,2.9569994931498917,0.7823082474592024,1.4431214412106783,1.809267216454121,min_cost_max_flow,160,24,160,8,32,1
move,"['move', 24, 1, 0]",True,3746,0.9941881181762461,0.0,1.7596572936983348,0.7654691755220887,1.400102418512688,2.4234957865915656,min_cost_max_flow,32,24,32,1,7,0
move,"['move', 24, 7, 9]",True,3746,1.2116380003884122,0.0,1.7596572936983348,0.5480192933099227,0.8588992858785787,0.8091138557211299,min_cost_max_flow,131,24,131,7,166,9
move,"['move', 24, 5, 9]",True,3746,1.0087537331389869,0.0,1.7596572936983348,0.750903560559348,1.3630084401302156,2.8767897703386605,min_cost_max_flow,106,24,106,5,171,9
move,"['move', 24, 4, 9]",True,3746,0.8639383096062884,0.0,1.7596572936983348,0.8957189840920464,1.724489072279539,3.2487408919534064,min_cost_max_flow,75,24,75,4,172,9
move,"['move', 24, 9, 8]",True,3756,1.7692393275394454,0.0,2.650905574689048,0.8877398903996029,1.7069214502043906,1.6619994546469254,min_cost_max_flow,166,24,166,9,155,8
move,"['move', 24, 9, 5]",True,3756,1.8302129671243574,0.0,2.650905574689048,0.8206926075646909,1.5379929733971949,2.5355126012570075,min_cost_max_flow,171,24,171,9,106,5
move,"['move', 24, 9, 1]",True,3756,1.8924343170811317,0.0,2.650905574689048,0.7584712576079163,1.38349756837124,1.8301993572696225,min_cost_max_flow,172,24,172,9,32,1
move,"['move', 24, 3, 5]",True,3756,1.9511031947920485,0.0,2.650905574689048,0.6998023798969996,1.2365118791276473,2.039196001469994,min_cost_max_flow,61,24,61,3,108,5
move,"['move', 24, 0, 9]",True,3766,2.300433565024108,0.0,2.878017016369119,0.5775834513450113,0.9324490761791822,1.0495170471330897,min_cost_max_flow,7,24,7,0,171,9
move,"['move', 24, 8, 7]",True,3766,2.0868139701135893,0.0,2.878017016369119,0.7912030462555301,1.4655377825911273,1.689704290034329,min_cost_max_flow,155,24,155,8,131,7
move,"['move', 24, 3, 4]",True,3766,1.963375218163272,0.0,2.878017016369119,0.9146417982058473,1.7730645267147338,2.403128124825383,min_cost_max_flow,63,24,63,3,90,4
move,"['move', 24, 1, 9]",True,3766,2.11307674974682,0.0,2.878017016369119,0.7649402666222992,1.3979429659084417,2.981616023106555,min_cost_max_flow,32,24,32,1,172,9
move,"['move', 24, 9, 3]",True,3776,2.533522263248004,0.0,3.4058244812482457,0.8723022180002419,1.6675241476114024,2.197413851037254,min_cost_max_flow,171,24,171,9,59,3
move,"['move', 24, 4, 3]",True,3776,2.538170751458473,0.0,3.4058244812482457,0.8676537297897727,1.6571936884938623,1.3369062452819984,min_cost_max_flow,90,24,90,4,61,3
move,"['move', 24, 5, 3]",True,3776,2.792873762978545,0.0,3.4058244812482457,0.6129507182697008,1.020136023478699,1.5369970552710832,min_cost_max_flow,106,24,106,5,63,3
move,"['move', 24, 9, 8]",True,3776,2.9540069736307455,0.0,3.4058244812482457,0.45181750761750034,0.6187669636419741,0.5610191927535961,min_cost_max_flow,172,24,172,9,155,8
move,"['move', 24, 7, 4]",True,3786,1.5767217178560031,0.0,2.4334188062786692,0.8566970884226662,1.6287676172942156,2.0265514332024024,min_cost_max_flow,131,24,131,7,90,4
move,"['move', 24, 8, 4]",True,3786,1.5308479112680429,0.0,2.4334188062786692,0.9025708950106265,1.7422595340322005,2.8216179211462427,min_cost_max_flow,155,24,155,8,74,4
move,"['move', 24, 5, 0]",True,3786,1.5517663975515896,0.0,2.4334188062786692,0.8816524087270797,1.6898439857177436,2.9011729915391293,min_cost_max_flow,108,24,108,5,7,0
move,"['move', 24, 3, 4]",True,3786,2.079776852623879,0.0,2.4334188062786692,0.3536419536547905,0.37336898784997175,0.5337464495720252,min_cost_max_flow,59,24,59,3,75,4
move,"['move', 24, 0, 5]",True,3796,1.214037703266401,0.0,2.0572847764378728,0.8432470731714717,1.5938841384922853,2.8655118824983496,min_cost_max_flow,7,24,7,0,106,5
move,"['move', 24, 4, 1]",True,3796,1.2493993149061882,0.0,2.0572847764378728,0.8078854615316845,1.5067071711528115,2.047470709168833,min_cost_max_flow,74,24,74,4,32,1
move,"['move', 24, 4, 5]",True,3796,1.5489343892239666,0.0,2.0572847764378728,0.5083503872139061,0.7600480642868206,0.5950847568655387,min_cost_max_flow,75,24,75,4,108,5
move,"['move', 24, 6, 1]",True,3796,1.2934517894291995,0.0,2.0572847764378728,0.7638329870086732,1.3971919618270476,1.6368193879926645,min_cost_max_flow,120,24,120,6,26,1
move,"['move', 24, 1, 8]",True,3806,2.342586963483431,0.0,3.10836663926416,0.765779675780729,1.4015012724266853,2.0084269416603093,min_cost_max_flow,26,24,26,1,155,8
move,"['move', 24, 1, 6]",True,3806,2.321316815110477,0.0,3.10836663926416,0.7870498241536833,1.4535184886990464,2.780530048343613,min_cost_max_flow,32,24,32,1,118,6
move,"['move', 24, 2, 6]",True,3806,2.496684089055229,0.0,3.10836663926416,0.611682550208931,1.0174309849608107,1.22674263258012,min_cost_max_flow,43,24,43,2,119,6
move,"['move', 24, 5, 6]",True,3806,2.6417673321283575,0.0,3.10836663926416,0.46659930713580233,0.655117360453005,0.9637538492362627,min_cost_max_flow,106,24,106,5,120,6
move,"['move', 24, 8, 7]",True,3816,1.6430397936900203,0.0,2.428877278663048,0.7858374849730277,1.4523511349543696,1.5382005770353404,min_cost_max_flow,155,24,155,8,131,7
move,"['move', 24, 3, 7]",True,3816,1.7991874777843642,0.0,2.428877278663048,0.629689800878684,1.0623650765119237,1.2827660480931455,min_cost_max_flow,61,24,61,3,135,7
move,"['move', 24, 4, 7]",True,3816,1.4510372053113096,0.0,2.428877278663048,0.9778400733517386,1.9318638408512925,1.8673772769383505,min_cost_max_flow,90,24,90,4,136,7
move,"['move', 24, 2, 0]",True,3816,2.0864837231274604,0.0,2.428877278663048,0.3423935555355876,0.34512523763260106,0.6155830624810217,min_cost_max_flow,44,24,44,2,7,0
move,"['move', 24, 7, 4]",True,3826,2.100730609263322,0.0,3.029587842815009,0.928857233551687,1.8082186106257723,2.6594644271992056,min_cost_max_flow,131,24,131,7,90,4
move,"['move', 24, 7, 8]",True,3826,2.3764810083222994,0.0,3.029587842815009,0.6531068344927097,1.1210771078185644,1.1698012003755947,min_cost_max_flow,135,24,135,7,155,8
move,"['move', 24, 5, 8]",True,3826,2.4346004244852195,0.0,3.029587842815009,0.5949874183297895,0.9763060724289971,0.8181311885534941,min_cost_max_flow,108,24,108,5,160,8
move,"['move', 24, 3, 4]",True,3826,2.4344398570518466,0.0,3.029587842815009,0.5951479857631624,0.9758259383961558,1.4058329327358021,min_cost_max_flow,63,24,63,3,74,4
move,"['move', 24, 4, 3]",True,3836,1.832548004405143,0.0,2.3545563066617046,0.5220083022565616,0.7934852000471437,1.0668526544091508,min_cost_max_flow,74,24,74,4,59,3
move,"['move', 24, 7, 5]",True,3836,1.8163051796668435,0.0,2.3545563066617046,0.5382511269948611,0.8334609500670922,1.4877272049426349,min_cost_max_flow,136,24,136,7,106,5
move,"['move', 24, 6, 3]",True,3836,1.9869108639074857,0.0,2.3545563066617046,0.47863951242088565,0.685247279710893,0.9441498191163653,min_cost_max_flow,118,24,118,6,61,3
move,"['move', 24, 8, 1]",True,3836,1.6046796369875573,0.0,2.3545563066617046,0.7498766696741473,1.3612990978435846,2.304866486091484,min_cost_max_flow,155,24,155,8,32,1
move,"['move', 24, 1, 8]",True,3846,0.9765807161654404,0.0,1.831144998772102,0.8545642826066616,1.6232934598665452,2.1213133583083446,min_cost_max_flow,32,24,32,1,155,8
move,"['move', 24, 0, 9]",True,3846,1.3145783932563178,0.0,1.831144998772102,0.5165666055157843,0.7795527054331615,1.2856878291018805,min_cost_max_flow,7,24,7,0,171,9
move,"['move', 24, 5, 8]",True,3846,1.1525865760119947,0.0,1.831144998772102,0.6785584227601074,1.1832548766687978,2.1372690792160154,min_cost_max_flow,106,24,106,5,151,8
move,"['move', 24, 2, 7]",True,3846,0.8267057052172699,0.0,1.831144998772102,1.004439293554832,1.9981213124483475,2.0277632173909925,min_cost_max_flow,47,24,47,2,131,7
move,"['move', 24, 9, 2]",True,3856,0.2442402182028146,0.0,1.093535256023512,0.8492950378206975,1.6089761469265795,2.8841140083449655,min_cost_max_flow,171,24,171,9,38,2
move,"['move', 24, 7, 2]",True,3856,0.27136356743193446,0.0,1.093535256023512,0.8221716885915776,1.5420569630950922,2.291321180803617,min_cost_max_flow,131,24,131,7,40,2
move,"['move', 24, 8, 5]",True,3856,0.14939122672924954,0.0,1.093535256023512,0.9441440292942626,1.8467197654535994,2.4700207796069713,min_cost_max_flow,151,24,151,8,95,5
move,"['move', 24, 4, 2]",True,3856,0.1405125503606438,0.0,1.093535256023512,0.9530227056628683,1.8707573297433555,1.2427718674457418,min_cost_max_flow,90,24,90,4,42,2
move,"['move', 24, 3, 4]",True,3866,1.3984872609610255,0.0,2.2119826348413136,0.813495373880288,1.5221307210813393,1.1149580044894956,min_cost_max_flow,59,24,59,3,90,4
move,"['move', 24, 5, 1]",True,3866,1.2563360485672006,0.0,2.2119826348413136,0.9556465862741129,1.8759381267736899,2.162041532630625,min_cost_max_flow,95,24,95,5,32,1
move,"['move', 24, 3, 1]",True,3866,1.3297148183474352,0.0,2.2119826348413136,0.8822678164938785,1.693306186767586,1.6187185696424977,min_cost_max_flow,61,24,61,3,26,1
move,"['move', 24, 8, 4]",True,3866,1.1989343170999713,0.0,2.2119826348413136,1.0130483177413423,2.017207160293765,3.6522382979630272,min_cost_max_flow,155,24,155,8,74,4
move,"['move', 29, 2, 7]",True,3876,1.023840937552346,0.0,1.755030806798127,0.731189869245781,1.3001530562178232,1.5924157121146352,min_cost_max_flow,46,29,46,2,131,7
move,"['move', 29, 3, 7]",True,3876,0.7572743369518123,0.0,1.755030806798127,0.9977564698463147,1.9649140119581716,2.6961128861051242,min_cost_max_flow,56,29,56,3,135,7
move,"['move', 29, 5, 7]",True,3876,1.1565410939967347,0.0,1.755030806798127,0.5984897128013923,0.9688175927003613,1.3157973164412804,min_cost_max_flow,104,29,104,5,136,7
move,"['move', 29, 5, 0]",True,3876,0.8186529835707194,0.0,1.755030806798127,0.9363778232274077,1.8109639815957053,3.0317220962375435,min_cost_max_flow,105,29,105,5,7,0
move,"['move', 24, 1, 3]",True,3886,2.059280802528748,0.0,2.802417259950788,0.7431364574220399,1.3449273084916058,1.9857056338981798,min_cost_max_flow,26,24,26,1,56,3
move,"['move', 24, 1, 5]",True,3886,1.8084066415745546,0.0,2.802417259950788,0.9940106183762337,1.9709477456271998,2.7623491338253614,min_cost_max_flow,32,24,32,1,95,5
move,"['move', 24, 4, 3]",True,3886,2.0171829045947325,0.0,2.802417259950788,0.8034187491060555,1.4969578692544019,1.102484598726745,min_cost_max_flow,90,24,90,4,59,3
move,"['move', 24, 2, 3]",True,3886,2.223811127786424,0.0,2.802417259950788,0.578606132164364,0.9346395321554155,1.2936810952317925,min_cost_max_flow,38,24,38,2,61,3
move,"['move', 24, 2, 0]",True,3896,1.8347268576835294,0.0,2.430520234915768,0.5957933772322387,0.9778074215719244,1.16049659735052,min_cost_max_flow,40,24,40,2,8,0
move,"['move', 24, 8, 7]",True,3896,1.9502457009176595,0.0,2.430520234915768,0.4802745339981087,0.6895291266482673,0.8146211562387148,min_cost_max_flow,160,24,160,8,139,7
move,"['move', 24, 3, 7]",True,3896,1.5170139786031562,0.0,2.430520234915768,0.9135062563126121,1.7698248571614386,2.670338004963492,min_cost_max_flow,56,24,56,3,140,7
move,"['move', 24, 4, 0]",True,3896,1.5722607258882917,0.0,2.430520234915768,0.8582595090274764,1.6324108935586992,2.2017349315635037,min_cost_max_flow,74,24,74,4,9,0
move,"['move', 24, 7, 8]",True,3906,1.8915447709615087,0.0,2.358682490423716,0.46713771946220706,0.6567685110785533,0.7603406428786298,min_cost_max_flow,139,24,139,7,160,8
move,"['move', 24, 7, 4]",True,3906,1.51868464520276,0.0,2.358682490423716,0.8399978452209557,1.5877316449405043,1.5517943328256711,min_cost_max_flow,140,24,140,7,74,4
move,"['move', 24, 0, 4]",True,3906,1.605531123513492,0.0,2.358682490423716,0.753151366910224,1.3701111964765005,1.8879627909420944,min_cost_max_flow,8,24,8,0,75,4
move,"['move', 24, 6, 4]",True,3906,1.7623963415004213,0.0,2.358682490423716,0.7234606712982946,1.295727914570307,1.9923247085222748,min_cost_max_flow,119,24,119,6,77,4
move,"['move', 24, 8, 9]",True,3916,1.3561520811203085,0.0,2.2025926534158917,0.8464405722955831,1.6028377993570757,2.218903179490305,min_cost_max_flow,160,24,160,8,166,9
move,"['move', 24, 0, 7]",True,3916,1.646772407168168,0.0,2.2025926534158917,0.5558202462477239,0.877363929488638,1.500939678683526,min_cost_max_flow,9,24,9,0,139,7
move,"['move', 24, 6, 9]",True,3916,1.6117060613267733,0.0,2.2025926534158917,0.5908865920891183,0.965118893320323,1.441540193217497,min_cost_max_flow,120,24,120,6,171,9
move,"['move', 24, 2, 1]",True,3916,1.2940485524187144,0.0,2.2025926534158917,0.9085441009971774,1.75789168648771,2.3555262617245933,min_cost_max_flow,42,24,42,2,32,1
move,"['move', 24, 7, 6]",True,3926,2.267859957884153,0.0,2.730097836427429,0.4622378785432759,0.6446448703645729,0.6763662539803639,min_cost_max_flow,139,24,139,7,118,6
move,"['move', 24, 1, 2]",True,3926,2.1272676857396404,0.0,2.730097836427429,0.6028301506877886,0.9940593573119259,2.0538285299326122,min_cost_max_flow,32,24,32,1,40,2
move,"['move', 24, 9, 6]",True,3926,1.8222806205092152,0.0,2.730097836427429,0.9078172159182135,1.7565323683593306,2.050263215704315,min_cost_max_flow,166,24,166,9,120,6
move,"['move', 24, 9, 8]",True,3926,2.1464031877547503,0.0,2.730097836427429,0.5836946486726786,0.9473065742931794,1.3298471839136534,min_cost_max_flow,171,24,171,9,160,8
move,"['move', 24, 8, 0]",True,3936,1.3256928242923145,0.0,2.2807116202357522,0.9550187959434379,1.8743984560205718,2.142171483584328,min_cost_max_flow,160,24,160,8,8,0
move,"['move', 24, 6, 0]",True,3936,1.623760423191995,0.0,2.2807116202357522,0.6569511970437573,1.1289461502019549,2.3310438631944583,min_cost_max_flow,118,24,118,6,9,0
move,"['move', 24, 5, 7]",True,3936,1.4123377316722836,0.0,2.2807116202357522,0.8683738885634685,1.6576568331947783,2.228407734164217,min_cost_max_flow,95,24,95,5,139,7
move,"['move', 24, 3, 0]",True,3936,1.3453036608199302,0.0,2.2807116202357522,0.9354079594158219,1.8243578173278365,2.8178697327145756,min_cost_max_flow,59,24,59,3,14,0
move,"['move', 24, 7, 5]",True,3946,1.1951634247806395,0.0,2.1286188750763633,0.9334554502957236,1.8204922106742742,2.1407589682588597,min_cost_max_flow,139,24,139,7,95,5
move,"['move', 24, 3, 5]",True,3946,1.6075888564621175,0.0,2.1286188750763633,0.5210300186142458,0.7900118792385911,1.7519271229180091,min_cost_max_flow,61,24,61,3,104,5
move,"['move', 24, 6, 5]",True,3946,1.7068939892054114,0.0,2.1286188750763633,0.42172488587095197,0.5434686865119147,0.6055010352125633,min_cost_max_flow,120,24,120,6,105,5
move,"['move', 24, 2, 5]",True,3946,1.3870802224287542,0.0,2.1286188750763633,0.741538652647609,1.3409413624176523,1.9799950591490225,min_cost_max_flow,40,24,40,2,106,5
move,"['move', 24, 5, 6]",True,3956,2.4676871381955445,0.0,3.1068153051823857,0.639128166986841,1.0858289085444994,1.3708215399710535,min_cost_max_flow,95,24,95,5,118,6
move,"['move', 24, 0, 6]",True,3956,2.1254604862244135,0.0,3.1068153051823857,0.9813548189579723,1.9394777305133175,2.649360179310894,min_cost_max_flow,8,24,8,0,120,6
move,"['move', 24, 4, 6]",True,3956,2.7519970394907336,0.0,3.1068153051823857,0.35481826569165226,0.37597983781597577,0.7536998670056867,min_cost_max_flow,74,24,74,4,110,6
move,"['move', 24, 4, 8]",True,3956,2.2860225760935915,0.0,3.1068153051823857,0.8207927290887941,1.5388600835212856,2.12430839203528,min_cost_max_flow,75,24,75,4,155,8
move,"['move', 24, 5, 3]",True,3966,1.465332041713879,0.0,2.1332712934732525,0.6679392517593734,1.1578520047405618,1.373898696816781,min_cost_max_flow,104,24,104,5,56,3
move,"['move', 24, 0, 3]",True,3966,1.4616869011319316,0.0,2.1332712934732525,0.6715843923413211,1.1670551693096058,1.3136899540334672,min_cost_max_flow,9,24,9,0,59,3
move,"['move', 24, 6, 3]",True,3966,1.657561577117444,0.0,2.1332712934732525,0.4757097163558086,0.6774738320164033,1.2434548403144992,min_cost_max_flow,110,24,110,6,61,3
move,"['move', 24, 4, 3]",True,3966,1.7649391019880027,0.0,2.1332712934732525,0.3683321914852498,0.4097562987662968,0.7592688894541915,min_cost_max_flow,77,24,77,4,63,3
move,"['move', 24, 8, 2]",True,3976,1.144541201684814,0.0,1.98455364365074,0.840012441965926,1.5865975794367841,2.3321659102559607,min_cost_max_flow,155,24,155,8,40,2
move,"['move', 24, 3, 2]",True,3976,1.292204011385254,0.0,1.98455364365074,0.705783040390486,1.253072642524785,0.9664545591892021,min_cost_max_flow,63,24,63,3,42,2
move,"['move', 24, 5, 4]",True,3976,1.2555329053227378,0.0,1.98455364365074,0.7290207383280024,1.3102047666470753,1.6078683735228396,min_cost_max_flow,105,24,105,5,74,4
move,"['move', 24, 5, 2]",True,3976,1.2188222463029006,0.0,1.98455364365074,0.7657313973478393,1.4010253517553792,2.245243334381645,min_cost_max_flow,106,24,106,5,43,2
move,"['move', 24, 6, 8]",True,3986,1.584106519318835,0.0,2.054334758171591,0.47022823885275616,0.6642725575293298,0.9085086599427681,min_cost_max_flow,118,24,118,6,155,8
move,"['move', 24, 3, 8]",True,3986,1.0764810819169903,0.0,2.054334758171591,0.9778536762546007,1.9309541658658418,2.49649877200884,min_cost_max_flow,56,24,56,3,160,8
move,"['move', 24, 4, 5]",True,3986,1.4946885281702675,0.0,2.054334758171591,0.5596462300013237,0.8880598334289971,0.746976641110449,min_cost_max_flow,74,24,74,4,95,5
move,"['move', 24, 6, 5]",True,3986,1.5802731674955934,0.0,2.054334758171591,0.4740615906759976,0.6741339406871703,0.7231729267849459,min_cost_max_flow,120,24,120,6,104,5
move,"['move', 29, 0, 1]",True,3996,1.4286488980102479,0.0,2.13340926231297,0.7047603643027222,1.2326410700043198,2.5512316160188284,min_cost_max_flow,7,29,7,0,32,1
move,"['move', 29, 6, 1]",True,3996,1.1975372197156007,0.0,2.13340926231297,0.9358720425973692,1.8094671784856473,3.186623119545454,min_cost_max_flow,114,29,114,6,26,1
move,"['move', 29, 7, 1]",True,3996,1.2500129775165325,0.0,2.13340926231297,0.8833962847964375,1.6786306102221715,2.951405626976486,min_cost_max_flow,131,29,131,7,29,1
move,"['move', 29, 7, 4]",True,3996,1.2472293801439402,0.0,2.13340926231297,0.8861798821690297,1.6868140368605964,2.1351168223468417,min_cost_max_flow,135,29,135,7,74,4
move,"['move', 24, 2, 6]",True,4006,1.7636649651804734,0.0,2.65991920080304,0.9329562331225664,1.8193986795959063,2.0377510652419333,min_cost_max_flow,42,24,42,2,114,6
move,"['move', 24, 5, 6]",True,4006,2.0424467522364576,0.0,2.65991920080304,0.6174724485665822,1.0320189631165704,1.151254458159019,min_cost_max_flow,95,24,95,5,118,6
move,"['move', 24, 8, 6]",True,4006,2.121887421468752,0.0,2.65991920080304,0.5380317793342879,0.834585220531153,0.3726341279467966,min_cost_max_flow,155,24,155,8,120,6
move,"['move', 24, 0, 6]",True,4006,1.8983296466024493,0.0,2.65991920080304,0.7615895542005905,1.3905029984598514,2.357073619319028,min_cost_max_flow,14,24,14,0,110,6
move,"['move', 24, 2, 4]",True,4016,2.118972223394073,0.0,2.5100489456107398,0.39107672221666695,0.46664433227851987,0.74146443366745,min_cost_max_flow,40,24,40,2,75,4
move,"['move', 24, 8, 7]",True,4016,1.6283119079108581,0.0,2.5100489456107398,0.8817370376998818,1.6925295543987886,1.2518421588463258,min_cost_max_flow,160,24,160,8,131,7
move,"['move', 24, 5, 0]",True,4016,1.4764870442968143,0.0,2.5100489456107398,1.0335619013139254,2.0700685965421144,2.600586753368755,min_cost_max_flow,104,24,104,5,7,0
move,"['move', 24, 6, 7]",True,4016,1.7311910717021655,0.0,2.5100489456107398,0.7788578739085744,1.4346225190456607,1.7245927420858056,min_cost_max_flow,110,24,110,6,135,7
move,"['move', 24, 7, 8]",True,4026,1.7750092057698899,0.0,2.5098608364363866,0.7348516306664966,1.3249797223252244,1.4760518189139393,min_cost_max_flow,131,24,131,7,155,8
move,"['move', 24, 7, 1]",True,4026,1.9399453874787067,0.0,2.5098608364363866,0.5699154489576798,0.9135684013381251,0.8566296289519482,min_cost_max_flow,135,24,135,7,30,1
move,"['move', 24, 3, 5]",True,4026,1.6646082187319777,0.0,2.5098608364363866,0.8693186184544089,1.6601308776225778,2.1535946005321422,min_cost_max_flow,59,24,59,3,104,5
move,"['move', 24, 4, 1]",True,4026,1.8461718242457805,0.0,2.5098608364363866,0.6636890121906062,1.1461756647986476,2.074392710147582,min_cost_max_flow,75,24,75,4,31,1
move,"['move', 24, 1, 4]",True,4036,2.6558172320555755,0.0,3.33459967665815,0.6787824446025745,1.1838830584165407,2.0918509848326727,min_cost_max_flow,30,24,30,1,75,4
move,"['move', 24, 1, 9]",True,4036,2.447418424270576,0.0,3.33459967665815,0.8871812523875738,1.7047700646653539,2.16519312728917,min_cost_max_flow,31,24,31,1,166,9
move,"['move', 24, 0, 9]",True,4036,2.6923917838936555,0.0,3.33459967665815,0.6422078927644943,1.0935197109574801,1.3764962274061225,min_cost_max_flow,7,24,7,0,172,9
move,"['move', 24, 2, 4]",True,4036,2.7234236526831546,0.0,3.33459967665815,0.6111760239749954,1.0158168281632243,1.4586367744117508,min_cost_max_flow,43,24,43,2,77,4
move,"['move', 24, 9, 0]",True,4046,2.053254507188371,0.0,2.6562769721393558,0.6030224649509845,0.9964878982791561,0.7553249904391803,min_cost_max_flow,166,24,166,9,7,0
move,"['move', 24, 9, 7]",True,4046,1.9712269591673104,0.0,2.6562769721393558,0.6850500129720454,1.2002681298617972,1.614417303779732,min_cost_max_flow,172,24,172,9,131,7
move,"['move', 24, 6, 2]",True,4046,1.923621148762292,0.0,2.6562769721393558,0.7326558233770636,1.3194721537292935,1.4880854004792905,min_cost_max_flow,114,24,114,6,38,2
move,"['move', 24, 4, 7]",True,4046,1.7806006520270894,0.0,2.6562769721393558,0.8756763201122663,1.675467024469981,2.5256661320255946,min_cost_max_flow,75,24,75,4,135,7
move,"['move', 24, 7, 9]",True,4056,1.1799604765343799,0.0,1.8338082248316647,0.6538477482972848,1.1225164744828362,1.4450797651527332,min_cost_max_flow,131,24,131,7,171,9
move,"['move', 24, 0, 9]",True,4056,1.2191924626413466,0.0,1.8338082248316647,0.614615762190318,1.024749793097726,1.2362238436149056,min_cost_max_flow,7,24,7,0,172,9
move,"['move', 24, 7, 1]",True,4056,1.1297365585761043,0.0,1.8338082248316647,0.7040716662555605,1.2484210471375263,1.2152279258190748,min_cost_max_flow,135,24,135,7,28,1
move,"['move', 24, 8, 1]",True,4056,0.8767181001570364,0.0,1.8338082248316647,0.9570901246746283,1.8799179658453795,1.9147128190298468,min_cost_max_flow,155,24,155,8,30,1
move,"['move', 24, 9, 0]",True,4066,1.6203220190764567,0.0,2.1981138305227863,0.5777918114463295,0.9329643941891845,1.0532385426616309,min_cost_max_flow,171,24,171,9,7,0
move,"['move', 24, 9, 7]",True,4066,1.50582868397843,0.0,2.1981138305227863,0.6922851465443564,1.2183516581571894,1.6172877273700166,min_cost_max_flow,172,24,172,9,131,7
move,"['move', 24, 1, 0]",True,4066,1.2998059021444228,0.0,2.1981138305227863,0.9002074227116966,1.7391956896535703,0.9250603420162506,min_cost_max_flow,30,24,30,1,8,0
move,"['move', 24, 1, 7]",True,4066,1.2976292165327563,0.0,2.1981138305227863,0.9004846139900299,1.7376003922327072,2.4505774198137895,min_cost_max_flow,28,24,28,1,135,7
move,"['move', 24, 7, 9]",True,4076,0.7651604318280977,0.0,1.6096506217295437,0.844490189901446,1.598895817718585,1.596253614922114,min_cost_max_flow,131,24,131,7,171,9
move,"['move', 24, 7, 8]",True,4076,0.9993292518033609,0.0,1.6096506217295437,0.6103213699261828,1.0144862896268023,0.921239050671983,min_cost_max_flow,135,24,135,7,155,8
move,"['move', 24, 3, 9]",True,4076,0.8254324082401018,0.0,1.6096506217295437,0.7842182134894419,1.4474582753464347,2.101321176348897,min_cost_max_flow,61,24,61,3,172,9
move,"['move', 24, 6, 9]",True,4076,0.8901758346909726,0.0,1.6096506217295437,0.719474787038571,1.2864000503104762,1.567760448869732,min_cost_max_flow,118,24,118,6,173,9
move,"['move', 24, 9, 3]",True,4086,2.9216661285731593,0.0,3.7042116651108876,0.7825455365377284,1.4430048618742148,2.2824685716397632,min_cost_max_flow,171,24,171,9,56,3
move,"['move', 24, 9, 1]",True,4086,2.979421542045206,0.0,3.7042116651108876,0.7247901230656818,1.3008314424805576,0.805725714000395,min_cost_max_flow,172,24,172,9,28,1
move,"['move', 24, 9, 7]",True,4086,2.794292388233018,0.0,3.7042116651108876,0.9099192768778693,1.7616704834217671,2.1282881068398396,min_cost_max_flow,173,24,173,9,131,7
move,"['move', 24, 5, 3]",True,4086,2.926206246426401,0.0,3.7042116651108876,0.7780054186844866,1.4314426643613842,2.423737158123657,min_cost_max_flow,104,24,104,5,59,3
move,"['move', 24, 1, 5]",True,4096,1.7033282273484032,0.0,2.5789987171649105,0.8756704898165072,1.6748612061564927,2.9198278480858724,min_cost_max_flow,28,24,28,1,104,5
move,"['move', 24, 4, 8]",True,4096,1.5889146589416825,0.0,2.5789987171649105,0.9900840582232281,1.9601805354905082,3.3962223032769514,min_cost_max_flow,77,24,77,4,160,8
move,"['move', 24, 7, 5]",True,4096,1.695202918903128,0.0,2.5789987171649105,0.8837957982617825,1.6960185241114232,2.357129953590921,min_cost_max_flow,131,24,131,7,105,5
move,"['move', 24, 2, 8]",True,4096,1.9581284120079117,0.0,2.5789987171649105,0.6208703051569989,1.0399570378576755,1.5222989481169076,min_cost_max_flow,38,24,38,2,148,8
move,"['move', 29, 1, 0]",True,4106,1.0410944463751879,0.0,1.6035184882946933,0.5624240419195055,0.8800551461827126,0.3813101917290098,min_cost_max_flow,26,29,26,1,9,0
move,"['move', 29, 6, 2]",True,4106,0.7486785907419412,0.0,1.6035184882946933,0.8548398975527521,1.6073552780799218,2.8743149823340723,min_cost_max_flow,118,29,118,6,38,2
move,"['move', 29, 6, 0]",True,4106,0.6433306736028577,0.0,1.6035184882946933,0.9601878146918357,1.8716977201256668,2.225882183643356,min_cost_max_flow,120,29,120,6,14,0
move,"['move', 29, 7, 2]",True,4106,0.6541445110201303,0.0,1.6035184882946933,0.9493739772745631,1.8429150448646396,3.3912699955403918,min_cost_max_flow,136,29,136,7,40,2
move,"['move', 4, 2, 4]",True,4116,2.018899233183713,0.0,2.5796542952846013,0.5607550621008883,1.152748036525736,0.771661899277101,min_cost_max_flow,45,4,45,2,90,4
move,"['move', 4, 3, 4]",True,4116,2.3936871436930285,0.0,2.5796542952846013,0.23004982046657266,0.3265159656148171,0.41763978269720126,min_cost_max_flow,60,4,60,3,75,4
move,"['move', 4, 3, 1]",True,4116,2.2380706551731797,0.0,2.5796542952846013,0.3415836401114215,0.6049116491849418,0.7102168106954476,min_cost_max_flow,55,4,55,3,26,1
move,"['move', 4, 3, 9]",True,4116,2.0960760177953572,0.0,2.5796542952846013,0.4835782774892442,0.9591991751076421,1.176261825266398,min_cost_max_flow,56,4,56,3,171,9
move,"['move', 24, 0, 2]",True,4126,1.487920208802272,0.0,1.8297650809748283,0.3418448721725562,0.3438765900209546,0.533542531859688,min_cost_max_flow,7,24,7,0,43,2
move,"['move', 24, 0, 7]",True,4126,1.108734481049944,0.0,1.8297650809748283,0.7210305999248842,1.290999412907695,1.0945401945793267,min_cost_max_flow,8,24,8,0,131,7
move,"['move', 24, 6, 2]",True,4126,1.0117714439724685,0.0,1.8297650809748283,0.8185289565023596,1.5335691638974822,1.878633830513419,min_cost_max_flow,120,24,120,6,44,2
move,"['move', 24, 3, 2]",True,4126,0.9867971168042217,0.0,1.8297650809748283,0.8429679641706066,1.594743042580376,1.827727488996101,min_cost_max_flow,56,24,56,3,45,2
move,"['move', 24, 7, 6]",True,4136,1.5643426648286085,0.0,1.986368773313276,0.4220261084846676,0.5441805560985813,0.6329590002942094,min_cost_max_flow,131,24,131,7,114,6
move,"['move', 24, 5, 6]",True,4136,1.6393250359969405,0.0,1.986368773313276,0.34704373731633564,0.35646080745209474,0.8088394840653154,min_cost_max_flow,104,24,104,5,119,6
move,"['move', 24, 3, 6]",True,4136,1.3845269019698496,0.0,1.986368773313276,0.6018418713434265,0.9922133037689491,1.6373986513138246,min_cost_max_flow,59,24,59,3,109,6
move,"['move', 24, 2, 6]",True,4136,1.2672113402496743,0.0,1.986368773313276,0.7191574330636018,1.2859532996299095,1.3366709442989824,min_cost_max_flow,43,24,43,2,111,6
move,"['move', 24, 5, 3]",True,4146,2.103330366092317,0.0,2.6607282471646188,0.5573978810723016,0.8819217083146214,1.0918118356573057,min_cost_max_flow,105,24,105,5,56,3
move,"['move', 24, 2, 3]",True,4146,1.9252899495209044,0.0,2.6607282471646188,0.7354382976437143,1.3260331502533518,1.7515448288582676,min_cost_max_flow,44,24,44,2,55,3
move,"['move', 24, 8, 3]",True,4146,1.9318561944120267,0.0,2.6607282471646188,0.7475944720025919,1.3567344903203775,1.5442753823035738,min_cost_max_flow,148,24,148,8,59,3
move,"['move', 24, 6, 3]",True,4146,2.0632944100579,0.0,2.6607282471646188,0.5974338371067186,0.9811692794392002,1.6533578099665323,min_cost_max_flow,109,24,109,6,61,3
move,"['move', 24, 3, 1]",True,4156,1.5944727600858632,0.0,2.360790354261025,0.766317594175162,1.4025428373352042,2.210580993369445,min_cost_max_flow,55,24,55,3,28,1
move,"['move', 24, 3, 7]",True,4156,1.5450344702003598,0.0,2.360790354261025,0.8157558840606655,1.5252146150669432,2.826545648049191,min_cost_max_flow,56,24,56,3,131,7
move,"['move', 24, 6, 7]",True,4156,1.5003716773575948,0.0,2.360790354261025,0.8604186769034304,1.638960202675662,1.4341419801783652,min_cost_max_flow,111,24,111,6,135,7
move,"['move', 24, 8, 7]",True,4156,1.9363241219828156,0.0,2.360790354261025,0.4244662322782096,0.5503332864609547,0.5980117479486502,min_cost_max_flow,155,24,155,8,136,7
move,"['move', 24, 7, 0]",True,4166,1.8213982063665144,0.0,2.2919662920695876,0.47056808570307324,0.665467762046319,0.678117065811843,min_cost_max_flow,131,24,131,7,7,0
move,"['move', 24, 1, 9]",True,4166,1.5960352271027718,0.0,2.2919662920695876,0.6959310649668159,1.2285886301033315,0.8691704673744624,min_cost_max_flow,28,24,28,1,173,9
move,"['move', 24, 2, 0]",True,4166,1.1304237480913,0.0,2.2919662920695876,1.1615425439782876,2.3902661578395055,2.436616995711243,min_cost_max_flow,45,24,45,2,8,0
move,"['move', 24, 8, 9]",True,4166,1.7755490978216928,0.0,2.2919662920695876,0.5164171942478947,0.7796610354853328,0.9644490145049867,min_cost_max_flow,160,24,160,8,175,9
move,"['move', 29, 0, 7]",True,4176,1.2078387282102967,0.0,1.9054983376256271,0.6976596094153303,1.216122769015783,1.7288407960568324,min_cost_max_flow,9,29,9,0,131,7
move,"['move', 29, 1, 6]",True,4176,1.144817983665086,0.0,1.9054983376256271,0.7606803539605411,1.373358349512273,1.939694707081584,min_cost_max_flow,29,29,29,1,120,6
move,"['move', 29, 1, 7]",True,4176,1.2835881316915407,0.0,1.9054983376256271,0.6219102059340865,1.0268140923581086,1.6856194324334968,min_cost_max_flow,32,29,32,1,139,7
move,"['move', 29, 2, 5]",True,4176,1.1125283168927256,0.0,1.9054983376256271,0.7929700207329016,1.4540267116462928,1.9768979050023852,min_cost_max_flow,38,29,38,2,95,5
move,"['move', 24, 9, 1]",True,4186,2.4036030287179737,0.0,2.880293403857713,0.4766903751397393,0.6796183238111553,1.4482249503643796,min_cost_max_flow,173,24,173,9,32,1
move,"['move', 24, 9, 8]",True,4186,2.390870349878105,0.0,2.880293403857713,0.48942305397960767,0.7125830275253975,0.6928872073168494,min_cost_max_flow,175,24,175,9,155,8
move,"['move', 24, 0, 1]",True,4186,2.1145163085279672,0.0,2.880293403857713,0.7657770953297457,1.4030126727520837,0.9965259730893505,min_cost_max_flow,7,24,7,0,28,1
move,"['move', 24, 0, 5]",True,4186,1.978010638565478,0.0,2.880293403857713,0.9022827652922348,1.7418193422199693,2.6348629319807344,min_cost_max_flow,8,24,8,0,104,5
move,"['move', 17, 1, 8]",True,4196,2.086772883831692,0.0,2.9572689823006257,0.8704960984689336,1.6720579304674175,2.803111414811255,min_cost_max_flow,22,17,22,1,160,8
move,"['move', 17, 4, 8]",True,4196,1.9765510233525942,0.0,2.9572689823006257,0.9807179589480316,1.9479956881332328,2.5477071027644795,min_cost_max_flow,87,17,87,4,148,8
move,"['move', 17, 4, 3]",True,4196,2.3636543432201784,0.0,2.9572689823006257,0.5936146390804472,0.9830161905629211,0.6951723703315408,min_cost_max_flow,88,17,88,4,56,3
move,"['move', 17, 5, 8]",True,4196,2.2121779563204402,0.0,2.9572689823006257,0.7450910259801855,1.3596713714796351,2.0523632587526777,min_cost_max_flow,91,17,91,5,151,8
move,"['move', 24, 1, 2]",True,4206,2.6423857630661556,0.0,3.4101327600263938,0.7677469969602381,1.4059848472097656,2.29824571878867,min_cost_max_flow,28,24,28,1,38,2
move,"['move', 24, 7, 2]",True,4206,2.106397382669967,0.0,3.4101327600263938,1.3037353773564269,2.745339137807605,2.70935264721074,min_cost_max_flow,135,24,135,7,42,2
move,"['move', 24, 7, 0]",True,4206,2.561046930633501,0.0,3.4101327600263938,0.8490858293928926,1.6099046792878653,1.9164117211461715,min_cost_max_flow,136,24,136,7,7,0
move,"['move', 24, 1, 0]",True,4206,2.6247007273273133,0.0,3.4101327600263938,0.7854320326990806,1.4511426542885602,1.6681005643297453,min_cost_max_flow,32,24,32,1,8,0
move,"['move', 24, 2, 9]",True,4216,1.6448454821304035,0.0,2.129564851755282,0.5930524094998787,0.971212943259161,0.9885359185927264,min_cost_max_flow,38,24,38,2,166,9
move,"['move', 24, 5, 9]",True,4216,1.5865956881592183,0.0,2.129564851755282,0.5429691635960638,0.8451575158105697,1.5534110446288367,min_cost_max_flow,104,24,104,5,172,9
move,"['move', 24, 0, 9]",True,4216,1.437451370054975,0.0,2.129564851755282,0.6921134817003073,1.2186749744578265,1.1156354535301314,min_cost_max_flow,7,24,7,0,173,9
move,"['move', 24, 0, 1]",True,4216,1.374283940073933,0.0,2.129564851755282,0.7552809116813489,1.3758384938264498,1.6190058428506622,min_cost_max_flow,8,24,8,0,32,1
move,"['move', 24, 9, 0]",True,4226,2.314972445117076,0.0,2.7265488143496386,0.4115763692325625,0.5183002055637189,0.4702939366939949,min_cost_max_flow,166,24,166,9,7,0
move,"['move', 24, 9, 7]",True,4226,2.1578290828692808,0.0,2.7265488143496386,0.5687197314803576,0.9099504843252362,1.2757118420075,min_cost_max_flow,172,24,172,9,135,7
move,"['move', 24, 9, 5]",True,4226,2.259904798305306,0.0,2.7265488143496386,0.46664401604433253,0.6549021261816961,1.1817582109925915,min_cost_max_flow,173,24,173,9,104,5
move,"['move', 24, 1, 0]",True,4226,1.999048655202679,0.0,2.7265488143496386,0.7275001591469595,1.306453925819369,1.5741302902552818,min_cost_max_flow,32,24,32,1,8,0
move,"['move', 24, 2, 4]",True,4236,2.16023658991964,0.0,2.804615983771579,0.6443793938519389,1.099692813528236,0.8802629926430904,min_cost_max_flow,42,24,42,2,77,4
move,"['move', 24, 7, 4]",True,4236,2.145802064310392,0.0,2.804615983771579,0.6588139194611872,1.1345129886685754,1.7243555811638667,min_cost_max_flow,135,24,135,7,82,4
move,"['move', 24, 6, 4]",True,4236,2.296368600216933,0.0,2.804615983771579,0.615438239679646,1.0271805016454891,0.9865472939861426,min_cost_max_flow,119,24,119,6,87,4
move,"['move', 24, 3, 4]",True,4236,2.0838421528764024,0.0,2.804615983771579,0.7207738308951767,1.2900828429119429,1.2776384755682453,min_cost_max_flow,59,24,59,3,88,4
move,"['move', 24, 5, 1]",True,4252,2.522885748006174,0.0,2.9516753479166815,0.42878959991050775,0.5608323848937289,0.8042255132627723,min_cost_max_flow,104,24,104,5,32,1
move,"['move', 24, 4, 7]",True,4252,2.251145322885196,0.0,2.9516753479166815,0.7005300250314853,1.2379947791196173,2.263337897633078,min_cost_max_flow,77,24,77,4,136,7
move,"['move', 24, 4, 1]",True,4252,2.3144203825028384,0.0,2.9516753479166815,0.637254965413843,1.0811122306986363,1.3932708155496676,min_cost_max_flow,82,24,82,4,22,1
move,"['move', 24, 6, 1]",True,4252,2.1234080397763884,0.0,2.9516753479166815,0.828267308140293,1.5573362244831515,2.264512836622873,min_cost_max_flow,114,24,114,6,29,1
move,"['move', 24, 1, 2]",True,4262,1.2988108892196883,0.0,1.8366499902007654,0.537839100981077,0.8340049078542506,0.4383786571968853,min_cost_max_flow,22,24,22,1,42,2
move,"['move', 24, 7, 6]",True,4262,1.5373634661282651,0.0,1.8366499902007654,0.2992865240725003,0.23753484256303636,0.4974606703787017,min_cost_max_flow,136,24,136,7,118,6
move,"['move', 24, 1, 6]",True,4262,0.9910321332199047,0.0,1.8366499902007654,0.8456178569808607,1.6005868581341929,2.348338470208085,min_cost_max_flow,29,24,29,1,114,6
move,"['move', 24, 4, 6]",True,4262,1.3036612800667782,0.0,1.8366499902007654,0.5329887101339871,0.8211881583774812,0.8988935632265915,min_cost_max_flow,87,24,87,4,120,6
move,"['move', 24, 1, 5]",True,4272,2.057219205697297,0.0,2.5830655901176947,0.5258463844203977,0.8025934051693184,1.3915195126861695,min_cost_max_flow,32,24,32,1,104,5
move,"['move', 24, 4, 5]",True,4272,2.285066786982444,0.0,2.5830655901176947,0.2979988031352507,0.23464625686756335,0.27698290527803965,min_cost_max_flow,88,24,88,4,105,5
move,"['move', 24, 2, 5]",True,4272,1.548152084306391,0.0,2.5830655901176947,1.0349135058113037,2.0736821937243803,2.444196127488347,min_cost_max_flow,42,24,42,2,106,5
move,"['move', 24, 6, 5]",True,4272,1.9798129313176749,0.0,2.5830655901176947,0.6032526588000199,0.9967070812563179,0.9928594207234779,min_cost_max_flow,114,24,114,6,91,5
move,"['move', 29, 2, 6]",True,4282,1.1058799881800785,0.0,1.7520771029365863,0.6461971147565077,1.0883037157909712,1.1707185145603605,min_cost_max_flow,40,29,40,2,114,6
move,"['move', 29, 7, 6]",True,4282,1.2169057470610172,0.0,1.7520771029365863,0.535171355875569,0.8111614221343189,0.8893161507642248,min_cost_max_flow,131,29,131,7,118,6
move,"['move', 29, 8, 1]",True,4282,1.0497716803935693,0.0,1.7520771029365863,0.7023054225430169,1.2271987625063048,2.0878670151867236,min_cost_max_flow,146,29,146,8,32,1
move,"['move', 29, 9, 1]",True,4282,1.1625729886691527,0.0,1.7520771029365863,0.5895041142674335,0.9463941337016877,1.2887724256258422,min_cost_max_flow,167,29,167,9,22,1
move,"['move', 24, 5, 1]",True,4292,0.9174590758046012,0.0,1.8308882955180983,0.9134292197134971,1.769327231697389,2.8736939824716097,min_cost_max_flow,91,24,91,5,29,1
move,"['move', 24, 5, 2]",True,4292,1.133625937360483,0.0,1.8308882955180983,0.6972623581576154,1.2304370682977606,1.8557003224209507,min_cost_max_flow,104,24,104,5,40,2
move,"['move', 24, 5, 7]",True,4292,0.9403655714726046,0.0,1.8308882955180983,0.8905227240454937,1.7136246252339333,1.8312721781028745,min_cost_max_flow,105,24,105,5,131,7
move,"['move', 24, 6, 1]",True,4292,1.3162909238879061,0.0,1.8308882955180983,0.514597371630192,0.7743475232782657,1.4737527897119473,min_cost_max_flow,118,24,118,6,30,1
move,"['move', 24, 1, 4]",True,4302,2.7704103525851145,0.0,3.560560777928786,0.7901504253436714,1.4631620646759984,1.5191480470223202,min_cost_max_flow,29,24,29,1,77,4
move,"['move', 24, 2, 4]",True,4302,2.748356489058051,0.0,3.560560777928786,0.8122042888707349,1.5174261760621448,2.0995130013640164,min_cost_max_flow,40,24,40,2,82,4
move,"['move', 24, 1, 9]",True,4302,2.670031129260164,0.0,3.560560777928786,0.8905296486686219,1.7130337161725038,2.236752590936211,min_cost_max_flow,30,24,30,1,166,9
move,"['move', 24, 7, 4]",True,4302,2.728284724595792,0.0,3.560560777928786,0.8322760533329939,1.5673588231875328,2.264022354870088,min_cost_max_flow,131,24,131,7,87,4
move,"['move', 24, 9, 1]",True,4312,1.3426601246932375,0.0,2.2072087014910666,0.864548576797829,1.64844193396857,1.9961542755706903,min_cost_max_flow,166,24,166,9,29,1
move,"['move', 24, 4, 7]",True,4312,1.6617383915652755,0.0,2.2072087014910666,0.545470309925791,0.8517030296425219,1.3583123728726325,min_cost_max_flow,77,24,77,4,131,7
move,"['move', 24, 4, 1]",True,4312,1.611639890628766,0.0,2.2072087014910666,0.5955688108623007,0.9777808552389615,0.8039302027624514,min_cost_max_flow,82,24,82,4,30,1
move,"['move', 24, 0, 2]",True,4312,1.4764152343026713,0.0,2.2072087014910666,0.7353509475217285,1.3266680345695931,1.1827050813875077,min_cost_max_flow,8,24,8,0,40,2
move,"['move', 24, 7, 6]",True,4322,1.9229932235448075,0.0,2.5103592757427666,0.5873660521979592,0.9559560068155406,1.6825647111407114,min_cost_max_flow,131,24,131,7,118,6
move,"['move', 24, 8, 6]",True,4322,2.065948286347231,0.0,2.5103592757427666,0.4444109893955355,0.5999934399878839,0.7325045922056668,min_cost_max_flow,155,24,155,8,119,6
move,"['move', 24, 5, 6]",True,4322,1.8450205713833092,0.0,2.5103592757427666,0.6653387043594574,1.1517858262668597,1.083772012758207,min_cost_max_flow,106,24,106,5,110,6
move,"['move', 24, 4, 6]",True,4322,1.6270518984141789,0.0,2.5103592757427666,0.8833073773285879,1.6953888360221754,1.9628871244318504,min_cost_max_flow,87,24,87,4,111,6
move,"['move', 28, 0, 5]",True,4332,1.0152443388927272,0.0,1.7567793988036868,0.7415350599109595,1.5028846173154307,1.9635389628740187,min_cost_max_flow,3,28,3,0,104,5
move,"['move', 28, 0, 2]",True,4332,0.8789519112872914,0.0,1.7567793988036868,0.8778274875163954,1.843643289685133,1.9451367254657648,min_cost_max_flow,13,28,13,0,43,2
move,"['move', 28, 6, 5]",True,4332,1.2020005285436928,0.0,1.7567793988036868,0.554778870259994,1.0374620844886522,0.9849114291171982,min_cost_max_flow,112,28,112,6,105,5
move,"['move', 28, 6, 2]",True,4332,1.2313559121089597,0.0,1.7567793988036868,0.5254234866947272,0.9631461704921094,1.6032148180343917,min_cost_max_flow,114,28,114,6,44,2
move,"['move', 24, 1, 8]",True,4342,1.6164218171341496,0.0,2.5049843135288157,0.888562496394666,1.7094756681035506,1.3301975136451099,min_cost_max_flow,29,24,29,1,155,8
move,"['move', 24, 1, 5]",True,4342,1.5323425879676753,0.0,2.5049843135288157,0.9726417255611405,1.9168797175734653,3.1928798111594174,min_cost_max_flow,30,24,30,1,106,5
move,"['move', 24, 6, 8]",True,4342,1.9727410434344863,0.0,2.5049843135288157,0.5322432700943293,0.818895674929081,1.1848157960637973,min_cost_max_flow,110,24,110,6,146,8
move,"['move', 24, 2, 8]",True,4342,1.7341453569539382,0.0,2.5049843135288157,0.7708389565748773,1.4140933520757244,2.0458418325480436,min_cost_max_flow,40,24,40,2,152,8
move,"['move', 24, 8, 7]",True,4352,2.8820217462268136,0.0,3.2602168881769975,0.3781951419501841,0.43470895070640836,0.5624183709370277,min_cost_max_flow,146,24,146,8,131,7
move,"['move', 24, 8, 2]",True,4352,2.4784098628347255,0.0,3.2602168881769975,0.7818070253422721,1.4414708712720312,2.074276980668548,min_cost_max_flow,152,24,152,8,38,2
move,"['move', 24, 3, 1]",True,4352,2.778337414988269,0.0,3.2602168881769975,0.4818794731887285,0.6935957537498325,0.7784350728948585,min_cost_max_flow,61,24,61,3,28,1
move,"['move', 24, 6, 7]",True,4352,2.519176073345833,0.0,3.2602168881769975,0.7410408148311646,1.340520682548231,1.4307186113558603,min_cost_max_flow,111,24,111,6,135,7
move,"['move', 27, 0, 7]",True,4362,1.960607577141816,0.0,2.2828980393754374,0.32229046223362134,0.6222223361910437,0.5170490699963186,min_cost_max_flow,5,27,5,0,136,7
move,"['move', 27, 0, 4]",True,4362,1.8309107633683297,0.0,2.2828980393754374,0.45198727600710775,0.9462751464307075,0.6431985326977276,min_cost_max_flow,11,27,11,0,77,4
move,"['move', 27, 1, 7]",True,4362,2.020915705870069,0.0,2.2828980393754374,0.33313895763036827,0.6493327912467066,0.5242380274659579,min_cost_max_flow,19,27,19,1,137,7
move,"['move', 27, 2, 7]",True,4362,1.9878833602968191,0.0,2.2828980393754374,0.29501467907861834,0.5541864641054417,0.414658535392688,min_cost_max_flow,40,27,40,2,140,7
move,"['move', 24, 1, 4]",True,4372,1.1639036077904628,0.0,1.9112182037283068,0.7473145959378439,1.3550832173932577,2.1786638924701407,min_cost_max_flow,28,24,28,1,82,4
move,"['move', 24, 7, 3]",True,4372,1.1678128528371032,0.0,1.9112182037283068,0.7434053508912034,1.3452583687831066,2.213154554837054,min_cost_max_flow,131,24,131,7,55,3
move,"['move', 24, 5, 3]",True,4372,1.240253435914961,0.0,1.9112182037283068,0.6709647678133458,1.1649660584880621,1.673722955103842,min_cost_max_flow,106,24,106,5,56,3
move,"['move', 24, 2, 4]",True,4372,1.26955440948879,0.0,1.9112182037283068,0.6416637942395167,1.0919071866373997,1.5446815658303161,min_cost_max_flow,38,24,38,2,87,4
move,"['move', 24, 7, 2]",True,4382,0.7649034181402258,0.0,1.6825386416047947,0.9176352234645689,1.7796679959064932,2.9898574281882886,min_cost_max_flow,135,24,135,7,40,2
move,"['move', 24, 8, 2]",True,4382,0.7624493681642485,0.0,1.6825386416047947,0.9200892734405463,1.785625352684292,3.1083695362846204,min_cost_max_flow,155,24,155,8,38,2
move,"['move', 24, 4, 5]",True,4382,1.069140825264241,0.0,1.6825386416047947,0.6133978163405538,1.0213459248188883,1.4755596132331332,min_cost_max_flow,82,24,82,4,106,5
move,"['move', 24, 3, 1]",True,4382,0.9778739383652683,0.0,1.6825386416047947,0.7046647032395265,1.2489692582239513,1.83814884147872,min_cost_max_flow,55,24,55,3,28,1
move,"['move', 24, 1, 9]",True,4392,1.6110272171771518,0.0,2.361299344211266,0.7502721270341141,1.363306056082365,1.6259899268489295,min_cost_max_flow,28,24,28,1,167,9
move,"['move', 24, 5, 8]",True,4392,1.7462377335944268,0.0,2.361299344211266,0.6150616106168393,1.0253660883172415,1.5684410748066768,min_cost_max_flow,106,24,106,5,155,8
move,"['move', 24, 6, 8]",True,4392,1.6284514239039245,0.0,2.361299344211266,0.7328479203073414,1.3195871958887437,1.7315521779754683,min_cost_max_flow,118,24,118,6,146,8
move,"['move', 24, 0, 8]",True,4392,1.8611511181616054,0.0,2.361299344211266,0.5001482260496607,0.7384691453335108,1.310762118662969,min_cost_max_flow,7,24,7,0,152,8
move,"['move', 28, 2, 0]",True,4402,1.804495211257825,0.0,2.131906004000662,0.3274107927428369,0.4694017965666717,0.7449741818425709,min_cost_max_flow,43,28,43,2,5,0
move,"['move', 28, 2, 3]",True,4402,1.6707681525495897,0.0,2.131906004000662,0.4611378514510721,0.8024993027574965,1.5584012350179977,min_cost_max_flow,44,28,44,2,55,3
move,"['move', 28, 5, 3]",True,4402,1.5583037790375518,0.0,2.131906004000662,0.5736022249631101,1.0835600050049834,1.6252222567566232,min_cost_max_flow,104,28,104,5,59,3
move,"['move', 28, 5, 1]",True,4402,1.4649754971145348,0.0,2.131906004000662,0.666930506886127,1.3163219016350922,1.997761041712368,min_cost_max_flow,105,28,105,5,28,1
move,"['move', 24, 9, 0]",True,4412,2.2518904858835254,0.0,2.5829844058120446,0.33109391992851916,0.3169624645379372,0.5580391138095242,min_cost_max_flow,167,24,167,9,7,0
move,"['move', 24, 4, 0]",True,4412,1.6812036504910264,0.0,2.5829844058120446,0.9017807553210183,1.7412474385055248,2.1794487895828425,min_cost_max_flow,87,24,87,4,8,0
move,"['move', 24, 6, 0]",True,4412,1.7069285402476924,0.0,2.5829844058120446,0.8760558655643523,1.6777556957385968,1.632461039758319,min_cost_max_flow,119,24,119,6,9,0
move,"['move', 24, 2, 1]",True,4412,1.97418060863399,0.0,2.5829844058120446,0.6088037971780546,1.0095031753080548,1.7140273496234018,min_cost_max_flow,38,24,38,2,29,1
move,"['move', 24, 1, 9]",True,4422,1.6094180117139856,0.0,2.4341529056996243,0.8247348939856388,1.5489997523618513,1.9348039930661214,min_cost_max_flow,29,24,29,1,167,9
move,"['move', 24, 8, 7]",True,4422,1.989487206677592,0.0,2.4341529056996243,0.4446656990220324,0.6003503182728309,0.9191017797358225,min_cost_max_flow,146,24,146,8,131,7
move,"['move', 24, 0, 5]",True,4422,1.6636358636281043,0.0,2.4341529056996243,0.7705170420715198,1.4126293073932175,2.485347448623565,min_cost_max_flow,7,24,7,0,104,5
move,"['move', 24, 3, 5]",True,4422,1.8117784431720478,0.0,2.4341529056996243,0.6223744625275766,1.0439528895221883,1.3653267894042889,min_cost_max_flow,56,24,56,3,105,5
move,"['move', 24, 9, 3]",True,4432,1.9503513943428024,0.0,2.658681796771671,0.7083304024288687,1.257285336010682,2.4035956325620957,min_cost_max_flow,167,24,167,9,56,3
move,"['move', 24, 2, 3]",True,4432,2.014417965429132,0.0,2.658681796771671,0.644263831342539,1.0991591306810733,1.0434473750851492,min_cost_max_flow,40,24,40,2,61,3
move,"['move', 24, 7, 4]",True,4432,1.907831466595277,0.0,2.658681796771671,0.7508503301763939,1.3642980217555305,1.928351381871784,min_cost_max_flow,131,24,131,7,82,4
move,"['move', 24, 0, 3]",True,4432,2.050137569387708,0.0,2.658681796771671,0.6085442273839632,1.009794910758501,1.086920725840325,min_cost_max_flow,8,24,8,0,63,3
move,"['move', 24, 8, 7]",True,4442,1.8068607066242488,0.0,2.3599746222834646,0.5531139156592159,0.8714202237897553,0.9528591637585515,min_cost_max_flow,152,24,152,8,131,7
move,"['move', 24, 4, 2]",True,4442,1.603877779869273,0.0,2.3599746222834646,0.7560968424141917,1.3772744389207219,2.02159366807392,min_cost_max_flow,82,24,82,4,40,2
move,"['move', 24, 3, 7]",True,4442,1.5200791519470602,0.0,2.3599746222834646,0.8398954703364042,1.5867657222333946,2.0251179966462534,min_cost_max_flow,56,24,56,3,135,7
move,"['move', 24, 6, 7]",True,4442,1.9449823419112506,0.0,2.3599746222834646,0.43463275970554727,0.5754548945114948,0.7944854264846539,min_cost_max_flow,120,24,120,6,141,7
move,"['move', 24, 7, 6]",True,4452,1.6765930212693705,0.0,2.0603434182126117,0.38375039694324115,0.44857628707541153,0.5762857800300318,min_cost_max_flow,131,24,131,7,112,6
move,"['move', 24, 8, 6]",True,4452,1.3085529181288842,0.0,2.0603434182126117,0.7517905000837276,1.3668536668119486,1.7915378564823228,min_cost_max_flow,155,24,155,8,114,6
move,"['move', 24, 0, 6]",True,4452,1.18992679896723,0.0,2.0603434182126117,0.8704166192453818,1.6633796197274933,1.8177678488766067,min_cost_max_flow,9,24,9,0,119,6
move,"['move', 24, 5, 6]",True,4452,1.482904186162549,0.0,2.0603434182126117,0.5774392320500626,0.9313642352426541,1.5323788465706336,min_cost_max_flow,104,24,104,5,109,6
move,"['move', 24, 7, 0]",True,4462,2.4045668564231,0.0,3.0339406354189977,0.6293737789958979,1.0616601626825286,1.226005463046356,min_cost_max_flow,135,24,135,7,7,0
move,"['move', 24, 5, 0]",True,4462,1.9854417779079974,0.0,3.0339406354189977,1.0484988575110004,2.1075141274850466,2.531826453205319,min_cost_max_flow,105,24,105,5,8,0
move,"['move', 24, 2, 1]",True,4462,2.3698697422670483,0.0,3.0339406354189977,0.6640708931519493,1.1469105664436938,2.2209265490220695,min_cost_max_flow,40,24,40,2,29,1
move,"['move', 24, 3, 0]",True,4462,2.3374882078272163,0.0,3.0339406354189977,0.6964524275917815,1.0635557940404397,0.648887773134062,min_cost_max_flow,61,24,61,3,9,0
move,"['move', 24, 1, 2]",True,4472,1.2322940031588319,0.0,1.901692151014616,0.6693981478557842,1.16015589361632,2.2694662736625335,min_cost_max_flow,29,24,29,1,40,2
move,"['move', 24, 7, 2]",True,4472,1.2182042740901604,0.0,1.901692151014616,0.6834878769244558,1.1964927146400441,1.5278007056325285,min_cost_max_flow,141,24,141,7,38,2
move,"['move', 24, 6, 5]",True,4472,1.3378768363122502,0.0,1.901692151014616,0.563815314702366,0.8974448337976355,1.438784230422015,min_cost_max_flow,109,24,109,6,104,5
move,"['move', 24, 0, 8]",True,4472,1.177259689465656,0.0,1.901692151014616,0.7244324615489602,1.2988272225411492,1.545769812403046,min_cost_max_flow,7,24,7,0,155,8
move,"['move', 24, 8, 9]",True,4482,0.9773525806679958,0.0,1.834378198828154,0.8570256181601582,1.6305147902530734,1.40931902311698,min_cost_max_flow,155,24,155,8,166,9
move,"['move', 24, 2, 1]",True,4482,1.2279691710207956,0.0,1.834378198828154,0.6064090278073585,1.003118677996099,1.979076606433856,min_cost_max_flow,38,24,38,2,29,1
move,"['move', 24, 2, 9]",True,4482,1.3011273347070924,0.0,1.834378198828154,0.5332508641210615,0.821346328506479,1.2303701223520191,min_cost_max_flow,40,24,40,2,167,9
move,"['move', 24, 5, 9]",True,4482,1.2026043338083587,0.0,1.834378198828154,0.6317738650197952,1.0665026258066064,1.9978400868232893,min_cost_max_flow,104,24,104,5,173,9
move,"['move', 24, 1, 2]",True,4492,0.4135873975494495,0.0,2.4292519704231594,2.01566457287371,2.025655026845925,2.38075248380245,min_cost_max_flow,29,24,29,1,40,2
move,"['move', 24, 9, 8]",True,4492,0.5407444170896492,0.0,2.4292519704231594,1.8885075533335103,1.7100873758536181,0.8308205783406373,min_cost_max_flow,166,24,166,9,146,8
move,"['move', 24, 9, 2]",True,4492,0.5400246612451816,0.0,2.4292519704231594,1.8892273091779779,1.7110340553845163,1.3992939651880245,min_cost_max_flow,167,24,167,9,38,2
move,"['move', 24, 9, 5]",True,4492,0.5058540427827432,0.0,2.4292519704231594,1.9233979276404163,1.7959041824069573,1.7702400542913608,min_cost_max_flow,173,24,173,9,104,5
move,"['move', 29, 0, 8]",True,4502,1.0260542559900094,0.0,1.6768455499318102,0.6507912939418007,1.0988280294768629,1.811474699454261,min_cost_max_flow,14,29,14,0,152,8
move,"['move', 29, 1, 8]",True,4502,1.0001705193630657,0.0,1.6768455499318102,0.6766750305687447,1.1639757336088223,1.5192329897212205,min_cost_max_flow,22,29,22,1,153,8
move,"['move', 29, 1, 9]",True,4502,0.8604011400123593,0.0,1.6768455499318102,0.8164444099194509,1.5130558673190535,1.7481094340774046,min_cost_max_flow,32,29,32,1,166,9
move,"['move', 29, 3, 8]",True,4502,0.8393604754808858,0.0,1.6768455499318102,0.8374850744509245,1.5647933678992558,2.32421659973192,min_cost_max_flow,58,29,58,3,154,8
move,"['move', 24, 8, 7]",True,4512,2.9919708643509155,0.0,3.4016252387836206,0.40965437443270497,0.5130596134913503,0.7606973185104937,min_cost_max_flow,146,24,146,8,131,7
move,"['move', 24, 0, 7]",True,4512,2.5862128900041057,0.0,3.4016252387836206,0.8154123487795147,1.5269355216660188,1.1067157800808642,min_cost_max_flow,8,24,8,0,135,7
move,"['move', 24, 2, 7]",True,4512,2.590176729636939,0.0,3.4016252387836206,0.9197786775216817,1.784330825204961,3.4537279910645826,min_cost_max_flow,38,24,38,2,141,7
move,"['move', 24, 0, 9]",True,4512,2.7475761380613077,0.0,3.4016252387836206,0.654049100722313,1.1235723581339698,1.0767447061108,min_cost_max_flow,9,24,9,0,167,9
move,"['move', 28, 0, 4]",True,4522,1.4750897465008597,0.0,1.9764024128335143,0.5013126663326546,0.9039780693565262,0.8639149716356235,min_cost_max_flow,5,28,5,0,82,4
move,"['move', 28, 1, 5]",True,4522,1.393140527409876,0.0,1.9764024128335143,0.5832618854236382,1.1082760470962967,1.2472949634280592,min_cost_max_flow,28,28,28,1,105,5
move,"['move', 28, 3, 5]",True,4522,1.5780498943218912,0.0,1.9764024128335143,0.46318034984495626,0.8087164102107636,0.8178269226469258,min_cost_max_flow,55,28,55,3,106,5
move,"['move', 28, 3, 2]",True,4522,1.7643779797143053,0.0,1.9764024128335143,0.21202443311920888,0.18177734593336936,0.1840085646640267,min_cost_max_flow,59,28,59,3,40,2
move,"['move', 24, 9, 0]",True,4532,1.4581280707571613,0.0,2.128978873264965,0.6708508025078034,1.1662436808619532,0.6320325299391321,min_cost_max_flow,167,24,167,9,3,0
move,"['move', 24, 7, 0]",True,4532,1.5609134677837226,0.0,2.128978873264965,0.5680654054812421,0.9093776543159038,0.5670551830364925,min_cost_max_flow,131,24,131,7,5,0
move,"['move', 24, 3, 0]",True,4532,1.4155853260474363,0.0,2.128978873264965,0.7133935472175287,1.2708557492005639,1.7952281537407617,min_cost_max_flow,63,24,63,3,7,0
move,"['move', 24, 5, 8]",True,4532,1.14925664151649,0.0,2.128978873264965,0.9797222317484747,1.9355336502485443,2.5577683399974593,min_cost_max_flow,104,24,104,5,146,8
move,"['move', 24, 2, 3]",True,4542,3.2423936073493214,0.0,3.6287845099407052,0.38639090259138403,0.4545140984118916,1.0185876359479984,min_cost_max_flow,40,24,40,2,55,3
move,"['move', 24, 6, 3]",True,4542,2.831754109421804,0.0,3.6287845099407052,0.9010053882689012,1.7397090459126048,1.9127654313344045,min_cost_max_flow,119,24,119,6,56,3
move,"['move', 24, 7, 3]",True,4542,2.824945902011613,0.0,3.6287845099407052,0.8038386079290921,1.4973902018173249,1.5140275951726465,min_cost_max_flow,135,24,135,7,58,3
move,"['move', 24, 8, 3]",True,4542,3.0178850410356706,0.0,3.6287845099407052,0.6108994689050345,1.0155462426046142,1.1781020302170053,min_cost_max_flow,146,24,146,8,59,3
move,"['move', 24, 7, 5]",True,4552,2.0109006406479164,0.0,2.4277719603802543,0.41687131973233776,0.530784224269155,0.9725322993620826,min_cost_max_flow,141,24,141,7,104,5
move,"['move', 24, 3, 8]",True,4552,1.4252076735192376,0.0,2.4277719603802543,1.0025642868610167,1.9911681864541606,3.53816939048999,min_cost_max_flow,55,24,55,3,155,8
move,"['move', 24, 3, 5]",True,4552,1.8417461502329826,0.0,2.4277719603802543,0.5860258101472717,0.9535286154277856,1.0670888851648155,min_cost_max_flow,56,24,56,3,91,5
move,"['move', 24, 0, 1]",True,4552,1.7275107383484514,0.0,2.4277719603802543,0.7002612220318031,1.2370898209264851,2.4186383602507,min_cost_max_flow,3,24,3,0,32,1
move,"['move', 24, 1, 2]",True,4562,2.7434663364827854,0.0,3.321616340212217,0.5781500037294319,0.9325696721716668,1.9133736928443772,min_cost_max_flow,32,24,32,1,40,2
move,"['move', 24, 8, 7]",True,4562,2.5151045264933125,0.0,3.321616340212217,0.8065118137189046,1.5035318354493938,1.8749481568138155,min_cost_max_flow,155,24,155,8,131,7
move,"['move', 24, 0, 9]",True,4562,2.7896041331733543,0.0,3.321616340212217,0.5320122070388629,0.8186143150305725,0.9872839692921137,min_cost_max_flow,5,24,5,0,167,9
move,"['move', 24, 0, 7]",True,4562,2.4515361542448164,0.0,3.321616340212217,0.8700801859674009,1.661705976119265,2.3728081243938153,min_cost_max_flow,7,24,7,0,141,7
move,"['move', 24, 9, 0]",True,4572,0.9887878987136339,0.0,1.8294247812144848,0.8406368825008509,1.589070945927233,1.7239891414984956,min_cost_max_flow,167,24,167,9,13,0
move,"['move', 24, 7, 0]",True,4572,1.3764662914828811,0.0,1.8294247812144848,0.45295848973160363,0.6209780026329099,0.9886300556352395,min_cost_max_flow,131,24,131,7,3,0
move,"['move', 24, 6, 0]",True,4572,1.3705921254547289,0.0,1.8294247812144848,0.458832655759756,0.6359562156212633,0.7934314436535842,min_cost_max_flow,112,24,112,6,5,0
move,"['move', 24, 7, 8]",True,4572,1.1959309656488633,0.0,1.8294247812144848,0.6334938155656215,1.0725918467869633,0.8049436762959957,min_cost_max_flow,141,24,141,7,155,8
move,"['move', 24, 0, 9]",True,4582,2.238931576105255,0.0,2.7243317743863584,0.4854001982811033,0.7021964338200632,0.9125235133657408,min_cost_max_flow,3,24,3,0,167,9
move,"['move', 24, 8, 7]",True,4582,1.9353480582747817,0.0,2.7243317743863584,0.7889837161115766,1.458907827443909,2.410790814924035,min_cost_max_flow,155,24,155,8,131,7
move,"['move', 24, 2, 7]",True,4582,1.8705035118285176,0.0,2.7243317743863584,0.8538282625578407,1.6211571098028799,2.318846652716853,min_cost_max_flow,40,24,40,2,141,7
move,"['move', 24, 0, 7]",True,4582,1.9557030071996597,0.0,2.7243317743863584,0.7686287671866986,1.4089328066256712,1.8025564856191214,min_cost_max_flow,5,24,5,0,143,7
move,"['move', 24, 9, 1]",True,4592,2.4877264062980147,0.0,3.181101194715918,0.6933747884179032,1.2201057352649514,2.263972778106691,min_cost_max_flow,167,24,167,9,32,1
move,"['move', 24, 3, 2]",True,4592,2.7942249764352334,0.0,3.181101194715918,0.38687621828068447,0.4565827307233121,0.44835891050169785,min_cost_max_flow,58,24,58,3,40,2
move,"['move', 24, 7, 1]",True,4592,2.582285932142987,0.0,3.181101194715918,0.5988152625729309,0.985132736095693,1.3134291493253674,min_cost_max_flow,131,24,131,7,22,1
move,"['move', 24, 6, 8]",True,4592,2.484511520383,0.0,3.181101194715918,0.696589674332918,1.2291488079936244,1.5934008173492276,min_cost_max_flow,114,24,114,6,155,8
move,"['move', 24, 7, 6]",True,4602,2.360834634774236,0.0,2.802134009537774,0.5818950381385379,0.9427932809921913,1.3393584943380465,min_cost_max_flow,143,24,143,7,112,6
move,"['move', 24, 1, 6]",True,4602,2.128402052817838,0.0,2.802134009537774,0.6737319567199357,1.1722653785473085,1.4194910932560934,min_cost_max_flow,22,24,22,1,114,6
move,"['move', 24, 1, 4]",True,4602,2.0604361420278803,0.0,2.802134009537774,0.7416978675098936,1.3420695037348196,1.4932589515118115,min_cost_max_flow,32,24,32,1,87,4
move,"['move', 24, 3, 6]",True,4602,2.1331858879456305,0.0,2.802134009537774,0.6689481215921435,1.1591030909257825,2.221290961286278,min_cost_max_flow,59,24,59,3,118,6
move,"['move', 24, 8, 3]",True,4612,1.331020935988183,0.0,2.281426326450185,0.9504053904620017,1.8617346167229698,2.895721879591946,min_cost_max_flow,155,24,155,8,55,3
move,"['move', 24, 2, 3]",True,4612,1.975833003153428,0.0,2.281426326450185,0.3055933232967569,0.2532854811506695,0.5083669857176352,min_cost_max_flow,40,24,40,2,56,3
move,"['move', 24, 7, 3]",True,4612,1.3994561879871363,0.0,2.281426326450185,0.8819701384630486,1.6919224300290807,2.0450930105962604,min_cost_max_flow,141,24,141,7,58,3
move,"['move', 24, 4, 3]",True,4612,1.54512690980303,0.0,2.281426326450185,0.7362994166471549,1.3280209358708817,1.8615527562395295,min_cost_max_flow,87,24,87,4,59,3
move,"['move', 29, 7, 0]",True,4622,0.9349034938055336,0.0,2.125182955440499,1.1902794616349652,2.445657216645486,3.072296075646321,min_cost_max_flow,139,29,139,7,3,0
move,"['move', 29, 8, 2]",True,4622,1.1983096825528474,0.0,2.125182955440499,0.9268732728876514,1.787123344874999,3.0845626771147714,min_cost_max_flow,152,29,152,8,40,2
move,"['move', 29, 8, 0]",True,4622,1.528793447386664,0.0,2.125182955440499,0.596389508053835,0.9637138315665652,1.2179634930430967,min_cost_max_flow,153,29,153,8,5,0
move,"['move', 29, 9, 2]",True,4622,1.0236040485117348,0.0,2.125182955440499,1.101578906928764,2.2252708999585593,2.162249356595644,min_cost_max_flow,166,29,166,9,43,2
move,"['move', 24, 3, 2]",True,4632,1.5403452013376753,0.0,2.051937395084705,0.5356581944970297,0.82764071602287,1.0463290713716398,min_cost_max_flow,59,24,59,3,44,2
move,"['move', 24, 6, 8]",True,4632,1.3069239295901225,0.0,2.051937395084705,0.7450134654945827,1.349670650670305,1.9518243023367998,min_cost_max_flow,112,24,112,6,155,8
move,"['move', 24, 5, 2]",True,4632,1.0822925216513641,0.0,2.051937395084705,0.9696448734333408,1.9109167861097376,2.1734139073119567,min_cost_max_flow,91,24,91,5,45,2
move,"['move', 24, 3, 1]",True,4632,1.5657143742912027,0.0,2.051937395084705,0.4862230207935024,0.7036069362511626,1.3435594132979956,min_cost_max_flow,55,24,55,3,32,1
move,"['move', 24, 1, 4]",True,4642,1.7306974580589194,0.0,2.5789841332086603,0.848286675149741,1.6070425247162348,2.4925910303142422,min_cost_max_flow,32,24,32,1,87,4
move,"['move', 24, 6, 4]",True,4642,1.7435507752927273,0.0,2.5789841332086603,0.8354333579159331,1.5754686179061537,2.1196668473549227,min_cost_max_flow,114,24,114,6,88,4
move,"['move', 24, 0, 4]",True,4642,1.523029040152589,0.0,2.5789841332086603,1.0588929328894046,2.1343614989018533,1.9570378060078109,min_cost_max_flow,13,24,13,0,73,4
move,"['move', 24, 3, 4]",True,4642,2.2547444917567474,0.0,2.5789841332086603,0.3242396414519128,0.29989907542039873,0.5098343978246442,min_cost_max_flow,56,24,56,3,74,4
move,"['move', 24, 8, 0]",True,4652,2.8008752838855013,0.0,3.7045076155092436,0.9036323316237421,1.7459044521019678,2.1607335631606053,min_cost_max_flow,155,24,155,8,7,0
move,"['move', 24, 2, 7]",True,4652,2.849218577406415,0.0,3.7045076155092436,0.8552890381028283,1.6241335387530853,2.769186594226045,min_cost_max_flow,44,24,44,2,131,7
move,"['move', 24, 4, 0]",True,4652,2.9612430611048826,0.0,3.7045076155092436,0.7432645544043609,1.3454765825881623,1.833017873395649,min_cost_max_flow,73,24,73,4,8,0
move,"['move', 24, 4, 7]",True,4652,2.774532489532041,0.0,3.7045076155092436,0.9299751259772026,1.810957595713262,2.696628411398628,min_cost_max_flow,74,24,74,4,135,7
move,"['move', 28, 2, 1]",True,4662,1.8998484887340679,0.0,2.284691700262268,0.38484321152820034,0.6126870138614322,0.9421939609412011,min_cost_max_flow,40,28,40,2,32,1
move,"['move', 28, 4, 1]",True,4662,1.7417800957224885,0.0,2.284691700262268,0.5429116045397796,1.0072487039360567,1.348388930490388,min_cost_max_flow,82,28,82,4,22,1
move,"['move', 28, 6, 1]",True,4662,1.8803709928650072,0.0,2.284691700262268,0.4043207073972611,0.6614733440437703,0.8804669544838193,min_cost_max_flow,116,28,116,6,28,1
move,"['move', 28, 6, 0]",True,4662,1.7696957587196045,0.0,2.284691700262268,0.5149959415426636,0.9378723115805769,1.0732121722834522,min_cost_max_flow,117,28,117,6,9,0
move,"['move', 24, 0, 9]",True,4672,2.1522243973735224,0.0,2.5025791727026356,0.35035477532911313,0.3648848312732298,0.7112202912711616,min_cost_max_flow,7,24,7,0,167,9
move,"['move', 24, 7, 1]",True,4672,1.6358495294501254,0.0,2.5025791727026356,0.8667296432525103,1.6528570607042639,2.687847209576967,min_cost_max_flow,131,24,131,7,29,1
move,"['move', 24, 4, 8]",True,4672,1.684108459670325,0.0,2.5025791727026356,0.8184707130323104,1.532567516900599,2.4493260450203427,min_cost_max_flow,87,24,87,4,155,8
move,"['move', 24, 4, 9]",True,4672,1.7345996103010073,0.0,2.5025791727026356,0.7679795624016282,1.4063566829645424,2.4379642845879377,min_cost_max_flow,88,24,88,4,172,9
move,"['move', 24, 9, 6]",True,4682,2.2970786538028722,0.0,2.8802386179430535,0.5831599641401813,0.9456656493857736,1.5326562346888923,min_cost_max_flow,167,24,167,9,116,6
move,"['move', 24, 9, 4]",True,4682,2.132534838290492,0.0,2.8802386179430535,0.7477037796525617,1.356634218529507,1.7933026595005073,min_cost_max_flow,172,24,172,9,82,4
move,"['move', 24, 7, 6]",True,4682,2.5815062009143555,0.0,2.8802386179430535,0.2987324170286981,0.2367514056750224,0.09624018938438617,min_cost_max_flow,135,24,135,7,117,6
move,"['move', 24, 1, 6]",True,4682,2.177223235759054,0.0,2.8802386179430535,0.7030153821839994,1.2439244721535943,2.4524711291719097,min_cost_max_flow,29,24,29,1,119,6
move,"['move', 24, 2, 7]",True,4692,1.312294971673973,0.0,2.206753314222019,0.894458342548046,1.7231204274430638,2.0601015429364367,min_cost_max_flow,45,24,45,2,131,7
move,"['move', 24, 0, 9]",True,4692,1.701795820848904,0.0,2.206753314222019,0.5049574933731151,0.7512115303834435,0.8312842911319245,min_cost_max_flow,8,24,8,0,167,9
move,"['move', 24, 4, 7]",True,4692,1.5505237272458887,0.0,2.206753314222019,0.6562295869761303,1.1288794932188466,1.172798405888395,min_cost_max_flow,82,24,82,4,135,7
move,"['move', 24, 8, 7]",True,4692,1.8093585399796515,0.0,2.206753314222019,0.3973947742423676,0.4829341731092427,0.4116572560199325,min_cost_max_flow,155,24,155,8,139,7
move,"['move', 24, 9, 0]",True,4702,1.7938911147673973,0.0,2.1326724413355995,0.33878132656820215,0.3360896976882941,0.6188947463765699,min_cost_max_flow,167,24,167,9,7,0
move,"['move', 24, 7, 0]",True,4702,1.2664726272097107,0.0,2.1326724413355995,0.866199814125889,1.6528615172646823,1.8018276249290626,min_cost_max_flow,131,24,131,7,8,0
move,"['move', 24, 5, 0]",True,4702,1.3394694926120696,0.0,2.1326724413355995,0.7932029487235298,1.4696458086982602,2.284190998611788,min_cost_max_flow,104,24,104,5,11,0
move,"['move', 24, 3, 2]",True,4702,1.7508702683540096,0.0,2.1326724413355995,0.3818021729815898,0.4430037908896338,1.0442433011295151,min_cost_max_flow,58,24,58,3,38,2
move,"['move', 24, 2, 3]",True,4712,2.114456434916995,0.0,2.431727730749015,0.31727129583202013,0.28234243127371883,0.6003544624567849,min_cost_max_flow,38,24,38,2,55,3
move,"['move', 24, 6, 3]",True,4712,1.671445327041487,0.0,2.431727730749015,0.7602824037075279,1.3866477581395884,2.7486496777230593,min_cost_max_flow,116,24,116,6,56,3
move,"['move', 24, 0, 3]",True,4712,1.8032402963784742,0.0,2.431727730749015,0.6284874343705409,1.0584297327732202,1.902384360323703,min_cost_max_flow,7,24,7,0,58,3
move,"['move', 24, 7, 3]",True,4712,1.7286759607375348,0.0,2.431727730749015,0.7030517700114802,1.2458779177686665,1.210820431591607,min_cost_max_flow,135,24,135,7,59,3
move,"['move', 24, 7, 5]",True,4722,1.915674765973021,0.0,2.3492811915792036,0.4336064256061824,0.5719661293405807,1.409772041485979,min_cost_max_flow,139,24,139,7,104,5
move,"['move', 24, 0, 5]",True,4722,1.2851058367440225,0.0,2.3492811915792036,1.064175354835181,2.147655646360363,1.8983094099625233,min_cost_max_flow,8,24,8,0,108,5
move,"['move', 24, 3, 5]",True,4722,1.8939723650377713,0.0,2.3492811915792036,0.4553088265414323,0.6273277695145225,0.672680150941175,min_cost_max_flow,55,24,55,3,91,5
move,"['move', 24, 3, 2]",True,4722,2.0584247205782367,0.0,2.3492811915792036,0.2908564710009667,0.21648205532255815,0.4825637114747675,min_cost_max_flow,56,24,56,3,38,2
move,"['move', 24, 0, 7]",True,4732,1.7034458584034007,0.0,2.725879544421032,1.0224336860176315,2.043202836342971,1.9640680589742205,min_cost_max_flow,11,24,11,0,131,7
move,"['move', 24, 2, 8]",True,4732,1.8100026866500984,0.0,2.725879544421032,0.9158768577709339,1.7769962860329542,1.840387854489119,min_cost_max_flow,38,24,38,2,155,8
move,"['move', 24, 6, 7]",True,4732,2.3683617301300353,0.0,2.725879544421032,0.45285917545766374,0.6213150098847109,0.5984347645347141,min_cost_max_flow,118,24,118,6,135,7
move,"['move', 24, 5, 1]",True,4732,1.812299010881425,0.0,2.725879544421032,0.9135805335396073,1.7701245046773693,2.594368372668106,min_cost_max_flow,91,24,91,5,29,1
move,"['move', 24, 1, 2]",True,4742,1.613645010003145,0.0,2.275763111235874,0.662118101232729,1.142743489028362,1.7443249605424276,min_cost_max_flow,29,24,29,1,38,2
move,"['move', 24, 8, 0]",True,4742,1.6742357210019279,0.0,2.275763111235874,0.6015273902339461,0.9920935163027025,1.193121779677477,min_cost_max_flow,155,24,155,8,7,0
move,"['move', 24, 7, 9]",True,4742,1.7029811508366732,0.0,2.275763111235874,0.5727819603992007,0.9206988707665005,0.8805024125698584,min_cost_max_flow,131,24,131,7,167,9
move,"['move', 24, 6, 9]",True,4742,1.7544554001272514,0.0,2.275763111235874,0.5213077111086223,0.7911810975492699,1.4352690730928102,min_cost_max_flow,117,24,117,6,172,9
move,"['move', 24, 9, 4]",True,4752,0.905914120538976,0.0,1.6058322517841592,0.7161115787451832,1.2771272264799336,2.144295846918755,min_cost_max_flow,172,24,172,9,82,4
move,"['move', 24, 9, 1]",True,4752,0.7742392340618233,0.0,1.6058322517841592,0.831593017722336,1.5672223947549355,1.2165819588383586,min_cost_max_flow,167,24,167,9,29,1
move,"['move', 24, 7, 4]",True,4752,0.8864314001765577,0.0,1.6058322517841592,0.7194008516076015,1.2860818185363314,1.6566892466838237,min_cost_max_flow,135,24,135,7,87,4
move,"['move', 24, 5, 4]",True,4752,1.2500958154268451,0.0,1.6058322517841592,0.35573643635731406,0.3787256606447045,0.45343575728953217,min_cost_max_flow,104,24,104,5,88,4
move,"['move', 24, 1, 8]",True,4762,1.9287658957084717,0.0,2.725815671214957,0.7970497755064853,1.4798298708483344,1.9061942034879982,min_cost_max_flow,29,24,29,1,155,8
move,"['move', 24, 0, 9]",True,4762,2.4262668828852187,0.0,2.725815671214957,0.299548788329738,0.2384696413500933,0.3113685744035959,min_cost_max_flow,7,24,7,0,167,9
move,"['move', 24, 6, 7]",True,4762,2.0687108673419274,0.0,2.725815671214957,0.6571048038730295,1.1307357495170436,1.3939890352557076,min_cost_max_flow,119,24,119,6,131,7
move,"['move', 24, 4, 8]",True,4762,1.8552473265897653,0.0,2.725815671214957,0.8705683446251914,1.663202590032597,2.1886632784897815,min_cost_max_flow,82,24,82,4,146,8
move,"['move', 24, 9, 6]",True,4772,2.1242699500500803,0.0,2.7313710562056257,0.6071011061555452,1.006229782178707,1.058471065006446,min_cost_max_flow,167,24,167,9,112,6
move,"['move', 24, 7, 6]",True,4772,2.348351668405024,0.0,2.7313710562056257,0.3830193878006017,0.44688573261373676,0.48497351674738887,min_cost_max_flow,131,24,131,7,114,6
move,"['move', 24, 4, 6]",True,4772,2.0883479618025964,0.0,2.7313710562056257,0.6430230944030292,1.0952789178772946,1.5623610117545517,min_cost_max_flow,87,24,87,4,116,6
move,"['move', 24, 3, 6]",True,4772,2.0442832440693017,0.0,2.7313710562056257,0.6870878121363239,1.2048111009935383,1.9821018230831235,min_cost_max_flow,58,24,58,3,117,6
move,"['move', 24, 4, 0]",True,4782,1.5118666462581332,0.0,2.4303116676470107,0.9184450213888776,1.7816090169799281,3.04550658641286,min_cost_max_flow,88,24,88,4,7,0
move,"['move', 24, 8, 0]",True,4782,1.668198844602529,0.0,2.4303116676470107,0.7621128230444817,1.3934182011871599,1.2857198742652203,min_cost_max_flow,146,24,146,8,8,0
move,"['move', 24, 8, 7]",True,4782,1.7507015485375563,0.0,2.4303116676470107,0.6796101191094543,1.1871871863186243,1.2685565615766508,min_cost_max_flow,155,24,155,8,131,7
move,"['move', 24, 2, 0]",True,4782,1.4669121951907496,0.0,2.4303116676470107,0.963399472456261,1.894469459039101,2.729296992603551,min_cost_max_flow,38,24,38,2,11,0
move,"['move', 24, 7, 1]",True,4792,1.4909886717623362,0.0,2.4283761522039065,0.9373874804415702,1.8288874087083968,3.09734385525448,min_cost_max_flow,131,24,131,7,29,1
move,"['move', 24, 0, 2]",True,4792,1.8907753775557286,0.0,2.4283761522039065,0.5376007746481778,0.8314847763613216,1.7212557643176813,min_cost_max_flow,7,24,7,0,38,2
move,"['move', 24, 3, 2]",True,4792,2.056240425752011,0.0,2.4283761522039065,0.3721357264518956,0.41947305569192395,0.6206558834456654,min_cost_max_flow,59,24,59,3,40,2
move,"['move', 24, 0, 1]",True,4792,1.7179777929211637,0.0,2.4283761522039065,0.7103983592827426,1.2632244846245158,1.8907579797960963,min_cost_max_flow,8,24,8,0,30,1
move,"['move', 24, 1, 3]",True,4802,1.2802276131422579,0.0,1.9793616874399418,0.6991340742976838,1.2339620249040308,2.6252561516881294,min_cost_max_flow,29,24,29,1,56,3
move,"['move', 24, 2, 3]",True,4802,1.637825589927665,0.0,1.9793616874399418,0.34153609751227676,0.342785795663076,0.7461143366463628,min_cost_max_flow,38,24,38,2,58,3
move,"['move', 24, 5, 3]",True,4802,1.4817414600722523,0.0,1.9793616874399418,0.6030335018676894,0.9956896298608626,1.3058987971429719,min_cost_max_flow,108,24,108,5,59,3
move,"['move', 24, 6, 3]",True,4802,1.321981612727443,0.0,1.9793616874399418,0.6573800747124988,1.1316087224695366,1.270791799375828,min_cost_max_flow,112,24,112,6,60,3
move,"['move', 24, 1, 5]",True,4812,2.5054227865438645,0.0,3.175467963801453,0.6700451772575887,1.1626068805562682,1.7138573167047841,min_cost_max_flow,30,24,30,1,104,5
move,"['move', 24, 2, 5]",True,4812,2.549326345448957,0.0,3.175467963801453,0.626141618352496,1.0529025773430476,1.6774612836972151,min_cost_max_flow,40,24,40,2,91,5
move,"['move', 24, 6, 7]",True,4812,2.845825053409,0.0,3.175467963801453,0.3296429103924532,0.3137454608004191,0.2843590453783091,min_cost_max_flow,114,24,114,6,131,7
move,"['move', 24, 0, 7]",True,4812,2.322581207447615,0.0,3.175467963801453,0.8528867563538381,1.6186592434169143,2.4149139033562026,min_cost_max_flow,11,24,11,0,135,7
move,"['move', 29, 0, 9]",True,4822,1.123061904706697,0.0,1.6752175534429472,0.5521556487362501,0.8541656223169412,0.5270041301512409,min_cost_max_flow,3,29,3,0,166,9
move,"['move', 29, 2, 9]",True,4822,0.9470300553176021,0.0,1.6752175534429472,0.7281874981253451,1.2937888870146708,0.831243313489755,min_cost_max_flow,40,29,40,2,167,9
move,"['move', 29, 4, 9]",True,4822,0.7025053620134504,0.0,1.6752175534429472,0.9727121914294968,1.9023479717361624,2.6663423394148995,min_cost_max_flow,74,29,74,4,172,9
move,"['move', 29, 5, 9]",True,4822,0.6560607203087554,0.0,1.6752175534429472,1.0191568331341918,2.0193438900096226,2.076799664933017,min_cost_max_flow,95,29,95,5,173,9
move,"['move', 24, 7, 2]",True,4832,2.257681874700941,0.0,2.8060096382951256,0.5483277635941847,0.8590601262476412,1.2160040834494128,min_cost_max_flow,131,24,131,7,40,2
move,"['move', 24, 3, 0]",True,4832,2.284363039784502,0.0,2.8060096382951256,0.5216465985106239,0.7917856703716097,1.5970328615357454,min_cost_max_flow,56,24,56,3,3,0
move,"['move', 24, 7, 0]",True,4832,1.8466438372473428,0.0,2.8060096382951256,0.9593658010477829,1.8850933520225226,2.2572493228586947,min_cost_max_flow,135,24,135,7,7,0
move,"['move', 24, 6, 2]",True,4832,1.8506531756870435,0.0,2.8060096382951256,0.955356462608082,1.8748978072908358,2.3720484111483664,min_cost_max_flow,116,24,116,6,42,2
move,"['move', 24, 6, 7]",True,4842,0.9709846808081876,0.0,1.597287211928359,0.6263025311201714,1.0540895220983657,1.1543527262774371,min_cost_max_flow,117,24,117,6,131,7
move,"['move', 24, 2, 7]",True,4842,0.7415976925052133,0.0,1.597287211928359,0.8556895194231456,1.6263372749235714,1.9674980144307628,min_cost_max_flow,40,24,40,2,135,7
move,"['move', 24, 0, 7]",True,4842,0.67084285601921,0.0,1.597287211928359,0.926444355909149,1.803009349729109,2.1108422874110526,min_cost_max_flow,3,24,3,0,139,7
move,"['move', 24, 2, 8]",True,4842,0.7280114143105659,0.0,1.597287211928359,0.8692757976177931,1.6610712935653282,1.4552825776719844,min_cost_max_flow,42,24,42,2,146,8
move,"['move', 24, 7, 6]",True,4858,1.5824417336598235,0.0,2.2797140009547747,0.7018828879616178,1.2426518024803954,1.4134272073350407,min_cost_max_flow,135,24,135,7,112,6
move,"['move', 24, 3, 6]",True,4858,1.7234881554643957,0.0,2.2797140009547747,0.5562258454903791,0.878943216506741,1.1240804043735433,min_cost_max_flow,58,24,58,3,114,6
move,"['move', 24, 5, 6]",True,4858,1.553061123827601,0.0,2.2797140009547747,0.7266528771271735,1.3045468609343516,1.433370180623958,min_cost_max_flow,91,24,91,5,116,6
move,"['move', 24, 8, 6]",True,4858,1.6349494432047673,0.0,2.2797140009547747,0.6447645577500075,1.0997764443454798,1.4664489445948623,min_cost_max_flow,146,24,146,8,117,6
move,"['move', 24, 7, 2]",True,4868,2.5577389343005428,0.0,3.035977149384551,0.47823821508400816,0.6842240994737949,0.9574410823860017,min_cost_max_flow,131,24,131,7,40,2
move,"['move', 24, 6, 1]",True,4868,2.3172566209471595,0.0,3.035977149384551,0.7265454386040581,1.3026288021865184,2.5330118073200016,min_cost_max_flow,117,24,117,6,29,1
move,"['move', 24, 3, 2]",True,4868,2.3872989601873074,0.0,3.035977149384551,0.6486781891972436,1.1109611524661887,0.5326959428492686,min_cost_max_flow,59,24,59,3,42,2
move,"['move', 24, 0, 2]",True,4868,2.389643483989295,0.0,3.035977149384551,0.6463336653952559,1.1043644061501254,1.022987150245253,min_cost_max_flow,7,24,7,0,44,2
move,"['move', 29, 6, 3]",True,4878,1.4667458570115346,0.0,2.132319713629508,0.6655738566179731,1.1359952191851335,1.6709526875612517,min_cost_max_flow,114,29,114,6,55,3
move,"['move', 29, 8, 5]",True,4878,1.3069119009496477,0.0,2.132319713629508,0.8254078126798601,1.53466858946922,2.2786326013151026,min_cost_max_flow,154,29,154,8,95,5
move,"['move', 29, 9, 5]",True,4878,1.4624022778249888,0.0,2.132319713629508,0.6699174358045189,1.1478646243194817,0.9973145755719316,min_cost_max_flow,166,29,166,9,91,5
move,"['move', 29, 9, 3]",True,4878,1.4381567610313657,0.0,2.132319713629508,0.6941629525981422,1.2071770959009882,1.8648615106064885,min_cost_max_flow,167,29,167,9,56,3
move,"['move', 24, 1, 0]",True,4888,2.769788704889827,0.0,3.4761167935620314,0.7063280886722044,1.2551184634139645,0.5109877692665644,min_cost_max_flow,29,24,29,1,13,0
move,"['move', 24, 3, 0]",True,4888,2.838222573309938,0.0,3.4761167935620314,0.6378942202520932,1.0833412184001645,0.9727037449479781,min_cost_max_flow,60,24,60,3,3,0
move,"['move', 24, 7, 9]",True,4888,2.3790234327967896,0.0,3.4761167935620314,1.097093360765242,2.229396877097315,2.267498802095862,min_cost_max_flow,139,24,139,7,166,9
move,"['move', 24, 2, 9]",True,4888,2.8673968753870915,0.0,3.4761167935620314,0.6087199181749398,1.0097343062152504,1.4201417396350826,min_cost_max_flow,40,24,40,2,167,9
move,"['move', 24, 9, 3]",True,4898,1.9732765503202507,0.0,2.6559910123240766,0.6827144620038259,1.1953791721098241,0.9811375247294165,min_cost_max_flow,166,24,166,9,58,3
move,"['move', 24, 9, 8]",True,4898,2.0798872698634137,0.0,2.6559910123240766,0.5761037424606629,0.9283627899349085,1.3075264027348699,min_cost_max_flow,167,24,167,9,155,8
move,"['move', 24, 2, 3]",True,4898,2.178626421981729,0.0,2.6559910123240766,0.48952346009234765,0.713607052777661,0.1775472270411603,min_cost_max_flow,42,24,42,2,59,3
move,"['move', 24, 5, 3]",True,4898,1.9573801307700767,0.0,2.6559910123240766,0.6986108815540001,1.2336168826077483,1.9833631097368947,min_cost_max_flow,104,24,104,5,60,3
move,"['move', 24, 2, 5]",True,4908,0.4909351702748198,0.0,1.3046895200916695,0.8137543498168497,1.5209200582612539,2.3536931121490934,min_cost_max_flow,44,24,44,2,104,5
move,"['move', 24, 8, 1]",True,4908,0.8237290865009473,0.0,1.3046895200916695,0.48096043359072216,0.6915414077011519,0.6162664420047287,min_cost_max_flow,155,24,155,8,29,1
move,"['move', 24, 6, 1]",True,4908,0.47530951968914203,0.0,1.3046895200916695,0.8293800004025275,1.5592796251585241,2.8233994900984785,min_cost_max_flow,112,24,112,6,30,1
move,"['move', 24, 3, 7]",True,4908,0.6468162458171763,0.0,1.3046895200916695,0.6578732742744932,1.1324937846657122,1.5027496052494378,min_cost_max_flow,58,24,58,3,131,7
move,"['move', 24, 1, 2]",True,4918,2.9005026738926687,0.0,3.5562871016046707,0.655784427712002,1.1261783316294895,2.231640691912524,min_cost_max_flow,29,24,29,1,40,2
move,"['move', 24, 1, 8]",True,4918,2.9903452700669737,0.0,3.5562871016046707,0.5659418315376968,0.9034907685927465,0.9523557592327607,min_cost_max_flow,30,24,30,1,155,8
move,"['move', 24, 0, 9]",True,4918,2.9342888213656435,0.0,3.5562871016046707,0.621998280239027,1.0439557984209387,0.7364170426549126,min_cost_max_flow,3,24,3,0,166,9
move,"['move', 24, 7, 2]",True,4918,2.698197176664457,0.0,3.5562871016046707,0.858089924940214,1.6318789029683103,2.2737551797187994,min_cost_max_flow,131,24,131,7,44,2
move,"['move', 24, 9, 7]",True,4928,0.9707755091680977,0.0,1.605685138440038,0.6349096292719402,1.0763388704508543,0.6666174108998272,min_cost_max_flow,166,24,166,9,131,7
move,"['move', 24, 3, 4]",True,4928,1.2200657772995904,0.0,1.605685138440038,0.39731046151544747,0.48256869251054013,0.5147897769547192,min_cost_max_flow,59,24,59,3,74,4
move,"['move', 24, 2, 4]",True,4928,0.9114068624892013,0.0,1.605685138440038,0.6942782759508366,1.223340964250383,1.612966009374579,min_cost_max_flow,40,24,40,2,82,4
move,"['move', 24, 8, 4]",True,4928,0.8554916765167017,0.0,1.605685138440038,0.7501934619233362,1.3630788611189928,1.64634471780101,min_cost_max_flow,155,24,155,8,87,4
move,"['move', 24, 0, 9]",True,4938,1.3817875452506168,0.0,2.658228486523946,1.276440941273329,2.677968354386394,2.1324814561880667,min_cost_max_flow,13,24,13,0,166,9
move,"['move', 24, 4, 1]",True,4938,1.9853996032299435,0.0,2.658228486523946,0.6728288832940023,1.1688254852924729,2.2076308865909664,min_cost_max_flow,74,24,74,4,29,1
move,"['move', 24, 2, 9]",True,4938,1.846305185716108,0.0,2.658228486523946,0.8119233008078378,1.517292114753218,1.720573769153093,min_cost_max_flow,44,24,44,2,167,9
move,"['move', 24, 4, 9]",True,4938,2.144006716524083,0.0,2.658228486523946,0.514221769999863,0.7736827614644426,1.2909246150458538,min_cost_max_flow,82,24,82,4,175,9
move,"['move', 24, 1, 2]",True,4948,2.1669795057151156,0.0,2.8057963750336623,0.6388168693185469,1.083998975394934,2.0719475258578215,min_cost_max_flow,29,24,29,1,40,2
move,"['move', 24, 9, 8]",True,4948,2.3366435061389192,0.0,2.8057963750336623,0.4787369001447431,0.6858557589221164,0.7008098847301042,min_cost_max_flow,175,24,175,9,155,8
move,"['move', 24, 9, 0]",True,4948,2.306104928257272,0.0,2.8057963750336623,0.4996914467763903,0.7387310081903706,0.3748880919725164,min_cost_max_flow,166,24,166,9,3,0
move,"['move', 24, 3, 0]",True,4948,2.1350798665068096,0.0,2.8057963750336623,0.6707165085268527,1.1644868173243594,1.579451586750523,min_cost_max_flow,60,24,60,3,7,0
move,"['move', 24, 9, 3]",True,4958,1.4380062586855762,0.0,2.056600554070727,0.6185942953851508,1.034071734000463,1.6524852331780908,min_cost_max_flow,167,24,167,9,58,3
move,"['move', 24, 8, 3]",True,4958,1.2071863082652636,0.0,2.056600554070727,0.8494142458054635,1.6091921365004964,2.9388009336770486,min_cost_max_flow,155,24,155,8,60,3
move,"['move', 24, 4, 3]",True,4958,1.4161419153642791,0.0,2.056600554070727,0.6404586387064478,1.088989886600757,1.4809557018107757,min_cost_max_flow,87,24,87,4,61,3
move,"['move', 24, 2, 3]",True,4958,1.4691700479648613,0.0,2.056600554070727,0.5874305061058658,0.9566367785228067,1.336140086140735,min_cost_max_flow,40,24,40,2,63,3
move,"['move', 24, 7, 2]",True,4968,1.2547019115803089,0.0,1.9735937144986466,0.7188918029183379,1.2843719903976307,1.948160190378087,min_cost_max_flow,131,24,131,7,40,2
move,"['move', 24, 0, 2]",True,4968,1.5367017681141117,0.0,1.9735937144986466,0.43689194638453477,0.5810330539316055,0.8410236113900296,min_cost_max_flow,3,24,3,0,38,2
move,"['move', 24, 3, 2]",True,4968,1.3762711933762368,0.0,1.9735937144986466,0.5973225211224098,0.9817132822354324,1.1051626386303615,min_cost_max_flow,58,24,58,3,44,2
move,"['move', 24, 3, 8]",True,4968,1.160510985835741,0.0,1.9735937144986466,0.8130827286629055,1.5187561690763687,2.6769173121657572,min_cost_max_flow,60,24,60,3,155,8
move,"['move', 24, 0, 9]",True,4978,2.0023986819828923,0.0,2.352243633765707,0.34984495178281466,0.36361642360134283,0.707119495364992,min_cost_max_flow,7,24,7,0,167,9
move,"['move', 24, 2, 9]",True,4978,1.6111957007072912,0.0,2.352243633765707,0.741047933058416,1.3403955251633306,1.526020580041845,min_cost_max_flow,38,24,38,2,176,9
move,"['move', 24, 8, 7]",True,4978,1.5610405875101772,0.0,2.352243633765707,0.7912030462555301,1.4655377825911273,1.689704290034329,min_cost_max_flow,155,24,155,8,131,7
move,"['move', 24, 2, 1]",True,4978,1.7107471338956164,0.0,2.352243633765707,0.6414964998700906,1.090673840000818,2.0880887078412664,min_cost_max_flow,40,24,40,2,29,1
move,"['move', 24, 1, 0]",True,4988,0.9097299178332373,0.0,1.7536906526501141,0.8439607348168768,1.5962457721179817,2.480525541042699,min_cost_max_flow,29,24,29,1,3,0
move,"['move', 24, 9, 8]",True,4988,1.0440480437425124,0.0,1.7536906526501141,0.7096426089076017,1.261847615831357,1.5490865500002742,min_cost_max_flow,167,24,167,9,155,8
move,"['move', 24, 9, 0]",True,4988,0.9537166572740082,0.0,1.7536906526501141,0.7999739953761059,1.4871796243241988,1.8800583356130542,min_cost_max_flow,176,24,176,9,7,0
move,"['move', 24, 6, 4]",True,4988,1.144209042916966,0.0,1.7536906526501141,0.6486433887331481,1.1093873115751194,1.5239224300696161,min_cost_max_flow,114,24,114,6,74,4
move,"['move', 5, 0, 1]",True,4998,0.823097283367703,0.0,1.382885035960662,0.5597877525929589,1.0007488136252505,1.8527079472112835,min_cost_max_flow,5,5,5,0,29,1
move,"['move', 5, 0, 4]",True,4998,0.6882793098819138,0.0,1.382885035960662,0.6946057260787482,1.3381759678886738,1.597894247911315,min_cost_max_flow,12,5,12,0,82,4
move,"['move', 5, 2, 1]",True,4998,1.0459158938905841,0.0,1.382885035960662,0.33696914207007783,0.4454577154610888,0.6824225185173766,min_cost_max_flow,54,5,54,2,31,1
move,"['move', 5, 3, 1]",True,4998,0.997887078034196,0.0,1.382885035960662,0.384997957926466,0.5654241771844681,0.7528077969115617,min_cost_max_flow,71,5,71,3,32,1
move,"['move', 24, 4, 1]",True,5008,1.7711776558177226,0.0,2.5053854166258236,0.7342077608081011,1.3230265944366693,1.7050206472914444,min_cost_max_flow,74,24,74,4,34,1
move,"['move', 24, 0, 9]",True,5008,2.0374826762209954,0.0,2.5053854166258236,0.5432238704048281,0.8461876811343245,1.2911455100660854,min_cost_max_flow,3,24,3,0,167,9
move,"['move', 24, 7, 9]",True,5008,1.5835822012900125,0.0,2.5053854166258236,0.921803215335811,1.7915675477634068,2.003475975649365,min_cost_max_flow,131,24,131,7,176,9
move,"['move', 24, 3, 9]",True,5008,1.5402995943527267,0.0,2.5053854166258236,0.9650858222730968,1.898777246613463,2.6680216377550647,min_cost_max_flow,61,24,61,3,177,9
move,"['move', 24, 1, 2]",True,5018,1.697593677376163,0.0,2.203115271490514,0.505521594114351,0.7520676674612332,1.2006941413320877,min_cost_max_flow,34,24,34,1,40,2
move,"['move', 24, 9, 7]",True,5018,1.5574300848275997,0.0,2.203115271490514,0.6456851866629144,1.1026796296355315,1.0653736060718835,min_cost_max_flow,167,24,167,9,131,7
move,"['move', 24, 9, 4]",True,5018,1.121449115894012,0.0,2.203115271490514,1.081666155596502,2.189996045701264,2.822711118229516,min_cost_max_flow,176,24,176,9,74,4
move,"['move', 24, 5, 4]",True,5018,1.7866918237971123,0.0,2.203115271490514,0.4164234476934016,0.5301701857679291,0.6354379019524268,min_cost_max_flow,104,24,104,5,87,4
move,"['move', 24, 9, 1]",True,5028,1.5317595203153727,0.0,2.0566319881850963,0.5248724678697235,0.8012822475720895,0.6424303263818194,min_cost_max_flow,177,24,177,9,34,1
move,"['move', 24, 7, 5]",True,5028,1.2280135314838967,0.0,2.0566319881850963,0.8286184567011997,1.558206961643009,2.269268998228928,min_cost_max_flow,131,24,131,7,104,5
move,"['move', 24, 4, 5]",True,5028,1.582840544640546,0.0,2.0566319881850963,0.47379144354455016,0.6740098696027417,0.35564176399153086,min_cost_max_flow,74,24,74,4,108,5
move,"['move', 24, 4, 2]",True,5028,1.5348176712696273,0.0,2.0566319881850963,0.5218143169154689,0.7932626468100352,0.8919125773269156,min_cost_max_flow,87,24,87,4,54,2
move,"['move', 24, 1, 4]",True,5038,2.0554185500004643,0.0,2.726783737000821,0.6713651870003569,1.1659456827837857,1.688005402973272,min_cost_max_flow,34,24,34,1,74,4
move,"['move', 24, 0, 4]",True,5038,1.8978427675054652,0.0,2.726783737000821,0.8289409694953559,1.5586828879604582,2.4895061101900815,min_cost_max_flow,7,24,7,0,87,4
move,"['move', 24, 3, 4]",True,5038,2.096109669553446,0.0,2.726783737000821,0.630674067447375,1.0641019804388634,1.7652743779516618,min_cost_max_flow,63,24,63,3,88,4
move,"['move', 24, 5, 4]",True,5038,1.9362758458249134,0.0,2.726783737000821,0.7905078911759077,1.465022069925908,0.8749209341432225,min_cost_max_flow,104,24,104,5,90,4
move,"['move', 24, 5, 3]",True,5048,1.8807555142979453,0.0,2.507089154510468,0.6263336402125228,1.0546765241597313,0.8148665059527196,min_cost_max_flow,108,24,108,5,71,3
move,"['move', 24, 6, 3]",True,5048,1.926164194970755,0.0,2.507089154510468,0.5809249595397129,0.9401133145584026,1.5092051188220843,min_cost_max_flow,116,24,116,6,58,3
move,"['move', 24, 2, 3]",True,5048,2.1194381043539954,0.0,2.507089154510468,0.38765105015647255,0.4581040575867519,0.7255274611887876,min_cost_max_flow,40,24,40,2,59,3
move,"['move', 24, 4, 0]",True,5048,1.8156737974964114,0.0,2.507089154510468,0.6914153570140568,1.216216553490085,1.591041621606842,min_cost_max_flow,74,24,74,4,7,0
move,"['move', 24, 4, 6]",True,5058,1.7853775346493683,0.0,2.503571940504345,0.7181944058549766,1.2829646786049125,1.7240396132549907,min_cost_max_flow,87,24,87,4,114,6
move,"['move', 24, 2, 6]",True,5058,1.7746473963015674,0.0,2.503571940504345,0.7289245442027775,1.3104649461311055,1.2740918421278358,min_cost_max_flow,44,24,44,2,112,6
move,"['move', 24, 0, 6]",True,5058,1.8543843543944076,0.0,2.503571940504345,0.6491875861099375,1.110759203118505,1.5163236957948623,min_cost_max_flow,7,24,7,0,116,6
move,"['move', 24, 3, 6]",True,5058,1.8241790118248091,0.0,2.503571940504345,0.679392928679536,1.185757399915019,1.8597634474497686,min_cost_max_flow,58,24,58,3,117,6
move,"['move', 24, 3, 0]",True,5068,1.7944579344517355,0.0,2.5013643825026923,0.7069064480509569,1.2540063544220175,2.216326061818867,min_cost_max_flow,59,24,59,3,7,0
move,"['move', 24, 8, 0]",True,5068,1.7730207663361397,0.0,2.5013643825026923,0.7283436161665525,1.3089743495947914,1.2996094726290153,min_cost_max_flow,155,24,155,8,8,0
move,"['move', 24, 4, 7]",True,5068,1.639738400913366,0.0,2.5013643825026923,0.8616259815893262,1.640004917717306,2.7498397622421344,min_cost_max_flow,88,24,88,4,131,7
move,"['move', 24, 4, 0]",True,5068,1.4028069980708855,0.0,2.5013643825026923,1.0985573844318068,2.2320755105101853,2.921782637790397,min_cost_max_flow,90,24,90,4,11,0
move,"['move', 24, 6, 5]",True,5078,0.8375442384326642,0.0,1.5322600834894384,0.6947158450567742,1.2239259924608632,1.9522290456170766,min_cost_max_flow,112,24,112,6,104,5
move,"['move', 24, 3, 5]",True,5078,1.0562245011098823,0.0,1.5322600834894384,0.47603558237955607,0.6783368524702382,1.2112179106703576,min_cost_max_flow,71,24,71,3,108,5
move,"['move', 24, 7, 5]",True,5078,1.0770188705042931,0.0,1.5322600834894384,0.4552412129851453,0.625738222093787,1.6196891709531696,min_cost_max_flow,131,24,131,7,92,5
move,"['move', 24, 6, 8]",True,5078,0.7434920268139665,0.0,1.5322600834894384,0.7887680566754719,1.4589902065199567,1.9964390373841894,min_cost_max_flow,114,24,114,6,155,8
move,"['move', 24, 0, 3]",True,5088,2.0308705506308216,0.0,2.726494020739283,0.6956234701084613,1.2255357308822568,2.3917785174997928,min_cost_max_flow,7,24,7,0,71,3
move,"['move', 24, 6, 3]",True,5088,2.144602222630319,0.0,2.726494020739283,0.5818917981089641,0.9423787675477797,1.6103007413225758,min_cost_max_flow,116,24,116,6,58,3
move,"['move', 24, 2, 3]",True,5088,2.2198448014089873,0.0,2.726494020739283,0.5066492193302957,0.7546820855859551,1.3371240847586325,min_cost_max_flow,54,24,54,2,59,3
move,"['move', 24, 5, 3]",True,5088,2.2670883673907416,0.0,2.726494020739283,0.5546257618485412,0.8746682122437051,1.3072771766675684,min_cost_max_flow,108,24,108,5,60,3
move,"['move', 24, 5, 7]",True,5098,1.7556893568044538,0.0,2.2040521491907774,0.44836279238632365,0.6086443055901327,1.551599175353347,min_cost_max_flow,92,24,92,5,131,7
move,"['move', 24, 6, 7]",True,5098,1.7658045657649566,0.0,2.2040521491907774,0.43824758342582076,0.585079081596632,0.4030669035156296,min_cost_max_flow,117,24,117,6,135,7
move,"['move', 24, 5, 1]",True,5098,1.627948266257064,0.0,2.2040521491907774,0.5761038829337136,0.9284901844584965,1.2228308420940774,min_cost_max_flow,104,24,104,5,30,1
move,"['move', 24, 8, 7]",True,5098,1.7393305160588992,0.0,2.2040521491907774,0.4917700650068782,0.7184400582846138,0.6998850799568176,min_cost_max_flow,155,24,155,8,139,7
move,"['move', 24, 7, 6]",True,5108,2.468305460194699,0.0,2.8065693716461984,0.338263911451499,0.335249765397748,0.31649107890206907,min_cost_max_flow,131,24,131,7,114,6
move,"['move', 24, 1, 6]",True,5108,1.8591474220383999,0.0,2.8065693716461984,0.9474219496077984,1.8539148039053543,3.1365290009968363,min_cost_max_flow,30,24,30,1,112,6
move,"['move', 24, 0, 6]",True,5108,2.002567236776921,0.0,2.8065693716461984,0.8040021348692771,1.498043489875272,1.3510471235159554,min_cost_max_flow,8,24,8,0,116,6
move,"['move', 24, 3, 6]",True,5108,2.05371720619166,0.0,2.8065693716461984,0.7528521654545385,1.3690640148124658,2.08741480748925,min_cost_max_flow,58,24,58,3,117,6
move,"['move', 24, 7, 2]",True,5118,1.604072850440105,0.0,2.5777327916095576,0.9736599411694525,1.9199864777401672,2.81873238054516,min_cost_max_flow,135,24,135,7,40,2
move,"['move', 24, 7, 8]",True,5118,1.666725584711454,0.0,2.5777327916095576,0.9110072068981038,1.7643824060505722,2.1335563880273027,min_cost_max_flow,139,24,139,7,146,8
move,"['move', 24, 6, 2]",True,5118,1.936052372688228,0.0,2.5777327916095576,0.6416804189213298,1.0913655043696053,1.9335108807148966,min_cost_max_flow,112,24,112,6,54,2
move,"['move', 24, 0, 5]",True,5118,1.8894449322621745,0.0,2.5777327916095576,0.6882878593473831,1.2076829190918943,2.067635109278027,min_cost_max_flow,11,24,11,0,104,5
move,"['move', 24, 3, 0]",True,5128,2.59713760884593,0.0,3.0972997709391423,0.5001621620932122,0.7393635948101291,0.7376892068367397,min_cost_max_flow,59,24,59,3,3,0
move,"['move', 24, 8, 0]",True,5128,2.5496820070524784,0.0,3.0972997709391423,0.5476177638866642,0.8575512000679737,1.0386220240267623,min_cost_max_flow,146,24,146,8,5,0
move,"['move', 24, 6, 0]",True,5128,2.3002108088783753,0.0,3.0972997709391423,0.7970889620607672,1.4795430447993567,2.1627224932764118,min_cost_max_flow,114,24,114,6,7,0
move,"['move', 24, 2, 1]",True,5128,2.434594198785346,0.0,3.0972997709391423,0.6627055721537961,1.143294817491551,2.3558908535285914,min_cost_max_flow,40,24,40,2,30,1
move,"['move', 24, 1, 8]",True,5138,1.220374084291655,0.0,1.9790119609407038,0.7586378766490486,1.3836808479973115,1.9857113417755667,min_cost_max_flow,30,24,30,1,146,8
move,"['move', 24, 0, 9]",True,5138,1.4985600226479945,0.0,1.9790119609407038,0.48045193829270916,0.6905039522171137,0.46041126800853216,min_cost_max_flow,3,24,3,0,166,9
move,"['move', 24, 6, 9]",True,5138,1.378177488559763,0.0,1.9790119609407038,0.6008344723809407,0.9898472520217183,1.5357682119912361,min_cost_max_flow,116,24,116,6,167,9
move,"['move', 24, 5, 8]",True,5138,1.2965265504194803,0.0,1.9790119609407038,0.6824854105212236,1.1929762566724094,2.2013286786687196,min_cost_max_flow,104,24,104,5,152,8
move,"['move', 23, 4, 2]",True,5148,1.8412597794879741,0.0,2.362482926895252,0.619735162157278,1.098427019212977,1.6493317898812632,min_cost_max_flow,83,23,83,4,40,2
move,"['move', 23, 4, 0]",True,5148,1.933332048839743,0.0,2.362482926895252,0.42915087805550906,0.6229832600147347,0.9713644190945245,min_cost_max_flow,76,23,76,4,3,0
move,"['move', 23, 4, 3]",True,5148,1.9483642687883176,0.0,2.362482926895252,0.41411865810693443,0.5857397850850248,0.746647791276651,min_cost_max_flow,80,23,80,4,58,3
move,"['move', 23, 5, 2]",True,5148,1.1291472119204196,0.0,2.362482926895252,1.5302180774748324,3.3740811588359065,2.0180975705184467,min_cost_max_flow,101,23,101,5,42,2
move,"['move', 24, 9, 7]",True,5158,1.8697847703038648,0.0,2.430624391958128,0.5608396216542632,0.8907780123263365,0.9238434644498396,min_cost_max_flow,166,24,166,9,131,7
move,"['move', 24, 9, 5]",True,5158,1.5966938975822202,0.0,2.430624391958128,0.8339304943759077,1.5712040270591388,2.457954845322618,min_cost_max_flow,167,24,167,9,104,5
move,"['move', 24, 3, 4]",True,5158,1.907008335418256,0.0,2.430624391958128,0.523616056539872,0.7979011786010233,0.802457424006758,min_cost_max_flow,60,24,60,3,74,4
move,"['move', 24, 2, 4]",True,5158,2.0329129291218817,0.0,2.430624391958128,0.3977114628362464,0.4829399463997106,0.9356227188394161,min_cost_max_flow,54,24,54,2,76,4
move,"['move', 29, 2, 8]",True,5168,1.1502134584673556,0.0,2.1290564085258943,0.9788429500585388,1.9180674633898889,2.404612285333865,min_cost_max_flow,43,29,43,2,155,8
move,"['move', 29, 5, 8]",True,5168,1.287917157295982,0.0,2.1290564085258943,0.8411392512299123,1.5742392938918783,2.1172272362966917,min_cost_max_flow,91,29,91,5,154,8
move,"['move', 29, 6, 8]",True,5168,1.5399211308527958,0.0,2.1290564085258943,0.5891352776730986,0.9460983337412472,0.8712447420278996,min_cost_max_flow,118,29,118,6,157,8
move,"['move', 29, 6, 7]",True,5168,1.7851192475900235,0.0,2.1290564085258943,0.3439371609358708,0.33387417316407664,0.35715723142860756,min_cost_max_flow,120,29,120,6,139,7
move,"['move', 24, 4, 9]",True,5178,1.2420693339331002,0.0,1.8319896322921112,0.5899202983590109,0.9633366377674975,1.0192210115887907,min_cost_max_flow,74,24,74,4,166,9
move,"['move', 24, 4, 1]",True,5178,1.1815806290566813,0.0,1.8319896322921112,0.6504090032354298,1.113304091792088,1.855426455893397,min_cost_max_flow,76,24,76,4,30,1
move,"['move', 24, 8, 9]",True,5178,1.2961398731833427,0.0,1.8319896322921112,0.5358497591087684,0.8284180315313279,0.8473930852977438,min_cost_max_flow,146,24,146,8,167,9
move,"['move', 24, 3, 1]",True,5178,1.2624275907190419,0.0,1.8319896322921112,0.5695620415730694,0.9125416392198531,0.9521254001158306,min_cost_max_flow,71,24,71,3,34,1
move,"['move', 24, 9, 3]",True,5188,2.294675206136096,0.0,3.104610770494008,0.8099355643579119,1.5120622876056586,1.8942311176497089,min_cost_max_flow,166,24,166,9,71,3
move,"['move', 24, 1, 3]",True,5188,2.484979081307337,0.0,3.104610770494008,0.619631689186671,1.036878099286696,1.5105647115565988,min_cost_max_flow,30,24,30,1,59,3
move,"['move', 24, 1, 2]",True,5188,2.7122400213270237,0.0,3.104610770494008,0.39237074916698406,0.4696494323652587,0.894775959703315,min_cost_max_flow,34,24,34,1,54,2
move,"['move', 24, 0, 3]",True,5188,2.3143665269903733,0.0,3.104610770494008,0.7902442435036344,1.4636519794585183,1.348901791947384,min_cost_max_flow,5,24,5,0,60,3
move,"['move', 25, 1, 6]",True,5198,1.4083279138275673,0.0,2.0520965491478362,0.6437686353202688,1.183749399780936,1.393296953910386,min_cost_max_flow,23,25,23,1,114,6
move,"['move', 25, 2, 6]",True,5198,1.486036185935152,0.0,2.0520965491478362,0.566060363212684,0.9895032117929077,1.3769687666213295,min_cost_max_flow,50,25,50,2,118,6
move,"['move', 25, 3, 6]",True,5198,1.3669912468343148,0.0,2.0520965491478362,0.6851053023135213,1.2870013420979376,1.4531137313302436,min_cost_max_flow,55,25,55,3,120,6
move,"['move', 25, 5, 0]",True,5198,1.1099694843355419,0.0,2.0520965491478362,0.9421270648122945,1.9296923047950258,1.36207609789314,min_cost_max_flow,106,25,106,5,13,0
move,"['move', 24, 9, 2]",True,5208,1.3684322723245943,0.0,2.134620447368516,0.7661881750439216,1.4017304385342868,2.5364816419137215,min_cost_max_flow,167,24,167,9,50,2
move,"['move', 24, 7, 4]",True,5208,1.706968385042442,0.0,2.134620447368516,0.42765206232607395,0.5576797035173513,1.0101171234580506,min_cost_max_flow,131,24,131,7,74,4
move,"['move', 24, 6, 4]",True,5208,1.4246885745733833,0.0,2.134620447368516,0.7099318727951328,1.261824675493699,2.0464865876575034,min_cost_max_flow,117,24,117,6,76,4
move,"['move', 24, 0, 4]",True,5208,1.308678517935824,0.0,2.134620447368516,0.8259419294326918,1.5494152151150047,3.6695545693854306,min_cost_max_flow,7,24,7,0,80,4
move,"['move', 24, 4, 6]",True,5218,2.740602497001302,0.0,3.1050955313568362,0.3644930343555343,0.400400954138604,0.5975700917236122,min_cost_max_flow,74,24,74,4,112,6
move,"['move', 24, 2, 6]",True,5218,2.236015628530513,0.0,3.1050955313568362,0.8690799028263233,1.658542605371622,2.8145833876932707,min_cost_max_flow,50,24,50,2,114,6
move,"['move', 24, 5, 6]",True,5218,2.3537399217051864,0.0,3.1050955313568362,0.7513556096516499,1.366182562072936,1.5141236290283742,min_cost_max_flow,104,24,104,5,116,6
move,"['move', 24, 8, 6]",True,5218,2.6997845124146456,0.0,3.1050955313568362,0.4053110189421906,0.5014592184234061,1.2553682129493409,min_cost_max_flow,152,24,152,8,117,6
move,"['move', 24, 3, 0]",True,5228,1.8907076539424092,0.0,2.809585575818662,0.9256626363762527,1.800974991892872,2.1642149567422444,min_cost_max_flow,59,24,59,3,5,0
move,"['move', 24, 4, 5]",True,5228,2.0269376019197036,0.0,2.809585575818662,0.7826479738989581,1.4437095714311,1.9833911357659015,min_cost_max_flow,76,24,76,4,104,5
move,"['move', 24, 4, 8]",True,5228,2.0028313533191127,0.0,2.809585575818662,0.8067542224995491,1.5039503336374764,1.9999639991664686,min_cost_max_flow,80,24,80,4,146,8
move,"['move', 24, 6, 0]",True,5228,1.9027846815981402,0.0,2.809585575818662,0.9068008942205218,1.753847693464195,2.146176982975166,min_cost_max_flow,112,24,112,6,7,0
move,"['move', 24, 2, 4]",True,5238,1.9880711919107443,0.0,2.3538364642688805,0.3657652723581361,0.40328599401254905,0.7946068467632406,min_cost_max_flow,54,24,54,2,74,4
move,"['move', 24, 3, 4]",True,5238,2.009964180477071,0.0,2.3538364642688805,0.3438722837918092,0.34890686368453316,0.5590461215621927,min_cost_max_flow,60,24,60,3,76,4
move,"['move', 24, 5, 4]",True,5238,1.677609038392767,0.0,2.3538364642688805,0.6762274258761133,1.1781416805970366,1.6610716537333654,min_cost_max_flow,104,24,104,5,80,4
move,"['move', 24, 8, 4]",True,5238,1.468263894495668,0.0,2.3538364642688805,0.8855725697732125,1.7006368795409799,2.2395121862700953,min_cost_max_flow,146,24,146,8,83,4
move,"['move', 24, 4, 5]",True,5248,1.437689765712296,0.0,2.2057418683657035,0.7680521026534074,1.4071511344664032,2.029230369646094,min_cost_max_flow,74,24,74,4,104,5
move,"['move', 24, 4, 2]",True,5248,1.4926144707059752,0.0,2.2057418683657035,0.7131273976597282,1.2703041092609055,1.7194055171789613,min_cost_max_flow,76,24,76,4,50,2
move,"['move', 24, 4, 8]",True,5248,1.4721619353866204,0.0,2.2057418683657035,0.7335799329790832,1.3208242831751704,2.126848439927404,min_cost_max_flow,80,24,80,4,146,8
move,"['move', 24, 0, 2]",True,5248,1.7208377380406283,0.0,2.2057418683657035,0.4849041303250752,0.7003909688282874,1.289386914502692,min_cost_max_flow,5,24,5,0,54,2
move,"['move', 24, 4, 7]",True,5258,1.0518809066968533,0.0,1.756823848716514,0.7049429420196606,1.2494022186729126,2.0132398423948064,min_cost_max_flow,83,24,83,4,131,7
move,"['move', 24, 2, 1]",True,5258,1.08496492919702,0.0,1.756823848716514,0.6718589195194941,1.167240270486218,1.6478344665805937,min_cost_max_flow,50,24,50,2,23,1
move,"['move', 24, 5, 7]",True,5258,1.0088158455843388,0.0,1.756823848716514,0.7480080031321753,1.3584409649192821,1.0958441990063117,min_cost_max_flow,104,24,104,5,135,7
move,"['move', 24, 2, 9]",True,5258,1.0656435245406195,0.0,1.756823848716514,0.6911803241758944,1.2159767967750668,1.3591580346816605,min_cost_max_flow,54,24,54,2,166,9
move,"['move', 24, 1, 2]",True,5268,1.9418204297840107,0.0,2.58229326557474,0.6404728357907292,1.0889533293157,1.528989032317598,min_cost_max_flow,23,24,23,1,50,2
move,"['move', 24, 9, 5]",True,5268,1.556553693895501,0.0,2.58229326557474,1.028815501179239,2.057945742395532,2.7718226266128414,min_cost_max_flow,166,24,166,9,104,5
move,"['move', 24, 8, 5]",True,5268,1.9212554872763046,0.0,2.58229326557474,0.6610377782984352,1.1398418297540047,1.8782262529578218,min_cost_max_flow,146,24,146,8,106,5
move,"['move', 24, 7, 4]",True,5268,1.897497190258275,0.0,2.58229326557474,0.6847960753164649,1.1995052379497793,1.6997824858243105,min_cost_max_flow,131,24,131,7,74,4
move,"['move', 4, 1, 2]",True,5278,1.284823142391696,0.0,1.6016888016481403,0.3168656592564444,0.5427883719457895,0.9291002118350355,min_cost_max_flow,26,4,26,1,54,2
move,"['move', 4, 4, 2]",True,5278,1.380413383203661,0.0,1.6016888016481403,0.22127541844447943,0.3044508589373436,0.5037075308575052,min_cost_max_flow,75,4,75,4,38,2
move,"['move', 4, 4, 0]",True,5278,1.2374062595178266,0.0,1.6016888016481403,0.36428254213031375,0.6617619438402471,0.6415237386456996,min_cost_max_flow,90,4,90,4,5,0
move,"['move', 4, 5, 2]",True,5278,1.2875210340030534,0.0,1.6016888016481403,0.42403321577008696,0.8107313029249781,0.9130737484470706,min_cost_max_flow,107,4,107,5,40,2
move,"['move', 24, 7, 1]",True,5288,1.615598367814326,0.0,2.5026517255088363,0.8870533576945102,1.7049615607684245,1.824371236802785,min_cost_max_flow,135,24,135,7,23,1
move,"['move', 24, 0, 9]",True,5288,2.1546864114524436,0.0,2.5026517255088363,0.34796531405639297,0.3589400881610345,0.6919469115343446,min_cost_max_flow,7,24,7,0,167,9
move,"['move', 24, 5, 9]",True,5288,1.7568650166342175,0.0,2.5026517255088363,0.7457867088746187,1.351375254082086,2.1041609945429607,min_cost_max_flow,104,24,104,5,176,9
move,"['move', 24, 4, 9]",True,5288,1.65302997328783,0.0,2.5026517255088363,0.8496217522210062,1.6101087522620219,2.6735677852312243,min_cost_max_flow,74,24,74,4,177,9
move,"['move', 24, 1, 4]",True,5298,2.0967888335261433,0.0,2.654595756250547,0.5578069227244039,0.8829596439172747,1.081590854058939,min_cost_max_flow,23,24,23,1,90,4
move,"['move', 24, 9, 8]",True,5298,2.0329715415641374,0.0,2.654595756250547,0.6216242146864098,1.0425268528560991,1.0656048315192284,min_cost_max_flow,167,24,167,9,146,8
move,"['move', 24, 9, 0]",True,5298,1.8571776176650583,0.0,2.654595756250547,0.7974181385854887,1.4808263911982067,1.8557857685790702,min_cost_max_flow,176,24,176,9,7,0
move,"['move', 24, 3, 0]",True,5298,1.9373481169555369,0.0,2.654595756250547,0.7172476392950103,1.2802305774530396,1.9688294478930621,min_cost_max_flow,71,24,71,3,8,0
move,"['move', 24, 9, 3]",True,5308,1.8366630184542028,0.0,2.508142480882802,0.6714794624285991,1.1669933131997823,1.1800441727126778,min_cost_max_flow,177,24,177,9,71,3
move,"['move', 24, 0, 3]",True,5308,2.041219276479943,0.0,2.508142480882802,0.4669232044028593,0.6549798897540313,1.5952297603136631,min_cost_max_flow,7,24,7,0,55,3
move,"['move', 24, 4, 3]",True,5308,1.7714887082093917,0.0,2.508142480882802,0.73665377267341,1.330068839059095,1.0868773411890007,min_cost_max_flow,90,24,90,4,59,3
move,"['move', 24, 2, 3]",True,5308,2.0286605602130154,0.0,2.508142480882802,0.4794819206697865,0.6866460899327649,1.4156234193699664,min_cost_max_flow,50,24,50,2,61,3
move,"['move', 4, 0, 4]",True,5318,1.4379858409076607,0.0,1.9039740204464204,0.4659881795387598,0.915679717065359,0.8724039359811315,min_cost_max_flow,5,4,5,0,90,4
move,"['move', 4, 2, 3]",True,5318,1.534217560315013,0.0,1.9039740204464204,0.3697564601314073,0.6748586964604328,1.0335519936777537,min_cost_max_flow,38,4,38,2,63,3
move,"['move', 4, 6, 4]",True,5318,1.591114388300607,0.0,1.9039740204464204,0.31285963214581336,0.5331082891862025,0.7057768671747461,min_cost_max_flow,115,4,115,6,74,4
move,"['move', 4, 6, 3]",True,5318,1.5212768644411037,0.0,1.9039740204464204,0.3826971560053168,0.7071370066769305,1.0825049725285294,min_cost_max_flow,121,4,121,6,64,3
move,"['move', 24, 0, 1]",True,5328,2.309859443722667,0.0,2.879929971471197,0.5700705277485302,0.9136401013165596,1.0672942947461452,min_cost_max_flow,8,24,8,0,23,1
move,"['move', 24, 8, 2]",True,5328,2.105944930805984,0.0,2.879929971471197,0.773985040665213,1.4224347268173005,1.7283988220568267,min_cost_max_flow,146,24,146,8,38,2
move,"['move', 24, 6, 2]",True,5328,2.327410920410183,0.0,2.879929971471197,0.5625191455610138,0.8947351928582066,1.0849296211208053,min_cost_max_flow,114,24,114,6,43,2
move,"['move', 24, 6, 7]",True,5328,2.3277691477162445,0.0,2.879929971471197,0.5521608237549526,0.8689059894313687,1.0405288955774314,min_cost_max_flow,116,24,116,6,131,7
move,"['move', 24, 1, 0]",True,5338,1.4180671857774194,0.0,1.8262691954509394,0.40820200967351983,0.5092376665124903,0.8880540391086035,min_cost_max_flow,23,24,23,1,7,0
move,"['move', 24, 2, 4]",True,5338,1.4054843748526527,0.0,1.8262691954509394,0.4207848205982867,0.5406676322163548,0.9060951111436888,min_cost_max_flow,38,24,38,2,75,4
move,"['move', 24, 3, 4]",True,5338,1.3956687831723125,0.0,1.8262691954509394,0.43060041227862683,0.5652325368864695,0.8888114649674521,min_cost_max_flow,55,24,55,3,76,4
move,"['move', 24, 3, 0]",True,5338,1.174659703687249,0.0,1.8262691954509394,0.6516094917636902,1.1176470189602696,0.9609558908728341,min_cost_max_flow,59,24,59,3,8,0
move,"['move', 24, 0, 1]",True,5348,2.258615053344105,0.0,2.6626612858946705,0.4040462325505654,0.49887409644725267,0.8708055443429447,min_cost_max_flow,7,24,7,0,23,1
move,"['move', 24, 7, 9]",True,5348,2.08987932549547,0.0,2.6626612858946705,0.5727819603992007,0.9206988707665005,0.8805024125698584,min_cost_max_flow,131,24,131,7,167,9
move,"['move', 24, 0, 9]",True,5348,1.839311400237582,0.0,2.6626612858946705,0.8233498856570883,1.5453646260066307,2.049874348962365,min_cost_max_flow,8,24,8,0,175,9
move,"['move', 24, 3, 9]",True,5348,1.8917671016536342,0.0,2.6626612858946705,0.7708941842410365,1.4139354480648763,2.243157283378836,min_cost_max_flow,61,24,61,3,176,9
move,"['move', 24, 1, 7]",True,5358,2.065077676325166,0.0,2.807805856378363,0.742728180053197,1.3441701087722322,1.8100431654093148,min_cost_max_flow,23,24,23,1,131,7
move,"['move', 24, 9, 7]",True,5358,2.1331469790148887,0.0,2.807805856378363,0.6746588773634744,1.174815362537629,1.264369505607104,min_cost_max_flow,167,24,167,9,135,7
move,"['move', 24, 9, 8]",True,5358,2.0184647498963613,0.0,2.807805856378363,0.7893411064820018,1.4615479074564064,1.2463880906345504,min_cost_max_flow,175,24,175,9,146,8
move,"['move', 24, 9, 0]",True,5358,2.0623892511677457,0.0,2.807805856378363,0.7454166052106171,1.3503754420817131,2.1538628881219664,min_cost_max_flow,176,24,176,9,7,0
move,"['move', 24, 6, 2]",True,5368,1.2153525511465806,0.0,2.062042028920418,0.8466894777738375,1.6024529103087843,2.8903383421084783,min_cost_max_flow,117,24,117,6,38,2
move,"['move', 24, 0, 1]",True,5368,1.6735976489801798,0.0,2.062042028920418,0.3884443799402381,0.4599677263177,0.805297946832563,min_cost_max_flow,7,24,7,0,23,1
move,"['move', 24, 8, 2]",True,5368,1.3711029983721712,0.0,2.062042028920418,0.6909390305482469,1.2153285179665545,1.3891878609440036,min_cost_max_flow,146,24,146,8,44,2
move,"['move', 24, 7, 9]",True,5368,1.5659309167839137,0.0,2.062042028920418,0.4961111121365043,0.7293132100239745,0.6861958030931841,min_cost_max_flow,131,24,131,7,167,9
move,"['move', 24, 9, 6]",True,5378,1.5282477232717069,0.0,2.1353488294272522,0.6071011061555452,1.006229782178707,1.058471065006446,min_cost_max_flow,167,24,167,9,112,6
move,"['move', 24, 7, 6]",True,5378,1.4384174270030021,0.0,2.1353488294272522,0.6969314024242501,1.230930894278572,0.9748901129378622,min_cost_max_flow,135,24,135,7,114,6
move,"['move', 24, 4, 6]",True,5378,1.5869334778722348,0.0,2.1353488294272522,0.5484153515550175,0.8595851220816257,1.0119867955143043,min_cost_max_flow,75,24,75,4,115,6
move,"['move', 24, 1, 6]",True,5378,1.2644994602071211,0.0,2.1353488294272522,0.8708493692201312,1.6630686804346624,2.7463106686792917,min_cost_max_flow,23,24,23,1,116,6
move,"['move', 24, 2, 0]",True,5388,2.318709159691107,0.0,2.8060229709672626,0.4873138112761555,0.7061979710924788,1.4341869901755895,min_cost_max_flow,38,24,38,2,5,0
move,"['move', 24, 5, 0]",True,5388,1.8156669970681918,0.0,2.8060229709672626,0.9903559738990707,1.9611967907694634,3.1719115770444493,min_cost_max_flow,106,24,106,5,7,0
move,"['move', 24, 6, 0]",True,5388,1.98574862600318,0.0,2.8060229709672626,0.8202743449640825,1.5385831940802746,1.4449278115232564,min_cost_max_flow,112,24,112,6,8,0
move,"['move', 24, 4, 0]",True,5388,1.6088339674066046,0.0,2.8060229709672626,1.197189003560658,2.479593919495528,2.2955418623138772,min_cost_max_flow,76,24,76,4,11,0
move,"['move', 24, 0, 8]",True,5398,2.7640461458080785,0.0,3.330172341528794,0.5661261957207152,0.9038588369949139,1.0142504628184195,min_cost_max_flow,5,24,5,0,146,8
move,"['move', 24, 0, 5]",True,5398,2.297254303138608,0.0,3.330172341528794,1.0329180383901857,2.0674926251376746,3.244796150095533,min_cost_max_flow,7,24,7,0,104,5
move,"['move', 24, 0, 1]",True,5398,2.8181734423822693,0.0,3.330172341528794,0.5119988991465244,0.7688191067281878,0.8285763503179908,min_cost_max_flow,8,24,8,0,23,1
move,"['move', 24, 3, 5]",True,5398,2.6597347131667304,0.0,3.330172341528794,0.6704376283620634,1.1643636939188582,1.196733582435849,min_cost_max_flow,71,24,71,3,106,5
move,"['move', 24, 1, 3]",True,5408,2.657444812845457,0.0,3.181366750882887,0.52392193803743,0.79791856114025,1.300671560452377,min_cost_max_flow,23,24,23,1,71,3
move,"['move', 24, 0, 3]",True,5408,2.233505069439927,0.0,3.181366750882887,0.94786168144296,1.8560198215272976,2.4660703116370244,min_cost_max_flow,11,24,11,0,59,3
move,"['move', 24, 5, 3]",True,5408,2.5586021528128664,0.0,3.181366750882887,0.6227645980700208,1.0433725025286549,2.402477355833744,min_cost_max_flow,104,24,104,5,60,3
move,"['move', 24, 6, 3]",True,5408,2.57007256464405,0.0,3.181366750882887,0.6112941862388371,1.015429241968377,1.913964677379607,min_cost_max_flow,114,24,114,6,61,3
move,"['move', 24, 8, 0]",True,5418,2.2268678757914646,0.0,2.8071205415941627,0.580252665802698,0.9389478982702713,1.1656597492180503,min_cost_max_flow,146,24,146,8,5,0
move,"['move', 24, 2, 0]",True,5418,1.8741510390993361,0.0,2.8071205415941627,0.9329695024948267,1.8208655114649446,1.0819787729836068,min_cost_max_flow,43,24,43,2,7,0
move,"['move', 24, 6, 7]",True,5418,2.3916875914186733,0.0,2.8071205415941627,0.41543295017548937,0.5279642216046341,0.4552514809619632,min_cost_max_flow,115,24,115,6,131,7
move,"['move', 24, 6, 0]",True,5418,2.0141320313917874,0.0,2.8071205415941627,0.7929885102023754,1.470442099882348,1.3959326739624125,min_cost_max_flow,116,24,116,6,8,0
move,"['move', 28, 0, 3]",True,5428,1.0942500364544165,0.0,1.6811766426734058,0.5869266062189894,1.1162373018451035,2.0476597898087467,min_cost_max_flow,9,28,9,0,65,3
move,"['move', 28, 1, 2]",True,5428,1.2198147971919235,0.0,1.6811766426734058,0.4613618454814824,0.8037865198421059,1.0735798959622542,min_cost_max_flow,22,28,22,1,50,2
move,"['move', 28, 1, 3]",True,5428,1.2299589257909083,0.0,1.6811766426734058,0.45121771688249757,0.7787952185899485,0.8275663990923179,min_cost_max_flow,28,28,28,1,66,3
move,"['move', 28, 1, 4]",True,5428,1.12904834191816,0.0,1.6811766426734058,0.5521283007552458,1.0296806130136247,1.754943237888607,min_cost_max_flow,32,28,32,1,75,4
move,"['move', 27, 3, 2]",True,5438,1.5161522528097695,0.0,1.8362503752660992,0.32009812245632985,0.6169886015704833,0.35230585488403604,min_cost_max_flow,68,27,68,3,43,2
move,"['move', 27, 4, 2]",True,5438,1.6263648010825396,0.0,1.8362503752660992,0.20988557418355966,0.3415654019190697,0.2801918345429368,min_cost_max_flow,77,27,77,4,46,2
move,"['move', 27, 5, 2]",True,5438,1.593927764545219,0.0,1.8362503752660992,0.24232261072088032,0.4224474350339733,0.42056398680828716,min_cost_max_flow,98,27,98,5,47,2
move,"['move', 27, 6, 2]",True,5438,1.5579163713693336,0.0,1.8362503752660992,0.27833400389676555,0.5123380344957695,0.5124863054195328,min_cost_max_flow,113,27,113,6,48,2
move,"['move', 24, 7, 6]",True,5448,1.5982823537853057,0.0,1.906828578958325,0.3085462251730192,0.2609811657384853,0.29941372094424235,min_cost_max_flow,131,24,131,7,112,6
move,"['move', 24, 2, 6]",True,5448,1.1990170945176368,0.0,1.906828578958325,0.7078114844406883,1.257128415389161,1.6433460666088375,min_cost_max_flow,44,24,44,2,113,6
move,"['move', 24, 5, 6]",True,5448,1.078825960466936,0.0,1.906828578958325,0.828002618491389,1.5564148489720537,2.437613762514925,min_cost_max_flow,106,24,106,5,114,6
move,"['move', 24, 0, 8]",True,5448,1.4081412951607235,0.0,1.906828578958325,0.4986872837976015,0.7355094861704856,0.8489644739145124,min_cost_max_flow,5,24,5,0,146,8
move,"['move', 24, 8, 5]",True,5464,2.4269016745985605,0.0,3.110918862276203,0.6840171876776426,1.1973530861505424,1.8364042872784587,min_cost_max_flow,146,24,146,8,98,5
move,"['move', 24, 0, 1]",True,5464,2.7080831697246146,0.0,3.110918862276203,0.40283569255158874,0.49615708556666505,0.6645794664403007,min_cost_max_flow,7,24,7,0,22,1
move,"['move', 24, 3, 2]",True,5464,2.668741989458311,0.0,3.110918862276203,0.4421768728178919,0.5945214875755482,0.65694523769006,min_cost_max_flow,59,24,59,3,44,2
move,"['move', 24, 3, 5]",True,5464,2.5458402817479246,0.0,3.110918862276203,0.5650785805282786,0.8999169196104049,1.896170065096757,min_cost_max_flow,60,24,60,3,104,5
move,"['move', 24, 1, 7]",True,5474,2.0542664033427083,0.0,2.508729653726377,0.4544632503836684,0.6249305805395124,0.8615125380081331,min_cost_max_flow,22,24,22,1,131,7
move,"['move', 24, 5, 4]",True,5474,1.9928040191851784,0.0,2.508729653726377,0.5159256345411986,0.7782568716575042,1.0812920552304568,min_cost_max_flow,98,24,98,5,76,4
move,"['move', 24, 6, 4]",True,5474,2.0841722366034356,0.0,2.508729653726377,0.4245574171229411,0.5501075689098798,0.900464856551034,min_cost_max_flow,112,24,112,6,77,4
move,"['move', 24, 0, 8]",True,5474,1.8519077085167535,0.0,2.508729653726377,0.6568219452096234,1.130448848940432,1.1138249806533722,min_cost_max_flow,8,24,8,0,146,8
move,"['move', 24, 8, 0]",True,5484,1.8975455039508522,0.0,2.43041586499385,0.5328703610429978,0.8209900469810236,0.8337193425493852,min_cost_max_flow,146,24,146,8,5,0
move,"['move', 24, 7, 0]",True,5484,1.7784575333604864,0.0,2.43041586499385,0.6519583316333636,1.1175001138981315,1.640292381753985,min_cost_max_flow,131,24,131,7,7,0
move,"['move', 24, 2, 0]",True,5484,1.7065869783931014,0.0,2.43041586499385,0.7238288866007484,1.297722425442771,1.2763429643022048,min_cost_max_flow,44,24,44,2,8,0
move,"['move', 24, 5, 0]",True,5484,1.5035100038631968,0.0,2.43041586499385,0.9269058611306532,1.8030309375390061,2.8656257833201866,min_cost_max_flow,104,24,104,5,9,0
move,"['move', 24, 0, 1]",True,5494,1.485473294107249,0.0,2.1331894903824673,0.6512691251502182,1.117080600495683,0.7712905114771283,min_cost_max_flow,8,24,8,0,22,1
move,"['move', 24, 3, 5]",True,5494,1.6387620798981328,0.0,2.1331894903824673,0.49442741048433453,0.7237185314879753,1.6098120734764543,min_cost_max_flow,61,24,61,3,98,5
move,"['move', 24, 3, 2]",True,5494,1.3076367299638312,0.0,2.1331894903824673,0.825552760418636,1.5505406653683167,2.270639377084459,min_cost_max_flow,71,24,71,3,44,2
move,"['move', 24, 4, 5]",True,5494,1.4960806964871436,0.0,2.1331894903824673,0.6371087938953236,1.0797081519267522,2.0857041326068506,min_cost_max_flow,76,24,76,4,104,5
move,"['move', 24, 1, 3]",True,5504,2.030086942537381,0.0,2.506846839638189,0.47675989710080807,0.680132737114036,1.221152683558515,min_cost_max_flow,22,24,22,1,71,3
move,"['move', 24, 0, 3]",True,5504,1.9791066847169496,0.0,2.506846839638189,0.5277401549212395,0.8076544986106455,1.1737413865377955,min_cost_max_flow,5,24,5,0,55,3
move,"['move', 24, 5, 3]",True,5504,1.8774804259792899,0.0,2.506846839638189,0.6293664136588991,1.060600266137044,1.9203275983715642,min_cost_max_flow,98,24,98,5,59,3
move,"['move', 24, 6, 3]",True,5504,1.9627508735804535,0.0,2.506846839638189,0.5440959660577357,0.8485949092646479,1.1398195113631835,min_cost_max_flow,113,24,113,6,60,3
move,"['move', 4, 2, 6]",True,5514,1.6057115631753942,0.0,1.9037492216012684,0.29803765842587426,0.49620110552496044,0.6072764414376186,min_cost_max_flow,40,4,40,2,112,6
move,"['move', 4, 2, 1]",True,5514,1.5676886858739196,0.0,1.9037492216012684,0.33606053572734873,0.591253873630194,0.6102265404060508,min_cost_max_flow,54,4,54,2,22,1
move,"['move', 4, 3, 6]",True,5514,1.611346087105838,0.0,1.9037492216012684,0.2985830216204303,0.49730190193804447,0.7823508236417235,min_cost_max_flow,63,4,63,3,113,6
move,"['move', 4, 3, 5]",True,5514,1.6698513433829028,0.0,1.9037492216012684,0.2338978782183657,0.33588130848511355,0.5875074554879633,min_cost_max_flow,64,4,64,3,98,5
move,"['move', 24, 6, 7]",True,5524,1.5335280557633792,0.0,1.9019474835111574,0.3684194277477781,0.410591088453657,0.3481362020944652,min_cost_max_flow,114,24,114,6,131,7
move,"['move', 24, 0, 1]",True,5524,1.5986674526097815,0.0,1.9019474835111574,0.30328003090137584,0.2476488215761492,0.4106527097626709,min_cost_max_flow,7,24,7,0,23,1
move,"['move', 24, 0, 8]",True,5524,0.8857848073488941,0.0,1.9019474835111574,1.0161626761622633,2.0270167044873233,2.303139537125829,min_cost_max_flow,9,24,9,0,146,8
move,"['move', 24, 5, 1]",True,5524,0.951383543854078,0.0,1.9019474835111574,0.9505639396570794,1.8623436277775909,2.753963168307547,min_cost_max_flow,104,24,104,5,26,1
move,"['move', 24, 1, 5]",True,5534,1.0557493413431338,0.0,1.9808065223516205,0.9290545676334866,1.808816124437726,2.5900120222292595,min_cost_max_flow,26,24,26,1,104,5
move,"['move', 24, 7, 6]",True,5534,1.58898369841796,0.0,1.9808065223516205,0.39182282393366047,0.46902021449932363,0.401045814787493,min_cost_max_flow,131,24,131,7,114,6
move,"['move', 24, 8, 6]",True,5534,1.2914537478122645,0.0,1.9808065223516205,0.689352774539356,1.2114599274718785,1.3244881759099403,min_cost_max_flow,146,24,146,8,116,6
move,"['move', 24, 4, 6]",True,5534,1.3499671602850893,0.0,1.9808065223516205,0.6308393620665311,1.064908260210359,1.5032455622148237,min_cost_max_flow,77,24,77,4,117,6
move,"['move', 24, 1, 7]",True,5544,0.8591019857895698,0.0,1.681961329954528,0.8228593441649582,1.5445311455259798,1.7879588491795213,min_cost_max_flow,23,24,23,1,131,7
move,"['move', 24, 6, 0]",True,5544,0.9150009794964565,0.0,1.681961329954528,0.7669603504580714,1.4040811437153025,2.2563038781531803,min_cost_max_flow,114,24,114,6,5,0
move,"['move', 24, 3, 0]",True,5544,1.1618169816430735,0.0,1.681961329954528,0.5477116595614543,0.8574593597077182,1.2563417221804882,min_cost_max_flow,59,24,59,3,7,0
move,"['move', 24, 6, 7]",True,5544,1.2583637938311263,0.0,1.681961329954528,0.42359753612340173,0.5480702489585383,0.6588764915464329,min_cost_max_flow,116,24,116,6,135,7
move,"['move', 24, 7, 4]",True,5554,1.6914440360736993,0.0,2.5032294754659694,0.81178543939227,1.5162037611371488,2.216373820586216,min_cost_max_flow,131,24,131,7,76,4
move,"['move', 24, 5, 4]",True,5554,1.6650825299837706,0.0,2.5032294754659694,0.8381469454821987,1.5822563254187116,2.117174449425729,min_cost_max_flow,104,24,104,5,77,4
move,"['move', 24, 6, 4]",True,5554,2.086050698990599,0.0,2.5032294754659694,0.4171787764753706,0.531844139804889,0.7783498472607597,min_cost_max_flow,117,24,117,6,80,4
move,"['move', 24, 3, 4]",True,5554,1.7267295017497455,0.0,2.5032294754659694,0.776499973716224,1.4288355422613677,1.6527436110306921,min_cost_max_flow,55,24,55,3,83,4
move,"['move', 24, 7, 6]",True,5564,2.0536160546421662,0.0,2.5835108547187016,0.5298948000765351,0.8134263093088521,0.9169428465593995,min_cost_max_flow,135,24,135,7,114,6
move,"['move', 24, 0, 6]",True,5564,1.8380404097668666,0.0,2.5835108547187016,0.7454704449518351,1.3497999515966512,2.6272561135266637,min_cost_max_flow,5,24,5,0,115,6
move,"['move', 24, 3, 6]",True,5564,2.049225258787311,0.0,2.5835108547187016,0.5342855959313907,0.8233197969020694,1.6392775425070394,min_cost_max_flow,60,24,60,3,116,6
move,"['move', 24, 4, 6]",True,5564,1.974285548996221,0.0,2.5835108547187016,0.6092253057224807,1.011096152193204,1.3545570002341247,min_cost_max_flow,76,24,76,4,117,6
move,"['move', 24, 0, 5]",True,5574,1.280851092317251,0.0,2.2095452178785058,0.928694125561255,1.8070243913825834,3.1837639386051317,min_cost_max_flow,7,24,7,0,104,5
move,"['move', 24, 4, 1]",True,5574,1.6951104121973761,0.0,2.2095452178785058,0.5144348056811296,0.7740117820212618,1.4266370459439426,min_cost_max_flow,77,24,77,4,23,1
move,"['move', 24, 4, 8]",True,5574,1.3929187813771828,0.0,2.2095452178785058,0.816626436501323,1.5284135276742745,2.144857977591,min_cost_max_flow,80,24,80,4,146,8
move,"['move', 24, 3, 5]",True,5574,1.6652130388097253,0.0,2.2095452178785058,0.5443321790687806,0.84906126880378,1.2226015036832494,min_cost_max_flow,71,24,71,3,106,5
move,"['move', 24, 1, 3]",True,5584,2.017591999513173,0.0,2.507191850408859,0.48959985089568614,0.7121673740839469,1.2646510284146417,min_cost_max_flow,23,24,23,1,71,3
move,"['move', 24, 8, 3]",True,5584,1.91116592437867,0.0,2.507191850408859,0.5960259260301889,0.9776646094978787,1.6432859766314256,min_cost_max_flow,146,24,146,8,55,3
move,"['move', 24, 2, 3]",True,5584,2.109839202838942,0.0,2.507191850408859,0.3973526475699168,0.4823798594297841,0.7109885882410223,min_cost_max_flow,44,24,44,2,60,3
move,"['move', 24, 5, 3]",True,5584,1.8585915394574426,0.0,2.507191850408859,0.6486003109514165,1.1088451463729143,1.8135695953201916,min_cost_max_flow,104,24,104,5,61,3
move,"['move', 24, 5, 2]",True,5594,2.0431090938130563,0.0,2.653825323319704,0.6107162295066478,1.0147594526570174,1.397229664637173,min_cost_max_flow,106,24,106,5,54,2
move,"['move', 24, 4, 2]",True,5594,1.8447861075452114,0.0,2.653825323319704,0.8090392157744927,1.5088021383271553,2.573749664286618,min_cost_max_flow,83,24,83,4,38,2
move,"['move', 24, 3, 2]",True,5594,2.220948856831793,0.0,2.653825323319704,0.49022321423791126,0.7141575367568294,0.9768148168683125,min_cost_max_flow,60,24,60,3,40,2
move,"['move', 24, 3, 1]",True,5594,2.204599100355943,0.0,2.653825323319704,0.4492262229637612,0.6112256931446609,1.269725101397165,min_cost_max_flow,55,24,55,3,23,1
move,"['move', 24, 1, 8]",True,5604,2.2391562116451995,0.0,2.955466906732764,0.7163106950875645,1.2779983711225213,1.8953933224955857,min_cost_max_flow,23,24,23,1,146,8
move,"['move', 24, 2, 0]",True,5604,2.5994162433624153,0.0,2.955466906732764,0.3560506633703485,0.3787275034264894,0.9759189244902884,min_cost_max_flow,38,24,38,2,5,0
move,"['move', 24, 2, 5]",True,5604,2.1304545350208914,0.0,2.955466906732764,0.8250123717118726,1.5493108269729419,2.189883796061851,min_cost_max_flow,40,24,40,2,104,5
move,"['move', 24, 6, 5]",True,5604,2.293800156815704,0.0,2.955466906732764,0.6967322945420601,1.2292555703315884,1.7599262739435644,min_cost_max_flow,114,24,114,6,106,5
move,"['move', 24, 8, 4]",True,5614,1.4204695663630513,0.0,1.9835845495257498,0.5631149831626986,0.895385748372064,1.6442886146906814,min_cost_max_flow,146,24,146,8,76,4
move,"['move', 24, 2, 4]",True,5614,1.2151201185948586,0.0,1.9835845495257498,0.7684644309308913,1.4072291328848223,2.664445219839478,min_cost_max_flow,54,24,54,2,80,4
move,"['move', 24, 6, 4]",True,5614,1.4599646919041074,0.0,1.9835845495257498,0.5236198576216424,0.7975922680998337,1.014732894417164,min_cost_max_flow,115,24,115,6,83,4
move,"['move', 24, 0, 4]",True,5614,1.2335059347116353,0.0,1.9835845495257498,0.7500786148141146,1.3617494109930703,2.3412329530464397,min_cost_max_flow,5,24,5,0,87,4
move,"['move', 24, 5, 2]",True,5624,2.3348738553835613,0.0,3.0331999341296463,0.698326078746085,1.2336972039192915,1.4551442221829236,min_cost_max_flow,104,24,104,5,54,2
move,"['move', 24, 4, 2]",True,5624,2.454300850749431,0.0,3.0331999341296463,0.5788990833802156,0.9351852706895443,1.4181074322321636,min_cost_max_flow,76,24,76,4,38,2
move,"['move', 24, 3, 1]",True,5624,2.438801607839055,0.0,3.0331999341296463,0.5943983262905915,0.9745366568022291,1.0159215410687408,min_cost_max_flow,61,24,61,3,23,1
move,"['move', 24, 3, 2]",True,5624,2.6052915731316384,0.0,3.0331999341296463,0.4279083609980077,0.5584019185553188,0.955804884702755,min_cost_max_flow,71,24,71,3,40,2
move,"['move', 24, 1, 3]",True,5634,1.5446198228835042,0.0,2.059012814858286,0.5143929919747816,0.7741329638229217,1.2761596675906512,min_cost_max_flow,23,24,23,1,71,3
move,"['move', 24, 6, 3]",True,5634,1.3409048327294748,0.0,2.059012814858286,0.7181079821288111,1.2823222302467912,2.0082989750599802,min_cost_max_flow,116,24,116,6,55,3
move,"['move', 24, 4, 3]",True,5634,1.6400037629631372,0.0,2.059012814858286,0.41900905189514864,0.5366665419714991,0.6138741024840623,min_cost_max_flow,80,24,80,4,59,3
move,"['move', 24, 2, 3]",True,5634,1.355347350758057,0.0,2.059012814858286,0.7036654641002288,1.247198678436689,1.353136800824275,min_cost_max_flow,38,24,38,2,61,3
move,"['move', 24, 2, 0]",True,5644,1.6414948819584678,0.0,2.20819261227688,0.5666977303184121,0.9041937887013773,1.7435069880041567,min_cost_max_flow,40,24,40,2,7,0
move,"['move', 24, 3, 1]",True,5644,1.824974057134443,0.0,2.20819261227688,0.38321855514243686,0.44675553400156787,0.903718161251934,min_cost_max_flow,55,24,55,3,23,1
move,"['move', 24, 2, 1]",True,5644,1.5563167844834696,0.0,2.20819261227688,0.6518758277934101,1.117415804466873,1.5589922693370624,min_cost_max_flow,54,24,54,2,26,1
move,"['move', 24, 5, 8]",True,5644,1.530627945255906,0.0,2.20819261227688,0.677564667020974,1.1818410333216889,1.4235717453997776,min_cost_max_flow,106,24,106,5,146,8
move,"['move', 24, 1, 2]",True,5654,1.4901734447336057,0.0,1.9050647501509315,0.4148913054173257,0.5256382873849361,1.1031330304878983,min_cost_max_flow,23,24,23,1,54,2
move,"['move', 24, 1, 5]",True,5654,1.1245280709905212,0.0,1.9050647501509315,0.7805366791604101,1.4373947348576621,2.6744576204777784,min_cost_max_flow,26,24,26,1,104,5
move,"['move', 24, 8, 5]",True,5654,1.1020223638747448,0.0,1.9050647501509315,0.8030423862761865,1.4961456161327078,1.0167152967414765,min_cost_max_flow,146,24,146,8,106,5
move,"['move', 24, 0, 2]",True,5654,1.3528943135635583,0.0,1.9050647501509315,0.5521704365873731,0.8680528096301714,1.6253368170764595,min_cost_max_flow,7,24,7,0,38,2
move,"['move', 24, 2, 0]",True,5664,1.5852664797775713,0.0,2.1357895332398424,0.550523053462271,0.8639166926295729,1.637109608972111,min_cost_max_flow,38,24,38,2,7,0
move,"['move', 24, 4, 0]",True,5664,1.385471574723053,0.0,2.1357895332398424,0.7503179585167893,1.362934712706192,1.949937982089754,min_cost_max_flow,83,24,83,4,8,0
move,"['move', 24, 4, 1]",True,5664,1.4598780360955397,0.0,2.1357895332398424,0.6759114971443027,1.1769815001098323,1.9079774255184625,min_cost_max_flow,87,24,87,4,23,1
move,"['move', 24, 3, 1]",True,5664,1.6249287391312253,0.0,2.1357895332398424,0.5108607941086171,0.7660386554780416,0.7853687872364629,min_cost_max_flow,59,24,59,3,26,1
move,"['move', 24, 1, 4]",True,5674,1.1985526096675523,0.0,1.7514413373908497,0.5528887277232973,0.8696148252056446,1.7811449933016283,min_cost_max_flow,23,24,23,1,76,4
move,"['move', 24, 1, 8]",True,5674,1.1339938088136927,0.0,1.7514413373908497,0.6174475285771571,1.031817361166759,1.2441224423247454,min_cost_max_flow,26,24,26,1,146,8
move,"['move', 24, 5, 4]",True,5674,1.0005174528489795,0.0,1.7514413373908497,0.7509238845418703,1.3636278117046459,2.497748691588737,min_cost_max_flow,104,24,104,5,77,4
move,"['move', 24, 3, 4]",True,5674,1.3370012841303627,0.0,1.7514413373908497,0.414440053260487,0.5248389210901223,0.8839569656324522,min_cost_max_flow,61,24,61,3,80,4
move,"['move', 24, 8, 7]",True,5684,2.3772313533897242,0.0,2.8109084991917235,0.43367714580199934,0.572808694356354,0.9659290239986492,min_cost_max_flow,146,24,146,8,131,7
move,"['move', 24, 0, 9]",True,5684,2.292704407291673,0.0,2.8109084991917235,0.5182040919000505,0.7846933328473824,0.5877468600648692,min_cost_max_flow,7,24,7,0,166,9
move,"['move', 24, 5, 9]",True,5684,1.8256724373131008,0.0,2.8109084991917235,0.9852360618786228,1.9492781303270021,2.5844985046055156,min_cost_max_flow,106,24,106,5,167,9
move,"['move', 24, 6, 9]",True,5684,2.1013053774680284,0.0,2.8109084991917235,0.7096031217236952,1.2605656495361472,2.337918773629596,min_cost_max_flow,117,24,117,6,175,9
move,"['move', 24, 9, 6]",True,5694,2.5114388167231305,0.0,3.2601485164348487,0.7487096997117181,1.360298439343751,1.0270222152652848,min_cost_max_flow,166,24,166,9,114,6
move,"['move', 24, 7, 6]",True,5694,2.809104639027701,0.0,3.2601485164348487,0.45104387740714785,0.6167916056438116,0.5885408409410922,min_cost_max_flow,131,24,131,7,115,6
move,"['move', 24, 9, 1]",True,5694,2.853726037429718,0.0,3.2601485164348487,0.4064224790051309,0.5050414299403201,0.7196606399071669,min_cost_max_flow,167,24,167,9,23,1
move,"['move', 24, 3, 6]",True,5694,2.515995906856236,0.0,3.2601485164348487,0.7441526095786127,1.3474684760221862,1.9851808744658164,min_cost_max_flow,71,24,71,3,116,6
move,"['move', 24, 9, 3]",True,5704,1.6863763070300868,0.0,2.281186116018155,0.5948098089880683,0.9755772626158432,1.0079888277873232,min_cost_max_flow,175,24,175,9,71,3
move,"['move', 24, 1, 3]",True,5704,1.8611220192577203,0.0,2.281186116018155,0.4200640967604349,0.5394029176823096,0.5480317374207822,min_cost_max_flow,23,24,23,1,59,3
move,"['move', 24, 0, 3]",True,5704,1.4640184038301558,0.0,2.281186116018155,0.8171677121879993,1.5306838774777134,1.5334175864256034,min_cost_max_flow,8,24,8,0,60,3
move,"['move', 24, 4, 3]",True,5704,1.9140136100664087,0.0,2.281186116018155,0.36717250595174644,0.40709043104288867,0.603704815887341,min_cost_max_flow,76,24,76,4,61,3
move,"['move', 24, 6, 5]",True,5714,1.5527708143926793,0.0,2.2832283684941994,0.7304575541015202,1.31287134802551,2.224840410429376,min_cost_max_flow,114,24,114,6,104,5
move,"['move', 24, 2, 5]",True,5714,1.3339015423924683,0.0,2.2832283684941994,0.949326826101731,1.8606373995135073,1.8295927521156758,min_cost_max_flow,54,24,54,2,106,5
move,"['move', 24, 4, 5]",True,5714,1.6594973399882937,0.0,2.2832283684941994,0.6237310285059057,1.047468299366301,1.2826635238778041,min_cost_max_flow,77,24,77,4,107,5
move,"['move', 24, 3, 5]",True,5714,1.6447950474359239,0.0,2.2832283684941994,0.6384333210582757,1.0840720563355717,1.3839797983140523,min_cost_max_flow,59,24,59,3,91,5
move,"['move', 24, 5, 2]",True,5724,2.1224201036173507,0.0,2.873325699916924,0.7509055962995731,1.3638377650713664,2.3272993766132517,min_cost_max_flow,91,24,91,5,54,2
move,"['move', 24, 4, 2]",True,5724,2.317744846939018,0.0,2.873325699916924,0.555580852977906,0.8769999365176773,1.3446128762942502,min_cost_max_flow,80,24,80,4,40,2
move,"['move', 24, 3, 2]",True,5724,2.1501637024408287,0.0,2.873325699916924,0.7231619974760951,1.2967889584542718,0.787172415546338,min_cost_max_flow,60,24,60,3,44,2
move,"['move', 24, 6, 2]",True,5724,2.086067550758004,0.0,2.873325699916924,0.78725814915892,1.4551488590223016,2.0408248415679235,min_cost_max_flow,115,24,115,6,45,2
move,"['move', 24, 3, 8]",True,5734,1.4011893012571974,0.0,2.1996349869753447,0.7984456857181473,1.4822550016688183,2.6159573426023535,min_cost_max_flow,61,24,61,3,146,8
move,"['move', 24, 5, 0]",True,5734,1.3836245768364699,0.0,2.1996349869753447,0.8337907583888747,1.5712417978938902,2.199880977099852,min_cost_max_flow,107,24,107,5,5,0
move,"['move', 24, 2, 1]",True,5734,1.9190530623912234,0.0,2.1996349869753447,0.2805819245841212,0.19106541574728908,0.3027460669116122,min_cost_max_flow,40,24,40,2,23,1
move,"['move', 24, 2, 0]",True,5734,1.2345526113637542,0.0,2.1996349869753447,0.9650823756115904,1.9005582528043306,1.474939741332428,min_cost_max_flow,44,24,44,2,7,0
move,"['move', 24, 1, 9]",True,5744,2.656925490723781,0.0,3.029085842289178,0.3721603515653974,0.4201329790666932,0.22174882276923352,min_cost_max_flow,23,24,23,1,166,9
move,"['move', 24, 8, 7]",True,5744,2.6314351097493187,0.0,3.029085842289178,0.39765073253985966,0.48320169944054214,0.6599035309736854,min_cost_max_flow,146,24,146,8,131,7
move,"['move', 24, 0, 9]",True,5744,2.5014030336687636,0.0,3.029085842289178,0.5276828086204147,0.8088380978006171,0.28909809184884483,min_cost_max_flow,5,24,5,0,167,9
move,"['move', 24, 0, 7]",True,5744,2.070396961065796,0.0,3.029085842289178,0.9586888812233824,1.8844447367227986,1.56145981534032,min_cost_max_flow,7,24,7,0,135,7
move,"['move', 24, 9, 1]",True,5754,1.727362355727617,0.0,2.35203342173689,0.624671066009273,1.050561850061058,0.7870255663187544,min_cost_max_flow,166,24,166,9,23,1
move,"['move', 24, 9, 8]",True,5754,1.7257955039666488,0.0,2.35203342173689,0.6262379177702411,1.053850279909966,1.2061586019933885,min_cost_max_flow,167,24,167,9,146,8
move,"['move', 24, 7, 8]",True,5754,1.8278487748808596,0.0,2.35203342173689,0.5241846468560303,0.7990860553909442,0.9601900909900627,min_cost_max_flow,131,24,131,7,152,8
move,"['move', 24, 7, 0]",True,5754,1.6926354108122288,0.0,2.35203342173689,0.659398010924661,1.1364628766750684,1.3979160159584096,min_cost_max_flow,135,24,135,7,5,0
move,"['move', 29, 0, 2]",True,5764,1.5863446825501382,0.0,1.9704433913980182,0.3840987088478799,0.4340781576393056,0.490414101291178,min_cost_max_flow,5,29,5,0,40,2
move,"['move', 29, 8, 6]",True,5764,1.4046914337423724,0.0,1.9704433913980182,0.5657519576556459,0.8862109256588155,1.8239834345610477,min_cost_max_flow,154,29,154,8,114,6
move,"['move', 29, 9, 6]",True,5764,1.3971313591230468,0.0,1.9704433913980182,0.5733120322749715,0.9045854734868044,2.1744092481112482,min_cost_max_flow,172,29,172,9,115,6
move,"['move', 29, 3, 2]",True,5764,1.2192537251597484,0.0,1.9704433913980182,0.7511896662382699,1.349596477979503,1.963129525142901,min_cost_max_flow,55,29,55,3,44,2
move,"['move', 24, 1, 9]",True,5774,2.399257720547787,0.0,2.954082316446282,0.5548245958984952,0.8762358230451355,0.5935933923039605,min_cost_max_flow,23,24,23,1,166,9
move,"['move', 24, 8, 7]",True,5774,2.5569331714169086,0.0,2.954082316446282,0.39714914502937365,0.4819221443394781,0.6769610808731279,min_cost_max_flow,146,24,146,8,131,7
move,"['move', 24, 0, 9]",True,5774,2.4220701094074193,0.0,2.954082316446282,0.5320122070388629,0.8186143150305725,0.9872839692921137,min_cost_max_flow,5,24,5,0,167,9
move,"['move', 24, 8, 9]",True,5774,2.5772662725932407,0.0,2.954082316446282,0.37681604385304157,0.43086784142360557,0.8246610642346568,min_cost_max_flow,152,24,152,8,172,9
move,"['move', 24, 9, 1]",True,5784,1.6069174965668203,0.0,2.2788568262816993,0.6719393297148791,1.16815348280943,1.17304324341424,min_cost_max_flow,166,24,166,9,23,1
move,"['move', 24, 9, 0]",True,5784,1.9427027253700055,0.0,2.2788568262816993,0.3361541009116937,0.3296685967143276,0.520919301506759,min_cost_max_flow,167,24,167,9,5,0
move,"['move', 24, 9, 8]",True,5784,1.5547301631350225,0.0,2.2788568262816993,0.7241266631466768,1.2976664355010143,1.8099638353540894,min_cost_max_flow,172,24,172,9,146,8
move,"['move', 24, 7, 1]",True,5784,1.5029007894739972,0.0,2.2788568262816993,0.775956036807702,1.4273901272390503,1.7097921117052488,min_cost_max_flow,131,24,131,7,26,1
move,"['move', 24, 1, 9]",True,5794,1.6415903979225135,0.0,2.276342474136298,0.6347520762137844,1.07534968033724,1.063489056382938,min_cost_max_flow,23,24,23,1,166,9
move,"['move', 24, 1, 4]",True,5794,1.6000111566822408,0.0,2.276342474136298,0.6763313174540572,1.1785912859704695,1.5344873680179598,min_cost_max_flow,26,24,26,1,76,4
move,"['move', 24, 8, 7]",True,5794,1.8643464777313028,0.0,2.276342474136298,0.4119959964049951,0.5189356089467765,0.7460703020433029,min_cost_max_flow,146,24,146,8,131,7
move,"['move', 24, 0, 9]",True,5794,1.9338497122404141,0.0,2.276342474136298,0.3424927618958838,0.34544126328546554,0.5702432277317735,min_cost_max_flow,5,24,5,0,167,9
move,"['move', 24, 9, 1]",True,5804,2.8780561799112205,0.0,3.4843608961607924,0.6063047162495719,1.0043749732067226,0.9676938697071682,min_cost_max_flow,166,24,166,9,23,1
move,"['move', 24, 9, 0]",True,5804,3.1351319650223894,0.0,3.4843608961607924,0.349228931138403,0.36220260085974587,0.6229669157435237,min_cost_max_flow,167,24,167,9,5,0
move,"['move', 24, 7, 8]",True,5804,3.091865116329852,0.0,3.4843608961607924,0.3924957798309407,0.47026234771328745,0.6945501676118595,min_cost_max_flow,131,24,131,7,146,8
move,"['move', 24, 4, 8]",True,5804,2.7320975149449125,0.0,3.4843608961607924,0.75226338121588,1.3676784414419672,2.02982332339102,min_cost_max_flow,76,24,76,4,152,8
move,"['move', 24, 1, 9]",True,5814,1.8126338713997145,0.0,2.355200421175832,0.5425665497761173,0.8454587834930862,0.6815428897070535,min_cost_max_flow,23,24,23,1,166,9
move,"['move', 24, 8, 7]",True,5814,1.9804882589881638,0.0,2.355200421175832,0.37471216218766806,0.4258735402254388,0.6477257540567282,min_cost_max_flow,146,24,146,8,131,7
move,"['move', 24, 8, 9]",True,5814,1.9792985917606845,0.0,2.355200421175832,0.37590182941514744,0.4285780416612397,0.8275035093216032,min_cost_max_flow,152,24,152,8,167,9
move,"['move', 24, 0, 9]",True,5814,1.821031080088174,0.0,2.355200421175832,0.5341693410876581,0.8227982214229996,1.793236455665983,min_cost_max_flow,5,24,5,0,172,9
move,"['move', 24, 9, 1]",True,5824,2.7598022846333277,0.0,3.330969991783796,0.5711677071504685,0.9168161857960513,0.778536978315554,min_cost_max_flow,166,24,166,9,23,1
move,"['move', 24, 9, 0]",True,5824,3.0461935418658523,0.0,3.330969991783796,0.28477644991794365,0.2016917073415243,0.2094272271256152,min_cost_max_flow,167,24,167,9,5,0
move,"['move', 24, 7, 8]",True,5824,2.971565505474694,0.0,3.330969991783796,0.35940448630910177,0.38766452445997857,0.6076098000863639,min_cost_max_flow,131,24,131,7,146,8
move,"['move', 24, 9, 8]",True,5824,2.994161347916317,0.0,3.330969991783796,0.3368086438674788,0.33122193667077227,0.5762642568522014,min_cost_max_flow,172,24,172,9,152,8
move,"['move', 24, 1, 9]",True,5834,2.203590503456732,0.0,2.804346034489079,0.6007555310323468,0.9906296712506446,0.8825864783840156,min_cost_max_flow,23,24,23,1,166,9
move,"['move', 24, 8, 7]",True,5834,2.4192663546109774,0.0,2.804346034489079,0.38507967987810154,0.4519118570970022,0.568043990403478,min_cost_max_flow,146,24,146,8,131,7
move,"['move', 24, 8, 9]",True,5834,2.360505488820382,0.0,2.804346034489079,0.44384054566869696,0.5985188945924165,0.7647953111196586,min_cost_max_flow,152,24,152,8,167,9
move,"['move', 24, 3, 9]",True,5834,1.9888514225347595,0.0,2.804346034489079,0.8154946119543195,1.5248784420764423,2.6152074644730487,min_cost_max_flow,71,24,71,3,172,9
move,"['move', 24, 9, 3]",True,5844,2.057823701701682,0.0,2.805619018195843,0.747795316494161,1.3569505797931924,1.7349565530422075,min_cost_max_flow,166,24,166,9,55,3
move,"['move', 24, 7, 3]",True,5844,1.9295596983086538,0.0,2.805619018195843,0.8760593198871892,1.6762161958540673,2.6645515008391962,min_cost_max_flow,131,24,131,7,71,3
move,"['move', 24, 9, 1]",True,5844,2.4041463236598974,0.0,2.805619018195843,0.40147269453594553,0.4927750092028873,0.6476336828867055,min_cost_max_flow,167,24,167,9,23,1
move,"['move', 24, 5, 3]",True,5844,2.0287667138691186,0.0,2.805619018195843,0.7768523043267245,1.42922141921008,1.982709996056196,min_cost_max_flow,104,24,104,5,60,3
move,"['move', 24, 9, 7]",True,5854,1.7704327026506448,0.0,2.425288444797767,0.6548557421471223,1.1250223866227316,1.454461421618332,min_cost_max_flow,172,24,172,9,131,7
move,"['move', 24, 1, 8]",True,5854,1.759191378447587,0.0,2.425288444797767,0.6660970663501803,1.1523259956302354,1.9875957550457295,min_cost_max_flow,23,24,23,1,146,8
move,"['move', 24, 6, 4]",True,5854,1.8025118250392098,0.0,2.425288444797767,0.6227766197585575,1.0443148715276038,1.7942675040955431,min_cost_max_flow,116,24,116,6,76,4
move,"['move', 24, 2, 7]",True,5854,1.6364011153529687,0.0,2.425288444797767,0.7888873294447986,1.4606267563576694,1.1041937611201864,min_cost_max_flow,45,24,45,2,135,7
move,"['move', 24, 7, 6]",True,5864,2.2748637860609278,0.0,2.8045667218539503,0.5297029357930224,0.8127424074264127,1.0531036289978548,min_cost_max_flow,131,24,131,7,116,6
move,"['move', 24, 8, 6]",True,5864,2.156496413326424,0.0,2.8045667218539503,0.6480703085275265,1.108092248083267,1.4321644152684831,min_cost_max_flow,146,24,146,8,117,6
move,"['move', 24, 3, 6]",True,5864,2.0390443140059586,0.0,2.8045667218539503,0.7655224078479915,1.400826757788309,2.029323479348832,min_cost_max_flow,55,24,55,3,118,6
move,"['move', 24, 0, 6]",True,5864,1.9135181094208327,0.0,2.8045667218539503,0.8910486124331177,1.7135486485130969,2.7584039713674375,min_cost_max_flow,5,24,5,0,119,6
move,"['move', 24, 7, 8]",True,5874,1.526382553863928,0.0,2.2848637768465156,0.7584812229825876,1.3842196543409955,1.3654176685514388,min_cost_max_flow,135,24,135,7,146,8
move,"['move', 24, 4, 8]",True,5874,1.5727411717330528,0.0,2.2848637768465156,0.7121226051134629,1.2667110746915569,2.440107652969212,min_cost_max_flow,76,24,76,4,152,8
move,"['move', 24, 6, 8]",True,5874,1.9364882602201174,0.0,2.2848637768465156,0.34837551662639815,0.3596811670358875,0.8815652783076098,min_cost_max_flow,116,24,116,6,153,8
move,"['move', 24, 2, 1]",True,5874,1.9052445029673313,0.0,2.2848637768465156,0.3796192738791843,0.4378458783176029,0.8446865118077025,min_cost_max_flow,54,24,54,2,23,1
move,"['move', 24, 1, 2]",True,5884,2.570041263812671,0.0,2.9555631990302036,0.3855219352175325,0.452531572416774,0.8919926762739004,min_cost_max_flow,23,24,23,1,54,2
move,"['move', 24, 8, 0]",True,5884,2.410706498829464,0.0,2.9555631990302036,0.5448567002007393,0.8506789429011405,1.0183539920407534,min_cost_max_flow,146,24,146,8,5,0
move,"['move', 24, 8, 7]",True,5884,2.3714089141298476,0.0,2.9555631990302036,0.5841542849003559,0.948701038818399,1.166264546562951,min_cost_max_flow,152,24,152,8,131,7
move,"['move', 24, 5, 2]",True,5884,2.2566274338299395,0.0,2.9555631990302036,0.6989357652002642,1.2345654240925796,1.8924748636230264,min_cost_max_flow,106,24,106,5,38,2
move,"['move', 24, 7, 4]",True,5894,2.403705848278358,0.0,2.8750748792680274,0.47136903098966915,0.6664893613778986,1.3319596557518358,min_cost_max_flow,131,24,131,7,76,4
move,"['move', 24, 8, 5]",True,5894,2.3042715408381973,0.0,2.8750748792680274,0.57080333842983,0.9145542184123769,1.6792340330342894,min_cost_max_flow,153,24,153,8,104,5
move,"['move', 24, 0, 1]",True,5894,2.5582548240969687,0.0,2.8750748792680274,0.31682005517105866,0.28122558417817345,0.5928514245512311,min_cost_max_flow,5,24,5,0,23,1
move,"['move', 24, 2, 4]",True,5894,2.362825474462471,0.0,2.8750748792680274,0.5122494048055564,0.7682835609521135,1.6031162994207637,min_cost_max_flow,38,24,38,2,77,4
move,"['move', 24, 1, 0]",True,5904,1.9574103384141495,0.0,2.2797987803861255,0.3223884419719759,0.295077284128638,0.6390294591035927,min_cost_max_flow,23,24,23,1,5,0
move,"['move', 24, 4, 7]",True,5904,1.7868629816596506,0.0,2.2797987803861255,0.49293579872647497,0.7201802641138784,1.482637393108413,min_cost_max_flow,76,24,76,4,131,7
move,"['move', 24, 3, 7]",True,5904,1.6350890530782602,0.0,2.2797987803861255,0.7012512256828652,1.2410497920573107,1.4286636914705422,min_cost_max_flow,60,24,60,3,135,7
move,"['move', 24, 5, 7]",True,5904,1.8088712017545447,0.0,2.2797987803861255,0.4709275786315807,0.6652961900545051,1.3916532745335255,min_cost_max_flow,104,24,104,5,141,7
move,"['move', 28, 3, 0]",True,5914,1.538080568949102,0.0,1.9821880514762964,0.44410748252719445,0.7604294218108407,1.221040326325756,min_cost_max_flow,65,28,65,3,5,0
move,"['move', 28, 3, 1]",True,5914,1.4709307039746262,0.0,1.9821880514762964,0.5112573475016703,0.9285534319351427,1.054808534250762,min_cost_max_flow,66,28,66,3,23,1
move,"['move', 28, 4, 3]",True,5914,1.6513142864533106,0.0,1.9821880514762964,0.33087376502298593,0.4783016465153196,0.5833613496589666,min_cost_max_flow,75,28,75,4,55,3
move,"['move', 28, 6, 3]",True,5914,1.3522256906896595,0.0,1.9821880514762964,0.6299623607866369,1.2250569115567487,1.2275109281244356,min_cost_max_flow,121,28,121,6,59,3
move,"['move', 24, 7, 8]",True,5924,1.634102350461662,0.0,2.056784156545633,0.4226818060839707,0.5454949542618124,0.8495228903119498,min_cost_max_flow,131,24,131,7,146,8
move,"['move', 24, 0, 1]",True,5924,1.6904988716060154,0.0,2.056784156545633,0.3662852849396174,0.4044334391801385,0.8963310375056386,min_cost_max_flow,5,24,5,0,26,1
move,"['move', 24, 7, 5]",True,5924,1.5330009420067623,0.0,2.056784156545633,0.5237832145388706,0.7980477449382306,0.9833431975329043,min_cost_max_flow,135,24,135,7,104,5
move,"['move', 24, 4, 5]",True,5924,1.240910403219488,0.0,2.056784156545633,0.8502237543261449,1.6121962112374604,2.285265310170109,min_cost_max_flow,77,24,77,4,106,5
move,"['move', 24, 1, 9]",True,5934,1.852795233980231,0.0,2.273047831806483,0.42025259782625185,0.5391651369427564,1.0207206734845997,min_cost_max_flow,26,24,26,1,167,9
move,"['move', 24, 8, 0]",True,5934,1.642244228232185,0.0,2.273047831806483,0.6308036035742978,1.0649764574482106,1.3981832499246938,min_cost_max_flow,146,24,146,8,7,0
move,"['move', 24, 7, 4]",True,5934,1.433262314319467,0.0,2.273047831806483,0.839785517487016,1.5860023900095257,2.3507513969117966,min_cost_max_flow,141,24,141,7,75,4
move,"['move', 24, 6, 9]",True,5934,1.6064133274544572,0.0,2.273047831806483,0.7429851956853589,1.3450702954141889,1.6382781243745983,min_cost_max_flow,118,24,118,6,172,9
move,"['move', 24, 9, 1]",True,5944,1.8705328771163767,0.0,2.278864250184693,0.4083313730683162,0.5095235949993366,0.9130407058716561,min_cost_max_flow,167,24,167,9,26,1
move,"['move', 24, 9, 7]",True,5944,1.420477198060845,0.0,2.278864250184693,0.8583870521238478,1.6338090002391255,1.4822356385650903,min_cost_max_flow,172,24,172,9,131,7
move,"['move', 24, 0, 7]",True,5944,1.6773072857723168,0.0,2.278864250184693,0.601556964412376,0.9923026471296907,1.1029915257351455,min_cost_max_flow,7,24,7,0,135,7
move,"['move', 24, 4, 7]",True,5944,1.4744134094915422,0.0,2.278864250184693,0.8044508406931506,1.497912481703679,2.186228944367514,min_cost_max_flow,75,24,75,4,141,7
move,"['move', 24, 1, 0]",True,5954,3.344369028109659,0.0,3.631806968634432,0.28743794052477273,0.20806918045127532,0.3935961653401189,min_cost_max_flow,26,24,26,1,7,0
move,"['move', 24, 7, 8]",True,5954,3.187379617449579,0.0,3.631806968634432,0.44442735118485277,0.5995444099753513,1.0591275827561173,min_cost_max_flow,131,24,131,7,146,8
move,"['move', 24, 7, 4]",True,5954,2.941757897657279,0.0,3.631806968634432,0.6900490709771525,1.2130172276083613,1.4467821479156102,min_cost_max_flow,135,24,135,7,75,4
move,"['move', 24, 2, 4]",True,5954,3.0898101458396643,0.0,3.631806968634432,0.5419968227947677,0.8427751904018805,1.521059981594709,min_cost_max_flow,54,24,54,2,76,4
move,"['move', 24, 7, 2]",True,5964,1.6138803586136872,0.0,2.2090066790218708,0.5951263204081837,0.9760363035893533,1.229480545639691,min_cost_max_flow,141,24,141,7,54,2
move,"['move', 24, 8, 9]",True,5964,1.6538397504576121,0.0,2.2090066790218708,0.5551669285642586,0.8766363190807169,0.8971504781888251,min_cost_max_flow,146,24,146,8,167,9
move,"['move', 24, 4, 2]",True,5964,1.7592953697262121,0.0,2.2090066790218708,0.44971130929565856,0.6126706233262667,1.1149155334888998,min_cost_max_flow,75,24,75,4,38,2
move,"['move', 24, 5, 2]",True,5964,1.270699473604068,0.0,2.2090066790218708,0.9383072054178029,1.832306942284049,2.3505297652077597,min_cost_max_flow,104,24,104,5,45,2
move,"['move', 24, 9, 1]",True,5974,1.3792778443127003,0.0,1.7525945098494413,0.37331666553674114,0.4224439884783351,0.6082658339142221,min_cost_max_flow,167,24,167,9,26,1
move,"['move', 24, 0, 1]",True,5974,1.1721242272178387,0.0,1.7525945098494413,0.5804702826316026,0.9402785284328274,0.6412676890217457,min_cost_max_flow,7,24,7,0,28,1
move,"['move', 24, 6, 7]",True,5974,1.1859665057782132,0.0,1.7525945098494413,0.5666280040712282,0.905057550247875,1.0514555450325196,min_cost_max_flow,117,24,117,6,131,7
move,"['move', 24, 3, 7]",True,5974,0.8044023466902731,0.0,1.7525945098494413,0.9481921631591682,1.8568756914610276,2.4462932161643116,min_cost_max_flow,71,24,71,3,135,7
move,"['move', 24, 1, 3]",True,5984,1.8236771712074216,0.0,2.5778089370997685,0.7541317658923471,1.372475460259011,1.9457852394735557,min_cost_max_flow,26,24,26,1,71,3
move,"['move', 24, 1, 0]",True,5984,1.7617571230984566,0.0,2.5778089370997685,0.8160518140013121,1.5285502795304637,1.095985906779933,min_cost_max_flow,28,24,28,1,5,0
move,"['move', 24, 7, 3]",True,5984,1.8639589252786237,0.0,2.5778089370997685,0.7138500118211447,1.270294620851928,2.9300880588580176,min_cost_max_flow,131,24,131,7,55,3
move,"['move', 24, 5, 3]",True,5984,1.767017819058776,0.0,2.5778089370997685,0.8107911180409925,1.5145823706698138,1.6400985466803404,min_cost_max_flow,106,24,106,5,60,3
move,"['move', 24, 7, 8]",True,5994,2.4491179488566313,0.0,3.1822597966969424,0.733141847840311,1.3210994817854953,1.2132408017570369,min_cost_max_flow,135,24,135,7,146,8
move,"['move', 24, 6, 5]",True,5994,2.6923328132920243,0.0,3.1822597966969424,0.48992698340491814,0.7136958236806095,0.7909054793597201,min_cost_max_flow,119,24,119,6,104,5
move,"['move', 24, 0, 5]",True,5994,2.2550997491705713,0.0,3.1822597966969424,0.9271600475263709,1.8037204190477496,2.829615437020658,min_cost_max_flow,5,24,5,0,106,5
move,"['move', 24, 4, 8]",True,5994,2.38852316017175,0.0,3.1822597966969424,0.7937366365251927,1.4697802484733984,3.0840441512910717,min_cost_max_flow,76,24,76,4,152,8
move,"['move', 24, 8, 6]",True,6004,1.8283042639885037,0.0,2.804248282662168,0.9759440186736644,1.925949996933923,2.649848758393997,min_cost_max_flow,146,24,146,8,121,6
move,"['move', 24, 3, 6]",True,6004,1.9679063810159838,0.0,2.804248282662168,0.8503281271461846,1.6123466591598117,2.3589213953352735,min_cost_max_flow,55,24,55,3,116,6
move,"['move', 24, 2, 6]",True,6004,1.9107847641706308,0.0,2.804248282662168,0.8934635184915375,1.719502091567847,2.814285365566814,min_cost_max_flow,38,24,38,2,117,6
move,"['move', 24, 5, 6]",True,6004,2.3227010535794097,0.0,2.804248282662168,0.48154722908275827,0.6928266663162503,0.7374198519992858,min_cost_max_flow,104,24,104,5,119,6
move,"['move', 24, 8, 0]",True,6014,2.5280673170027446,0.0,3.0367716174111155,0.5087043004083709,0.7604389848420396,0.9243263774942219,min_cost_max_flow,152,24,152,8,5,0
move,"['move', 24, 2, 4]",True,6014,2.259180024759935,0.0,3.0367716174111155,0.7775915926511804,1.4321484430038254,1.2635080076525962,min_cost_max_flow,45,24,45,2,75,4
move,"['move', 24, 3, 4]",True,6014,2.584699354992254,0.0,3.0367716174111155,0.45207226241886156,0.6194220077159116,0.5489144790639475,min_cost_max_flow,60,24,60,3,76,4
move,"['move', 24, 6, 4]",True,6014,2.4598181121155838,0.0,3.0367716174111155,0.7060228447955316,1.2523353969008895,1.857625650195252,min_cost_max_flow,119,24,119,6,77,4
move,"['move', 24, 0, 7]",True,6024,2.6876339593553324,0.0,3.3261428077989796,0.6385088484436471,1.0839397753225057,1.5980461159769384,min_cost_max_flow,5,24,5,0,131,7
move,"['move', 24, 4, 8]",True,6024,2.782261524642496,0.0,3.3261428077989796,0.5438812831564835,0.8467663274495862,2.0010692193172783,min_cost_max_flow,75,24,75,4,146,8
move,"['move', 24, 2, 7]",True,6024,2.202510901403816,0.0,3.3261428077989796,1.1236319063951636,2.2945665024672053,3.0519912720384337,min_cost_max_flow,54,24,54,2,135,7
move,"['move', 24, 3, 1]",True,6024,2.5550834215063873,0.0,3.3261428077989796,0.7710593862925924,1.4147284271457465,1.9898413153917456,min_cost_max_flow,71,24,71,3,26,1
move,"['move', 24, 1, 2]",True,6034,2.07454941046328,0.0,2.732118181637179,0.6575687711738989,1.1317200126431999,1.5110924526005598,min_cost_max_flow,26,24,26,1,54,2
move,"['move', 24, 7, 3]",True,6034,1.5675225497003562,0.0,2.732118181637179,1.1648066214368227,2.396583534864476,3.665161409956408,min_cost_max_flow,135,24,135,7,71,3
move,"['move', 24, 8, 3]",True,6034,1.966006794180804,0.0,2.732118181637179,0.7661113874563749,1.4019355699711014,2.2717480381262596,min_cost_max_flow,146,24,146,8,60,3
move,"['move', 24, 6, 3]",True,6034,2.209039190448846,0.0,2.732118181637179,0.5230789911883329,0.7952064530327334,1.7038322169681441,min_cost_max_flow,116,24,116,6,61,3
move,"['move', 24, 7, 8]",True,6044,1.0605660901981513,0.0,1.459878807340206,0.3993127171420547,0.4873376284740516,0.6725918456258564,min_cost_max_flow,131,24,131,7,146,8
move,"['move', 24, 4, 8]",True,6044,0.7985988841688385,0.0,1.459878807340206,0.6612799231713675,1.1411382135993335,1.417545144292434,min_cost_max_flow,76,24,76,4,152,8
move,"['move', 24, 3, 1]",True,6044,1.0070314214917477,0.0,1.459878807340206,0.45284738584845835,0.6211387494113296,0.6962923981132517,min_cost_max_flow,60,24,60,3,26,1
move,"['move', 24, 3, 0]",True,6044,0.8716772883999966,0.0,1.459878807340206,0.5882015189402094,0.9588538397438242,1.143120662701887,min_cost_max_flow,61,24,61,3,5,0
move,"['move', 24, 1, 6]",True,6054,1.1333102525840175,0.0,1.908836825579658,0.7755265729956403,1.4244927728941548,2.925588654866445,min_cost_max_flow,26,24,26,1,116,6
move,"['move', 24, 4, 6]",True,6054,1.2527772456234154,0.0,1.908836825579658,0.6560595799562426,1.127439692238113,1.8493206932313662,min_cost_max_flow,77,24,77,4,118,6
move,"['move', 24, 5, 6]",True,6054,1.4186564677875717,0.0,1.908836825579658,0.49018035779208624,0.7142743595759384,0.8275055277537893,min_cost_max_flow,106,24,106,5,120,6
move,"['move', 24, 3, 6]",True,6054,1.2812985248424942,0.0,1.908836825579658,0.6275383007371638,1.0558193013930577,2.0607825581367227,min_cost_max_flow,71,24,71,3,110,6
