action,arm_key,cross_orbit_transfer,epoch,estimated_reward,execution_feedback_reward,expected_saving,migration_cost,migration_delay_s,migration_energy_j,migration_route_mode,selected_source_node,service_id,source_node,source_plane,target_node,target_plane
add,"['add', 6, None, 4]",True,10,1.7672952791078396,0.0,2.1399582669892796,0.37266298788144003,0.500967324249802,0.6797245177273796,min_cost_max_flow,40,6,,,73,4
add,"['add', 6, None, 8]",True,10,1.7096267042467617,0.0,2.1399582669892796,0.43033156274251794,0.6450476127938789,0.7404902568058515,min_cost_max_flow,40,6,,,146,8
add,"['add', 6, None, 7]",True,10,1.7821937072479481,0.0,2.1399582669892796,0.3577645597413314,0.4637615134724328,0.6528848024591839,min_cost_max_flow,146,6,,,131,7
add,"['add', 9, None, 3]",True,10,1.7415357297432654,0.0,2.0475097709422885,0.305974041199023,0.5113195265582158,0.962142862451327,min_cost_max_flow,33,9,,,55,3
add,"['add', 20, None, 0]",True,20,1.8245335555200801,0.0,2.2356134865285036,0.41107993100842344,0.5943079818457875,0.9621098952610823,min_cost_max_flow,51,20,,,1,0
add,"['add', 20, None, 4]",True,20,1.7815388124747535,0.0,2.2356134865285036,0.4540746740537501,0.7016891693231173,1.0325566525855885,min_cost_max_flow,44,20,,,75,4
add,"['add', 20, None, 8]",True,20,1.9402843299802421,0.0,2.2356134865285036,0.2953291565482615,0.3053702952389301,0.6692768662293118,min_cost_max_flow,75,20,,,147,8
add,"['add', 26, None, 4]",True,20,1.9528544071960565,0.0,2.1420636461003464,0.18920923890428978,0.252320953830548,0.3446965073213312,min_cost_max_flow,92,26,,,77,4
add,"['add', 24, None, 3]",True,30,2.9044335085622843,0.0,3.217921742781509,0.31348823421922495,0.41036188780739735,0.5404001777068179,min_cost_max_flow,76,24,,,56,3
add,"['add', 24, None, 9]",True,30,2.9921100243815157,0.0,3.217921742781509,0.22581171839999337,0.1914648938775656,0.34420309887532385,min_cost_max_flow,148,24,,,164,9
add,"['add', 24, None, 6]",True,30,2.9431183659568783,0.0,3.217921742781509,0.2748033768246311,0.31378421989992944,0.45074979169559737,min_cost_max_flow,148,24,,,112,6
add,"['add', 18, None, 4]",True,30,2.2949883438791696,0.0,2.5360186362710624,0.24103029239189266,0.14662923823189544,0.26904892271274417,min_cost_max_flow,61,18,,,78,4
add,"['add', 24, None, 7]",True,40,2.088501096076684,0.0,2.515554975309046,0.42705387923236204,0.6946424421899451,0.2961056112368591,min_cost_max_flow,148,24,,,132,7
add,"['add', 24, None, 5]",True,40,2.1741677216370108,0.0,2.515554975309046,0.34138725367203493,0.48018731764841505,0.48847937171166195,min_cost_max_flow,76,24,,,91,5
add,"['add', 2, None, 0]",True,40,2.0767447490561826,0.0,2.3331197737855223,0.2563750247293398,0.2866014783451192,0.3833862858709536,min_cost_max_flow,23,2,,,3,0
add,"['add', 2, None, 3]",True,40,2.0755855302733943,0.0,2.3331197737855223,0.257534243512128,0.28953458308694735,0.36001442929908983,min_cost_max_flow,41,2,,,57,3
move,"['move', 6, 0, 9]",True,50,2.5130302914061207,0.0,2.948245744111321,0.43521545270520023,0.6070136957054615,0.9029182535547762,min_cost_max_flow,1,6,1,0,165,9
move,"['move', 6, 1, 9]",True,50,1.781276341066384,0.0,2.948245744111321,1.494202544794937,3.254090345877671,1.1636382883093959,min_cost_max_flow,20,6,20,1,167,9
move,"['move', 6, 1, 5]",True,50,2.433886900989493,0.0,2.948245744111321,0.514358843121828,0.8039310177553602,1.5303542480018582,min_cost_max_flow,36,6,36,1,93,5
move,"['move', 6, 2, 9]",True,50,2.0206320779416904,0.0,2.948245744111321,0.9505604415446306,1.8940462043842672,1.7895605334012745,min_cost_max_flow,45,6,45,2,168,9
move,"['move', 6, 2, 1]",True,60,2.0265318448226415,0.0,2.4939847312465,0.4674528864238583,0.687974506525677,0.6581005711744835,min_cost_max_flow,40,6,40,2,22,1
move,"['move', 6, 3, 1]",True,60,1.8985663830131223,0.0,2.4939847312465,0.6015982353583776,1.0230396279604292,0.856934505538538,min_cost_max_flow,63,6,63,3,30,1
move,"['move', 6, 4, 1]",True,60,1.9222450602903332,0.0,2.4939847312465,0.5717396709561668,0.9466962040425528,1.9882764471047079,min_cost_max_flow,73,6,73,4,31,1
move,"['move', 6, 5, 1]",True,60,1.8578066956397057,0.0,2.4939847312465,0.6361780356067943,1.1078171293607966,1.971600652654697,min_cost_max_flow,93,6,93,5,32,1
add,"['add', 20, None, 6]",True,70,2.583571026733631,0.0,2.9399945228397444,0.35642349610611357,0.45810746557992843,0.6683959019838984,min_cost_max_flow,147,20,,,113,6
move,"['move', 24, 0, 2]",True,70,2.204742371780551,0.0,2.638724262405196,0.43398189062464476,0.6605558836977252,1.233830259854611,min_cost_max_flow,17,24,17,0,40,2
move,"['move', 24, 1, 2]",True,70,2.3571115911006797,0.0,2.638724262405196,0.2816126713045162,0.2811808555377411,0.20181683296310549,min_cost_max_flow,24,24,24,1,41,2
move,"['move', 24, 2, 3]",True,70,2.065096679812263,0.0,2.638724262405196,0.5736275825929331,1.0092183169389273,1.5350280462004442,min_cost_max_flow,40,24,40,2,63,3
move,"['move', 9, 1, 2]",True,80,1.9518255177846802,0.0,2.3552727390171273,0.4034472212324471,0.7055867402176546,0.5726338118656933,min_cost_max_flow,24,9,24,1,45,2
move,"['move', 9, 1, 0]",True,80,2.0432457505860766,0.0,2.3552727390171273,0.3120269884310509,0.4768127689067114,0.7215600168340993,min_cost_max_flow,31,9,31,1,1,0
move,"['move', 9, 1, 6]",True,80,1.8361204947254002,0.0,2.3552727390171273,0.5191522442917271,0.9939112116560409,1.1980246184081873,min_cost_max_flow,33,9,33,1,114,6
move,"['move', 9, 3, 2]",True,80,2.145074730532485,0.0,2.3552727390171273,0.2101980084846426,0.22281801332758278,0.3364304922393605,min_cost_max_flow,55,9,55,3,40,2
add,"['add', 17, None, 8]",True,90,1.8282296965419385,0.0,2.024399885524114,0.19617018898217545,0.4004345485611793,0.295336171718226,min_cost_max_flow,14,17,,,145,8
add,"['add', 17, None, 7]",True,90,1.8509401034914341,0.0,2.024399885524114,0.17345978203267967,0.34366605679099393,0.29031910268214656,min_cost_max_flow,30,17,,,133,7
add,"['add', 17, None, 5]",True,90,1.9333620661971551,0.0,2.024399885524114,0.0910378193269587,0.13788548355853436,0.10743008145361813,min_cost_max_flow,76,17,,,93,5
move,"['move', 6, 1, 0]",True,90,1.6046697396530278,0.0,1.8259993226216087,0.22132958296858082,0.07341673397752402,0.15777651114743713,min_cost_max_flow,22,6,22,1,5,0
add,"['add', 18, None, 1]",True,100,1.7112634246302234,0.0,2.132986841524977,0.42172341689475373,0.5975952493664636,0.7802490044357738,min_cost_max_flow,38,18,,,24,1
move,"['move', 6, 0, 3]",True,100,1.3698972231497144,0.0,1.833956220668794,0.46405899751907964,0.6786736970997254,1.2021586805112392,min_cost_max_flow,5,6,5,0,55,3
move,"['move', 6, 1, 3]",True,100,1.1934966134670102,0.0,1.833956220668794,0.6404596072017837,1.1182875695967596,2.127259820328522,min_cost_max_flow,30,6,30,1,58,3
move,"['move', 6, 1, 4]",True,100,1.3340976453089382,0.0,1.833956220668794,0.499858575359856,0.7678625510873189,1.4088857567427144,min_cost_max_flow,31,6,31,1,73,4
add,"['add', 3, None, 4]",True,110,1.5241171773634516,0.0,1.8242303813746414,0.30011320401118985,0.48147781898080666,0.6659577720838866,min_cost_max_flow,66,3,,,79,4
move,"['move', 6, 1, 2]",True,110,1.3103487309469375,0.0,1.74902096498103,0.4386722340340926,0.6154098215423573,1.0668032437780477,min_cost_max_flow,32,6,32,1,38,2
move,"['move', 6, 3, 0]",True,110,1.0671144900246339,0.0,1.74902096498103,0.6819064749563961,1.224283488220408,0.5414269955835214,min_cost_max_flow,55,6,55,3,2,0
move,"['move', 6, 3, 2]",True,110,1.1551162948719091,0.0,1.74902096498103,0.593904670109121,1.0036340642210462,0.9713682496995444,min_cost_max_flow,58,6,58,3,43,2
add,"['add', 15, None, 1]",True,120,2.6412028335615862,0.0,2.925653958367727,0.28445112480614093,0.451560724484807,0.8055629815170036,min_cost_max_flow,62,15,,,31,1
add,"['add', 15, None, 0]",True,120,2.6023825425429203,0.0,2.925653958367727,0.32327141582480684,0.5492544816411282,0.37687657507947,min_cost_max_flow,166,15,,,5,0
add,"['add', 26, None, 8]",True,120,2.4894410898473778,0.0,2.8451811756642638,0.35574008581688615,0.6679774965441538,0.7917462192447065,min_cost_max_flow,129,26,,,154,8
move,"['move', 6, 0, 1]",True,120,1.9067514221236257,0.0,2.649605350355123,0.7428539282314971,1.3762339965217052,0.8201769198869906,min_cost_max_flow,2,6,2,0,22,1
move,"['move', 6, 2, 3]",True,130,1.889280907876611,0.0,2.196265917679339,0.30698500980272814,0.2868281935172945,0.6425148748791691,min_cost_max_flow,38,6,38,2,55,3
move,"['move', 6, 2, 0]",True,130,1.164823603568385,0.0,2.196265917679339,1.031442314110954,2.0963228922394137,1.7415562405094953,min_cost_max_flow,43,6,43,2,2,0
move,"['move', 6, 4, 3]",True,130,1.8624465197469935,0.0,2.196265917679339,0.33381939793234555,0.3540586698795778,0.5461775160526935,min_cost_max_flow,73,6,73,4,58,3
move,"['move', 6, 6, 3]",True,130,1.4498069068322068,0.0,2.196265917679339,0.7464590108471322,1.3837196123431568,1.8382373983110107,min_cost_max_flow,123,6,123,6,60,3
add,"['add', 27, None, 1]",True,140,1.4703899454547373,0.0,1.7319872151289393,0.261597269674202,0.34361658981356413,0.6272867981205497,min_cost_max_flow,4,27,,,25,1
add,"['add', 27, None, 2]",True,140,1.5095502443166897,0.0,1.7319872151289393,0.22243697081224947,0.24603332114384102,0.4156344746817555,min_cost_max_flow,18,27,,,38,2
add,"['add', 27, None, 3]",True,140,1.4264390950292516,0.0,1.7319872151289393,0.3055481200996877,0.45341879121406237,0.6772365735979168,min_cost_max_flow,96,27,,,61,3
move,"['move', 18, 0, 6]",True,140,1.0191832283282434,0.0,1.678039543750197,0.6588563154219536,1.138403816073378,2.1293687451591325,min_cost_max_flow,4,18,4,0,109,6
move,"['move', 6, 0, 4]",True,150,0.6029881967471549,0.0,1.6038861500689237,1.0008979533217688,2.02044051203643,1.4225417271899468,min_cost_max_flow,2,6,2,0,73,4
move,"['move', 6, 1, 6]",True,150,0.9584062168977098,0.0,1.6038861500689237,0.6454799331712139,1.1303545000278064,2.449849482014231,min_cost_max_flow,22,6,22,1,115,6
move,"['move', 6, 3, 4]",True,150,1.3102761764408366,0.0,1.6038861500689237,0.34970077812808703,0.3937780612302504,0.5355502751734162,min_cost_max_flow,60,6,60,3,80,4
move,"['move', 6, 3, 6]",True,150,0.796229283705131,0.0,1.6038861500689237,0.8076568663637926,1.5361652550984672,2.2042347558714552,min_cost_max_flow,55,6,55,3,118,6
add,"['add', 5, None, 2]",True,160,1.9794540298224748,0.0,2.4252414753959517,0.445787445573477,0.7260925362820672,0.8654988409099877,min_cost_max_flow,134,5,,,43,2
add,"['add', 5, None, 4]",True,160,2.103584895528785,0.0,2.4252414753959517,0.3216565798671667,0.4162606731217693,0.5352981039247507,min_cost_max_flow,134,5,,,81,4
move,"['move', 5, 0, 2]",True,160,1.3882877958378435,0.0,1.8189311065469638,0.5059644407091205,0.8259627743495912,1.2469986886332014,min_cost_max_flow,3,5,3,0,44,2
move,"['move', 5, 0, 4]",True,160,1.2419177756557547,0.0,1.8189311065469638,0.5770133308912091,1.0027069505399595,1.8323648652020224,min_cost_max_flow,11,5,11,0,82,4
move,"['move', 6, 3, 5]",True,170,1.5252937308280168,0.0,2.05220581772317,0.5269120868951532,0.8353985751157325,1.474055629962337,min_cost_max_flow,58,6,58,3,97,5
move,"['move', 6, 4, 0]",True,170,1.0257015760340937,0.0,2.05220581772317,1.0265042416890762,2.0822106236639684,2.9196145876767887,min_cost_max_flow,73,6,73,4,11,0
move,"['move', 6, 4, 5]",True,170,1.8123165274942041,0.0,2.05220581772317,0.23988929022896585,0.11987787748944356,0.11652627050943097,min_cost_max_flow,80,6,80,4,98,5
move,"['move', 6, 6, 0]",True,170,1.5530364867861723,0.0,2.05220581772317,0.49916933093699745,0.7662508524122131,1.3346108353823485,min_cost_max_flow,115,6,115,6,6,0
move,"['move', 6, 5, 3]",True,180,2.1007266963671336,0.0,2.717393901093894,0.6166672047267607,1.0597890631065638,1.4722600220872253,min_cost_max_flow,97,6,97,5,55,3
move,"['move', 6, 5, 4]",True,180,2.1293036981024698,0.0,2.717393901093894,0.5880902029914242,0.9885786101397116,1.3175591077613398,min_cost_max_flow,98,6,98,5,73,4
move,"['move', 6, 6, 1]",True,180,1.9926558609053784,0.0,2.717393901093894,0.8065680148551823,1.533101998930988,2.4316530198403994,min_cost_max_flow,118,6,118,6,22,1
move,"['move', 6, 7, 1]",True,180,1.8881078958144129,0.0,2.717393901093894,0.8292860052794813,1.5907589575790553,1.8569979616271168,min_cost_max_flow,131,6,131,7,27,1
move,"['move', 6, 0, 7]",True,190,1.8964566663242852,0.0,2.4998359743680467,0.6033793080437616,1.0268528853725911,1.2832173730705727,min_cost_max_flow,6,6,6,0,131,7
move,"['move', 6, 0, 6]",True,190,1.8121669193514727,0.0,2.4998359743680467,0.687669055016574,1.2375275424335541,1.3163576204492793,min_cost_max_flow,11,6,11,0,115,6
move,"['move', 6, 1, 7]",True,190,1.708199123080659,0.0,2.4998359743680467,0.7916368512873876,1.496511099929421,1.9403130745603567,min_cost_max_flow,22,6,22,1,135,7
move,"['move', 6, 3, 7]",True,190,1.734891534949503,0.0,2.4998359743680467,0.7649444394185436,1.4295384975814613,2.1013615251269187,min_cost_max_flow,55,6,55,3,136,7
move,"['move', 6, 6, 5]",True,200,1.839853910115613,0.0,2.0529954563625106,0.21314154624689755,0.053006575608606,0.11782088762064158,min_cost_max_flow,115,6,115,6,97,5
move,"['move', 6, 7, 0]",True,200,1.2142328886216953,0.0,2.0529954563625106,0.8387625677408151,1.614223627878573,2.0081551975051,min_cost_max_flow,131,6,131,7,11,0
move,"['move', 6, 7, 3]",True,200,1.2351804122254948,0.0,2.0529954563625106,0.8178150441370158,1.561853106054059,2.0092970741821237,min_cost_max_flow,135,6,135,7,55,3
move,"['move', 6, 7, 5]",True,200,1.655869332633227,0.0,2.0529954563625106,0.3971261237292836,0.5117362196333488,0.939020675102067,min_cost_max_flow,136,6,136,7,98,5
move,"['move', 18, 1, 0]",True,210,1.3011252307425607,0.0,1.7601747582296188,0.4665536819870581,0.6595268632465832,0.8762815715298674,min_cost_max_flow,24,18,24,1,4,0
move,"['move', 18, 2, 0]",True,210,1.232944561332643,0.0,1.7601747582296188,0.5272301968969757,0.8102463868492578,1.5241240196094883,min_cost_max_flow,38,18,38,2,6,0
move,"['move', 18, 3, 0]",True,210,1.412439307808574,0.0,1.7601747582296188,0.34773545042104487,0.3631226633206097,0.44869557882358346,min_cost_max_flow,61,18,61,3,7,0
move,"['move', 18, 4, 0]",True,210,1.1375831721060896,0.0,1.7601747582296188,0.6225915861235292,1.0495516547116495,0.9229274889374873,min_cost_max_flow,78,18,78,4,8,0
move,"['move', 9, 0, 1]",True,220,2.0425204078225967,0.0,2.5758290374979866,0.5333086296753902,1.0294809769416133,1.0788234007981616,min_cost_max_flow,1,9,1,0,24,1
move,"['move', 9, 2, 1]",True,220,2.4005059325241986,0.0,2.5758290374979866,0.17532310497378809,0.1356965053046224,0.29259665612206803,min_cost_max_flow,40,9,40,2,22,1
move,"['move', 9, 2, 3]",True,220,2.124503037082322,0.0,2.5758290374979866,0.45132600041566473,0.8251648558762099,0.6518553448581388,min_cost_max_flow,45,9,45,2,58,3
move,"['move', 9, 4, 1]",True,220,2.1600582751349537,0.0,2.5758290374979866,0.41577076236303273,0.7362547982661454,0.6664969971812138,min_cost_max_flow,80,9,80,4,28,1
move,"['move', 6, 0, 2]",True,230,1.6297508357869444,0.0,2.271667392385618,0.6419165565986737,1.12338566891367,1.1567759372049062,min_cost_max_flow,11,6,11,0,45,2
move,"['move', 6, 4, 2]",True,230,1.920761553732679,0.0,2.271667392385618,0.35090583865293923,0.39620172339982673,0.9282097035428507,min_cost_max_flow,73,6,73,4,38,2
move,"['move', 6, 5, 2]",True,230,1.727613691819782,0.0,2.271667392385618,0.5440537005658361,0.8781424636404154,1.5474860646452162,min_cost_max_flow,97,6,97,5,40,2
move,"['move', 6, 5, 7]",True,230,1.7698114858605771,0.0,2.271667392385618,0.501855906525041,0.7736546787127736,0.8763526150811323,min_cost_max_flow,98,6,98,5,131,7
move,"['move', 9, 1, 4]",True,240,1.1025987151139127,0.0,1.5240826096609181,0.42148389454700547,0.7498193290052768,1.145363477714745,min_cost_max_flow,22,9,22,1,80,4
move,"['move', 9, 1, 5]",True,240,1.0618283161377884,0.0,1.5240826096609181,0.4622542935231297,0.8523187363948637,0.763090178197242,min_cost_max_flow,24,9,24,1,97,5
move,"['move', 9, 3, 0]",True,240,0.9498334075543999,0.0,1.5240826096609181,0.5742492021065182,1.1307388186141907,1.8078830042934868,min_cost_max_flow,58,9,58,3,11,0
move,"['move', 9, 6, 0]",True,240,1.0531471484774666,0.0,1.5240826096609181,0.4709354611834516,0.8733423374046652,1.2159689388660282,min_cost_max_flow,114,9,114,6,1,0
move,"['move', 6, 2, 4]",True,250,1.7501616966522882,0.0,2.1225951219237924,0.37243342527150414,0.44978423294651293,1.0858477033602372,min_cost_max_flow,38,6,38,2,73,4
move,"['move', 6, 2, 6]",True,250,1.4250179693663323,0.0,2.1225951219237924,0.6975771525574601,1.2615245688352843,1.8318359207724269,min_cost_max_flow,40,6,40,2,114,6
move,"['move', 6, 7, 4]",True,250,1.5359309045535128,0.0,2.1225951219237924,0.5866642173702796,0.9836625883913257,2.218264238110807,min_cost_max_flow,131,6,131,7,78,4
move,"['move', 6, 8, 0]",True,250,1.596027463272634,0.0,2.1225951219237924,0.5265676586511584,0.8348430611454205,1.2703512035122548,min_cost_max_flow,146,6,146,8,3,0
move,"['move', 6, 0, 8]",True,260,2.6516442647754017,0.0,3.1713356895368117,0.51969142476141,0.817713624865064,1.229585574169284,min_cost_max_flow,3,6,3,0,146,8
move,"['move', 6, 1, 8]",True,260,2.4789840657854403,0.0,3.1713356895368117,0.7450369797513713,1.3811089833293408,1.208604914586826,min_cost_max_flow,27,6,27,1,149,8
move,"['move', 6, 2, 7]",True,260,2.3045564039653046,0.0,3.1713356895368117,0.8667792855715071,1.684105678970809,2.114650853834328,min_cost_max_flow,45,6,45,2,131,7
move,"['move', 6, 3, 8]",True,260,2.515338824022243,0.0,3.1713356895368117,0.6878144801395684,1.2370026838489139,1.9086385485332904,min_cost_max_flow,55,6,55,3,150,8
move,"['move', 9, 0, 2]",True,270,2.2605638345140053,0.0,2.878510020704362,0.6179461861903569,1.240972375067031,1.1471521754644232,min_cost_max_flow,1,9,1,0,45,2
move,"['move', 9, 0, 3]",True,270,2.309463921221671,0.0,2.878510020704362,0.569046099482691,1.117746673935926,1.7974750834244593,min_cost_max_flow,11,9,11,0,58,3
move,"['move', 9, 1, 3]",True,270,2.3263594964875116,0.0,2.878510020704362,0.5521505242168506,1.0762574054870129,1.2976952729659859,min_cost_max_flow,28,9,28,1,60,3
move,"['move', 9, 4, 2]",True,270,2.5357417048452904,0.0,2.878510020704362,0.34276831585907197,0.5536620535617658,0.7242492934996028,min_cost_max_flow,80,9,80,4,40,2
move,"['move', 9, 2, 0]",True,280,1.4584403767771872,0.0,1.9894551868718207,0.5310148100946336,1.0229310166664618,1.6224309496383515,min_cost_max_flow,40,9,40,2,11,0
move,"['move', 9, 2, 4]",True,280,1.614502453517119,0.0,1.9894551868718207,0.37495273335470164,0.6346762510002009,0.35548016059230847,min_cost_max_flow,45,9,45,2,80,4
move,"['move', 9, 3, 1]",True,280,1.7262654950100735,0.0,1.9894551868718207,0.2631896918617471,0.3551888010451876,0.40871097567695414,min_cost_max_flow,58,9,58,3,24,1
move,"['move', 9, 3, 4]",True,280,1.6849865025241486,0.0,1.9894551868718207,0.3044686843476721,0.4578126438441359,0.7911365862530872,min_cost_max_flow,60,9,60,3,84,4
move,"['move', 24, 2, 1]",True,290,2.3253812217420373,0.0,2.5633575743681654,0.23797635262612796,0.17189870873062318,0.3293835737279528,min_cost_max_flow,41,24,41,2,22,1
move,"['move', 24, 2, 0]",True,290,2.232173000751864,0.0,2.5633575743681654,0.3311845736163016,0.40460145426823146,0.5412548656118812,min_cost_max_flow,52,24,52,2,1,0
move,"['move', 24, 3, 1]",True,290,2.1313585022954085,0.0,2.5633575743681654,0.431999072072757,0.6559084787400025,1.027402645190212,min_cost_max_flow,56,24,56,3,24,1
move,"['move', 24, 3, 0]",True,290,1.931099492077672,0.0,2.5633575743681654,0.6322580822904932,1.155806790929546,1.5268782150546534,min_cost_max_flow,63,24,63,3,3,0
move,"['move', 6, 6, 2]",True,300,0.7671968465568324,0.0,2.4973576035124436,1.7301607569556112,1.3444352245433038,0.8640727790118488,min_cost_max_flow,114,6,114,6,40,2
move,"['move', 6, 7, 2]",True,300,0.7780507754392278,0.0,2.4973576035124436,1.7193068280732158,1.3171424331540038,0.9693855678860832,min_cost_max_flow,131,6,131,7,41,2
move,"['move', 6, 8, 3]",True,300,0.553290293271385,0.0,2.4973576035124436,1.9440673102410586,1.8780517963391503,1.6306137241931717,min_cost_max_flow,146,6,146,8,63,3
move,"['move', 6, 8, 1]",True,300,0.5565941952674769,0.0,2.4973576035124436,1.9407634082449667,1.8690083570440947,2.1530699274104657,min_cost_max_flow,149,6,149,8,30,1
move,"['move', 6, 4, 7]",True,310,1.5723128534291986,0.0,2.052124168726122,0.47981131529692334,0.7178905847340502,1.311429887367339,min_cost_max_flow,73,6,73,4,131,7
move,"['move', 6, 4, 6]",True,310,1.6198404867416794,0.0,2.052124168726122,0.4322836819844428,0.6000985959085483,0.6267002502344264,min_cost_max_flow,78,6,78,4,114,6
move,"['move', 6, 8, 7]",True,310,1.606517758235741,0.0,2.052124168726122,0.44560641049038097,0.6326870369534845,1.105620396840532,min_cost_max_flow,150,6,150,8,136,7
move,"['move', 6, 9, 7]",True,310,1.2118567162479281,0.0,2.052124168726122,0.840267452478194,1.6181319582469769,1.9107428475339667,min_cost_max_flow,165,6,165,9,137,7
add,"['add', 12, None, 3]",True,320,2.058125201630203,0.0,2.3274091847201475,0.2692839830899444,0.20620050409752366,0.5574405263813195,min_cost_max_flow,37,12,,,55,3
add,"['add', 1, None, 1]",True,320,1.6395490815804004,0.0,2.0250385291277295,0.38548944754732906,0.6703344554762225,0.506133525513483,min_cost_max_flow,49,1,,,27,1
add,"['add', 1, None, 9]",True,320,1.7790697936267585,0.0,2.0250385291277295,0.24596873550097098,0.3218205546418176,0.3142140045199881,min_cost_max_flow,145,1,,,165,9
add,"['add', 1, None, 0]",True,320,1.720710464329676,0.0,2.0250385291277295,0.30432806479805363,0.4675584024030286,0.42119765885037974,min_cost_max_flow,27,1,,,9,0
move,"['move', 9, 0, 6]",True,330,1.442815624441592,0.0,1.9009870383840197,0.4581714139424278,0.8410869544186426,1.4461455278414057,min_cost_max_flow,11,9,11,0,115,6
move,"['move', 9, 4, 3]",True,330,1.517588453734787,0.0,1.9009870383840197,0.38339858464923265,0.6552037471847143,0.7469015284684797,min_cost_max_flow,80,9,80,4,56,3
move,"['move', 9, 4, 6]",True,330,1.626059446470896,0.0,1.9009870383840197,0.2749275919131239,0.38461747860310425,0.3527593560271294,min_cost_max_flow,84,9,84,4,118,6
move,"['move', 9, 5, 2]",True,330,1.3828862170142382,0.0,1.9009870383840197,0.5181008213697815,0.9919288997980402,0.7671943204992442,min_cost_max_flow,97,9,97,5,42,2
move,"['move', 6, 2, 8]",True,340,0.5572848199510008,0.0,2.130870871316248,1.573586051365247,0.9530469629185063,0.8317378782698502,min_cost_max_flow,40,6,40,2,146,8
move,"['move', 6, 6, 4]",True,340,0.5337658885071281,0.0,2.130870871316248,1.5971049828091197,1.0119489517437614,0.7619644012209715,min_cost_max_flow,114,6,114,6,80,4
move,"['move', 6, 7, 8]",True,340,0.45034875844822553,0.0,2.130870871316248,1.6805221128680223,1.2199151215204438,1.1464013149369212,min_cost_max_flow,131,6,131,7,149,8
move,"['move', 6, 9, 4]",True,340,0.29170756302979917,0.0,2.130870871316248,1.8391633082864487,1.6149716884779082,2.1773490406713094,min_cost_max_flow,167,6,167,9,73,4
add,"['add', 28, None, 2]",True,350,1.693319922117409,0.0,2.019601241718034,0.3262813196006249,0.43311455469347493,0.9508961372151947,min_cost_max_flow,36,28,,,40,2
add,"['add', 28, None, 0]",True,350,1.5712948463550633,0.0,2.019601241718034,0.44830639536297034,0.7379388704657686,1.1098118929285892,min_cost_max_flow,36,28,,,11,0
add,"['add', 28, None, 3]",True,350,1.709296518176921,0.0,2.019601241718034,0.31030472354111266,0.39403943304614586,0.37331713624754104,min_cost_max_flow,40,28,,,58,3
move,"['move', 6, 2, 5]",True,350,1.1250060417780825,0.0,1.8266374102914265,0.701631368513344,1.2719816244421054,1.6174921093649022,min_cost_max_flow,41,6,41,2,97,5
move,"['move', 6, 5, 0]",True,360,2.4077910194296255,0.0,3.0207720104208837,0.6129809909912582,1.0499766371740407,1.8701877512652532,min_cost_max_flow,97,6,97,5,11,0
move,"['move', 6, 7, 6]",True,360,2.556970746876265,0.0,3.0207720104208837,0.4638012635446187,0.6784489874435167,0.9224084938821423,min_cost_max_flow,136,6,136,7,114,6
move,"['move', 6, 8, 2]",True,360,2.4733415750485386,0.0,3.0207720104208837,0.547430435372345,0.8867671400007566,1.4255931685993446,min_cost_max_flow,146,6,146,8,41,2
move,"['move', 6, 8, 6]",True,360,2.3536568007258936,0.0,3.0207720104208837,0.6671152096949899,1.1856096517003607,1.67187590660465,min_cost_max_flow,149,6,149,8,120,6
move,"['move', 6, 0, 5]",True,370,1.6351851770239463,0.0,2.1988583274165334,0.5636731503925871,0.927074574692142,1.625161741412367,min_cost_max_flow,11,6,11,0,97,5
move,"['move', 6, 4, 8]",True,370,1.8281788958354948,0.0,2.1988583274165334,0.3706794315810386,0.44616721193278863,0.5738722284005704,min_cost_max_flow,73,6,73,4,146,8
move,"['move', 6, 6, 8]",True,370,1.735393230190485,0.0,2.1988583274165334,0.46346509722604845,0.67805414348868,0.6253605994894189,min_cost_max_flow,114,6,114,6,149,8
move,"['move', 6, 9, 8]",True,370,1.8844929218259345,0.0,2.1988583274165334,0.3143654055905989,0.3052867752267048,0.6374533817236347,min_cost_max_flow,168,6,168,9,150,8
add,"['add', 16, None, 1]",True,380,2.7236594896940485,0.0,3.1213185208794862,0.3976590311854376,0.6763020308367231,0.9053705038055425,min_cost_max_flow,151,16,,,31,1
add,"['add', 16, None, 2]",True,380,2.647177810108366,0.0,3.1213185208794862,0.4741407107711204,0.8680420437613066,0.5481611968879074,min_cost_max_flow,31,16,,,45,2
add,"['add', 16, None, 4]",True,380,2.8073652111957403,0.0,3.1213185208794862,0.31395330968374596,0.46760983416015733,0.5239657853633473,min_cost_max_flow,58,16,,,73,4
move,"['move', 24, 0, 3]",True,380,2.1898970207323973,0.0,2.7128661700441397,0.5229691493117425,0.8826618636089734,1.4752747975187286,min_cost_max_flow,1,24,1,0,60,3
move,"['move', 6, 8, 9]",True,390,0.30621370808740567,0.0,2.049995530399531,1.7675351101871253,1.438049538291125,0.7451189996543374,min_cost_max_flow,149,6,149,8,163,9
move,"['move', 6, 2, 1]",True,390,0.22399010160834232,0.0,2.049995530399531,1.8260054287911887,1.5828907500554124,1.6348421635686825,min_cost_max_flow,41,6,41,2,32,1
move,"['move', 6, 6, 1]",True,390,0.137806175922901,0.0,2.049995530399531,1.91218935447663,1.798489367766706,1.5423064984414598,min_cost_max_flow,120,6,120,6,33,1
move,"['move', 6, 4, 1]",True,390,0.10569449642611639,0.0,2.049995530399531,1.9443010339734146,1.8783758094018594,1.804144569646858,min_cost_max_flow,80,6,80,4,34,1
move,"['move', 18, 0, 4]",True,400,0.7235394074270028,0.0,1.673926137513027,0.9503867300860241,1.8664345651141048,2.6595604914588007,min_cost_max_flow,4,18,4,0,80,4
move,"['move', 18, 0, 1]",True,400,1.1248419629891786,0.0,1.673926137513027,0.5490841745238483,0.8648347446223852,1.5551815489788463,min_cost_max_flow,6,18,6,0,36,1
move,"['move', 18, 0, 3]",True,400,0.9500701504573604,0.0,1.673926137513027,0.7238559870556666,1.3014326232610074,1.7762833429278286,min_cost_max_flow,7,18,7,0,61,3
move,"['move', 18, 5, 4]",True,400,1.161041619325745,0.0,1.673926137513027,0.5128845181872821,0.7751675897720816,1.0005242215711572,min_cost_max_flow,104,18,104,5,83,4
move,"['move', 9, 2, 5]",True,410,2.117508450044705,0.0,2.575130477193239,0.5180711561485342,0.9916154922552778,0.9266906469286125,min_cost_max_flow,42,9,42,2,98,5
move,"['move', 9, 3, 5]",True,410,2.1025713259668004,0.0,2.575130477193239,0.47255915122643855,0.8776620491912581,1.042311152782308,min_cost_max_flow,56,9,56,3,99,5
move,"['move', 9, 6, 4]",True,410,2.2996608384154835,0.0,2.575130477193239,0.27546963877775515,0.3855671520841497,0.6230551430489685,min_cost_max_flow,115,9,115,6,80,4
move,"['move', 9, 6, 5]",True,410,2.3136133177281426,0.0,2.575130477193239,0.26151715946509607,0.3512021728979562,0.27890907941283116,min_cost_max_flow,118,9,118,6,103,5
move,"['move', 6, 5, 6]",True,420,1.5713280241180008,0.0,1.89861512718001,0.3272871030620093,0.3375993035315332,0.6319302975220078,min_cost_max_flow,97,6,97,5,114,6
move,"['move', 6, 9, 0]",True,420,1.6095616397273471,0.0,1.89861512718001,0.28905348745266285,0.24254131394445722,0.28123067332856344,min_cost_max_flow,163,6,163,9,1,0
move,"['move', 6, 7, 6]",True,420,1.1624052781740473,0.0,1.89861512718001,0.7362098490059628,1.3594164992464357,0.95837639417605,min_cost_max_flow,137,6,137,7,115,6
move,"['move', 6, 8, 2]",True,420,1.3670335978056802,0.0,1.89861512718001,0.57334882449933,0.9508316660439959,1.9132243514146832,min_cost_max_flow,150,6,150,8,38,2
move,"['move', 6, 6, 7]",True,430,1.1642578962502481,0.0,1.5271907784207395,0.4045224575454912,0.5305247484520805,0.740557822960346,min_cost_max_flow,114,6,114,6,131,7
move,"['move', 6, 8, 4]",True,430,0.8575886340016068,0.0,1.5271907784207395,0.6696021444191327,1.1915901878810473,1.829742993051454,min_cost_max_flow,146,6,146,8,78,4
move,"['move', 6, 0, 9]",True,430,1.2449074464476533,0.0,1.5271907784207395,0.2822833319730862,0.22567130300740246,0.244312165404015,min_cost_max_flow,1,6,1,0,163,9
move,"['move', 6, 2, 7]",True,430,0.7154170116496515,0.0,1.5271907784207395,0.8117737667710879,1.5459098301380436,2.5693520749793355,min_cost_max_flow,38,6,38,2,135,7
move,"['move', 6, 9, 2]",True,440,1.0531947640119328,0.0,1.5246168111304086,0.4714220471184758,0.6971838275185291,1.1338210669689162,min_cost_max_flow,163,6,163,9,38,2
move,"['move', 6, 3, 8]",True,440,0.8165376652386681,0.0,1.5246168111304086,0.7080791458917405,1.2876605423462024,1.9111758039610411,min_cost_max_flow,63,6,63,3,146,8
move,"['move', 6, 1, 8]",True,440,0.706488506664938,0.0,1.5246168111304086,0.8544813122988039,1.6520319153614764,3.0005378055507084,min_cost_max_flow,30,6,30,1,155,8
move,"['move', 6, 4, 2]",True,440,1.102823105312861,0.0,1.5246168111304086,0.4217937058175475,0.5730835102540368,1.1534637417499396,min_cost_max_flow,78,6,78,4,41,2
move,"['move', 18, 0, 2]",True,450,1.1984508631922912,0.0,1.82261695190262,0.6241660887103289,1.0542002207266705,0.4480544569229227,min_cost_max_flow,8,18,8,0,45,2
move,"['move', 18, 1, 2]",True,450,1.0230887130984225,0.0,1.82261695190262,0.7995282388041975,1.4909254455960763,1.5681547004335665,min_cost_max_flow,36,18,36,1,46,2
move,"['move', 18, 3, 2]",True,450,1.4228349795511288,0.0,1.82261695190262,0.3997819723514912,0.4925972221981283,0.8765262112217944,min_cost_max_flow,61,18,61,3,48,2
move,"['move', 18, 4, 2]",True,450,1.2727247750482584,0.0,1.82261695190262,0.5498921768543616,0.8669203588742675,1.5114425985796145,min_cost_max_flow,80,18,80,4,51,2
move,"['move', 24, 0, 1]",True,460,2.115471289251137,0.0,2.712104674812158,0.6685951236860206,1.247021036579099,1.2791167745651648,min_cost_max_flow,3,24,3,0,28,1
move,"['move', 24, 1, 3]",True,460,2.324783744513356,0.0,2.712104674812158,0.44246482192380165,0.6824705420985993,0.7622768245334153,min_cost_max_flow,24,24,24,1,63,3
move,"['move', 24, 3, 2]",True,460,2.222576346690059,0.0,2.712104674812158,0.5437038199970987,0.9344450906546626,1.510907909319477,min_cost_max_flow,60,24,60,3,52,2
move,"['move', 24, 4, 2]",True,460,2.199229724742877,0.0,2.712104674812158,0.5128749500692809,0.8571303419521428,1.6726238313030197,min_cost_max_flow,76,24,76,4,53,2
move,"['move', 6, 2, 3]",True,470,2.0819537438113227,0.0,2.348502034392482,0.26654829058115925,0.1861115041483572,0.3924424182226899,min_cost_max_flow,38,6,38,2,56,3
move,"['move', 6, 2, 9]",True,470,1.6253733702220499,0.0,2.348502034392482,0.7231286641704322,1.3248967248109693,2.1695846252692315,min_cost_max_flow,41,6,41,2,163,9
move,"['move', 6, 1, 0]",True,470,1.8660788858116168,0.0,2.348502034392482,0.4824231485808651,0.7249355401363573,0.9678484257322146,min_cost_max_flow,32,6,32,1,1,0
move,"['move', 6, 1, 9]",True,470,1.5805367400557389,0.0,2.348502034392482,0.7679652943367431,1.4362557908425515,2.65792421473268,min_cost_max_flow,33,6,33,1,167,9
move,"['move', 6, 8, 5]",True,480,2.2917757534016223,0.0,2.872721640884624,0.5809458874830017,0.9706095372339405,1.3897485309044553,min_cost_max_flow,146,6,146,8,97,5
move,"['move', 6, 9, 5]",True,480,2.1860323995688797,0.0,2.872721640884624,0.6866892413157443,1.2343061834362743,1.8309074505862621,min_cost_max_flow,163,6,163,9,104,5
move,"['move', 6, 1, 5]",True,480,2.272970244805707,0.0,2.872721640884624,0.5997513960789168,1.017912383631483,1.1970319257346147,min_cost_max_flow,34,6,34,1,105,5
move,"['move', 6, 6, 5]",True,480,2.2815019207075347,0.0,2.872721640884624,0.5912197201770892,0.9959992732447063,1.5863123472064853,min_cost_max_flow,115,6,115,6,106,5
add,"['add', 28, None, 8]",True,490,1.610956804289256,0.0,1.924398452101488,0.3134416478122321,0.4013237422623206,0.7453181106634861,min_cost_max_flow,130,28,,,146,8
move,"['move', 24, 1, 0]",True,490,1.5445739817332904,0.0,1.8902029059193468,0.3456289241860564,0.4407411192314612,0.5220625063833012,min_cost_max_flow,22,24,22,1,4,0
move,"['move', 24, 1, 4]",True,490,1.1272508786521755,0.0,1.8902029059193468,0.7629520272671712,1.4829665151764857,1.2436370115583761,min_cost_max_flow,28,24,28,1,76,4
move,"['move', 24, 2, 4]",True,490,1.2620698416489513,0.0,1.8902029059193468,0.6281330642703955,1.1453078831864332,1.6511200103005057,min_cost_max_flow,52,24,52,2,78,4
move,"['move', 18, 2, 1]",True,500,1.482445266734484,0.0,2.271685924596966,0.7892406578624819,1.4659072342874424,1.1009940033300434,min_cost_max_flow,45,18,45,2,22,1
move,"['move', 18, 2, 3]",True,500,1.6202037015057669,0.0,2.271685924596966,0.6514822230911989,1.121725627239357,0.9580074165819215,min_cost_max_flow,46,18,46,2,61,3
move,"['move', 18, 4, 1]",True,500,1.4353194419238169,0.0,2.271685924596966,0.836366482673149,1.582137048830191,2.157492325942737,min_cost_max_flow,83,18,83,4,28,1
move,"['move', 18, 6, 1]",True,500,1.3617086861363328,0.0,2.271685924596966,0.909977238460633,1.7650998001627158,2.866917750066115,min_cost_max_flow,109,18,109,6,32,1
move,"['move', 9, 4, 0]",True,510,2.6474281478445785,0.0,2.9587871684422384,0.31135902059765985,0.47546989882175694,0.5035270178186064,min_cost_max_flow,80,9,80,4,6,0
move,"['move', 9, 5, 0]",True,510,2.6566000592705272,0.0,2.9587871684422384,0.30218710917171143,0.4525883732476359,0.4713583573186254,min_cost_max_flow,98,9,98,5,7,0
move,"['move', 9, 5, 6]",True,510,2.543566433329868,0.0,2.9587871684422384,0.41522073511237034,0.7346911950380672,0.7921870647959337,min_cost_max_flow,99,9,99,5,109,6
move,"['move', 9, 5, 3]",True,510,2.570644274322831,0.0,2.9587871684422384,0.3881428941194077,0.6665247247156003,1.106765624836183,min_cost_max_flow,103,9,103,5,62,3
move,"['move', 9, 0, 4]",True,520,1.7650522144192429,0.0,2.124001022879809,0.3589488084605661,0.5940843392108945,0.7435465299039297,min_cost_max_flow,6,9,6,0,80,4
move,"['move', 9, 0, 5]",True,520,1.76356215835522,0.0,2.124001022879809,0.360438864524589,0.597862696444281,0.7080684810178228,min_cost_max_flow,7,9,7,0,98,5
move,"['move', 9, 6, 2]",True,520,1.7340159650717935,0.0,2.124001022879809,0.38998505780801557,0.6710499915525361,1.1601938812254038,min_cost_max_flow,109,9,109,6,38,2
move,"['move', 9, 7, 4]",True,520,1.6910644778974895,0.0,2.124001022879809,0.43293654498231954,0.7784483614395867,1.147092580364934,min_cost_max_flow,143,9,143,7,83,4
move,"['move', 26, 0, 6]",True,530,1.3423373624717527,0.0,1.9111803999772268,0.568843037505474,1.1499276225995345,1.3299149966373982,min_cost_max_flow,12,26,12,0,109,6
move,"['move', 26, 1, 6]",True,530,1.404964086712972,0.0,1.9111803999772268,0.5062163132642549,0.9944636857244404,0.5946658446681955,min_cost_max_flow,26,26,26,1,114,6
move,"['move', 26, 1, 9]",True,530,1.539336579421295,0.0,1.9111803999772268,0.3718438205559317,0.6581729476356486,0.8343367233240201,min_cost_max_flow,29,26,29,1,163,9
move,"['move', 26, 1, 7]",True,530,1.5570941527509472,0.0,1.9111803999772268,0.35408624722627957,0.6142406905246389,0.5265525812436187,min_cost_max_flow,33,26,33,1,143,7
move,"['move', 6, 9, 1]",True,540,0.7263894352398276,0.0,1.5364380020042483,0.8100485667644207,1.5412089035035024,2.8279698202280685,min_cost_max_flow,167,6,167,9,33,1
move,"['move', 6, 8, 6]",True,540,0.8685686712726691,0.0,1.5364380020042483,0.6678693307315792,1.1874030859535196,1.733121465480873,min_cost_max_flow,155,6,155,8,115,6
move,"['move', 6, 5, 4]",True,540,1.1467979298587472,0.0,1.5364380020042483,0.389640072145501,0.49355263252982695,0.5846594378123455,min_cost_max_flow,97,6,97,5,80,4
move,"['move', 6, 3, 1]",True,540,0.9840163205796015,0.0,1.5364380020042483,0.5524216814246468,0.8988367119409304,1.697955295652863,min_cost_max_flow,56,6,56,3,24,1
move,"['move', 24, 0, 8]",True,550,2.1930684719521834,0.0,2.5636195175007153,0.370551045548532,0.5030387401202461,0.5271841846527332,min_cost_max_flow,4,24,4,0,149,8
move,"['move', 24, 2, 8]",True,550,1.8589405559395433,0.0,2.5636195175007153,0.704678961561172,1.3361315133979588,2.011862020577773,min_cost_max_flow,53,24,53,2,150,8
move,"['move', 24, 3, 8]",True,550,1.8344402119151741,0.0,2.5636195175007153,0.729179305585541,1.39655214834238,2.5653454315785043,min_cost_max_flow,63,24,63,3,155,8
move,"['move', 24, 4, 1]",True,550,1.9536914349998842,0.0,2.5636195175007153,0.6099280825008312,1.100069711098513,1.4682651196401273,min_cost_max_flow,76,24,76,4,26,1
move,"['move', 6, 5, 3]",True,560,1.8023055668682706,0.0,2.2788096844620136,0.4765041175937431,0.7089947193953776,1.7300106078488056,min_cost_max_flow,104,6,104,5,63,3
move,"['move', 6, 4, 3]",True,560,1.6639809841594548,0.0,2.2788096844620136,0.6148287003025588,1.0550200890111228,1.5874020453781044,min_cost_max_flow,80,6,80,4,56,3
move,"['move', 6, 5, 2]",True,560,1.4410747706480564,0.0,2.2788096844620136,0.8377349138139571,1.6105902910858276,2.7176231812387335,min_cost_max_flow,105,6,105,5,41,2
move,"['move', 6, 0, 2]",True,560,1.5408124368189962,0.0,2.2788096844620136,0.7379972476430174,1.362709911476486,1.7417659692336789,min_cost_max_flow,1,6,1,0,42,2
move,"['move', 6, 2, 4]",True,570,1.761422365263971,0.0,2.1176840895136935,0.3562617242497225,0.40980775576099404,0.7839974574034714,min_cost_max_flow,41,6,41,2,76,4
move,"['move', 6, 6, 0]",True,570,1.273798076075869,0.0,2.1176840895136935,0.8438860134378244,1.6265510718994847,2.328935345246194,min_cost_max_flow,115,6,115,6,1,0
move,"['move', 6, 7, 4]",True,570,1.517051908061273,0.0,2.1176840895136935,0.6006321814524205,1.0197632420431546,1.4311019404596574,min_cost_max_flow,131,6,131,7,80,4
move,"['move', 6, 3, 4]",True,570,1.33013629795143,0.0,2.1176840895136935,0.7875477915622635,1.486178306583497,2.0137424299697644,min_cost_max_flow,56,6,56,3,84,4
move,"['move', 6, 5, 8]",True,580,1.4419482385838558,0.0,1.9772441928084512,0.5352959542245954,0.8567020690788922,1.244838536926046,min_cost_max_flow,106,6,106,5,156,8
move,"['move', 6, 0, 8]",True,580,1.385386194478464,0.0,1.9772441928084512,0.5918579983299873,0.9983001695227358,1.1161784166835116,min_cost_max_flow,1,6,1,0,157,8
move,"['move', 6, 4, 8]",True,580,1.1970546310677572,0.0,1.9772441928084512,0.780189561740694,1.4674375433896785,2.2438681898995783,min_cost_max_flow,76,6,76,4,158,8
move,"['move', 6, 4, 6]",True,580,1.6529238625722622,0.0,1.9772441928084512,0.324320330236189,0.3304104799954075,0.4798579452386308,min_cost_max_flow,80,6,80,4,115,6
move,"['move', 24, 4, 0]",True,590,1.227185934941916,0.0,1.8201072351844654,0.5929213002425493,1.0566186036576255,2.0910329830952694,min_cost_max_flow,78,24,78,4,1,0
move,"['move', 24, 5, 0]",True,590,1.1944226787205117,0.0,1.8201072351844654,0.6256845564639536,1.1388911447857026,1.848099266717671,min_cost_max_flow,91,24,91,5,3,0
move,"['move', 24, 6, 0]",True,590,1.398538497324824,0.0,1.8201072351844654,0.42156873785964133,0.6300551295216792,0.8790784355461071,min_cost_max_flow,112,24,112,6,4,0
move,"['move', 24, 7, 0]",True,590,1.1352328920937813,0.0,1.8201072351844654,0.684874343090684,1.2877139997444829,1.2825070054148813,min_cost_max_flow,132,24,132,7,6,0
move,"['move', 24, 0, 7]",True,600,2.378124169882462,0.0,2.9385402018152624,0.5604160319328004,0.9762316937303694,1.506859085017929,min_cost_max_flow,1,24,1,0,131,7
move,"['move', 24, 0, 5]",True,600,2.3453774542479713,0.0,2.9385402018152624,0.5931627475672911,1.0578928489230748,1.643948347365506,min_cost_max_flow,3,24,3,0,91,5
move,"['move', 24, 1, 7]",True,600,2.1502644325673526,0.0,2.9385402018152624,0.7882757692479097,1.5448591645290435,2.1881074110839753,min_cost_max_flow,26,24,26,1,132,7
move,"['move', 24, 8, 7]",True,600,2.593950015522989,0.0,2.9385402018152624,0.34983028791727355,0.45118059045307746,0.5646879106677303,min_cost_max_flow,155,24,155,8,136,7
move,"['move', 6, 8, 5]",True,616,2.0472427607997212,0.0,2.7212377621772554,0.6739950013775343,1.2028355580378047,1.654257819215975,min_cost_max_flow,156,6,156,8,97,5
move,"['move', 6, 4, 5]",True,616,2.260872388326538,0.0,2.7212377621772554,0.4603653738507175,0.6696023237245754,1.0937014833408436,min_cost_max_flow,84,6,84,4,99,5
move,"['move', 6, 7, 5]",True,616,2.0172668940454384,0.0,2.7212377621772554,0.7085814887984834,1.2897951076583922,1.3253704404061757,min_cost_max_flow,135,6,135,7,103,5
move,"['move', 6, 8, 0]",True,616,1.922790921902549,0.0,2.7212377621772554,0.7984468402747065,1.5127727540439082,2.449191977100481,min_cost_max_flow,157,6,157,8,1,0
move,"['move', 24, 0, 4]",True,626,1.5008977654542188,0.0,1.8888220570204548,0.3879242915662361,0.5459255844380095,0.8913646689839426,min_cost_max_flow,4,24,4,0,76,4
move,"['move', 24, 5, 1]",True,626,1.194677692471699,0.0,1.8888220570204548,0.6941443645487557,1.3104854314287877,1.5515883126644934,min_cost_max_flow,91,24,91,5,26,1
move,"['move', 24, 7, 1]",True,626,1.1787657222374053,0.0,1.8888220570204548,0.7100563347830496,1.3494790725817438,2.0757779345170357,min_cost_max_flow,131,24,131,7,29,1
move,"['move', 24, 7, 3]",True,626,1.2533096099703882,0.0,1.8888220570204548,0.6355124470500667,1.16430762336131,1.2835978598345759,min_cost_max_flow,132,24,132,7,56,3
move,"['move', 9, 1, 7]",True,636,1.1613613047890934,0.0,1.6010572976791109,0.43969599289001754,0.795702857485594,0.909841729190105,min_cost_max_flow,24,9,24,1,131,7
move,"['move', 9, 2, 7]",True,636,1.212114165855141,0.0,1.6010572976791109,0.4897930116989697,0.9210184672610922,0.8611332271115988,min_cost_max_flow,38,9,38,2,132,7
move,"['move', 9, 3, 7]",True,636,1.1579409743492137,0.0,1.6010572976791109,0.4560128357048971,0.8366990575614182,0.773779703439895,min_cost_max_flow,62,9,62,3,137,7
move,"['move', 9, 4, 7]",True,636,1.4294433766600638,0.0,1.6010572976791109,0.257670767894047,0.34153322769179795,0.31421993176993984,min_cost_max_flow,83,9,83,4,138,7
move,"['move', 18, 1, 4]",True,646,1.0172173735830667,0.0,1.6770821852767432,0.7329149823186766,1.3239382144611227,1.8708813145342975,min_cost_max_flow,28,18,28,1,78,4
move,"['move', 18, 1, 6]",True,646,1.162056047093356,0.0,1.6770821852767432,0.515026138183387,0.7805252678535908,0.9981054940731832,min_cost_max_flow,22,18,22,1,112,6
move,"['move', 18, 2, 4]",True,646,1.1666298999327633,0.0,1.6770821852767432,0.5104522853439799,0.7691162508126581,0.9810287890164068,min_cost_max_flow,48,18,48,2,80,4
move,"['move', 18, 2, 6]",True,646,1.0170701905809447,0.0,1.6770821852767432,0.6600119946957985,1.1424268261116595,1.3734941760464041,min_cost_max_flow,51,18,51,2,118,6
move,"['move', 18, 1, 5]",True,656,1.4498250478530044,0.0,2.280340765228974,0.8305157173759697,1.5670738110575257,2.448375345754236,min_cost_max_flow,32,18,32,1,91,5
move,"['move', 18, 3, 5]",True,656,1.6176403319688941,0.0,2.280340765228974,0.6627004332600801,1.1483839780421476,1.882790496190257,min_cost_max_flow,61,18,61,3,104,5
move,"['move', 18, 4, 5]",True,656,1.474399259176348,0.0,2.280340765228974,0.8059415060526263,1.5056465607767677,2.442856660687018,min_cost_max_flow,78,18,78,4,105,5
move,"['move', 18, 6, 0]",True,656,1.759929329259137,0.0,2.280340765228974,0.5204114359698372,0.7939475262182896,1.0254295616907405,min_cost_max_flow,112,18,112,6,3,0
move,"['move', 9, 5, 1]",True,666,0.30137380335890285,0.0,1.7539608567092908,1.452587053350388,0.8268336927039854,1.641052350880039,min_cost_max_flow,98,9,98,5,22,1
move,"['move', 9, 7, 1]",True,666,0.257336339012147,0.0,1.7539608567092908,1.5230887726971438,1.0037040761590106,1.2303289587895887,min_cost_max_flow,132,9,132,7,24,1
move,"['move', 9, 7, 0]",True,666,0.41542655568913966,0.0,1.7539608567092908,1.3385343010201511,0.5433522523526335,0.5407587013863877,min_cost_max_flow,131,9,131,7,4,0
move,"['move', 9, 7, 3]",True,666,0.2770861402708251,0.0,1.7539608567092908,1.4768747164384657,0.8881424785804484,1.247966913367375,min_cost_max_flow,137,9,137,7,60,3
add,"['add', 16, None, 0]",True,676,2.266965987450469,0.0,2.5200504105931043,0.25308442314263524,0.31511718444380676,0.7375880277458312,min_cost_max_flow,151,16,,,7,0
add,"['add', 16, None, 7]",True,676,2.29221720243166,0.0,2.5200504105931043,0.22783320816144437,0.25248193879997416,0.40906015498276216,min_cost_max_flow,110,16,,,131,7
move,"['move', 6, 0, 7]",True,676,1.4437519449017189,0.0,2.3576389432943814,0.9138869983926624,1.801674793951861,2.2480955683919834,min_cost_max_flow,1,6,1,0,135,7
move,"['move', 6, 5, 7]",True,676,1.889031859183579,0.0,2.3576389432943814,0.4686070841108022,0.6903974670713069,0.9664563523277866,min_cost_max_flow,97,6,97,5,137,7
move,"['move', 6, 6, 9]",True,686,1.0801368276261316,0.0,1.599966338959648,0.5729346818335164,0.9499509071965804,1.8101591400023382,min_cost_max_flow,115,6,115,6,167,9
move,"['move', 6, 5, 9]",True,686,0.9214486481122716,0.0,1.599966338959648,0.6785176908473763,1.214376463401095,1.4981366934259013,min_cost_max_flow,99,6,99,5,168,9
move,"['move', 6, 1, 4]",True,686,0.9730118101934593,0.0,1.599966338959648,0.6269545287661886,1.0861314349549502,1.0562188555427812,min_cost_max_flow,24,6,24,1,78,4
move,"['move', 6, 3, 9]",True,686,0.9546539404134166,0.0,1.599966338959648,0.6453123985462313,1.1306681002361074,1.9615583015091933,min_cost_max_flow,63,6,63,3,170,9
move,"['move', 18, 4, 3]",True,696,1.640664358467583,0.0,1.9810811904172412,0.34041683194965805,0.34463470378977945,0.5763044803990001,min_cost_max_flow,80,18,80,4,63,3
move,"['move', 18, 5, 1]",True,696,1.2904796280400566,0.0,1.9810811904172412,0.6906015623771846,1.2186409716814524,1.5466765984946105,min_cost_max_flow,91,18,91,5,24,1
move,"['move', 18, 5, 3]",True,696,1.236656652473487,0.0,1.9810811904172412,0.7444245379437542,1.352697185580837,1.8808266098541855,min_cost_max_flow,104,18,104,5,61,3
move,"['move', 18, 5, 2]",True,696,1.0899056446093736,0.0,1.9810811904172412,0.8911755458078676,1.7184259685900543,2.646651043898346,min_cost_max_flow,105,18,105,5,41,2
move,"['move', 6, 9, 3]",True,706,0.915264614790749,0.0,1.6857331724048943,0.7704685576141452,1.4430376130439981,2.30881487610525,min_cost_max_flow,167,6,167,9,62,3
move,"['move', 6, 9, 6]",True,706,0.9279256220898751,0.0,1.6857331724048943,0.7578075503150192,1.412273457775882,1.716572889639407,min_cost_max_flow,168,6,168,9,112,6
move,"['move', 6, 9, 0]",True,706,0.9294309259620401,0.0,1.6857331724048943,0.7563022464428542,1.407765736978945,2.2128803006554727,min_cost_max_flow,170,6,170,9,1,0
move,"['move', 6, 5, 6]",True,706,1.0605230062353797,0.0,1.6857331724048943,0.6252101661695146,1.0812865966663594,1.3788400534801333,min_cost_max_flow,103,6,103,5,115,6
move,"['move', 6, 0, 1]",True,716,1.2552039181332966,0.0,1.8939220211458108,0.6387181030125142,1.1147989119599515,1.5505245960846141,min_cost_max_flow,1,6,1,0,28,1
move,"['move', 6, 7, 1]",True,716,1.0102525699684448,0.0,1.8939220211458108,0.8836694511773658,1.7275101094564889,1.3286398731456734,min_cost_max_flow,135,6,135,7,30,1
move,"['move', 6, 3, 5]",True,716,1.2822824699737576,0.0,1.8939220211458108,0.6116395511720532,1.047343037704195,1.3901876991538793,min_cost_max_flow,62,6,62,3,91,5
move,"['move', 6, 4, 9]",True,716,1.0598769745428256,0.0,1.8939220211458108,0.8690338661029854,1.6891056801332525,2.5389509646692083,min_cost_max_flow,78,6,78,4,167,9
move,"['move', 9, 3, 6]",True,726,1.7747025507401926,0.0,2.127674670958257,0.3529721202180641,0.5790671068943993,0.7938876700641632,min_cost_max_flow,60,9,60,3,119,6
move,"['move', 9, 4, 5]",True,726,1.9024435596346978,0.0,2.127674670958257,0.22523111132355894,0.2604559576666361,0.2996389977310317,min_cost_max_flow,80,9,80,4,97,5
move,"['move', 9, 7, 5]",True,726,1.740807865617036,0.0,2.127674670958257,0.38686680534122087,0.6639427861091463,0.7012433988274858,min_cost_max_flow,138,9,138,7,98,5
move,"['move', 9, 8, 5]",True,726,1.6814561675835327,0.0,2.127674670958257,0.44621850337472413,0.8121013758091067,0.8483469880259896,min_cost_max_flow,156,9,156,8,99,5
move,"['move', 9, 0, 7]",True,736,1.337040038286848,0.0,1.8185022682330807,0.48146222994623283,0.9001324877644947,0.9004833036150234,min_cost_max_flow,4,9,4,0,135,7
move,"['move', 9, 5, 4]",True,736,1.6026384827234244,0.0,1.8185022682330807,0.21586378550965643,0.2370800424932895,0.2713727567912978,min_cost_max_flow,97,9,97,5,80,4
move,"['move', 9, 5, 7]",True,736,1.4356095759669707,0.0,1.8185022682330807,0.38289269226610995,0.6540027375831414,0.7044206243124848,min_cost_max_flow,98,9,98,5,138,7
move,"['move', 9, 6, 3]",True,736,1.4814609911661565,0.0,1.8185022682330807,0.3370412770669242,0.5393596353551402,0.7141301110036951,min_cost_max_flow,119,9,119,6,60,3
move,"['move', 6, 6, 3]",True,746,1.7662662646082505,0.0,2.3445256539440456,0.6043181334607949,1.0290307597715582,1.3960101354813177,min_cost_max_flow,112,6,112,6,62,3
move,"['move', 6, 7, 3]",True,746,1.6970138250012803,0.0,2.3445256539440456,0.6475118289427652,1.1376848350546425,0.9494524167089347,min_cost_max_flow,137,6,137,7,63,3
move,"['move', 6, 1, 3]",True,746,1.9671685833381856,0.0,2.3445256539440456,0.42049621593919345,0.5696173601318151,1.3017473593076585,min_cost_max_flow,30,6,30,1,64,3
move,"['move', 6, 2, 0]",True,746,1.7605927284713707,0.0,2.3445256539440456,0.6987322145976748,1.2650645914472989,1.3969242464540133,min_cost_max_flow,42,6,42,2,1,0
move,"['move', 6, 3, 7]",True,756,2.157052579473123,0.0,3.01840756789582,0.8613549884226971,1.6715319403510875,1.456648018965428,min_cost_max_flow,62,6,62,3,137,7
move,"['move', 6, 1, 7]",True,756,2.074024520832614,0.0,3.01840756789582,0.9443830470632059,1.879016648027573,1.5136073021563434,min_cost_max_flow,28,6,28,1,139,7
move,"['move', 6, 8, 7]",True,756,2.5106059791964404,0.0,3.01840756789582,0.5078015886993796,0.7890760672717079,0.5048971996895154,min_cost_max_flow,158,6,158,8,140,7
move,"['move', 6, 1, 2]",True,756,2.6198247841851563,0.0,3.01840756789582,0.39858278371066375,0.5154573441523098,0.8860376314283199,min_cost_max_flow,33,6,33,1,38,2
move,"['move', 24, 0, 6]",True,766,0.8635693597081664,0.0,1.5171912849132625,0.6536219252050961,1.2075007592775364,2.6706375073993938,min_cost_max_flow,6,24,6,0,112,6
move,"['move', 24, 1, 5]",True,766,1.0868132428103567,0.0,1.5171912849132625,0.43037804210290576,0.6522589979031181,0.7586732533609617,min_cost_max_flow,26,24,26,1,97,5
move,"['move', 24, 1, 6]",True,766,0.9191377277366793,0.0,1.5171912849132625,0.5980535571765832,1.0693804506827291,2.136896523082649,min_cost_max_flow,29,24,29,1,119,6
move,"['move', 24, 3, 5]",True,766,0.879303353853746,0.0,1.5171912849132625,0.6378879310595165,1.1700696870138927,1.4013621071958835,min_cost_max_flow,56,24,56,3,98,5
move,"['move', 18, 0, 5]",True,776,0.7459784166019219,0.0,1.6083739197903064,0.9482566008133845,1.8604820106529587,3.0777146778234985,min_cost_max_flow,3,18,3,0,103,5
move,"['move', 18, 2, 5]",True,776,0.7647252405616151,0.0,1.6083739197903064,0.8436486792286914,1.6000653695136862,2.3422727961832583,min_cost_max_flow,41,18,41,2,104,5
move,"['move', 18, 3, 4]",True,776,1.240265365349166,0.0,1.6083739197903064,0.3681085544411405,0.4137177350830825,0.6738211040009984,min_cost_max_flow,61,18,61,3,78,4
move,"['move', 18, 3, 1]",True,776,1.0362789385405184,0.0,1.6083739197903064,0.5720949812497879,0.9225350635506402,1.4396468067081052,min_cost_max_flow,63,18,63,3,33,1
move,"['move', 6, 9, 8]",True,786,1.5448381630185235,0.0,2.2686136240444545,0.7237754610259312,1.3278858267440228,1.2548447623986867,min_cost_max_flow,167,6,167,9,156,8
move,"['move', 6, 5, 1]",True,786,1.5371309189636797,0.0,2.2686136240444545,0.7314827050807747,1.3466634540500309,1.5818333164658813,min_cost_max_flow,91,6,91,5,26,1
move,"['move', 6, 6, 8]",True,786,1.7997799120774034,0.0,2.2686136240444545,0.46883371196705115,0.6909272216798854,0.9909997070235453,min_cost_max_flow,115,6,115,6,155,8
move,"['move', 6, 0, 8]",True,786,1.6667907345715567,0.0,2.2686136240444545,0.601822889472898,1.023257178761014,1.0863241626824813,min_cost_max_flow,1,6,1,0,157,8
move,"['move', 6, 7, 0]",True,796,1.8656653276593271,0.0,2.7212344447163352,0.859450194057008,1.6658068927499698,2.0986891435617876,min_cost_max_flow,137,6,137,7,1,0
move,"['move', 6, 7, 9]",True,796,1.8980162763268371,0.0,2.7212344447163352,0.823218168389498,1.5740345406211418,2.89354778359735,min_cost_max_flow,139,6,139,7,167,9
move,"['move', 6, 3, 0]",True,796,2.133155938286153,0.0,2.7212344447163352,0.588078506430182,0.9883475850638206,1.452081556284782,min_cost_max_flow,63,6,63,3,4,0
move,"['move', 6, 8, 4]",True,796,2.111376792433547,0.0,2.7212344447163352,0.6098576522827883,1.0428843034887905,1.3928456939822031,min_cost_max_flow,155,6,155,8,80,4
move,"['move', 6, 9, 5]",True,806,2.0390796377719713,0.0,2.87609412359667,0.8370144858246984,1.608807734633956,2.7052808337218446,min_cost_max_flow,167,6,167,9,91,5
move,"['move', 6, 0, 6]",True,806,2.19132801508239,0.0,2.87609412359667,0.6847661085142799,1.2297845217726717,1.64012722388069,min_cost_max_flow,1,6,1,0,115,6
move,"['move', 6, 0, 5]",True,806,2.0814787339649596,0.0,2.87609412359667,0.7946153896317101,1.503866158488563,2.0011712756698565,min_cost_max_flow,4,6,4,0,105,5
move,"['move', 6, 2, 6]",True,806,2.2549881390606403,0.0,2.87609412359667,0.6211059845360298,1.0707502133300295,1.5627928885587878,min_cost_max_flow,38,6,38,2,121,6
move,"['move', 24, 4, 3]",True,816,1.6523877870770252,0.0,2.0418447113949054,0.3894569243178803,0.5499519187178521,0.7615297351625816,min_cost_max_flow,76,24,76,4,63,3
move,"['move', 24, 5, 3]",True,816,1.5396774315252055,0.0,2.0418447113949054,0.5021672798697,0.8311592750378622,1.140551441521929,min_cost_max_flow,97,24,97,5,56,3
move,"['move', 24, 6, 1]",True,816,1.1655922348524146,0.0,2.0418447113949054,0.8762524765424909,1.7660115121216222,1.381054507000101,min_cost_max_flow,112,24,112,6,28,1
move,"['move', 24, 6, 3]",True,816,1.588530679187337,0.0,2.0418447113949054,0.4533140322075684,0.7092587931201706,0.9854599497636244,min_cost_max_flow,119,24,119,6,61,3
add,"['add', 25, None, 1]",True,826,1.627622768270613,0.0,1.8435423814219978,0.21591961315138472,0.3009290464060541,0.509215729375717,min_cost_max_flow,50,25,,,29,1
add,"['add', 25, None, 0]",True,826,1.533289868286658,0.0,1.8435423814219978,0.3102525131353397,0.5366322499103262,0.5952466997859281,min_cost_max_flow,50,25,,,1,0
move,"['move', 24, 3, 4]",True,826,1.1659264574262078,0.0,1.5153485638066666,0.3494221063804587,0.44995751869646483,0.6997665203847002,min_cost_max_flow,56,24,56,3,76,4
move,"['move', 24, 5, 2]",True,826,0.9282100418382144,0.0,1.5153485638066666,0.5871385219684522,1.0425860693267168,1.8080920802057983,min_cost_max_flow,98,24,98,5,38,2
move,"['move', 9, 7, 2]",True,836,1.8193392932194175,0.0,2.432825540715634,0.6134862474962164,1.2295264544245583,1.3445347802120042,min_cost_max_flow,135,9,135,7,41,2
move,"['move', 9, 7, 6]",True,836,1.946352914482637,0.0,2.432825540715634,0.48647262623299686,0.9120342317128234,1.3166478160026902,min_cost_max_flow,138,9,138,7,112,6
move,"['move', 9, 8, 0]",True,836,1.896347587117859,0.0,2.432825540715634,0.5364779535977748,1.0376750438172166,0.8983186877039557,min_cost_max_flow,159,9,159,8,4,0
move,"['move', 9, 9, 0]",True,836,2.1064366911158356,0.0,2.432825540715634,0.3793458807247984,0.6454910837892385,0.46750391806193914,min_cost_max_flow,172,9,172,9,6,0
move,"['move', 6, 3, 2]",True,846,1.5038699305018715,0.0,2.0535279992816697,0.5496580687797982,0.8933375043616252,0.7580726071087046,min_cost_max_flow,64,6,64,3,42,2
move,"['move', 6, 4, 0]",True,846,1.2317360881910193,0.0,2.0535279992816697,0.8217919110906504,1.5708218313593534,2.658258460043478,min_cost_max_flow,80,6,80,4,3,0
move,"['move', 6, 1, 2]",True,846,1.3435632135740243,0.0,2.0535279992816697,0.7099647857076454,1.2944049594752869,0.557630744413026,min_cost_max_flow,26,6,26,1,45,2
move,"['move', 6, 7, 2]",True,846,1.2851341535479612,0.0,2.0535279992816697,0.7683938457337085,1.4370588718829822,2.836789182721325,min_cost_max_flow,140,6,140,7,46,2
move,"['move', 6, 0, 3]",True,856,1.8717348909297598,0.0,2.422334039586155,0.5505991486563954,0.8941631978141231,1.7760767664388695,min_cost_max_flow,3,6,3,0,56,3
move,"['move', 6, 2, 3]",True,856,1.9987371746487552,0.0,2.422334039586155,0.4235968649373997,0.5787102908270754,0.40754189281116127,min_cost_max_flow,42,6,42,2,62,3
move,"['move', 6, 5, 3]",True,856,1.7452263046014769,0.0,2.422334039586155,0.6771077349846781,1.2103655195878673,1.8221727977473876,min_cost_max_flow,91,6,91,5,63,3
move,"['move', 6, 2, 9]",True,856,1.554943401833911,0.0,2.422334039586155,0.867390637752244,1.6862724765960593,1.689039404895792,min_cost_max_flow,45,6,45,2,167,9
add,"['add', 29, None, 1]",True,866,1.5082348853169012,0.0,1.7375083192515994,0.22927343393469815,0.36392922030427144,0.5361237742128532,min_cost_max_flow,153,29,,,26,1
add,"['add', 29, None, 9]",True,866,1.4669898668767596,0.0,1.7375083192515994,0.27051845237483996,0.46718419356147933,0.4411723363105992,min_cost_max_flow,153,29,,,168,9
add,"['add', 29, None, 0]",True,866,1.493421283518562,0.0,1.7375083192515994,0.24408703573303742,0.4012313813145738,0.35735276457670156,min_cost_max_flow,168,29,,,3,0
move,"['move', 6, 6, 7]",True,866,1.0872190464058584,0.0,1.6715584462769852,0.5843393998711268,0.9798485573755897,0.8862557500135402,min_cost_max_flow,115,6,115,6,132,7
move,"['move', 6, 9, 1]",True,876,1.4925426977307232,0.0,2.273851681098715,0.7813089833679917,1.4707697473295411,1.888101608820678,min_cost_max_flow,167,6,167,9,30,1
move,"['move', 6, 5, 0]",True,876,1.4362033298504975,0.0,2.273851681098715,0.8376483512482173,1.6110879255847976,2.2415959056924994,min_cost_max_flow,105,6,105,5,8,0
move,"['move', 6, 6, 4]",True,876,1.7377025355164795,0.0,2.273851681098715,0.5361491455822354,0.858496336502867,1.4706458503429392,min_cost_max_flow,121,6,121,6,80,4
move,"['move', 6, 2, 4]",True,876,1.7798845636678835,0.0,2.273851681098715,0.4939671174308313,0.7532661665700289,1.3207122198949783,min_cost_max_flow,46,6,46,2,84,4
move,"['move', 18, 1, 3]",True,886,1.8391277040060054,0.0,2.5049815766179915,0.6658538726119861,1.1571017542373738,1.326671952549569,min_cost_max_flow,24,18,24,1,64,3
move,"['move', 18, 5, 0]",True,886,1.8665313836048076,0.0,2.5049815766179915,0.6384501930131838,1.087732730593416,1.899888383851021,min_cost_max_flow,103,18,103,5,11,0
move,"['move', 18, 6, 2]",True,886,1.4188053188554166,0.0,2.5049815766179915,1.0888473385959083,2.2135098129929247,2.043742755386188,min_cost_max_flow,118,18,118,6,42,2
move,"['move', 18, 7, 0]",True,886,1.6471818116561676,0.0,2.5049815766179915,0.8746183113368238,1.6766615510096017,2.8942053124603615,min_cost_max_flow,128,18,128,7,12,0
move,"['move', 21, 0, 7]",True,896,0.8848491869954838,0.0,1.5207997560263178,0.828047854530834,1.7529811388139933,1.3020683851933192,min_cost_max_flow,2,21,2,0,135,7
move,"['move', 21, 0, 8]",True,896,1.178196433612966,0.0,1.5207997560263178,0.34260332241335184,0.5402134348623804,0.7396508237984856,min_cost_max_flow,12,21,12,0,159,8
move,"['move', 21, 0, 6]",True,896,0.9635594044484683,0.0,1.5207997560263178,0.5572403515778495,1.075360195380199,1.7035257527487238,min_cost_max_flow,16,21,16,0,115,6
move,"['move', 21, 1, 7]",True,896,1.1695957431132453,0.0,1.5207997560263178,0.35120401291307257,0.5617908947770047,0.6891617135835153,min_cost_max_flow,29,21,29,1,138,7
move,"['move', 6, 1, 5]",True,906,1.1167829535551523,0.0,2.0485890532549,0.9318060996997476,1.8472613759658998,1.7222097375080305,min_cost_max_flow,30,6,30,1,91,5
move,"['move', 6, 8, 5]",True,906,1.3748018839347154,0.0,2.0485890532549,0.6737871693201846,1.2018330806640733,1.9761893061206615,min_cost_max_flow,156,6,156,8,97,5
move,"['move', 6, 3, 6]",True,906,1.2171649163450189,0.0,2.0485890532549,0.8314241369098809,1.596405502052221,1.6561876968493672,min_cost_max_flow,56,6,56,3,118,6
move,"['move', 6, 4, 5]",True,906,1.727022051980176,0.0,2.0485890532549,0.32156700127472376,0.3236242214388767,0.4151487138171095,min_cost_max_flow,80,6,80,4,98,5
move,"['move', 24, 2, 6]",True,916,1.5392577426874807,0.0,2.117739926914397,0.6844034132269162,1.286020736431965,1.6264661074806002,min_cost_max_flow,38,24,38,2,120,6
move,"['move', 24, 3, 6]",True,916,1.6898412375385923,0.0,2.117739926914397,0.42789868937580466,0.6452281975234655,1.3136189612942335,min_cost_max_flow,61,24,61,3,121,6
move,"['move', 24, 4, 6]",True,916,1.4603594042862496,0.0,2.117739926914397,0.6573805226281475,1.2182286586030386,1.7830336621501033,min_cost_max_flow,76,24,76,4,123,6
move,"['move', 24, 7, 6]",True,916,1.48264829184106,0.0,2.117739926914397,0.635091635073337,1.1629433779398823,1.4917415129035194,min_cost_max_flow,136,24,136,7,110,6
move,"['move', 18, 0, 9]",True,926,1.51588809765477,0.0,1.9001266296956445,0.3842385320408745,0.4540461692813551,0.6714943047094132,min_cost_max_flow,11,18,11,0,172,9
move,"['move', 18, 1, 9]",True,926,1.0989964017643628,0.0,1.9001266296956445,0.8011302279312819,1.4930368393252138,2.830540759482423,min_cost_max_flow,33,18,33,1,167,9
move,"['move', 18, 2, 9]",True,926,0.9176849608907465,0.0,1.9001266296956445,0.982441668804898,1.9481456549729046,1.61039845038193,min_cost_max_flow,42,18,42,2,170,9
move,"['move', 18, 3, 6]",True,926,1.336510157009748,0.0,1.9001266296956445,0.5636164726858965,0.9009545044391416,1.6958386078882612,min_cost_max_flow,64,18,64,3,111,6
move,"['move', 6, 6, 2]",True,936,1.592932881120162,0.0,2.497338439633979,0.9044055585138172,1.7776752167119412,2.445413930262997,min_cost_max_flow,118,6,118,6,42,2
move,"['move', 6, 8, 2]",True,936,1.75160540117872,0.0,2.497338439633979,0.745733038455259,1.3822273089626833,1.6231523321712864,min_cost_max_flow,157,6,157,8,46,2
move,"['move', 6, 0, 9]",True,936,1.863043950895515,0.0,2.497338439633979,0.634294488738464,1.103579707656536,1.6573036749446044,min_cost_max_flow,8,6,8,0,172,9
move,"['move', 6, 5, 1]",True,936,1.7072310975400882,0.0,2.497338439633979,0.790107342093891,1.492504744534017,2.0620346823356646,min_cost_max_flow,91,6,91,5,33,1
move,"['move', 24, 3, 7]",True,946,1.055883407517365,0.0,1.5116940912770291,0.4692440918846641,0.7480433354412526,1.6791978642018346,min_cost_max_flow,63,24,63,3,136,7
move,"['move', 24, 6, 7]",True,946,0.772573397670599,0.0,1.5116940912770291,0.7391206936064302,1.422427605246412,1.8840208637056386,min_cost_max_flow,110,24,110,6,137,7
move,"['move', 24, 6, 4]",True,946,0.979130372342657,0.0,1.5116940912770291,0.5325637189343722,0.9066748327022651,1.4575781063735618,min_cost_max_flow,120,24,120,6,76,4
move,"['move', 24, 8, 0]",True,946,0.9236258060366982,0.0,1.5116940912770291,0.588068285240331,1.0453170335404138,1.5370547242058443,min_cost_max_flow,148,24,148,8,16,0
move,"['move', 9, 0, 8]",True,956,1.4289759170866987,0.0,1.9061727846720609,0.4771968675853622,0.8892675421011518,1.0348431443927106,min_cost_max_flow,4,9,4,0,156,8
move,"['move', 9, 1, 8]",True,956,1.5828709621410095,0.0,1.9061727846720609,0.3233018225310513,0.5053042362997076,0.5186385881705299,min_cost_max_flow,22,9,22,1,148,8
move,"['move', 9, 2, 8]",True,956,1.3569224256034218,0.0,1.9061727846720609,0.549250359068639,1.0686990534031793,1.5029880818355654,min_cost_max_flow,41,9,41,2,155,8
move,"['move', 9, 3, 8]",True,956,1.3561794639511118,0.0,1.9061727846720609,0.549993320720949,1.0711593648629787,1.1010498624860372,min_cost_max_flow,60,9,60,3,157,8
move,"['move', 6, 5, 8]",True,966,1.7451412249715998,0.0,2.424945820845661,0.6798045958740612,1.2173321308528102,1.6725334367571612,min_cost_max_flow,97,6,97,5,156,8
move,"['move', 6, 1, 6]",True,966,1.876237002187641,0.0,2.424945820845661,0.54870881865802,0.8896259211014694,1.6503779109156185,min_cost_max_flow,33,6,33,1,118,6
move,"['move', 6, 9, 6]",True,966,1.9380433744009293,0.0,2.424945820845661,0.4869024464447316,0.7358555365626671,1.1533472479698768,min_cost_max_flow,172,6,172,9,120,6
move,"['move', 6, 7, 6]",True,966,1.9234243560173097,0.0,2.424945820845661,0.5255317099533513,0.8330147400447458,0.7626507742835854,min_cost_max_flow,132,6,132,7,110,6
move,"['move', 6, 4, 7]",True,976,1.444022226216351,0.0,2.054304365956005,0.6102821397396543,1.0440314566531015,1.335556012551355,min_cost_max_flow,84,6,84,4,139,7
move,"['move', 6, 8, 7]",True,976,1.6884142674070057,0.0,2.054304365956005,0.36589009854899934,0.4345775502642937,0.31809162066504937,min_cost_max_flow,156,6,156,8,140,7
move,"['move', 6, 3, 7]",True,976,1.4631944468312585,0.0,2.054304365956005,0.5918337443747465,0.9970071455627476,1.9377711312743273,min_cost_max_flow,63,6,63,3,129,7
move,"['move', 6, 5, 7]",True,976,1.675925792808588,0.0,2.054304365956005,0.3783785731474171,0.4651495647849515,0.7508729375894289,min_cost_max_flow,98,6,98,5,130,7
move,"['move', 6, 3, 0]",True,986,1.087696211610993,0.0,1.9788777824942256,0.8911815708832326,1.745206705214514,2.0511088775736144,min_cost_max_flow,62,6,62,3,4,0
move,"['move', 6, 7, 4]",True,986,1.4211850326595357,0.0,1.9788777824942256,0.55769274983469,0.9125962000744039,1.3100772234092448,min_cost_max_flow,129,6,129,7,80,4
move,"['move', 6, 7, 0]",True,986,1.2940191057518695,0.0,1.9788777824942256,0.6848586767423562,1.2293697568311472,2.070917565024165,min_cost_max_flow,130,6,130,7,11,0
move,"['move', 6, 2, 0]",True,986,0.9935658268837404,0.0,1.9788777824942256,1.0376208551104853,2.1104576575016836,2.615947731548503,min_cost_max_flow,42,6,42,2,12,0
move,"['move', 6, 2, 5]",True,996,1.9703769278066097,0.0,2.719245533402294,0.7488686055956842,1.3896937960416835,1.8714395135466835,min_cost_max_flow,46,6,46,2,91,5
move,"['move', 6, 6, 5]",True,996,2.247891951989244,0.0,2.719245533402294,0.47135358141305006,0.6971945239001798,1.0125806368255006,min_cost_max_flow,110,6,110,6,97,5
move,"['move', 6, 0, 5]",True,996,1.9170344470395344,0.0,2.719245533402294,0.8022110863627594,1.521920341943769,2.6245435239482005,min_cost_max_flow,4,6,4,0,98,5
move,"['move', 6, 7, 5]",True,996,2.365731832730375,0.0,2.719245533402294,0.35351370067191873,0.4029524583074817,0.7741564634054023,min_cost_max_flow,139,6,139,7,103,5
move,"['move', 9, 6, 7]",True,1006,1.536125375291447,0.0,2.051695480695823,0.5155701054043762,0.9847118093675817,1.3607279984628058,min_cost_max_flow,112,9,112,6,139,7
move,"['move', 9, 8, 3]",True,1006,1.6178560435138134,0.0,2.051695480695823,0.43383943718200974,0.7805651309990935,1.2407332068440713,min_cost_max_flow,148,9,148,8,63,3
move,"['move', 9, 8, 7]",True,1006,1.58409272242399,0.0,2.051695480695823,0.46760275827183306,0.8654596955275338,0.9165586709227709,min_cost_max_flow,155,9,155,8,129,7
move,"['move', 9, 8, 2]",True,1006,1.519635363649704,0.0,2.051695480695823,0.5320601170461192,1.0257919748291897,1.457303760295736,min_cost_max_flow,156,9,156,8,38,2
move,"['move', 9, 2, 6]",True,1016,1.902217525707686,0.0,2.268962708579026,0.36674518287133967,0.6137633143407584,0.6181871279506789,min_cost_max_flow,38,9,38,2,112,6
move,"['move', 9, 8, 6]",True,1016,1.8944514196476059,0.0,2.268962708579026,0.3745112889314199,0.6332299851765129,0.5839166709147119,min_cost_max_flow,157,9,157,8,119,6
move,"['move', 9, 9, 6]",True,1016,1.8132433379232291,0.0,2.268962708579026,0.45571937065579665,0.8354868175920274,1.0928312678663001,min_cost_max_flow,176,9,176,9,109,6
move,"['move', 9, 5, 0]",True,1016,1.5102719887682912,0.0,2.268962708579026,0.7586907198107348,1.5926229861979664,1.287634122137171,min_cost_max_flow,99,9,99,5,2,0
move,"['move', 24, 4, 5]",True,1026,1.0096012415743791,0.0,1.4473992882258084,0.4377980466514292,0.6706822434462083,0.8431838055065877,min_cost_max_flow,76,24,76,4,99,5
move,"['move', 24, 6, 2]",True,1026,0.8487884242974771,0.0,1.4473992882258084,0.5986108639283313,1.0713633609120734,1.7438009564332677,min_cost_max_flow,121,24,121,6,38,2
move,"['move', 24, 6, 5]",True,1026,1.1208926130521026,0.0,1.4473992882258084,0.3265066751737058,0.3927062330003537,0.6749049732039525,min_cost_max_flow,123,24,123,6,105,5
move,"['move', 24, 7, 2]",True,1026,0.5889847314531003,0.0,1.4473992882258084,0.8584145567727082,1.7208747502809274,1.7423627844921707,min_cost_max_flow,136,24,136,7,41,2
move,"['move', 9, 0, 9]",True,1036,0.9300321582841364,0.0,1.5415555353696533,0.6115233770855169,1.225867260925952,0.5125464281169839,min_cost_max_flow,2,9,2,0,176,9
move,"['move', 9, 1, 9]",True,1036,1.0758815709608094,0.0,1.5415555353696533,0.46567396440884395,0.8604526593499031,1.0399263510280021,min_cost_max_flow,24,9,24,1,172,9
move,"['move', 9, 3, 9]",True,1036,1.1460583752015245,0.0,1.5415555353696533,0.39549716016812864,0.6848923832840228,1.1187699937560402,min_cost_max_flow,63,9,63,3,173,9
move,"['move', 9, 4, 8]",True,1036,1.1078672982166256,0.0,1.5415555353696533,0.43368823715302773,0.7803851881290029,1.1086950719343989,min_cost_max_flow,80,9,80,4,156,8
move,"['move', 18, 6, 3]",True,1046,1.6136654075435515,0.0,2.2703164465191925,0.656651038975641,1.133533586298654,1.7007278511209103,min_cost_max_flow,111,18,111,6,63,3
move,"['move', 18, 7, 1]",True,1046,1.3865505876027842,0.0,2.2703164465191925,0.8837658589164084,1.699162735396385,3.139328353912366,min_cost_max_flow,138,18,138,7,33,1
move,"['move', 18, 8, 1]",True,1046,1.636125661195062,0.0,2.2703164465191925,0.6341907853241303,1.077822441176977,1.4077351797209772,min_cost_max_flow,146,18,146,8,22,1
move,"['move', 18, 9, 1]",True,1046,1.587519930491328,0.0,2.2703164465191925,0.6827965160278647,1.1984468026112154,2.0010453964527573,min_cost_max_flow,163,18,163,9,29,1
move,"['move', 6, 4, 3]",True,1056,1.4799753696943032,0.0,2.1282336437839113,0.6482582740896081,1.1379554191480565,2.013138265837783,min_cost_max_flow,80,6,80,4,56,3
move,"['move', 6, 6, 8]",True,1056,1.439622063632188,0.0,2.1282336437839113,0.6886115801517235,1.2394461916901491,1.6081333413016565,min_cost_max_flow,118,6,118,6,146,8
move,"['move', 6, 7, 8]",True,1056,1.2439164067645399,0.0,2.1282336437839113,0.8843172370193715,1.7281496124360274,1.9819476234627427,min_cost_max_flow,140,6,140,7,148,8
move,"['move', 6, 0, 3]",True,1056,1.201940367321972,0.0,2.1282336437839113,0.9262932764619395,1.8325309354477213,2.3544646866133725,min_cost_max_flow,11,6,11,0,61,3
move,"['move', 24, 5, 4]",True,1066,1.4799497704828548,0.0,1.738498103086545,0.2585483326036902,0.22340267971048888,0.28003621642122134,min_cost_max_flow,99,24,99,5,80,4
move,"['move', 24, 5, 6]",True,1066,1.3923933861552302,0.0,1.738498103086545,0.3461047169313147,0.44160393579295487,0.7398393741514064,min_cost_max_flow,105,24,105,5,118,6
move,"['move', 24, 7, 4]",True,1066,0.8672390154047539,0.0,1.738498103086545,0.8712590876817911,1.7535910741025873,1.3390317518571624,min_cost_max_flow,137,24,137,7,76,4
move,"['move', 24, 8, 4]",True,1066,1.2309810075355156,0.0,1.738498103086545,0.5355311359260294,0.9145110290282901,1.179142208452359,min_cost_max_flow,150,24,150,8,83,4
move,"['move', 6, 8, 1]",True,1076,1.1318228359687343,0.0,1.8205896331795013,0.6887667972107671,1.2399961092542071,1.500216730335679,min_cost_max_flow,146,6,146,8,32,1
move,"['move', 6, 0, 7]",True,1076,0.9860928949261382,0.0,1.8205896331795013,0.8344967382533631,1.6024967678895337,2.71634604444463,min_cost_max_flow,12,6,12,0,136,7
move,"['move', 6, 5, 2]",True,1076,0.9521579540466883,0.0,1.8205896331795013,0.8684316791328129,1.6889201332505763,1.6590039361658802,min_cost_max_flow,91,6,91,5,45,2
move,"['move', 6, 3, 1]",True,1076,1.298050977206843,0.0,1.8205896331795013,0.5225386559726584,0.8246588460206112,1.3448234892183617,min_cost_max_flow,56,6,56,3,33,1
move,"['move', 6, 1, 0]",True,1086,1.2246347131377204,0.0,1.8990989497720894,0.6744642366343688,1.2038714228729077,1.7457400238714724,min_cost_max_flow,32,6,32,1,4,0
move,"['move', 6, 8, 0]",True,1086,1.2925863667714603,0.0,1.8990989497720894,0.6065125830006292,1.035417560950009,0.7955585829046521,min_cost_max_flow,148,6,148,8,8,0
move,"['move', 6, 5, 4]",True,1086,1.633337222105149,0.0,1.8990989497720894,0.26576172766694034,0.18436527882658993,0.24565444236938433,min_cost_max_flow,97,6,97,5,80,4
move,"['move', 6, 1, 9]",True,1086,1.3543584182002162,0.0,1.8990989497720894,0.5447405315718733,0.880563511776927,1.0781723170326734,min_cost_max_flow,33,6,33,1,163,9
move,"['move', 24, 2, 7]",True,1096,1.0157447787519591,0.0,1.8180761466783402,0.8023313679263809,1.580543195746941,1.8247510632710893,min_cost_max_flow,38,24,38,2,132,7
move,"['move', 24, 2, 5]",True,1096,1.3283015343976716,0.0,1.8180761466783402,0.48977461228066865,0.8003511303031701,1.024868616264511,min_cost_max_flow,41,24,41,2,91,5
move,"['move', 24, 4, 7]",True,1096,1.0508611424040497,0.0,1.8180761466783402,0.7672150042742905,1.492363404136995,2.084006049750937,min_cost_max_flow,76,24,76,4,138,7
move,"['move', 24, 8, 3]",True,1096,1.15635997557691,0.0,1.8180761466783402,0.6617161711014301,1.2279620410299685,2.5201928330013867,min_cost_max_flow,149,24,149,8,56,3
move,"['move', 18, 0, 7]",True,1106,1.9880609279395332,0.0,2.728536833963795,0.7404759060242618,1.342612585904135,2.022839861835018,min_cost_max_flow,12,18,12,0,140,7
move,"['move', 18, 1, 7]",True,1106,1.9687353282068107,0.0,2.728536833963795,0.7598015057569842,1.3907134146775206,2.1649535674483245,min_cost_max_flow,22,18,22,1,143,7
move,"['move', 18, 1, 8]",True,1106,1.8954903391658413,0.0,2.728536833963795,0.8330464947979536,1.5737604940659367,2.208549043453304,min_cost_max_flow,29,18,29,1,146,8
move,"['move', 18, 3, 7]",True,1106,1.9716265183358068,0.0,2.728536833963795,0.7569103156279882,1.3834558239213948,2.184697189872172,min_cost_max_flow,63,18,63,3,130,7
move,"['move', 9, 6, 1]",True,1116,2.3023987768865823,0.0,2.730286324229057,0.4278875473424746,0.7653904245144076,1.43738779740938,min_cost_max_flow,109,9,109,6,22,1
move,"['move', 9, 8, 1]",True,1116,2.3056373965334815,0.0,2.730286324229057,0.4246489276955752,0.7581875630912691,0.8415960013360536,min_cost_max_flow,156,9,156,8,29,1
move,"['move', 9, 9, 1]",True,1116,2.3867598765290765,0.0,2.730286324229057,0.35971989519998065,0.5960242806031602,0.7353968340845055,min_cost_max_flow,172,9,172,9,30,1
move,"['move', 9, 9, 3]",True,1116,2.2072081474884033,0.0,2.730286324229057,0.5230781767406538,1.0035424933521426,1.3203909025514835,min_cost_max_flow,173,9,173,9,63,3
move,"['move', 18, 7, 3]",True,1126,1.140385626508488,0.0,1.828093980048815,0.6877083535403269,1.2115806322090066,1.4315548520288397,min_cost_max_flow,130,18,130,7,60,3
move,"['move', 18, 7, 2]",True,1126,0.9530874037248881,0.0,1.828093980048815,0.8750065763239269,1.679036912677475,1.9577391790498857,min_cost_max_flow,140,18,140,7,38,2
move,"['move', 18, 8, 0]",True,1126,0.8410522290526256,0.0,1.828093980048815,0.9870417509961894,1.9578312441244634,2.8201426681618385,min_cost_max_flow,146,18,146,8,12,0
move,"['move', 18, 9, 0]",True,1126,1.4343553935440043,0.0,1.828093980048815,0.4298863072548108,0.5681827773532859,0.6600476133159827,min_cost_max_flow,172,18,172,9,11,0
move,"['move', 6, 2, 8]",True,1136,1.5889880037496684,0.0,2.5802617802184327,0.9912737764687642,1.9952811884450057,2.1551293664651534,min_cost_max_flow,45,6,45,2,156,8
move,"['move', 6, 9, 8]",True,1136,2.2082329025749585,0.0,2.5802617802184327,0.37202887764347425,0.44972590261932055,0.450488541438667,min_cost_max_flow,163,6,163,9,146,8
move,"['move', 6, 3, 8]",True,1136,1.8959582554786212,0.0,2.5802617802184327,0.6843035247398114,1.229073143656933,1.343406343592219,min_cost_max_flow,61,6,61,3,149,8
move,"['move', 6, 5, 8]",True,1136,1.9082835997789176,0.0,2.5802617802184327,0.671978180439515,1.1992253537973738,0.6996924161376613,min_cost_max_flow,98,6,98,5,150,8
move,"['move', 9, 6, 8]",True,1146,2.260492353648362,0.0,2.502702210760774,0.2422098571124122,0.3026623856076185,0.45993001849819637,min_cost_max_flow,112,9,112,6,148,8
move,"['move', 9, 7, 8]",True,1146,2.046034148135694,0.0,2.502702210760774,0.45666806262507986,0.8380524782751309,0.9635440946027369,min_cost_max_flow,129,9,129,7,155,8
move,"['move', 9, 9, 2]",True,1146,2.0461532461504373,0.0,2.502702210760774,0.4565489646103365,0.8374292404259904,1.1805393027907087,min_cost_max_flow,176,9,176,9,41,2
move,"['move', 9, 6, 4]",True,1146,2.0962686635960783,0.0,2.502702210760774,0.4064335471646957,0.712750135367969,0.7742469320703054,min_cost_max_flow,119,9,119,6,76,4
move,"['move', 6, 8, 3]",True,1156,2.3680466541664558,0.0,3.104098389800428,0.7360517356339724,1.3562712959937926,2.7916562759542436,min_cost_max_flow,146,6,146,8,61,3
move,"['move', 6, 6, 3]",True,1156,2.477209651982088,0.0,3.104098389800428,0.6268887378183399,1.084111653330183,2.2930883589730326,min_cost_max_flow,120,6,120,6,62,3
move,"['move', 6, 0, 1]",True,1156,2.740759243752291,0.0,3.104098389800428,0.3633391460481369,0.42801427138874715,0.4420233695919553,min_cost_max_flow,4,6,4,0,24,1
move,"['move', 6, 8, 9]",True,1156,2.3935103922558127,0.0,3.104098389800428,0.7105879975446153,1.2938608211588871,1.959076016962707,min_cost_max_flow,149,6,149,8,176,9
move,"['move', 6, 9, 2]",True,1166,0.7227789572387048,0.0,1.6026068357587064,0.8798278785200017,1.7167625553538528,2.09105484596283,min_cost_max_flow,176,6,176,9,42,2
move,"['move', 6, 0, 6]",True,1166,0.9660698857050958,0.0,1.6026068357587064,0.6365369500536107,1.1102281737094017,0.9624284982786376,min_cost_max_flow,8,6,8,0,112,6
move,"['move', 6, 4, 6]",True,1166,1.0087422263930539,0.0,1.6026068357587064,0.5938646093656526,1.0029114609224052,1.3863358763459828,min_cost_max_flow,80,6,80,4,120,6
move,"['move', 6, 8, 6]",True,1166,0.8383697325429552,0.0,1.6026068357587064,0.7642371032157512,1.4283887731635332,1.6889507990918142,min_cost_max_flow,150,6,150,8,121,6
move,"['move', 18, 0, 8]",True,1176,1.4544609243127424,0.0,2.352939959513173,0.8984790352004305,1.7362342553988128,2.9469421589972518,min_cost_max_flow,11,18,11,0,146,8
move,"['move', 18, 2, 8]",True,1176,1.594676723813092,0.0,2.352939959513173,0.7582632357000811,1.3869565566856181,2.1057421338783353,min_cost_max_flow,38,18,38,2,149,8
move,"['move', 18, 3, 8]",True,1176,1.5335803688546363,0.0,2.352939959513173,0.8193595906585367,1.5385874790263188,2.845718837503861,min_cost_max_flow,60,18,60,3,150,8
move,"['move', 18, 4, 8]",True,1176,1.4441277261253116,0.0,2.352939959513173,0.9088122333878614,1.7623040887356183,2.7890502468453304,min_cost_max_flow,78,18,78,4,156,8
move,"['move', 6, 7, 9]",True,1186,1.8351556904393456,0.0,2.498881541950717,0.6637258515113714,1.177869069377266,1.1833338159702642,min_cost_max_flow,136,6,136,7,172,9
move,"['move', 6, 8, 4]",True,1186,1.6963803519863383,0.0,2.498881541950717,0.8025011899643788,1.5231784078423516,2.269338927592231,min_cost_max_flow,156,6,156,8,78,4
move,"['move', 6, 6, 0]",True,1186,1.9774325111806283,0.0,2.498881541950717,0.5214490307700886,0.8221314353704656,1.2137219183660166,min_cost_max_flow,112,6,112,6,4,0
move,"['move', 6, 3, 4]",True,1186,2.1347292366987127,0.0,2.498881541950717,0.3641523052520042,0.42979380501310516,0.6109329597988599,min_cost_max_flow,61,6,61,3,80,4
move,"['move', 18, 7, 4]",True,1196,1.2013871710949284,0.0,1.8993344284717748,0.6979472573768465,1.2368180728626612,1.6714341437918674,min_cost_max_flow,143,18,143,7,84,4
move,"['move', 18, 8, 3]",True,1196,1.1108055630240337,0.0,1.8993344284717748,0.7885288654477411,1.4632176408322266,1.7077356155725991,min_cost_max_flow,146,18,146,8,60,3
move,"['move', 18, 8, 2]",True,1196,0.9846925194028666,0.0,1.8993344284717748,0.9146419090689082,1.776296574560547,3.176852498637372,min_cost_max_flow,149,18,149,8,46,2
move,"['move', 18, 8, 4]",True,1196,1.1774778448985281,0.0,1.8993344284717748,0.7218565835732466,1.29543442918839,2.4427402539728784,min_cost_max_flow,150,18,150,8,85,4
move,"['move', 9, 2, 9]",True,1206,3.08725922028278,0.0,3.7020233645053358,0.6147641442225555,1.2330814634769922,1.10435662248802,min_cost_max_flow,41,9,41,2,176,9
move,"['move', 9, 4, 9]",True,1206,3.2024472284634267,0.0,3.7020233645053358,0.49957613604190926,0.945057810689832,1.140111512850931,min_cost_max_flow,76,9,76,4,172,9
move,"['move', 9, 7, 9]",True,1206,3.484920719576231,0.0,3.7020233645053358,0.2171026449291048,0.24013279023347422,0.30097329574873355,min_cost_max_flow,139,9,139,7,173,9
move,"['move', 9, 8, 9]",True,1206,3.317717035406696,0.0,3.7020233645053358,0.3895464307236398,0.6710590608236089,0.4231025598839624,min_cost_max_flow,155,9,155,8,177,9
move,"['move', 6, 9, 7]",True,1222,1.3807129549033186,0.0,1.749709935275201,0.36899698037188233,0.44141283110002405,0.9393741016498339,min_cost_max_flow,172,6,172,9,136,7
move,"['move', 6, 1, 7]",True,1222,0.6523523144204355,0.0,1.749709935275201,1.0973576208547655,2.2591799359306606,3.0290383526975457,min_cost_max_flow,24,6,24,1,137,7
move,"['move', 6, 4, 7]",True,1222,1.0273879351634114,0.0,1.749709935275201,0.7223220001117896,1.3231591975763877,1.983496017252839,min_cost_max_flow,78,6,78,4,139,7
move,"['move', 6, 2, 7]",True,1222,0.6403213945639974,0.0,1.749709935275201,1.1093885407112036,2.2901883301965427,2.4083086028395506,min_cost_max_flow,42,6,42,2,140,7
move,"['move', 9, 9, 7]",True,1232,1.7778275832557158,0.0,2.210412763470409,0.4325851802146932,0.7781255913614586,0.7766646864063559,min_cost_max_flow,172,9,172,9,143,7
move,"['move', 9, 9, 5]",True,1232,1.7770125431127788,0.0,2.210412763470409,0.43340022035763015,0.7791861348687235,1.4280359197914558,min_cost_max_flow,173,9,173,9,97,5
move,"['move', 9, 0, 2]",True,1232,1.9506033855106393,0.0,2.210412763470409,0.2598093779597696,0.34677066589938477,0.38694456958294854,min_cost_max_flow,6,9,6,0,41,2
move,"['move', 9, 3, 2]",True,1232,1.811079006799821,0.0,2.210412763470409,0.3993337566705878,0.695454355003676,0.47178301808579676,min_cost_max_flow,63,9,63,3,42,2
move,"['move', 18, 2, 7]",True,1242,0.6792411240978609,0.0,1.4538956941172112,0.7746545700193503,1.4276564417195914,2.291375976678183,min_cost_max_flow,46,18,46,2,129,7
move,"['move', 18, 4, 7]",True,1242,0.7512028272986117,0.0,1.4538956941172112,0.7026928668185995,1.2474813785265724,2.471912770772846,min_cost_max_flow,84,18,84,4,130,7
move,"['move', 18, 4, 6]",True,1242,0.6910434331305494,0.0,1.4538956941172112,0.7628522609866618,1.3978049698307586,2.5218421814190193,min_cost_max_flow,85,18,85,4,112,6
move,"['move', 18, 5, 7]",True,1242,0.5954937673547354,0.0,1.4538956941172112,0.8584019267624758,1.6357171714316792,3.1631507404954413,min_cost_max_flow,104,18,104,5,131,7
move,"['move', 6, 4, 8]",True,1252,1.9569609335522844,0.0,2.576479498377662,0.6195185648253778,1.066808837782446,1.544677069194314,min_cost_max_flow,80,6,80,4,146,8
move,"['move', 6, 7, 1]",True,1252,1.9463647934320931,0.0,2.576479498377662,0.6301147049455691,1.0928931351754727,1.8153790074953307,min_cost_max_flow,136,6,136,7,24,1
move,"['move', 6, 0, 1]",True,1252,1.9247793533897877,0.0,2.576479498377662,0.6517001449878745,1.146590034271867,1.9931796804081463,min_cost_max_flow,4,6,4,0,32,1
move,"['move', 6, 3, 8]",True,1252,1.8071594396901367,0.0,2.576479498377662,0.7693200586875256,1.4404137464171072,2.1438944163333016,min_cost_max_flow,62,6,62,3,149,8
move,"['move', 9, 8, 4]",True,1262,1.812033460742273,0.0,2.199790552509887,0.3877570917676139,0.6660390585439018,0.7875391529788686,min_cost_max_flow,148,9,148,8,76,4
move,"['move', 9, 9, 4]",True,1262,1.722311809698267,0.0,2.199790552509887,0.47747874281161995,0.8897424790775403,1.1880105372297969,min_cost_max_flow,176,9,176,9,78,4
move,"['move', 9, 5, 3]",True,1262,1.8877354206347872,0.0,2.199790552509887,0.31205513187509976,0.47708078043979185,0.5897914015284642,min_cost_max_flow,97,9,97,5,61,3
move,"['move', 9, 1, 3]",True,1262,1.7893910139583147,0.0,2.199790552509887,0.4103995385515723,0.7228295729910315,0.6646074948229626,min_cost_max_flow,22,9,22,1,62,3
move,"['move', 18, 6, 5]",True,1272,1.6657480576622499,0.0,2.052498642470918,0.38675058480866836,0.46037124740360014,0.6415301695357722,min_cost_max_flow,112,18,112,6,97,5
move,"['move', 18, 7, 5]",True,1272,1.4844830651187448,0.0,2.052498642470918,0.5680155773521733,0.9122517806281394,1.4961622590177641,min_cost_max_flow,129,18,129,7,98,5
move,"['move', 18, 8, 5]",True,1272,1.3919047202070352,0.0,2.052498642470918,0.6605939222638829,1.1436890652385046,1.501880704956936,min_cost_max_flow,156,18,156,8,99,5
move,"['move', 18, 9, 2]",True,1272,1.020874396866756,0.0,2.052498642470918,1.0316242456041622,2.0669356577163853,4.388024620168642,min_cost_max_flow,167,18,167,9,46,2
move,"['move', 24, 1, 8]",True,1282,1.3016965697788143,0.0,1.8928138290195442,0.6453037122407299,1.1888028670018684,1.272210750567693,min_cost_max_flow,28,24,28,1,156,8
move,"['move', 24, 4, 8]",True,1282,1.291193251799146,0.0,1.8928138290195442,0.6235179448453984,1.1338769458743627,1.5798791766856253,min_cost_max_flow,83,24,83,4,148,8
move,"['move', 24, 5, 8]",True,1282,1.3099862342859305,0.0,1.8928138290195442,0.5828275947336138,1.0328445708364598,1.117545682313291,min_cost_max_flow,91,24,91,5,150,8
move,"['move', 24, 6, 8]",True,1282,1.5396932757822894,0.0,1.8928138290195442,0.3531205532372548,0.45946806486426794,0.5234805031761464,min_cost_max_flow,118,24,118,6,155,8
move,"['move', 6, 1, 3]",True,1292,1.9987229830251694,0.0,2.65225986777683,0.6535368847516605,1.152355312338841,1.2108939087353912,min_cost_max_flow,24,6,24,1,63,3
move,"['move', 6, 7, 3]",True,1292,2.042815780153924,0.0,2.65225986777683,0.6094440876229057,1.0424398392297007,0.999880766904272,min_cost_max_flow,137,6,137,7,64,3
move,"['move', 6, 8, 3]",True,1292,1.9649079198411619,0.0,2.65225986777683,0.7023701130606682,1.2735452717424778,1.8063014879903827,min_cost_max_flow,149,6,149,8,65,3
move,"['move', 6, 8, 9]",True,1292,2.0162054840039594,0.0,2.65225986777683,0.6360543837728706,1.1083550831372122,1.4068784118381343,min_cost_max_flow,146,6,146,8,172,9
move,"['move', 20, 0, 9]",True,1302,0.6215132104852451,0.0,1.2303847677810003,0.6088715572957552,1.0388648611733515,0.9102341557712632,min_cost_max_flow,1,20,1,0,176,9
move,"['move', 20, 1, 9]",True,1302,0.5718505602791759,0.0,1.2303847677810003,0.7292616783351576,1.3383785024616373,1.8846750292513605,min_cost_max_flow,25,20,25,1,163,9
move,"['move', 20, 2, 9]",True,1302,0.5143202546047261,0.0,1.2303847677810003,0.7692545250512742,1.4382593194459332,1.9522082332485002,min_cost_max_flow,51,20,51,2,167,9
move,"['move', 20, 2, 0]",True,1302,0.421595385604444,0.0,1.2303847677810003,0.8087893821765563,1.5368212689700158,2.135670425996981,min_cost_max_flow,44,20,44,2,1,0
move,"['move', 6, 1, 8]",True,1312,2.3248612879257924,0.0,2.9495236455655345,0.6246623576397422,1.0794260975126235,1.7061586063499372,min_cost_max_flow,32,6,32,1,146,8
move,"['move', 6, 3, 2]",True,1312,2.341583731306324,0.0,2.9495236455655345,0.6079399142592107,1.0379511498849752,1.4853847238962339,min_cost_max_flow,63,6,63,3,38,2
move,"['move', 6, 9, 8]",True,1312,2.5646745989334274,0.0,2.9495236455655345,0.38484904663210684,0.48149095906956063,0.6407325556662962,min_cost_max_flow,172,6,172,9,156,8
move,"['move', 6, 5, 8]",True,1312,2.444554418424177,0.0,2.9495236455655345,0.5049692271413575,0.7809355906374549,1.2112790258211859,min_cost_max_flow,103,6,103,5,157,8
move,"['move', 6, 2, 9]",True,1322,1.5481282152876434,0.0,2.3562758934291925,0.8081476781415491,1.5365639517895033,2.7564565914413293,min_cost_max_flow,38,6,38,2,172,9
move,"['move', 6, 6, 9]",True,1322,1.7662105554340621,0.0,2.3562758934291925,0.5900653379951304,0.9936461042580049,1.2311213684092566,min_cost_max_flow,120,6,120,6,173,9
move,"['move', 6, 7, 9]",True,1322,1.9535505707922254,0.0,2.3562758934291925,0.40272532263696703,0.5262798890926206,0.5752392150599361,min_cost_max_flow,139,6,139,7,174,9
move,"['move', 6, 6, 0]",True,1322,1.3317271428958688,0.0,2.3562758934291925,1.0245487505333237,2.0787949718469463,1.9375638727705327,min_cost_max_flow,121,6,121,6,2,0
move,"['move', 6, 0, 2]",True,1332,1.5923359525971532,0.0,2.274283113101829,0.6819471605046756,1.2244368831998145,0.5069729231115957,min_cost_max_flow,2,6,2,0,38,2
move,"['move', 6, 9, 6]",True,1332,1.7772698917481669,0.0,2.274283113101829,0.497013221353662,0.7607959021079296,1.3777283993454437,min_cost_max_flow,172,6,172,9,118,6
move,"['move', 6, 7, 6]",True,1332,1.7311320297972599,0.0,2.274283113101829,0.5431510833045688,0.8769161839754815,0.8606437391556887,min_cost_max_flow,140,6,140,7,119,6
move,"['move', 6, 8, 2]",True,1332,1.4376984891409292,0.0,2.274283113101829,0.8365846239608995,1.6074613895943912,2.886407753766881,min_cost_max_flow,146,6,146,8,44,2
move,"['move', 6, 9, 7]",True,1342,0.8416125669401492,0.0,1.3799939667242338,0.5383813997840846,0.8652892910067749,0.6624331841530406,min_cost_max_flow,173,6,173,9,136,7
move,"['move', 6, 8, 7]",True,1342,0.8653557082850133,0.0,1.3799939667242338,0.5146382584392205,0.8060069393450249,0.6120987172128123,min_cost_max_flow,156,6,156,8,137,7
move,"['move', 6, 9, 0]",True,1342,0.2800762575274083,0.0,1.3799939667242338,1.0999177091968255,2.2681511101709475,1.3150694292730953,min_cost_max_flow,174,6,174,9,2,0
move,"['move', 6, 3, 7]",True,1342,0.7072993272723503,0.0,1.3799939667242338,0.6726946394518835,1.1995880192152981,1.6520138248023353,min_cost_max_flow,64,6,64,3,139,7
move,"['move', 6, 0, 4]",True,1352,0.9068032056958952,0.0,2.055271200517765,1.1484679948218697,2.3877111227939167,2.525537055700354,min_cost_max_flow,2,6,2,0,80,4
move,"['move', 6, 2, 4]",True,1352,1.2982191146224489,0.0,2.055271200517765,0.757052085895316,1.4094301775257918,2.352985690194062,min_cost_max_flow,38,6,38,2,83,4
move,"['move', 6, 6, 4]",True,1352,1.6850965717469513,0.0,2.055271200517765,0.37017462877081364,0.44461381554538093,0.7681318029641019,min_cost_max_flow,118,6,118,6,84,4
move,"['move', 6, 2, 1]",True,1352,1.5461442398807996,0.0,2.055271200517765,0.5091269606369653,0.7907058115652035,1.6273542333351334,min_cost_max_flow,44,6,44,2,22,1
move,"['move', 6, 4, 2]",True,1362,2.3158173047513917,0.0,2.6566321008406435,0.40257646871425184,0.5253381787115359,0.9549562645911148,min_cost_max_flow,84,6,84,4,51,2
move,"['move', 6, 1, 2]",True,1362,2.3862926734183096,0.0,2.6566321008406435,0.2703394274223338,0.19549540075422556,0.45507274960123756,min_cost_max_flow,22,6,22,1,38,2
move,"['move', 6, 3, 2]",True,1362,2.2905219228308282,0.0,2.6566321008406435,0.3661101780098152,0.4345437161937298,0.7074467690674382,min_cost_max_flow,65,6,65,3,44,2
move,"['move', 6, 4, 0]",True,1362,1.51896477460766,0.0,2.6566321008406435,1.1376673262329835,2.3613805497752764,2.078138086650362,min_cost_max_flow,80,6,80,4,2,0
move,"['move', 9, 9, 8]",True,1372,1.4796193028566,0.0,1.9116811245409129,0.43206182168431284,0.7768875104775361,0.7297877250541372,min_cost_max_flow,177,9,177,9,146,8
move,"['move', 9, 4, 0]",True,1372,1.280751668238593,0.0,1.9116811245409129,0.6309294563023198,1.2731442828135187,1.3379971977441323,min_cost_max_flow,76,9,76,4,2,0
move,"['move', 9, 7, 8]",True,1372,1.500147729675629,0.0,1.9116811245409129,0.5015359946152839,0.9503844299997581,0.855462928524515,min_cost_max_flow,143,9,143,7,149,8
move,"['move', 9, 1, 0]",True,1372,1.47972734782289,0.0,1.9116811245409129,0.4919775023430229,0.9256248019501072,1.4310611745234871,min_cost_max_flow,30,9,30,1,6,0
move,"['move', 9, 8, 9]",True,1382,2.045971693741029,0.0,2.5763517625516545,0.5303800688106256,1.0224896829022327,0.858751319110959,min_cost_max_flow,146,9,146,8,172,9
move,"['move', 9, 4, 9]",True,1382,2.047663491299765,0.0,2.5763517625516545,0.5286882712518896,1.0176643523591338,1.2559757499502031,min_cost_max_flow,78,9,78,4,173,9
move,"['move', 9, 2, 9]",True,1382,1.9797797417303622,0.0,2.5763517625516545,0.6959609190712923,1.4352785409519129,1.6342630537689442,min_cost_max_flow,42,9,42,2,174,9
move,"['move', 9, 2, 6]",True,1382,2.079463117155459,0.0,2.5763517625516545,0.49688864539619515,0.9379746191170852,1.3830881518252256,min_cost_max_flow,41,9,41,2,112,6
move,"['move', 9, 9, 2]",True,1392,2.1276794874443388,0.0,2.7249126720765307,0.5972331846321921,1.188274350202846,1.75749948797961,min_cost_max_flow,172,9,172,9,41,2
move,"['move', 9, 1, 2]",True,1392,2.2661386698331265,0.0,2.7249126720765307,0.4587740022434041,0.8441001107185002,0.4416884962301474,min_cost_max_flow,29,9,29,1,45,2
move,"['move', 9, 9, 7]",True,1392,2.2602209459277027,0.0,2.7249126720765307,0.4646917261488281,0.8582797381695855,0.851476704546644,min_cost_max_flow,173,9,173,9,140,7
move,"['move', 9, 8, 4]",True,1392,2.3094810962837236,0.0,2.7249126720765307,0.41543157579280726,0.7350115239896695,0.9300355644559317,min_cost_max_flow,149,9,149,8,76,4
move,"['move', 18, 5, 8]",True,1402,1.4323412363015247,0.0,2.0446386140647586,0.612297377763234,1.0231251938748755,1.3835541129613873,min_cost_max_flow,97,18,97,5,146,8
move,"['move', 18, 5, 6]",True,1402,1.4120066161401785,0.0,2.0446386140647586,0.63263199792458,1.072633430318092,2.269096753060599,min_cost_max_flow,98,18,98,5,121,6
move,"['move', 18, 7, 8]",True,1402,1.6851061764618354,0.0,2.0446386140647586,0.35953243760292314,0.3921617091509688,0.7509769950479153,min_cost_max_flow,130,18,130,7,149,8
move,"['move', 18, 7, 6]",True,1402,1.1537674090628365,0.0,2.0446386140647586,0.8908712050019221,1.7174970477099123,2.7586969540835455,min_cost_max_flow,131,18,131,7,123,6
move,"['move', 6, 2, 3]",True,1412,1.3581758532262862,0.0,1.9784063228162379,0.6202304695899518,1.0685054775385652,1.6000918394047694,min_cost_max_flow,38,6,38,2,63,3
move,"['move', 6, 6, 3]",True,1412,1.399058089681744,0.0,1.9784063228162379,0.5793482331344939,0.9664650692393479,1.4899699464531695,min_cost_max_flow,119,6,119,6,64,3
move,"['move', 6, 0, 9]",True,1412,0.9320806511415284,0.0,1.9784063228162379,1.1333521475497095,2.350465804192936,2.1626706694207574,min_cost_max_flow,2,6,2,0,172,9
move,"['move', 6, 4, 3]",True,1412,1.6898007229389742,0.0,1.9784063228162379,0.28860559987726364,0.24099650118660065,0.5646265529009504,min_cost_max_flow,83,6,83,4,65,3
move,"['move', 9, 9, 1]",True,1422,1.6012823352271932,0.0,2.0483609710117756,0.5569068216179158,1.0878275417926488,1.5114334043174118,min_cost_max_flow,174,9,174,9,22,1
move,"['move', 9, 2, 1]",True,1422,1.7393737565434613,0.0,2.0483609710117756,0.30898721446831423,0.469631926058355,0.44249864451055554,min_cost_max_flow,41,9,41,2,25,1
move,"['move', 9, 6, 1]",True,1422,1.4031942570989884,0.0,2.0483609710117756,0.6451667139127871,1.309321657543478,0.9485100618833621,min_cost_max_flow,112,9,112,6,28,1
move,"['move', 9, 4, 1]",True,1422,1.4858396181857803,0.0,2.0483609710117756,0.5625213528259952,1.10182313203768,1.5385919210957257,min_cost_max_flow,76,9,76,4,29,1
move,"['move', 24, 7, 5]",True,1432,1.7225429211647556,0.0,2.4279961441152262,0.7054532229504706,1.338740461773341,1.5629987524873796,min_cost_max_flow,132,24,132,7,91,5
move,"['move', 24, 8, 1]",True,1432,1.9817301294432303,0.0,2.4279961441152262,0.4560309327969959,0.716466679394216,0.7083700827793508,min_cost_max_flow,148,24,148,8,24,1
move,"['move', 24, 8, 5]",True,1432,1.8076700010401305,0.0,2.4279961441152262,0.6203261430750957,1.125559156476811,1.805402491215574,min_cost_max_flow,150,24,150,8,97,5
move,"['move', 24, 8, 2]",True,1432,1.6706126615737757,0.0,2.4279961441152262,0.7573834825414505,1.4676512824862584,2.1728842621755144,min_cost_max_flow,155,24,155,8,38,2
move,"['move', 6, 9, 4]",True,1442,1.8032761732256106,0.0,2.6559286913133926,0.9056095492127821,1.7798315995314624,3.014476548857193,min_cost_max_flow,172,6,172,9,76,4
move,"['move', 6, 3, 4]",True,1442,2.3102282578029247,0.0,2.6559286913133926,0.34570043351046775,0.38363482207932975,0.6304686797549868,min_cost_max_flow,63,6,63,3,78,4
move,"['move', 6, 8, 0]",True,1442,1.758970662506011,0.0,2.6559286913133926,0.8969580288073815,1.7597602464538795,1.97617792491132,min_cost_max_flow,157,6,157,8,4,0
move,"['move', 6, 7, 1]",True,1442,1.8182552152781166,0.0,2.6559286913133926,0.8570081962019426,1.6604428290047508,1.6047352152656502,min_cost_max_flow,137,6,137,7,24,1
move,"['move', 6, 2, 5]",True,1452,1.1897613038822832,0.0,2.0534619718511844,0.8637006679689012,1.6772078963367676,1.5821432721855961,min_cost_max_flow,44,6,44,2,98,5
move,"['move', 6, 7, 5]",True,1452,1.528695182052545,0.0,2.0534619718511844,0.5247667897986394,0.8304685444381903,1.1852475874675352,min_cost_max_flow,136,6,136,7,103,5
move,"['move', 6, 3, 5]",True,1452,1.6043355383546714,0.0,2.0534619718511844,0.44912643349651293,0.640700428179116,1.6300645899729003,min_cost_max_flow,64,6,64,3,104,5
move,"['move', 6, 4, 5]",True,1452,1.3571610602533002,0.0,2.0534619718511844,0.6963009115978842,1.259231714917405,1.2333369333988644,min_cost_max_flow,76,6,76,4,105,5
move,"['move', 24, 8, 6]",True,1462,0.9311813745169913,0.0,1.6692784434409238,0.7380970689239325,1.4206429472724267,1.3677517088664992,min_cost_max_flow,156,24,156,8,112,6
move,"['move', 24, 9, 6]",True,1462,0.9480926185026748,0.0,1.6692784434409238,0.721185824938249,1.3773755743168294,2.0272603697922404,min_cost_max_flow,164,24,164,9,119,6
move,"['move', 24, 2, 1]",True,1462,1.1819304434664142,0.0,1.6692784434409238,0.4873479999745096,0.7936296816642425,1.4614805319512065,min_cost_max_flow,38,24,38,2,30,1
move,"['move', 24, 1, 3]",True,1462,1.1124187876860308,0.0,1.6692784434409238,0.556859655754893,0.9687361477317609,0.5765961209113443,min_cost_max_flow,24,24,24,1,63,3
move,"['move', 6, 2, 6]",True,1472,1.8285763141133011,0.0,2.656661662939954,0.828085348826653,1.5868591212529282,2.4557947576647767,min_cost_max_flow,51,6,51,2,118,6
move,"['move', 6, 1, 6]",True,1472,1.7856203172558656,0.0,2.656661662939954,0.8710413456840886,1.69433216510879,2.400426949482999,min_cost_max_flow,24,6,24,1,120,6
move,"['move', 6, 5, 6]",True,1472,2.029885847011167,0.0,2.656661662939954,0.6267758159287871,1.0850260369188618,1.4952961505992435,min_cost_max_flow,98,6,98,5,109,6
move,"['move', 6, 0, 8]",True,1472,1.8202627262893947,0.0,2.656661662939954,0.8363989366505595,1.6089117907067703,1.609994828280914,min_cost_max_flow,4,6,4,0,156,8
move,"['move', 9, 7, 9]",True,1482,1.054220936838926,0.0,1.6021203503854768,0.5478994135465509,1.065174007351743,1.6014429126464358,min_cost_max_flow,140,9,140,7,164,9
move,"['move', 9, 0, 4]",True,1482,1.1054508577522708,0.0,1.6021203503854768,0.608402616633206,1.2173202908670646,1.0092590468572786,min_cost_max_flow,2,9,2,0,76,4
move,"['move', 9, 3, 4]",True,1482,1.3726687984203574,0.0,1.6021203503854768,0.22945155196511943,0.27094987490090716,0.3377619108178377,min_cost_max_flow,61,9,61,3,80,4
move,"['move', 9, 2, 4]",True,1482,1.2017382150608067,0.0,1.6021203503854768,0.40038213532467026,0.6976237032522477,0.7728486091755542,min_cost_max_flow,45,9,45,2,84,4
move,"['move', 24, 0, 9]",True,1492,1.7776294057392716,0.0,2.195942770787615,0.4183133650483435,0.6220373539927095,0.7986407693628388,min_cost_max_flow,16,24,16,0,172,9
move,"['move', 24, 1, 9]",True,1492,1.8741017570759735,0.0,2.195942770787615,0.3218410137116417,0.380901973332584,0.768308981610256,min_cost_max_flow,30,24,30,1,173,9
move,"['move', 24, 3, 9]",True,1492,1.496304678262471,0.0,2.195942770787615,0.6996380925251441,1.3233641351089318,2.121999153215744,min_cost_max_flow,56,24,56,3,176,9
move,"['move', 24, 4, 9]",True,1492,1.4260001980525803,0.0,2.195942770787615,0.769942572735035,1.4994366989103582,1.9144236354161874,min_cost_max_flow,80,24,80,4,177,9
move,"['move', 6, 4, 2]",True,1502,1.2952727196359204,0.0,1.9789372241216476,0.6836645044857272,1.2270054588079802,1.6568291527539452,min_cost_max_flow,78,6,78,4,51,2
move,"['move', 6, 5, 1]",True,1502,1.1914273899223602,0.0,1.9789372241216476,0.7875098341992873,1.4857130524578679,2.260649575428834,min_cost_max_flow,103,6,103,5,24,1
move,"['move', 6, 6, 2]",True,1502,1.5549398843679176,0.0,1.9789372241216476,0.51555309512873,0.8069059499302966,1.5374861428809352,min_cost_max_flow,109,6,109,6,41,2
move,"['move', 6, 5, 0]",True,1502,1.4531756847943065,0.0,1.9789372241216476,0.5257615393273412,0.8330170673980319,1.1441481620759493,min_cost_max_flow,104,6,104,5,16,0
move,"['move', 18, 6, 7]",True,1512,1.5911855357534155,0.0,2.4240703728134947,0.8328848370600792,1.5745728668989614,1.3975375916462813,min_cost_max_flow,121,18,121,6,132,7
move,"['move', 18, 6, 4]",True,1512,1.6942094520882174,0.0,2.4240703728134947,0.7298609207252774,1.3153246519632376,2.5231536574591766,min_cost_max_flow,123,18,123,6,78,4
move,"['move', 18, 8, 7]",True,1512,1.6622015641509889,0.0,2.4240703728134947,0.7618688086625058,1.3961429343071359,1.9907786569075725,min_cost_max_flow,146,18,146,8,136,7
move,"['move', 18, 9, 7]",True,1512,1.6592117945681095,0.0,2.4240703728134947,0.7648585782453853,1.4044532163898111,1.4335399065897756,min_cost_max_flow,170,18,170,9,140,7
move,"['move', 6, 1, 4]",True,1522,1.2834590067736715,0.0,1.9025556149197045,0.619096608146033,1.0661165669935144,1.3029297962404829,min_cost_max_flow,24,6,24,1,80,4
move,"['move', 6, 5, 4]",True,1522,1.5889066276713313,0.0,1.9025556149197045,0.31364898724837326,0.3038388328477595,0.4087177306443883,min_cost_max_flow,105,6,105,5,85,4
move,"['move', 6, 8, 9]",True,1522,1.4256986395920033,0.0,1.9025556149197045,0.4768569753277012,0.7112643216678407,0.8050386494701558,min_cost_max_flow,156,6,156,8,170,9
move,"['move', 6, 3, 9]",True,1522,1.3380466327801726,0.0,1.9025556149197045,0.5645089821395318,0.9293204196910665,1.5209846537039475,min_cost_max_flow,65,6,65,3,172,9
move,"['move', 6, 9, 3]",True,1532,2.0711110880526773,0.0,2.805785523166631,0.7346744351139536,1.3543033609948907,1.808112075190857,min_cost_max_flow,170,6,170,9,56,3
move,"['move', 6, 9, 8]",True,1532,2.480231404531622,0.0,2.805785523166631,0.3255541186350094,0.3335427186484594,0.44801284123801566,min_cost_max_flow,172,6,172,9,156,8
move,"['move', 6, 2, 8]",True,1532,2.3540017823267894,0.0,2.805785523166631,0.45178374083984185,0.6486262437065307,0.7750331439111785,min_cost_max_flow,41,6,41,2,146,8
move,"['move', 6, 7, 3]",True,1532,2.165006288435828,0.0,2.805785523166631,0.6407792347308031,1.1197381213878543,1.692937841297701,min_cost_max_flow,139,6,139,7,61,3
move,"['move', 6, 6, 5]",True,1542,1.881121166488231,0.0,2.202851082997266,0.3217299165090348,0.3235220428705361,0.7547931498959667,min_cost_max_flow,118,6,118,6,98,5
move,"['move', 6, 8, 5]",True,1542,1.4215364123208896,0.0,2.202851082997266,0.7813146706763764,1.4696839862554043,2.6214211722198346,min_cost_max_flow,146,6,146,8,103,5
move,"['move', 6, 0, 5]",True,1542,1.6267037791289143,0.0,2.202851082997266,0.5761473038683517,0.9582191304780281,1.6523803437626534,min_cost_max_flow,16,6,16,0,104,5
move,"['move', 6, 6, 7]",True,1542,1.7601181900555902,0.0,2.202851082997266,0.4427328929416757,0.6267435410918551,0.27875505675134093,min_cost_max_flow,120,6,120,6,137,7
move,"['move', 24, 7, 8]",True,1552,0.7672032202755933,0.0,1.4454978605908535,0.6782946403152602,1.270950919488314,1.4917225504879144,min_cost_max_flow,138,24,138,7,146,8
move,"['move', 24, 9, 0]",True,1552,1.0436739576959106,0.0,1.4454978605908535,0.40182390289494285,0.5804710628344765,1.0270646191838777,min_cost_max_flow,172,24,172,9,16,0
move,"['move', 24, 9, 1]",True,1552,0.8643361919030826,0.0,1.4454978605908535,0.5811616686877709,1.0278682483203738,1.6585506166323243,min_cost_max_flow,173,24,173,9,24,1
move,"['move', 24, 9, 8]",True,1552,0.7843577775038071,0.0,1.4454978605908535,0.6611400830870464,1.2278229822022695,1.6527520274943668,min_cost_max_flow,176,24,176,9,148,8
move,"['move', 24, 5, 7]",True,1562,1.281396164514447,0.0,2.049317983309908,0.7679218187954611,1.495520598415169,1.1572340662526923,min_cost_max_flow,91,24,91,5,138,7
move,"['move', 24, 9, 7]",True,1562,1.3832218705149433,0.0,2.049317983309908,0.6660961127949647,1.241289198429513,0.9353240558626761,min_cost_max_flow,177,24,177,9,139,7
move,"['move', 24, 8, 7]",True,1562,1.6674642807628972,0.0,2.049317983309908,0.3818537025470109,0.5308860985660431,0.8000402182528923,min_cost_max_flow,146,24,146,8,143,7
move,"['move', 24, 0, 7]",True,1562,1.466228590884531,0.0,2.049317983309908,0.583089392425377,1.0332234056859306,1.3013186022714422,min_cost_max_flow,16,24,16,0,129,7
move,"['move', 24, 5, 9]",True,1572,2.184406347026542,0.0,2.640456486632676,0.4560501396061343,0.7154869303285523,1.3935474751191212,min_cost_max_flow,97,24,97,5,172,9
move,"['move', 24, 6, 9]",True,1572,2.2172239447441155,0.0,2.640456486632676,0.47091897151356055,0.7530629725224571,1.1242391915596486,min_cost_max_flow,119,24,119,6,170,9
move,"['move', 24, 7, 9]",True,1572,2.207843521449035,0.0,2.640456486632676,0.5732086285586407,1.0089743821808952,0.9993944944012855,min_cost_max_flow,143,24,143,7,173,9
move,"['move', 24, 8, 9]",True,1572,2.0846711982166406,0.0,2.640456486632676,0.5557852884160351,0.9649649078164657,1.3001438330115205,min_cost_max_flow,148,24,148,8,174,9
move,"['move', 6, 2, 6]",True,1582,1.4214263108935197,0.0,2.133729124982608,0.7321507684640884,1.347589241417154,2.0780807105733126,min_cost_max_flow,51,6,51,2,118,6
move,"['move', 6, 3, 6]",True,1582,1.3427108463373671,0.0,2.133729124982608,0.7910182786452408,1.4942403618933895,2.423184028336982,min_cost_max_flow,56,6,56,3,120,6
move,"['move', 6, 5, 6]",True,1582,1.6223429758997632,0.0,2.133729124982608,0.5113861490828449,0.7972243477797747,1.0469775000869506,min_cost_max_flow,98,6,98,5,121,6
move,"['move', 6, 4, 1]",True,1582,1.350978635628434,0.0,2.133729124982608,0.7827504893541741,1.4743270971994207,1.9190450058716677,min_cost_max_flow,80,6,80,4,24,1
move,"['move', 6, 1, 2]",True,1592,1.4920350112546221,0.0,1.8317706759750303,0.3397356647204083,0.36926057215896435,0.2720206432329117,min_cost_max_flow,24,6,24,1,41,2
move,"['move', 6, 4, 9]",True,1592,1.263437398684201,0.0,1.8317706759750303,0.5683332772908294,0.9389690102634631,1.4624161909354432,min_cost_max_flow,85,6,85,4,172,9
move,"['move', 6, 5, 9]",True,1592,1.1749273557486957,0.0,1.8317706759750303,0.6568433202263346,1.1593774125467462,2.040219561255528,min_cost_max_flow,103,6,103,5,176,9
move,"['move', 6, 7, 2]",True,1592,1.024164301872062,0.0,1.8317706759750303,0.8076063741029682,1.5360604214474733,2.1899700884933058,min_cost_max_flow,137,6,137,7,44,2
move,"['move', 6, 5, 7]",True,1602,2.352584756419274,0.0,2.8771903056566956,0.5246055492374216,0.8304475933455251,0.930480713881272,min_cost_max_flow,104,6,104,5,137,7
move,"['move', 6, 9, 1]",True,1602,2.139722009949785,0.0,2.8771903056566956,0.7374682957069107,1.3617054301357712,1.5298336361991114,min_cost_max_flow,172,6,172,9,24,1
move,"['move', 6, 6, 1]",True,1602,2.4568609826370085,0.0,2.8771903056566956,0.4203293230196873,0.5699836125277216,0.7794242295264385,min_cost_max_flow,118,6,118,6,30,1
move,"['move', 6, 3, 1]",True,1602,2.316031976592525,0.0,2.8771903056566956,0.561158329064171,0.921076807888312,1.4323040632721438,min_cost_max_flow,61,6,61,3,32,1
move,"['move', 6, 9, 5]",True,1612,1.8643272575343923,0.0,2.6564907388875896,0.7921634813531973,1.4978107724491565,1.9515815044196787,min_cost_max_flow,176,6,176,9,91,5
move,"['move', 6, 1, 5]",True,1612,1.8267714799003132,0.0,2.6564907388875896,0.8297192589872764,1.5911250626650144,2.3350174173129363,min_cost_max_flow,24,6,24,1,97,5
move,"['move', 6, 6, 5]",True,1612,2.254774743683645,0.0,2.6564907388875896,0.4017159952039446,0.5234936858105357,0.750495681412458,min_cost_max_flow,120,6,120,6,98,5
move,"['move', 6, 1, 3]",True,1612,2.1185570590481206,0.0,2.6564907388875896,0.5379336798394688,0.8627588532417576,1.6031917864716405,min_cost_max_flow,30,6,30,1,56,3
move,"['move', 18, 3, 9]",True,1622,1.185181287327625,0.0,1.9791702693380273,0.7939889820104022,1.4747091138360702,3.1469478841120977,min_cost_max_flow,60,18,60,3,172,9
move,"['move', 18, 4, 9]",True,1622,1.0295642661180113,0.0,1.9791702693380273,0.9820529315533493,1.944190593998428,3.5992103474518164,min_cost_max_flow,78,18,78,4,176,9
move,"['move', 18, 5, 9]",True,1622,1.0653594237051636,0.0,1.9791702693380273,0.9138108456328637,1.7746055787702062,2.9190772987905174,min_cost_max_flow,99,18,99,5,177,9
move,"['move', 18, 7, 9]",True,1622,1.1792827547658264,0.0,1.9791702693380273,0.8512739194055342,1.6200906289741397,1.7008334506188916,min_cost_max_flow,132,18,132,7,178,9
move,"['move', 18, 9, 3]",True,1632,0.8560990852180875,0.0,1.603504049638148,0.7474049644200605,1.3587277374663245,2.827836146706307,min_cost_max_flow,172,18,172,9,60,3
move,"['move', 18, 9, 4]",True,1632,0.7632601715895315,0.0,1.603504049638148,0.8402438780486166,1.590913835188985,2.768627045859432,min_cost_max_flow,176,18,176,9,80,4
move,"['move', 18, 9, 5]",True,1632,0.7199913141355765,0.0,1.603504049638148,0.8835127355025716,1.6991719907055085,2.71128579143546,min_cost_max_flow,177,18,177,9,99,5
move,"['move', 18, 1, 3]",True,1632,1.1039093091601984,0.0,1.603504049638148,0.4995947404779498,0.7410529247299564,1.5940047341006145,min_cost_max_flow,33,18,33,1,61,3
move,"['move', 5, 1, 0]",True,1642,0.8136126963668612,0.0,1.3724985458785466,0.6537613483450188,1.196390054155927,0.6236582109065149,min_cost_max_flow,19,5,19,1,2,0
move,"['move', 5, 2, 0]",True,1642,0.7324332436376265,0.0,1.3724985458785466,0.6400653022409201,1.1599194449809147,2.1106541540834582,min_cost_max_flow,43,5,43,2,16,0
move,"['move', 5, 2, 5]",True,1642,0.7717507734783475,0.0,1.3724985458785466,0.600747772400199,1.062482967705364,1.5390892699155334,min_cost_max_flow,44,5,44,2,103,5
move,"['move', 5, 3, 0]",True,1642,0.9607479272987334,0.0,1.3724985458785466,0.41175061857981315,0.5906970212290616,1.0677972201405628,min_cost_max_flow,72,5,72,3,4,0
move,"['move', 6, 1, 0]",True,1652,1.44143137812067,0.0,2.2716443630918315,0.8302129849711616,1.5942004463759076,1.1076382498594346,min_cost_max_flow,32,6,32,1,2,0
move,"['move', 6, 8, 4]",True,1652,1.4693203264713746,0.0,2.2716443630918315,0.8023240366204569,1.5226891728998453,2.3002399827265356,min_cost_max_flow,156,6,156,8,78,4
move,"['move', 6, 3, 4]",True,1652,1.4921541279981154,0.0,2.2716443630918315,0.7794902350937162,1.4662939421832561,1.8407245825512866,min_cost_max_flow,56,6,56,3,83,4
move,"['move', 6, 7, 4]",True,1652,1.641035832664338,0.0,2.2716443630918315,0.6306085304274935,1.0954943562937842,0.9042740651617707,min_cost_max_flow,137,6,137,7,86,4
move,"['move', 6, 5, 3]",True,1662,1.353796849592175,0.0,1.9776163182224145,0.6238194686302394,1.0770387803313497,1.892888378027934,min_cost_max_flow,91,6,91,5,72,3
move,"['move', 6, 6, 8]",True,1662,1.5566976650544047,0.0,1.9776163182224145,0.4209186531680099,0.5712497224922117,0.9175678337372799,min_cost_max_flow,121,6,121,6,156,8
move,"['move', 6, 4, 8]",True,1662,1.414473801401496,0.0,1.9776163182224145,0.5631425168209185,0.9257954466156662,1.5935245062820915,min_cost_max_flow,78,6,78,4,146,8
move,"['move', 6, 0, 1]",True,1662,1.1828416466413991,0.0,1.9776163182224145,0.7947746715810153,1.5059066401481687,0.9063200847749617,min_cost_max_flow,2,6,2,0,33,1
move,"['move', 18, 8, 6]",True,1672,0.9814742166901234,0.0,1.5249617102341895,0.5434874935440661,0.851388585218956,1.1914861849612564,min_cost_max_flow,149,18,149,8,118,6
move,"['move', 18, 9, 6]",True,1672,0.7179399763307565,0.0,1.5249617102341895,0.807021733903433,1.5082254520821152,2.5239755418000005,min_cost_max_flow,178,18,178,9,119,6
move,"['move', 18, 5, 6]",True,1672,0.994190385699472,0.0,1.5249617102341895,0.5307713245347174,0.8197895597404568,1.0638881550463384,min_cost_max_flow,99,18,99,5,120,6
move,"['move', 18, 2, 1]",True,1672,0.9515879930823841,0.0,1.5249617102341895,0.5733737171518054,0.9267931849281013,0.7321257250965991,min_cost_max_flow,46,18,46,2,32,1
move,"['move', 6, 1, 6]",True,1682,1.876323773984803,0.0,2.647535599461321,0.7712118254765178,1.4455471910114284,1.874542668439223,min_cost_max_flow,33,6,33,1,121,6
move,"['move', 6, 5, 7]",True,1682,2.0927528423735398,0.0,2.647535599461321,0.554782757087781,0.9056566491199192,1.0864566148841917,min_cost_max_flow,97,6,97,5,137,7
move,"['move', 6, 4, 6]",True,1682,2.2830750714998556,0.0,2.647535599461321,0.4396714289614656,0.6179745971166994,1.0222777398383807,min_cost_max_flow,86,6,86,4,123,6
move,"['move', 6, 2, 6]",True,1682,1.9599626413825495,0.0,2.647535599461321,0.6875729580787715,1.2360502808187448,2.141037133984668,min_cost_max_flow,41,6,41,2,109,6
move,"['move', 6, 6, 1]",True,1692,2.0775707218683213,0.0,2.8080915929082337,0.7305208710399125,1.34367595196818,1.9704446362626309,min_cost_max_flow,109,6,109,6,33,1
move,"['move', 6, 7, 0]",True,1692,2.058832006417532,0.0,2.8080915929082337,0.7492595864907019,1.3919809304425144,0.9983180713555467,min_cost_max_flow,137,6,137,7,8,0
move,"['move', 6, 3, 0]",True,1692,1.7608644383455303,0.0,2.8080915929082337,1.0472271545627034,2.135547835543548,1.8996614573357047,min_cost_max_flow,72,6,72,3,10,0
move,"['move', 6, 8, 1]",True,1692,2.2043784488371867,0.0,2.8080915929082337,0.6037131440710469,1.0278985942277359,1.1424715151162605,min_cost_max_flow,146,6,146,8,34,1
move,"['move', 6, 8, 3]",True,1702,1.3948809213160216,0.0,2.2034555928914,0.8085746715753783,1.5389828636725724,1.8555043924441184,min_cost_max_flow,156,6,156,8,72,3
move,"['move', 6, 1, 9]",True,1702,1.6657252569622978,0.0,2.2034555928914,0.5377303359291021,0.8621362368503469,1.6793628634675102,min_cost_max_flow,33,6,33,1,172,9
move,"['move', 6, 2, 3]",True,1702,1.5781523939417317,0.0,2.2034555928914,0.6253031989496682,1.0813157824413793,1.5144375037227542,min_cost_max_flow,44,6,44,2,56,3
move,"['move', 6, 1, 3]",True,1702,1.6236415041097394,0.0,2.2034555928914,0.5798140887816605,0.967151351593202,1.8088744558280874,min_cost_max_flow,34,6,34,1,63,3
move,"['move', 15, 0, 2]",True,1712,1.627568014511756,0.0,1.8968255449788356,0.2910219845920795,0.41837786813630373,0.5455668570835462,min_cost_max_flow,5,15,5,0,44,2
move,"['move', 15, 1, 2]",True,1712,1.66442764989228,0.0,1.8968255449788356,0.23239789508655548,0.2720043681401876,0.42108434528759753,min_cost_max_flow,31,15,31,1,51,2
move,"['move', 15, 3, 2]",True,1712,1.4333762685571734,0.0,1.8968255449788356,0.4634492764216621,0.8490141440088337,0.833535991367812,min_cost_max_flow,62,15,62,3,38,2
move,"['move', 15, 5, 2]",True,1712,1.387591933385568,0.0,1.8968255449788356,0.5516302004682677,1.0686940188570588,1.3484928368937839,min_cost_max_flow,95,15,95,5,41,2
move,"['move', 6, 9, 8]",True,1722,1.660201551802253,0.0,2.0595938902567856,0.41558578595453277,0.5583196414845588,0.6495098163773424,min_cost_max_flow,172,6,172,9,156,8
move,"['move', 6, 5, 8]",True,1722,1.333147870294162,0.0,2.0595938902567856,0.7264460199626236,1.333662569631997,1.8546143982365513,min_cost_max_flow,98,6,98,5,146,8
move,"['move', 6, 0, 8]",True,1722,1.083929056584734,0.0,2.0595938902567856,0.997256097005385,2.0114325224567438,1.3581075863408791,min_cost_max_flow,10,6,10,0,149,8
move,"['move', 6, 6, 7]",True,1722,1.1896941117006081,0.0,2.0595938902567856,0.8698997785561774,1.6916125501047645,2.310891738981092,min_cost_max_flow,121,6,121,6,132,7
move,"['move', 6, 0, 2]",True,1732,1.4038831474999434,0.0,2.0598039292537753,0.6559207817538318,1.1593479186594777,0.5223180319297994,min_cost_max_flow,8,6,8,0,42,2
move,"['move', 6, 6, 5]",True,1732,1.426215273264199,0.0,2.0598039292537753,0.6335886559895763,1.1022230014277739,1.3853865793064362,min_cost_max_flow,123,6,123,6,91,5
move,"['move', 6, 7, 5]",True,1732,1.3634177408076977,0.0,2.0598039292537753,0.6963861884460776,1.2605342422284593,0.5071134730182679,min_cost_max_flow,132,6,132,7,95,5
move,"['move', 6, 3, 2]",True,1732,1.4473870866708038,0.0,2.0598039292537753,0.6124168425829714,1.050067683965608,0.869242543075519,min_cost_max_flow,56,6,56,3,43,2
move,"['move', 6, 4, 7]",True,1742,1.1141013312584411,0.0,1.758496253214287,0.6443949219558458,1.1293770049414888,1.2931608472791236,min_cost_max_flow,83,6,83,4,132,7
move,"['move', 6, 5, 7]",True,1742,1.2438438892452417,0.0,1.758496253214287,0.5146523639690452,0.8054742113781685,0.9907599114915799,min_cost_max_flow,91,6,91,5,143,7
move,"['move', 6, 8, 7]",True,1742,1.402974523768928,0.0,1.758496253214287,0.355521729445359,0.40802903036455973,0.7364897144204042,min_cost_max_flow,146,6,146,8,130,7
move,"['move', 6, 3, 1]",True,1742,1.228742529750098,0.0,1.758496253214287,0.5297537234641888,0.8429484607077029,1.1768595170413896,min_cost_max_flow,63,6,63,3,33,1
move,"['move', 24, 9, 5]",True,1752,1.3646644817351952,0.0,2.118585734421642,0.833700572186447,1.658514659586217,2.1257822705303475,min_cost_max_flow,174,24,174,9,91,5
move,"['move', 24, 3, 0]",True,1752,1.4822760832412827,0.0,2.118585734421642,0.6363096511803594,1.166179776260833,1.3641694773071464,min_cost_max_flow,63,24,63,3,5,0
move,"['move', 24, 7, 5]",True,1752,1.6567369086319963,0.0,2.118585734421642,0.4618488257896458,0.7308302932906372,0.8291158062482669,min_cost_max_flow,129,24,129,7,97,5
move,"['move', 24, 6, 8]",True,1752,1.7077702934002605,0.0,2.118585734421642,0.4108154410213817,0.6028168025477498,1.1158016877330543,min_cost_max_flow,112,24,112,6,146,8
move,"['move', 26, 2, 1]",True,1762,1.864381718104488,0.0,2.054952104604384,0.29632920837489596,0.46962090280794655,0.6780129733992539,min_cost_max_flow,37,26,37,2,24,1
move,"['move', 26, 3, 1]",True,1762,1.6436547786741909,0.0,2.054952104604384,0.411297325930193,0.7568571884839912,0.8006851148645453,min_cost_max_flow,59,26,59,3,30,1
move,"['move', 26, 4, 1]",True,1762,1.602067972608417,0.0,2.054952104604384,0.45288413199596694,0.8600443875475321,1.320562515460436,min_cost_max_flow,77,26,77,4,33,1
move,"['move', 26, 5, 1]",True,1762,1.571029794169203,0.0,2.054952104604384,0.4839223104351808,0.937293781353219,1.5512640436923963,min_cost_max_flow,92,26,92,5,34,1
move,"['move', 6, 7, 6]",True,1772,2.3590166800177106,0.0,2.6548654320785356,0.295848752060825,0.25949324130488094,0.3053867799830252,min_cost_max_flow,130,6,130,7,112,6
move,"['move', 6, 8, 6]",True,1772,1.850461345220837,0.0,2.6548654320785356,0.8044040868576987,1.5290527775068767,1.524587306775218,min_cost_max_flow,149,6,149,8,121,6
move,"['move', 6, 5, 4]",True,1772,2.2514406228983224,0.0,2.6548654320785356,0.4034248091802133,0.5286311064337497,0.1735718930510115,min_cost_max_flow,95,6,95,5,77,4
move,"['move', 6, 1, 6]",True,1772,2.107029806578744,0.0,2.6548654320785356,0.5478356254997918,0.8888068275700789,0.7411183347957457,min_cost_max_flow,33,6,33,1,123,6
move,"['move', 18, 6, 8]",True,1782,0.9417932296750696,0.0,1.4555011262304685,0.6415813766803988,1.0963020652452542,1.4056380613170198,min_cost_max_flow,119,18,119,6,148,8
move,"['move', 18, 1, 8]",True,1782,0.6205999918645517,0.0,1.4555011262304685,0.8349011343659167,1.5779853690437449,2.483031671519559,min_cost_max_flow,32,18,32,1,149,8
move,"['move', 18, 7, 8]",True,1782,1.010968140955781,0.0,1.4555011262304685,0.4445329852746876,0.6042033708981762,1.057448616517076,min_cost_max_flow,136,18,136,7,150,8
move,"['move', 18, 6, 5]",True,1782,0.7056854487152069,0.0,1.4555011262304685,0.7498156775152616,1.3661368619505083,1.9062749825853906,min_cost_max_flow,118,18,118,6,92,5
move,"['move', 18, 6, 9]",True,1792,1.2489102993833665,0.0,1.821139375414385,0.5722290760310186,0.9229909494242747,1.3592141930028951,min_cost_max_flow,120,18,120,6,172,9
move,"['move', 18, 8, 9]",True,1792,0.9494949897710483,0.0,1.821139375414385,0.8716443856433367,1.6708581048769702,1.8066265784027113,min_cost_max_flow,148,18,148,8,176,9
move,"['move', 18, 8, 1]",True,1792,0.9737168152236122,0.0,1.821139375414385,0.8474225601907728,1.609211911301827,2.5343798742249497,min_cost_max_flow,149,18,149,8,32,1
move,"['move', 18, 0, 9]",True,1792,1.2125547615673578,0.0,1.821139375414385,0.6085846138470272,1.0140698193026765,1.2325306340828355,min_cost_max_flow,12,18,12,0,177,9
move,"['move', 6, 3, 5]",True,1802,1.8209015558875015,0.0,2.5061013382474133,0.685199782359912,1.2307510945101967,1.7185351415840968,min_cost_max_flow,72,6,72,3,95,5
move,"['move', 6, 8, 5]",True,1802,1.8435106935063783,0.0,2.5061013382474133,0.6625906447410351,1.1738362081014202,1.9798967159736895,min_cost_max_flow,156,6,156,8,98,5
move,"['move', 6, 4, 5]",True,1802,2.0118195574635562,0.0,2.5061013382474133,0.494281780783857,0.7545629521555384,0.980627417931371,min_cost_max_flow,77,6,77,4,99,5
move,"['move', 6, 2, 5]",True,1802,1.6153845929831436,0.0,2.5061013382474133,0.8907167452642696,1.7436692945520917,2.3013399542500284,min_cost_max_flow,42,6,42,2,104,5
move,"['move', 6, 2, 8]",True,1812,1.6793469560974048,0.0,2.352790552093125,0.6734435959957203,1.2013507542214938,1.7251180603998797,min_cost_max_flow,43,6,43,2,156,8
move,"['move', 6, 7, 3]",True,1812,1.5734637464884342,0.0,2.352790552093125,0.7793268056046909,1.4661687264888315,1.6518192304590962,min_cost_max_flow,132,6,132,7,63,3
move,"['move', 6, 6, 3]",True,1812,1.819163114017981,0.0,2.352790552093125,0.5336274380751442,0.8522873211913975,1.407143546170583,min_cost_max_flow,112,6,112,6,72,3
move,"['move', 6, 7, 8]",True,1812,1.8175067712560518,0.0,2.352790552093125,0.5352837808370734,0.8563779363248614,1.440638060410052,min_cost_max_flow,143,6,143,7,148,8
move,"['move', 6, 6, 1]",True,1828,1.5495855937684295,0.0,2.1307644432624864,0.5811788494940568,0.9718501060269773,0.9509726873051746,min_cost_max_flow,121,6,121,6,31,1
move,"['move', 6, 8, 0]",True,1828,1.4446821906582639,0.0,2.1307644432624864,0.6860822526042225,1.232723206263472,1.8745777132513608,min_cost_max_flow,148,6,148,8,12,0
move,"['move', 6, 8, 1]",True,1828,1.6101156086462245,0.0,2.1307644432624864,0.5206488346162619,0.8198388924247411,1.4084236258043379,min_cost_max_flow,156,6,156,8,33,1
move,"['move', 6, 5, 0]",True,1828,1.302464285214598,0.0,2.1307644432624864,0.8283001580478884,1.5890651438276109,1.343128409935305,min_cost_max_flow,95,6,95,5,8,0
move,"['move', 9, 4, 2]",True,1838,1.6592959171193677,0.0,1.9774304553260271,0.31813453820665943,0.491891076482716,0.8486045921785286,min_cost_max_flow,76,9,76,4,37,2
move,"['move', 9, 9, 8]",True,1838,1.4386041414098765,0.0,1.9774304553260271,0.5388263139161507,1.0429067254954134,1.324464766199018,min_cost_max_flow,164,9,164,9,156,8
move,"['move', 9, 1, 8]",True,1838,1.4793121306446102,0.0,1.9774304553260271,0.575657458181417,1.1349557452485897,1.343692039525375,min_cost_max_flow,28,9,28,1,148,8
move,"['move', 9, 4, 7]",True,1838,1.5287612782562028,0.0,1.9774304553260271,0.44866917706982445,0.817953962017782,1.0310790074095328,min_cost_max_flow,80,9,80,4,132,7
move,"['move', 6, 1, 7]",True,1848,1.9196735416230344,0.0,2.4273540287838062,0.5076804871607719,0.787234626168356,1.5306887042443533,min_cost_max_flow,31,6,31,1,136,7
move,"['move', 6, 0, 7]",True,1848,1.6076483509915453,0.0,2.4273540287838062,0.8197056777922608,1.5668329516302038,1.8404561154940886,min_cost_max_flow,8,6,8,0,137,7
move,"['move', 6, 0, 4]",True,1848,1.7787600374525199,0.0,2.4273540287838062,0.6485939913312863,1.1389861709612887,1.8854991264799446,min_cost_max_flow,12,6,12,0,76,4
move,"['move', 6, 5, 2]",True,1848,1.5753720333169974,0.0,2.4273540287838062,0.8519819954668088,1.6472590689118078,2.016907385337917,min_cost_max_flow,98,6,98,5,42,2
move,"['move', 26, 1, 0]",True,1858,0.9483987778188819,0.0,1.3812754756856438,0.43287669786676186,0.8103247353392362,1.1212737723159238,min_cost_max_flow,24,26,24,1,12,0
move,"['move', 26, 1, 3]",True,1858,1.0114764606993052,0.0,1.3812754756856438,0.36979901498633855,0.6527434874224127,1.0459675828260762,min_cost_max_flow,30,26,30,1,56,3
move,"['move', 26, 1, 2]",True,1858,0.9462526754692581,0.0,1.3812754756856438,0.43502280021638573,0.8158339960464218,1.0252705502319501,min_cost_max_flow,33,26,33,1,43,2
move,"['move', 26, 6, 0]",True,1858,0.9206141105963939,0.0,1.3812754756856438,0.54109154296425,1.080474047896132,1.3798072301988416,min_cost_max_flow,109,26,109,6,11,0
move,"['move', 9, 2, 5]",True,1868,1.776717286356671,0.0,2.2059883574471186,0.4292710710904476,0.7698752765718382,0.7533593390774094,min_cost_max_flow,37,9,37,2,95,5
move,"['move', 9, 3, 5]",True,1868,1.9257978110077896,0.0,2.2059883574471186,0.2801905464393291,0.3971690325270174,0.7566476170937574,min_cost_max_flow,62,9,62,3,98,5
move,"['move', 9, 8, 6]",True,1868,1.8909897739550812,0.0,2.2059883574471186,0.3149985834920376,0.48448416406972683,0.559955009801589,min_cost_max_flow,148,9,148,8,112,6
move,"['move', 9, 7, 6]",True,1868,1.7585540502148307,0.0,2.2059883574471186,0.4627816387322878,0.8532061787009297,1.050370656083255,min_cost_max_flow,132,9,132,7,118,6
move,"['move', 24, 9, 3]",True,1878,1.2228591519797414,0.0,1.899477604074208,0.6766184520944666,1.265582760108373,2.2768484357925725,min_cost_max_flow,170,24,170,9,62,3
move,"['move', 24, 9, 2]",True,1878,1.266353432347045,0.0,1.899477604074208,0.6331241717271632,1.1575977550965035,1.7763844981996684,min_cost_max_flow,172,24,172,9,37,2
move,"['move', 24, 9, 4]",True,1878,1.215806793426394,0.0,1.899477604074208,0.6836708106478141,1.2834109472132695,2.1453212881072967,min_cost_max_flow,173,24,173,9,77,4
move,"['move', 24, 1, 2]",True,1878,1.3947037255636192,0.0,1.899477604074208,0.5047738785105887,0.8381582735637494,0.8188834924117079,min_cost_max_flow,24,24,24,1,44,2
move,"['move', 6, 1, 8]",True,1888,1.840661661370579,0.0,2.578678754311242,0.7380170929406628,1.362099324069277,2.181899736782001,min_cost_max_flow,33,6,33,1,148,8
move,"['move', 6, 3, 8]",True,1888,2.0128757309820484,0.0,2.578678754311242,0.6101870393291937,1.0434832116297912,1.5425520106572856,min_cost_max_flow,72,6,72,3,149,8
move,"['move', 6, 7, 9]",True,1888,1.7185017996958494,0.0,2.578678754311242,0.8601769546153925,1.6680726082813635,1.799479719940269,min_cost_max_flow,136,6,136,7,164,9
move,"['move', 6, 6, 9]",True,1888,1.9159631820841043,0.0,2.578678754311242,0.6627155722271377,1.1742300945588795,1.9255182211717212,min_cost_max_flow,123,6,123,6,170,9
move,"['move', 1, 0, 7]",True,1898,0.8882988742883879,0.0,1.3815538946616241,0.4932550203732362,0.8893670617544558,0.7603507165364721,min_cost_max_flow,9,1,9,0,136,7
move,"['move', 1, 1, 7]",True,1898,0.6031859432422563,0.0,1.3815538946616241,0.7783679514193679,1.6005228382273344,1.844718144836808,min_cost_max_flow,27,1,27,1,129,7
move,"['move', 1, 2, 7]",True,1898,0.7609415659294116,0.0,1.3815538946616241,0.6206123287322125,1.2065288319063256,1.5813512135836911,min_cost_max_flow,49,1,49,2,130,7
move,"['move', 1, 2, 6]",True,1898,0.8109861507549442,0.0,1.3815538946616241,0.57056774390668,1.0819503394668573,1.2260381306752244,min_cost_max_flow,53,1,53,2,119,6
move,"['move', 26, 0, 4]",True,1908,3.5066088541571943,0.0,1.8265177826613455,0.3199089285041511,0.528567194713105,0.6800185853854227,min_cost_max_flow,11,26,11,0,80,4
move,"['move', 26, 0, 5]",True,1908,1.3876683926044513,0.0,1.8265177826613455,0.4388493900568942,0.825751020496682,0.7915706509059997,min_cost_max_flow,12,26,12,0,105,5
move,"['move', 9, 0, 3]",True,1908,1.7838065324927062,0.0,2.2080109266455907,0.4242043941528846,0.7570489015161002,0.859814480297678,min_cost_max_flow,6,9,6,0,62,3
move,"['move', 9, 6, 2]",True,1908,1.7322237516716315,0.0,2.2080109266455907,0.4757871749739594,0.8859668715449516,0.8858024961880842,min_cost_max_flow,112,9,112,6,53,2
move,"['move', 6, 9, 6]",True,1918,1.7406651855195914,0.0,2.277194647046641,0.5365294615270495,0.8598873570626893,1.1771587184848895,min_cost_max_flow,164,6,164,9,109,6
move,"['move', 6, 9, 1]",True,1918,1.6541519403753542,0.0,2.277194647046641,0.6230427066712868,1.0759516764483124,1.3230210351318343,min_cost_max_flow,170,6,170,9,24,1
move,"['move', 6, 7, 6]",True,1918,1.5522203315115812,0.0,2.277194647046641,0.7249743155350596,1.3303748399412143,1.593593479485069,min_cost_max_flow,137,6,137,7,112,6
move,"['move', 6, 4, 6]",True,1918,1.5971437381501872,0.0,2.277194647046641,0.6800509088964536,1.217978739656246,1.6519826051206323,min_cost_max_flow,76,6,76,4,120,6
move,"['move', 18, 5, 0]",True,1928,0.41358071679509134,0.0,2.052421179883342,1.6388404630882505,3.58773302723057,2.5501407508594007,min_cost_max_flow,92,18,92,5,12,0
move,"['move', 18, 7, 0]",True,1928,0.9715392681806796,0.0,2.052421179883342,1.0808819117026622,2.194450841365324,1.4740123517095987,min_cost_max_flow,140,18,140,7,2,0
move,"['move', 18, 9, 0]",True,1928,1.3931116239576387,0.0,2.052421179883342,0.6593095559257032,1.1405358883639565,1.4633880576894236,min_cost_max_flow,172,18,172,9,6,0
move,"['move', 18, 3, 2]",True,1928,1.462296154670283,0.0,2.052421179883342,0.5901250252130589,0.9682413468217419,1.01886456475864,min_cost_max_flow,60,18,60,3,45,2
move,"['move', 24, 2, 9]",True,1938,1.2883811368831593,0.0,1.9732068861063405,0.6848257492231814,1.286669591539976,1.8977893625818705,min_cost_max_flow,37,24,37,2,172,9
move,"['move', 24, 7, 9]",True,1938,1.3300305496671392,0.0,1.9732068861063405,0.6431763364392012,1.182739890551602,1.7685687148642664,min_cost_max_flow,138,24,138,7,164,9
move,"['move', 24, 5, 9]",True,1938,1.111395085378811,0.0,1.9732068861063405,0.8618118007275296,1.7280067299543589,2.6497829269070166,min_cost_max_flow,91,24,91,5,170,9
move,"['move', 24, 8, 9]",True,1938,1.3810714586574306,0.0,1.9732068861063405,0.5921354274489099,1.0558131982252235,1.318181948630912,min_cost_max_flow,146,24,146,8,173,9
move,"['move', 9, 5, 9]",True,1948,1.47264884754549,0.0,1.904956519967885,0.455340751922395,0.8345578789339925,1.0810924842201572,min_cost_max_flow,95,9,95,5,172,9
move,"['move', 9, 6, 9]",True,1948,1.528474383453485,0.0,1.904956519967885,0.37648213651439993,0.6376587049926457,0.9161827651263483,min_cost_max_flow,118,9,118,6,174,9
move,"['move', 9, 8, 0]",True,1948,1.4452113760361256,0.0,1.904956519967885,0.45974514393175947,0.846302690290031,0.5918715958018661,min_cost_max_flow,156,9,156,8,8,0
move,"['move', 9, 2, 0]",True,1948,1.3894118567711777,0.0,1.904956519967885,0.5155446631967073,0.9850941974691523,1.0633989179675625,min_cost_max_flow,53,9,53,2,9,0
move,"['move', 6, 6, 4]",True,1958,1.1053991929521831,0.0,1.454777452026476,0.3754370031992928,0.45777004389310605,0.7679369519459245,min_cost_max_flow,112,6,112,6,76,4
move,"['move', 6, 2, 4]",True,1958,0.8923752835192359,0.0,1.454777452026476,0.6772014576322402,1.211332965282054,1.3334134142261749,min_cost_max_flow,42,6,42,2,78,4
move,"['move', 6, 1, 7]",True,1958,0.5069441713003293,0.0,1.454777452026476,1.0052858221011467,2.0305278697414906,2.0107512227794637,min_cost_max_flow,24,6,24,1,137,7
move,"['move', 6, 5, 4]",True,1958,1.121091946627676,0.0,1.454777452026476,0.3336855053987998,0.35391937605527346,0.41588584301268433,min_cost_max_flow,99,6,99,5,83,4
move,"['move', 5, 0, 1]",True,1968,1.5001882819080687,0.0,2.0573265240978236,0.5629233605647548,0.967591615535639,1.7593043239919135,min_cost_max_flow,4,5,4,0,33,1
move,"['move', 5, 0, 3]",True,1968,1.4001303254978392,0.0,2.0573265240978236,0.6571961985999845,1.2050572790249134,0.5702587231916446,min_cost_max_flow,2,5,2,0,72,3
move,"['move', 5, 4, 1]",True,1968,1.531552389383784,0.0,2.0573265240978236,0.5257741347140397,0.8763638862183143,0.6624141176830803,min_cost_max_flow,81,5,81,4,27,1
move,"['move', 5, 4, 3]",True,1968,1.5464661991563355,0.0,2.0573265240978236,0.510860324941488,0.8387029654040816,0.9133450395855347,min_cost_max_flow,82,5,82,4,59,3
move,"['move', 18, 0, 7]",True,1978,0.4252785243094337,0.0,1.6815730576042074,1.2562945332947737,2.6313274048698077,2.5773393355733747,min_cost_max_flow,2,18,2,0,138,7
move,"['move', 18, 3, 7]",True,1978,0.7010005392312781,0.0,1.6815730576042074,0.9805725183729292,1.942223109119368,2.4435116327917292,min_cost_max_flow,61,18,61,3,140,7
move,"['move', 18, 1, 7]",True,1978,0.7532741772205487,0.0,1.6815730576042074,0.9282988803836587,1.8112868620046356,2.61161306049581,min_cost_max_flow,32,18,32,1,131,7
move,"['move', 18, 8, 7]",True,1978,1.408211392862198,0.0,1.6815730576042074,0.2992846559920095,0.24193889061643858,0.48655333321201655,min_cost_max_flow,150,18,150,8,133,7
move,"['move', 6, 8, 2]",True,1988,1.273033097149964,0.0,1.9802391309890979,0.7072060338391339,1.2856613536823716,1.7887814921707037,min_cost_max_flow,148,6,148,8,53,2
move,"['move', 6, 4, 2]",True,1988,1.4075966317932138,0.0,1.9802391309890979,0.5726424991958841,0.9497555059424485,1.4534555800363231,min_cost_max_flow,76,6,76,4,37,2
move,"['move', 6, 7, 1]",True,1988,1.0331506494458673,0.0,1.9802391309890979,0.9470884815432304,1.8857149621653662,1.5571220103350842,min_cost_max_flow,137,6,137,7,28,1
move,"['move', 6, 6, 2]",True,1988,0.9874299659511496,0.0,1.9802391309890979,0.9928091650379482,1.9991973909964145,2.1033086141660178,min_cost_max_flow,109,6,109,6,46,2
move,"['move', 24, 0, 8]",True,1998,1.5429311018582512,0.0,2.1992901649109764,0.6814142594277254,1.2787760428291222,1.4743388440577294,min_cost_max_flow,5,24,5,0,156,8
move,"['move', 24, 3, 1]",True,1998,1.7372567725449635,0.0,2.1992901649109764,0.46203339236601293,0.7309866393261473,1.0324960765202231,min_cost_max_flow,62,24,62,3,31,1
move,"['move', 24, 4, 1]",True,1998,1.5671997369380046,0.0,2.1992901649109764,0.6638828940979719,1.2346861904879916,1.6486315218888972,min_cost_max_flow,77,24,77,4,32,1
move,"['move', 24, 2, 8]",True,1998,1.567450502246603,0.0,2.1992901649109764,0.6318396626643733,1.1547098360897508,1.5608153980517794,min_cost_max_flow,44,24,44,2,146,8
move,"['move', 18, 9, 8]",True,2008,1.3506436106906194,0.0,2.1303461006941182,0.7797024900034988,1.4413815576153866,1.5544986863954762,min_cost_max_flow,176,18,176,9,150,8
move,"['move', 18, 4, 3]",True,2008,1.7841592112238387,0.0,2.1303461006941182,0.3461868894702794,0.3593333375356451,0.39397785085755743,min_cost_max_flow,80,18,80,4,61,3
move,"['move', 18, 2, 8]",True,2008,1.2128088195406481,0.0,2.1303461006941182,0.9175372811534702,1.7854306096232904,1.9131159310785684,min_cost_max_flow,45,18,45,2,155,8
move,"['move', 18, 9, 1]",True,2008,1.598620591845135,0.0,2.1303461006941182,0.5317255088489833,0.8226583950490749,0.7416384730773931,min_cost_max_flow,177,18,177,9,33,1
move,"['move', 9, 5, 6]",True,2018,1.366320548100022,0.0,1.7574568265699233,0.39113627846990134,0.6745961826600251,0.7147675793757389,min_cost_max_flow,98,9,98,5,109,6
move,"['move', 9, 9, 6]",True,2018,1.3329798926543905,0.0,1.7574568265699233,0.42447693391553276,0.7577283584541874,0.861076125986483,min_cost_max_flow,172,9,172,9,112,6
move,"['move', 9, 1, 6]",True,2018,1.2731831870732977,0.0,1.7574568265699233,0.4842736394966256,0.9066571782786923,1.2363722114713003,min_cost_max_flow,22,9,22,1,121,6
move,"['move', 9, 3, 6]",True,2018,1.2723751891190778,0.0,1.7574568265699233,0.48508163745084554,0.9081716056243749,1.5734172380494864,min_cost_max_flow,62,9,62,3,123,6
move,"['move', 18, 7, 5]",True,2028,1.031229946031592,0.0,1.6755905568547835,0.6443606108231915,1.1021281998910126,2.15360520213265,min_cost_max_flow,131,18,131,7,91,5
move,"['move', 18, 3, 5]",True,2028,1.146210577798389,0.0,1.6755905568547835,0.5293799790563944,0.8158757470628188,1.354187476266627,min_cost_max_flow,61,18,61,3,92,5
move,"['move', 18, 8, 5]",True,2028,1.1061029679952221,0.0,1.6755905568547835,0.5694875888595615,0.916325800037157,1.2335018319862547,min_cost_max_flow,150,18,150,8,98,5
move,"['move', 18, 1, 5]",True,2028,0.9259816279934543,0.0,1.6755905568547835,0.7496089288613292,1.3653119449518272,2.1116385584857666,min_cost_max_flow,33,18,33,1,99,5
move,"['move', 6, 2, 9]",True,2038,1.5209342083373547,0.0,1.97523277383891,0.5523489851265552,0.8992289294001239,1.315316492704573,min_cost_max_flow,37,6,37,2,176,9
move,"['move', 6, 2, 0]",True,2038,1.213870041440682,0.0,1.97523277383891,0.761362732398228,1.4220283629874757,1.1386062205915175,min_cost_max_flow,46,6,46,2,4,0
move,"['move', 6, 4, 0]",True,2038,1.2816135805032067,0.0,1.97523277383891,0.6936191933357032,1.2517355068848701,1.7612785181205741,min_cost_max_flow,78,6,78,4,11,0
move,"['move', 6, 2, 7]",True,2038,1.082434822940217,0.0,1.97523277383891,0.8927979508986931,1.7487745764847205,2.366494723203242,min_cost_max_flow,53,6,53,2,132,7
move,"['move', 6, 9, 3]",True,2048,1.115537601365161,0.0,1.8337951224269484,0.7182575210617875,1.3132896061288193,1.789091898961631,min_cost_max_flow,176,6,176,9,62,3
move,"['move', 6, 0, 3]",True,2048,1.1275998343550588,0.0,1.8337951224269484,0.7061952880718896,1.2831978808026179,1.746520466599406,min_cost_max_flow,4,6,4,0,60,3
move,"['move', 6, 5, 3]",True,2048,1.2854401784649747,0.0,1.8337951224269484,0.5483549439619737,0.8880577215968515,2.1060530872503795,min_cost_max_flow,104,6,104,5,61,3
move,"['move', 6, 4, 3]",True,2048,1.4857353163144935,0.0,1.8337951224269484,0.34805980611245496,0.3890168798789091,0.9747178166808345,min_cost_max_flow,83,6,83,4,64,3
move,"['move', 3, 0, 7]",True,2058,1.3356834876958623,0.0,1.9753999364131696,0.6397164487173074,1.2790789766077069,1.6039271976796385,min_cost_max_flow,8,3,8,0,143,7
move,"['move', 3, 1, 7]",True,2058,1.5147229641019082,0.0,1.9753999364131696,0.4606769723112613,0.832867470511701,0.6791372516067331,min_cost_max_flow,26,3,26,1,131,7
move,"['move', 3, 1, 8]",True,2058,1.5100030212338882,0.0,1.9753999364131696,0.4653969151792814,0.8440070540527813,1.119319670919951,min_cost_max_flow,34,3,34,1,148,8
move,"['move', 3, 2, 7]",True,2058,1.3451527774755605,0.0,1.9753999364131696,0.6302471589376091,1.2558431325342099,1.3123402805136828,min_cost_max_flow,39,3,39,2,132,7
move,"['move', 18, 7, 1]",True,2068,0.96503680890307,0.0,1.8955817440487897,0.9305449351457197,1.8178673586298828,1.9680399137658826,min_cost_max_flow,133,18,133,7,24,1
move,"['move', 18, 7, 4]",True,2068,1.0325344962047898,0.0,1.8955817440487897,0.863047247844,1.646410960926005,3.7761595468185605,min_cost_max_flow,138,18,138,7,76,4
move,"['move', 18, 5, 1]",True,2068,1.1394620819562984,0.0,1.8955817440487897,0.7561196620924913,1.3810767207251047,2.4530100949039717,min_cost_max_flow,91,18,91,5,22,1
move,"['move', 18, 8, 4]",True,2068,0.8695566406317388,0.0,1.8955817440487897,1.0530735352920508,2.1214737116679316,3.7781381322857794,min_cost_max_flow,155,18,155,8,77,4
move,"['move', 6, 1, 5]",True,2078,1.3232136291625702,0.0,2.5024628469400105,1.1792492177774403,2.4643072010840115,2.7635231215880887,min_cost_max_flow,28,6,28,1,91,5
move,"['move', 6, 0, 5]",True,2078,1.4722429575578124,0.0,2.5024628469400105,1.030219889382198,2.0919750613065844,2.6027356478025614,min_cost_max_flow,11,6,11,0,95,5
move,"['move', 6, 6, 5]",True,2078,2.1524836326752625,0.0,2.5024628469400105,0.3499792142647482,0.3945871229225304,0.46023604142203334,min_cost_max_flow,120,6,120,6,104,5
move,"['move', 6, 8, 5]",True,2078,1.5694663732032992,0.0,2.5024628469400105,0.9329964737367115,1.8486193529934098,2.8008484474409814,min_cost_max_flow,149,6,149,8,106,5
move,"['move', 6, 7, 0]",True,2088,1.402996560878879,0.0,2.131911601603517,0.7289150407246379,1.3404776681927615,1.4262499610840353,min_cost_max_flow,132,6,132,7,4,0
move,"['move', 6, 5, 1]",True,2088,1.3810937264688776,0.0,2.131911601603517,0.7508178751346393,1.3944091433149879,1.9766572296021374,min_cost_max_flow,91,6,91,5,24,1
move,"['move', 6, 3, 2]",True,2088,1.5599158305876757,0.0,2.131911601603517,0.5719957710158413,0.9484541213496414,1.2431650085032602,min_cost_max_flow,60,6,60,3,53,2
move,"['move', 6, 3, 0]",True,2088,1.6268360903968788,0.0,2.131911601603517,0.505075511206638,0.7818167074001394,0.8010079594989177,min_cost_max_flow,61,6,61,3,5,0
move,"['move', 26, 2, 0]",True,2098,2.09258677867646,0.0,2.5793354903020718,0.4867487116256119,0.9458869905865868,0.5331265388322948,min_cost_max_flow,43,26,43,2,8,0
move,"['move', 26, 3, 0]",True,2098,2.0828286808088885,0.0,2.5793354903020718,0.4965068094931833,0.9687520540537662,1.5532473399983158,min_cost_max_flow,56,26,56,3,11,0
move,"['move', 26, 4, 0]",True,2098,2.1424296906405376,0.0,2.5793354903020718,0.4369057996615343,0.8203244116084534,1.1699925841251986,min_cost_max_flow,80,26,80,4,12,0
move,"['move', 26, 5, 0]",True,2098,2.2572334207551004,0.0,2.5793354903020718,0.3221020695469714,0.534113651883672,0.6376155430414112,min_cost_max_flow,105,26,105,5,14,0
move,"['move', 6, 1, 8]",True,2108,1.8566173308393368,0.0,2.5023767255372706,0.645759394697934,1.1337731278472347,0.636533480262099,min_cost_max_flow,24,6,24,1,149,8
move,"['move', 6, 2, 8]",True,2108,1.7051558321036702,0.0,2.5023767255372706,0.7972208934336005,1.5101932719007891,2.1256020040032135,min_cost_max_flow,53,6,53,2,150,8
move,"['move', 6, 3, 8]",True,2108,1.8887821986393258,0.0,2.5023767255372706,0.6135945268979449,1.0511847430825583,2.087343656731306,min_cost_max_flow,62,6,62,3,156,8
move,"['move', 6, 5, 8]",True,2108,1.6405309529363057,0.0,2.5023767255372706,0.861845772600965,1.671555027616705,2.2592301390001133,min_cost_max_flow,95,6,95,5,157,8
move,"['move', 6, 0, 2]",True,2118,2.2375440462904814,0.0,2.726172376171933,0.488628329881452,0.7401649208732124,1.1568967688071141,min_cost_max_flow,4,6,4,0,53,2
move,"['move', 6, 0, 1]",True,2118,2.250974266038066,0.0,2.726172376171933,0.47519811013386726,0.7073288101055368,0.6639377012828966,min_cost_max_flow,5,6,5,0,24,1
move,"['move', 6, 8, 4]",True,2118,2.1632769563151664,0.0,2.726172376171933,0.562895419856767,0.9253956290231145,1.448241294397314,min_cost_max_flow,149,6,149,8,80,4
move,"['move', 6, 3, 4]",True,2118,2.3582057794578386,0.0,2.726172376171933,0.36796659671409476,0.4394120435536024,0.5559263696183038,min_cost_max_flow,63,6,63,3,78,4
move,"['move', 26, 0, 3]",True,2128,3.29407605713505,0.0,1.6838275122622304,0.38975145512718057,0.7028771408513421,0.8775988649431445,min_cost_max_flow,11,26,11,0,62,3
move,"['move', 26, 0, 2]",True,2128,1.2838326196070093,0.0,1.6838275122622304,0.3999948926552211,0.7287102730551851,0.7279066091153744,min_cost_max_flow,8,26,8,0,37,2
move,"['move', 26, 0, 4]",True,2128,1.2710344205848858,0.0,1.6838275122622304,0.41279309167734446,0.7605186523069278,0.8526521448258501,min_cost_max_flow,12,26,12,0,80,4
move,"['move', 24, 8, 2]",True,2128,1.3881696520032403,0.0,1.8267496800990468,0.43858002809580643,0.6726904199822457,0.8077018554436839,min_cost_max_flow,146,24,146,8,39,2
move,"['move', 24, 2, 0]",True,2138,1.2598087713791755,0.0,1.5243340581443658,0.26452528676519044,0.2382996368323802,0.31032173766077037,min_cost_max_flow,39,24,39,2,4,0
move,"['move', 24, 1, 0]",True,2138,0.8890590440773116,0.0,1.5243340581443658,0.6352750140670542,1.162720144908235,1.9461951901971275,min_cost_max_flow,31,24,31,1,5,0
move,"['move', 24, 5, 3]",True,2138,1.1242203715838888,0.0,1.5243340581443658,0.4001136865604772,0.5766443234788312,0.7278636321712644,min_cost_max_flow,97,24,97,5,63,3
move,"['move', 24, 9, 3]",True,2138,1.102371011126153,0.0,1.5243340581443658,0.42196304701821263,0.6308325901081844,1.0179533088283075,min_cost_max_flow,164,24,164,9,56,3
move,"['move', 6, 1, 9]",True,2148,2.4678476081543144,0.0,2.9521059284342934,0.48425832027997895,0.7296420469683653,0.8887967029165588,min_cost_max_flow,24,6,24,1,164,9
move,"['move', 6, 8, 9]",True,2148,2.5235019276309774,0.0,2.9521059284342934,0.42860400080331595,0.5902952284886851,1.029476561598452,min_cost_max_flow,150,6,150,8,172,9
move,"['move', 6, 3, 7]",True,2148,2.3160134072667757,0.0,2.9521059284342934,0.6360925211675179,1.108996835351718,1.0426059265798884,min_cost_max_flow,64,6,64,3,137,7
move,"['move', 6, 5, 7]",True,2148,2.5431809714538263,0.0,2.9521059284342934,0.4089249569804674,0.5417853437975282,0.5709933176222051,min_cost_max_flow,104,6,104,5,138,7
move,"['move', 6, 9, 3]",True,2158,1.007645420488366,0.0,1.674434448511954,0.6667890280235879,1.18564886382228,1.1020983729884521,min_cost_max_flow,164,6,164,9,60,3
move,"['move', 6, 2, 1]",True,2158,1.1428577480531614,0.0,1.674434448511954,0.5315767004587925,0.8474022953014355,1.2459314455591495,min_cost_max_flow,53,6,53,2,24,1
move,"['move', 6, 8, 3]",True,2158,0.8973909089942649,0.0,1.674434448511954,0.7770435395176891,1.4602858971811656,1.7682619572333191,min_cost_max_flow,156,6,156,8,61,3
move,"['move', 6, 9, 1]",True,2158,0.9230690721598412,0.0,1.674434448511954,0.7513653763521128,1.3970510898070643,1.12786159734044,min_cost_max_flow,172,6,172,9,26,1
move,"['move', 6, 1, 2]",True,2168,1.0802324472542533,0.0,1.6072082876357574,0.526975840381504,0.83596142461829,1.2050784388419558,min_cost_max_flow,24,6,24,1,53,2
move,"['move', 6, 1, 0]",True,2168,0.9833449165742205,0.0,1.6072082876357574,0.6238633710615369,1.0788747166770918,0.7421015330290175,min_cost_max_flow,26,6,26,1,8,0
move,"['move', 6, 8, 9]",True,2168,0.9153509114524515,0.0,1.6072082876357574,0.6918573761833059,1.2473088440128777,1.77602517878676,min_cost_max_flow,157,6,157,8,164,9
move,"['move', 6, 7, 9]",True,2168,1.1096491105684132,0.0,1.6072082876357574,0.4975591770673443,0.763029627934884,0.7985040375131556,min_cost_max_flow,137,6,137,7,172,9
move,"['move', 15, 2, 1]",True,2178,1.6489990004724098,0.0,1.828396762678231,0.26499760183082116,0.35352066773339175,0.409729190260919,min_cost_max_flow,38,15,38,2,24,1
move,"['move', 15, 2, 0]",True,2178,1.3148490524014638,0.0,1.828396762678231,0.5135477102767672,0.9732843505153141,1.4841214122226243,min_cost_max_flow,41,15,41,2,11,0
move,"['move', 15, 2, 7]",True,2178,1.2586888943076282,0.0,1.828396762678231,0.5697078683706028,1.1135330683682696,1.585239666645189,min_cost_max_flow,44,15,44,2,137,7
move,"['move', 15, 5, 1]",True,2178,1.3008752422680485,0.0,1.828396762678231,0.5275215204101824,1.0087870677489263,1.1053268121733306,min_cost_max_flow,96,15,96,5,26,1
move,"['move', 6, 0, 6]",True,2188,0.8973494873452516,0.0,1.6029156267669742,0.7081986535883893,1.2876781133454642,2.0986412988679324,min_cost_max_flow,8,6,8,0,118,6
move,"['move', 6, 9, 8]",True,2188,1.190852513856666,0.0,1.6029156267669742,0.4120631129103083,0.5496935235096316,0.5291333926214025,min_cost_max_flow,164,6,164,9,146,8
move,"['move', 6, 9, 6]",True,2188,1.140534268372756,0.0,1.6029156267669742,0.46238135839421823,0.6747730375900574,1.0065331455207367,min_cost_max_flow,172,6,172,9,120,6
move,"['move', 6, 5, 6]",True,2188,0.9709487500340475,0.0,1.6029156267669742,0.6319668767329267,1.0986810635768052,1.0437130522030467,min_cost_max_flow,106,6,106,5,110,6
move,"['move', 24, 0, 5]",True,2198,1.3969414216571683,0.0,2.1997022134969724,0.8027607918398041,1.581883962797292,1.646612885408828,min_cost_max_flow,4,24,4,0,91,5
move,"['move', 24, 3, 2]",True,2198,1.6090945211205978,0.0,2.1997022134969724,0.5906076923763746,1.0517902386382048,1.4539298857512524,min_cost_max_flow,56,24,56,3,44,2
move,"['move', 24, 0, 2]",True,2198,1.6734586509149179,0.0,2.1997022134969724,0.5262435625820545,0.8915759671472188,0.9898945558750325,min_cost_max_flow,5,24,5,0,39,2
move,"['move', 24, 8, 5]",True,2198,1.4341347680083099,0.0,2.1997022134969724,0.7655674454886625,1.4891944098671956,1.4507375869038677,min_cost_max_flow,156,24,156,8,95,5
move,"['move', 9, 6, 8]",True,2208,1.171373907255344,0.0,1.605620950823793,0.44809784981844925,0.8165963153805933,0.9839646799100913,min_cost_max_flow,109,9,109,6,156,8
move,"['move', 9, 6, 7]",True,2208,1.301655242160096,0.0,1.605620950823793,0.30396570866369704,0.45688028434233274,0.5744167808300261,min_cost_max_flow,112,9,112,6,133,7
move,"['move', 9, 0, 8]",True,2208,1.1906010262671765,0.0,1.605620950823793,0.42080996205661664,0.7486536869582778,0.7992373583993941,min_cost_max_flow,8,9,8,0,150,8
move,"['move', 9, 0, 7]",True,2208,1.1463808343691184,0.0,1.605620950823793,0.45924011645467455,0.8446399823660613,0.85863108330688,min_cost_max_flow,9,9,9,0,134,7
move,"['move', 21, 2, 0]",True,2218,0.9272874271195115,0.0,1.5281229405324281,0.6008355134129166,1.1856145826204738,0.859203984344064,min_cost_max_flow,50,21,50,2,2,0
move,"['move', 21, 4, 0]",True,2218,1.0152540305524749,0.0,1.5281229405324281,0.5128689099799533,0.9652489915351907,1.1585923195940149,min_cost_max_flow,74,21,74,4,8,0
move,"['move', 21, 5, 0]",True,2218,0.9868571761911555,0.0,1.5281229405324281,0.5470606325912726,1.050758575234795,1.1384075387232013,min_cost_max_flow,108,21,108,5,4,0
move,"['move', 21, 5, 1]",True,2218,0.9923744626195091,0.0,1.5281229405324281,0.535748477912919,1.0223965571422013,1.1928284698630096,min_cost_max_flow,92,21,92,5,30,1
move,"['move', 6, 4, 5]",True,2228,1.8576689693697852,0.0,2.3500238567233978,0.5248018156869458,0.8303491661645239,1.3232095837557447,min_cost_max_flow,78,6,78,4,108,5
move,"['move', 6, 3, 5]",True,2228,1.9374207741304874,0.0,2.3500238567233978,0.41260308259291034,0.5504852831436438,0.9012431076167458,min_cost_max_flow,60,6,60,3,92,5
move,"['move', 6, 7, 5]",True,2228,1.7542098827414967,0.0,2.3500238567233978,0.595813973981901,1.007827930356143,1.3576306142681653,min_cost_max_flow,138,6,138,7,96,5
move,"['move', 6, 6, 0]",True,2228,1.4727897603547366,0.0,2.3500238567233978,0.8772340963686611,1.7115603222373466,1.2362400047327495,min_cost_max_flow,110,6,110,6,2,0
move,"['move', 6, 0, 9]",True,2238,0.8963496017969156,0.0,1.6781275474179735,0.781777945621058,1.4738748124109406,0.5996619763313967,min_cost_max_flow,2,6,2,0,164,9
move,"['move', 6, 6, 9]",True,2238,1.1761232571748907,0.0,1.6781275474179735,0.5020042902430829,0.7732206230684824,1.4130292413452723,min_cost_max_flow,118,6,118,6,172,9
move,"['move', 6, 4, 1]",True,2238,1.2202653365257243,0.0,1.6781275474179735,0.4578622108922492,0.663911506482691,0.7156413804832933,min_cost_max_flow,80,6,80,4,28,1
move,"['move', 6, 3, 9]",True,2238,0.9183830078765162,0.0,1.6781275474179735,0.7597445395414574,1.416281277375674,2.2730085338413843,min_cost_max_flow,61,6,61,3,176,9
move,"['move', 6, 9, 4]",True,2248,1.3672754146375126,0.0,2.0545996691023443,0.6873242544648316,1.235562305450003,2.0518480232459577,min_cost_max_flow,164,6,164,9,74,4
move,"['move', 6, 9, 7]",True,2248,1.6219441409298339,0.0,2.0545996691023443,0.4326555281725104,0.6008478284456942,0.7469555389165046,min_cost_max_flow,172,6,172,9,138,7
move,"['move', 6, 1, 3]",True,2248,1.348293352704482,0.0,2.0545996691023443,0.7063063163978622,1.2831712674233131,1.9493099294235727,min_cost_max_flow,28,6,28,1,56,3
move,"['move', 6, 2, 3]",True,2248,1.4232421216629105,0.0,2.0545996691023443,0.6313575474394336,1.096292166654166,1.6207621781406631,min_cost_max_flow,53,6,53,2,60,3
move,"['move', 6, 9, 2]",True,2258,0.8546770269313789,0.0,1.5270121782563724,0.6723351513249934,1.1994673057743057,1.1333425739805971,min_cost_max_flow,176,6,176,9,53,2
move,"['move', 6, 5, 2]",True,2258,0.9872350468170538,0.0,1.5270121782563724,0.5397771314393186,0.8671408057816734,1.754309426277389,min_cost_max_flow,92,6,92,5,38,2
move,"['move', 6, 4, 2]",True,2258,1.17854856827512,0.0,1.5270121782563724,0.34846360998125236,0.39022748997740564,0.840650865678835,min_cost_max_flow,74,6,74,4,41,2
move,"['move', 6, 6, 1]",True,2258,0.6423655313893314,0.0,1.5270121782563724,0.884646646867041,1.7281141038765782,2.554636409211406,min_cost_max_flow,120,6,120,6,28,1
move,"['move', 6, 1, 4]",True,2268,1.8800267557833559,0.0,2.7304606455576628,0.8504338897743068,1.643274412592291,2.093168777512553,min_cost_max_flow,28,6,28,1,74,4
move,"['move', 6, 2, 6]",True,2268,2.189396086816815,0.0,2.7304606455576628,0.5410645587408477,0.8701145349114086,1.917535509002307,min_cost_max_flow,38,6,38,2,109,6
move,"['move', 6, 3, 6]",True,2268,2.2047220656693662,0.0,2.7304606455576628,0.5822800782632964,0.9741125694781658,1.2780450019120588,min_cost_max_flow,60,6,60,3,118,6
move,"['move', 6, 7, 4]",True,2268,1.9370339419398959,0.0,2.7304606455576628,0.7934267036177669,1.500418113599153,2.3187245120379125,min_cost_max_flow,138,6,138,7,78,4
move,"['move', 24, 3, 8]",True,2278,1.89244766445321,0.0,2.427282032483186,0.5348343680299757,0.9127311521224328,1.204446985601074,min_cost_max_flow,63,24,63,3,149,8
move,"['move', 24, 5, 4]",True,2278,2.0087182768714955,0.0,2.427282032483186,0.46456634777835704,0.7380441568529932,0.5490767458631926,min_cost_max_flow,95,24,95,5,80,4
move,"['move', 24, 5, 8]",True,2278,1.5970910827057652,0.0,2.427282032483186,0.8301909497774206,1.650071856292925,1.9049471176810506,min_cost_max_flow,91,24,91,5,155,8
move,"['move', 24, 1, 8]",True,2278,1.9553976053922746,0.0,2.427282032483186,0.4718844270909114,0.755395456282713,1.1783426469736564,min_cost_max_flow,32,24,32,1,156,8
move,"['move', 18, 5, 8]",True,2288,1.3354045511813633,0.0,2.3568270218240928,1.0214224706427295,2.0436755204718793,2.8918245141183214,min_cost_max_flow,92,18,92,5,157,8
move,"['move', 18, 0, 8]",True,2288,1.4423036455238507,0.0,2.3568270218240928,0.914523376300242,1.7772021257842425,2.3755970683967718,min_cost_max_flow,6,18,6,0,158,8
move,"['move', 18, 4, 8]",True,2288,1.3709088099127975,0.0,2.3568270218240928,1.0202682129112952,2.0405966677935794,3.02063008059425,min_cost_max_flow,77,18,77,4,159,8
move,"['move', 18, 4, 2]",True,2288,1.7714201951775987,0.0,2.3568270218240928,0.585406826646494,0.9558037071183207,1.4469600894314198,min_cost_max_flow,76,18,76,4,38,2
move,"['move', 18, 2, 3]",True,2298,1.9337821791555654,0.0,2.6580299929931073,0.7242478138375418,1.3026110707251064,1.6436963366536874,min_cost_max_flow,38,18,38,2,63,3
move,"['move', 18, 7, 9]",True,2298,1.9224329702864609,0.0,2.6580299929931073,0.7355970227066464,1.3314233398086799,1.350865062779154,min_cost_max_flow,140,18,140,7,172,9
move,"['move', 18, 5, 3]",True,2298,2.3321937169149543,0.0,2.6580299929931073,0.32583627607815285,0.30845716469411855,0.39373742499773,min_cost_max_flow,98,18,98,5,61,3
move,"['move', 18, 5, 9]",True,2298,1.737936082944522,0.0,2.6580299929931073,0.9200939100485852,1.7909670556618948,2.483200063867171,min_cost_max_flow,99,18,99,5,176,9
move,"['move', 9, 6, 5]",True,2308,1.1606762595200584,0.0,1.6827553980290852,0.5220791385090269,1.0019059750411543,0.7463393904987733,min_cost_max_flow,121,9,121,6,92,5
move,"['move', 9, 9, 0]",True,2308,1.2555627720148193,0.0,1.6827553980290852,0.42719262601426605,0.7646033580822404,0.8038965385065967,min_cost_max_flow,174,9,174,9,6,0
move,"['move', 9, 4, 5]",True,2308,1.246103248749339,0.0,1.6827553980290852,0.5297997507797461,1.0204122096693027,1.2765367562651893,min_cost_max_flow,84,9,84,4,91,5
move,"['move', 9, 7, 2]",True,2308,1.2084564655283356,0.0,1.6827553980290852,0.47429893250074956,0.8818346332591318,1.1602238980515462,min_cost_max_flow,133,9,133,7,38,2
move,"['move', 18, 9, 7]",True,2318,2.3314564609780484,0.0,2.9682462752421594,0.6367898142641112,1.0836720003389928,1.8397439716786996,min_cost_max_flow,172,18,172,9,138,7
move,"['move', 18, 3, 4]",True,2318,2.5482857569870387,0.0,2.9682462752421594,0.4199605182551206,0.5432914106531825,0.7113104139012267,min_cost_max_flow,61,18,61,3,76,4
move,"['move', 18, 0, 2]",True,2318,2.1741569188388574,0.0,2.9682462752421594,0.7940893564033019,1.4779411206618533,1.159567321756092,min_cost_max_flow,12,18,12,0,43,2
move,"['move', 18, 9, 2]",True,2318,2.0341146291991707,0.0,2.9682462752421594,0.9341316460429888,1.8269720504467841,1.8760968646136331,min_cost_max_flow,176,18,176,9,44,2
move,"['move', 6, 3, 7]",True,2328,1.2250478773881186,0.0,1.901906287114193,0.6768584097260744,1.2102780807836098,1.4649232362461082,min_cost_max_flow,56,6,56,3,140,7
move,"['move', 6, 8, 7]",True,2328,1.280922145118197,0.0,1.901906287114193,0.6209841419959962,1.0711272481748892,1.1083654252626765,min_cost_max_flow,146,6,146,8,132,7
move,"['move', 6, 5, 7]",True,2328,1.181289338526939,0.0,1.901906287114193,0.7206169485872539,1.32007151896687,1.200195882705159,min_cost_max_flow,96,6,96,5,133,7
move,"['move', 6, 6, 7]",True,2328,1.6368199942640103,0.0,1.901906287114193,0.3532409707251828,0.4031750725116581,0.17119708272783632,min_cost_max_flow,118,6,118,6,135,7
move,"['move', 6, 6, 3]",True,2338,2.37398577316072,0.0,2.8765622636081263,0.502576490447406,0.7745280827548413,1.495056457644535,min_cost_max_flow,109,6,109,6,56,3
move,"['move', 6, 7, 3]",True,2338,2.2519838427152212,0.0,2.8765622636081263,0.6245784208929048,1.0805998754658503,0.7837453928030863,min_cost_max_flow,132,6,132,7,60,3
move,"['move', 6, 5, 3]",True,2338,2.311522713935987,0.0,2.8765622636081263,0.5650395496721392,0.9309103869272803,1.3452857172403796,min_cost_max_flow,108,6,108,5,61,3
move,"['move', 6, 4, 3]",True,2338,2.3769633444095275,0.0,2.8765622636081263,0.4995989191985988,0.7675878587979241,1.1592536809105813,min_cost_max_flow,74,6,74,4,62,3
move,"['move', 9, 2, 3]",True,2348,1.7950319816535436,0.0,2.204200822103611,0.40916884045006763,0.7193605888605816,0.9261000792817843,min_cost_max_flow,38,9,38,2,63,3
move,"['move', 9, 6, 9]",True,2348,1.9091859119362042,0.0,2.204200822103611,0.29501491016740694,0.4347862649919989,0.38576552056914537,min_cost_max_flow,123,9,123,6,176,9
move,"['move', 9, 8, 3]",True,2348,1.6671365954205557,0.0,2.204200822103611,0.5370642266830553,1.0393009224753769,0.7915213910645233,min_cost_max_flow,150,9,150,8,64,3
move,"['move', 9, 7, 4]",True,2348,1.6309399158116453,0.0,2.204200822103611,0.5732609062919657,1.1297711589941173,0.8058297267548598,min_cost_max_flow,134,9,134,7,74,4
move,"['move', 6, 2, 5]",True,2358,1.4589911899028476,0.0,1.9802216797239705,0.5212304898211229,0.820791210855532,1.7429700133787567,min_cost_max_flow,41,6,41,2,108,5
move,"['move', 6, 4, 5]",True,2358,1.557680513773424,0.0,1.9802216797239705,0.4225411659505465,0.5749897240566497,1.128421428339698,min_cost_max_flow,78,6,78,4,92,5
move,"['move', 6, 3, 5]",True,2358,1.3102864627404354,0.0,1.9802216797239705,0.6699352169835351,1.1928389952845464,1.5523256647229458,min_cost_max_flow,56,6,56,3,95,5
move,"['move', 6, 7, 5]",True,2358,1.4966725623139672,0.0,1.9802216797239705,0.4835491174100034,0.7278753435457475,0.8845942013693173,min_cost_max_flow,133,6,133,7,96,5
move,"['move', 6, 3, 4]",True,2368,1.6494595243829715,0.0,1.909468954527041,0.26000943014406946,0.16998137591144769,0.24776051434606208,min_cost_max_flow,60,6,60,3,77,4
move,"['move', 6, 7, 4]",True,2368,1.1708800784285809,0.0,1.909468954527041,0.73858887609846,1.3645610400380974,1.4937276872302918,min_cost_max_flow,135,6,135,7,78,4
move,"['move', 6, 3, 1]",True,2368,1.2452356184438171,0.0,1.909468954527041,0.6642333360832237,1.1791055844951188,1.2047980238221965,min_cost_max_flow,61,6,61,3,28,1
move,"['move', 6, 7, 0]",True,2368,1.3019602147776432,0.0,1.909468954527041,0.6075087397493977,1.036896031771903,1.4701726162561228,min_cost_max_flow,140,6,140,7,12,0
move,"['move', 9, 4, 6]",True,2378,1.3161545344741858,0.0,1.6074113554639768,0.29125682098979094,0.4247354278595594,0.8228416461687867,min_cost_max_flow,74,9,74,4,109,6
move,"['move', 9, 8, 7]",True,2378,1.3534050189624105,0.0,1.6074113554639768,0.2540063365015664,0.33245236031143577,0.2607458645436524,min_cost_max_flow,156,9,156,8,140,7
move,"['move', 9, 5, 7]",True,2378,1.1270679696579093,0.0,1.6074113554639768,0.4803433858060675,0.8971920681578922,0.9960228077411811,min_cost_max_flow,91,9,91,5,132,7
move,"['move', 9, 0, 6]",True,2378,1.3055949137882141,0.0,1.6074113554639768,0.30181644167576277,0.45179431867290987,0.3829489138882408,min_cost_max_flow,6,9,6,0,112,6
move,"['move', 6, 1, 8]",True,2388,1.3005866368608194,0.0,2.1310097545173896,0.8304231176565702,1.5929743061242334,2.2752862266565397,min_cost_max_flow,28,6,28,1,146,8
move,"['move', 6, 4, 8]",True,2388,1.5181127155043874,0.0,2.1310097545173896,0.6128970390130022,1.0507326099541388,1.2262859341064811,min_cost_max_flow,77,6,77,4,150,8
move,"['move', 6, 0, 6]",True,2388,1.406121338357524,0.0,2.1310097545173896,0.7248884161598655,1.3290210518716776,2.352953233852764,min_cost_max_flow,12,6,12,0,118,6
move,"['move', 6, 2, 6]",True,2388,1.2652785594570493,0.0,2.1310097545173896,0.8657311950603404,1.6814919517855742,2.1103181253797305,min_cost_max_flow,53,6,53,2,120,6
move,"['move', 9, 9, 4]",True,2398,0.8631440405583632,0.0,1.4582329157081217,0.5950888751497585,1.1836573124310235,1.2616755318054707,min_cost_max_flow,176,9,176,9,74,4
move,"['move', 9, 5, 4]",True,2398,1.215268559131808,0.0,1.4582329157081217,0.24296435657631374,0.3046119105492835,0.41774583055745707,min_cost_max_flow,92,9,92,5,77,4
move,"['move', 9, 1, 4]",True,2398,0.962999744390497,0.0,1.4582329157081217,0.49523317131762484,0.934770217492769,0.7602324370855695,min_cost_max_flow,25,9,25,1,81,4
move,"['move', 9, 6, 0]",True,2398,0.9187954681566123,0.0,1.4582329157081217,0.5394374475515095,1.0444278596660297,1.3289313780528875,min_cost_max_flow,109,9,109,6,12,0
move,"['move', 6, 8, 2]",True,2408,1.7670077919557259,0.0,2.5045232470966923,0.7375154551409665,1.3612099988458795,1.9387202195530837,min_cost_max_flow,146,6,146,8,53,2
move,"['move', 6, 8, 1]",True,2408,1.8000768751858192,0.0,2.5045232470966923,0.7044463719108732,1.278180762023112,2.1764060512426555,min_cost_max_flow,150,6,150,8,25,1
move,"['move', 6, 3, 2]",True,2408,1.9904696816409615,0.0,2.5045232470966923,0.5140535654557309,0.8039550311477797,1.0055492095603755,min_cost_max_flow,62,6,62,3,41,2
move,"['move', 6, 4, 7]",True,2408,1.9803016780000449,0.0,2.5045232470966923,0.5242215690966473,0.8289794227566745,1.26929420515782,min_cost_max_flow,78,6,78,4,133,7
move,"['move', 18, 4, 5]",True,2418,1.0690055547806774,0.0,1.5289307476761564,0.4599251928954791,0.6432235012762249,0.697707732470543,min_cost_max_flow,76,18,76,4,91,5
move,"['move', 18, 3, 0]",True,2418,0.7676422721738628,0.0,1.5289307476761564,0.7612884755022936,1.3951028865922126,1.7169218665026202,min_cost_max_flow,63,18,63,3,5,0
move,"['move', 18, 1, 0]",True,2418,1.1261774915478195,0.0,1.5289307476761564,0.40275325612833696,0.500454441709735,0.5905194982268724,min_cost_max_flow,22,18,22,1,6,0
move,"['move', 18, 2, 0]",True,2418,0.9936060626286639,0.0,1.5289307476761564,0.5353246850474925,0.8318536749393388,0.6100788770834586,min_cost_max_flow,43,18,43,2,8,0
move,"['move', 9, 7, 5]",True,2434,1.752772776708797,0.0,2.12608993867938,0.37331716197058273,0.6301998260423716,0.6138111589470409,min_cost_max_flow,132,9,132,7,92,5
move,"['move', 9, 0, 5]",True,2434,1.6449080491300212,0.0,2.12608993867938,0.48118188954935875,0.8989780736665125,1.2028587074797015,min_cost_max_flow,12,9,12,0,97,5
move,"['move', 9, 4, 9]",True,2434,1.8208304977968697,0.0,2.12608993867938,0.3052594408825103,0.4598155339845107,0.7738040507335142,min_cost_max_flow,74,9,74,4,164,9
move,"['move', 9, 3, 9]",True,2434,1.7062558388871256,0.0,2.12608993867938,0.4198340997922542,0.745830408657639,1.054985784887876,min_cost_max_flow,63,9,63,3,172,9
move,"['move', 6, 6, 3]",True,2444,1.4916477963312187,0.0,2.0586746736136554,0.5670268772824366,0.9358927655957814,1.3359126220686928,min_cost_max_flow,118,6,118,6,63,3
move,"['move', 6, 7, 3]",True,2444,1.3367200041125133,0.0,2.0586746736136554,0.7219546695011421,1.3223840725040645,1.8880283810558087,min_cost_max_flow,133,6,133,7,56,3
move,"['move', 6, 1, 4]",True,2444,1.3859855300286084,0.0,2.0586746736136554,0.6726891435850471,1.1996340122022957,1.612192055409816,min_cost_max_flow,25,6,25,1,74,4
move,"['move', 6, 5, 3]",True,2444,1.5027425420239242,0.0,2.0586746736136554,0.7105754707563979,1.2945633425333654,1.4698504536147752,min_cost_max_flow,108,6,108,5,60,3
move,"['move', 6, 6, 0]",True,2454,1.9240688588457622,0.0,2.3561643554741347,0.43209549662837266,0.5995595674212382,0.6724103149908947,min_cost_max_flow,120,6,120,6,12,0
move,"['move', 6, 5, 1]",True,2454,1.8762150537863538,0.0,2.3561643554741347,0.47994930168778105,0.7187633889006975,0.9595377610319968,min_cost_max_flow,92,6,92,5,22,1
move,"['move', 6, 3, 0]",True,2454,1.6136802743922252,0.0,2.3561643554741347,0.7424840810819096,1.3736254437026219,1.942800216629987,min_cost_max_flow,56,6,56,3,9,0
move,"['move', 6, 5, 0]",True,2454,1.0672102441377298,0.0,2.3561643554741347,1.288954111336405,2.7394968861590314,2.145222336516448,min_cost_max_flow,95,6,95,5,13,0
move,"['move', 24, 8, 1]",True,2464,1.9978277700824512,0.0,2.579758790176736,0.5819310200942849,1.0304117512860103,1.2451343170647307,min_cost_max_flow,149,24,149,8,25,1
move,"['move', 24, 2, 3]",True,2464,2.337517517237335,0.0,2.579758790176736,0.2422412729394014,0.18248799662251258,0.3780588345907075,min_cost_max_flow,39,24,39,2,56,3
move,"['move', 24, 4, 3]",True,2464,2.2502388650694645,0.0,2.579758790176736,0.32951992510727135,0.40048057583044283,0.5140929757538293,min_cost_max_flow,80,24,80,4,61,3
move,"['move', 24, 9, 5]",True,2464,1.8504004364765996,0.0,2.579758790176736,0.7340955922001364,1.4103850537067046,1.537219546354311,min_cost_max_flow,170,24,170,9,92,5
move,"['move', 24, 3, 6]",True,2474,1.6080375038828327,0.0,2.2746167870250398,0.666579283142207,1.2410005558595003,1.9330363479415786,min_cost_max_flow,56,24,56,3,118,6
move,"['move', 24, 2, 6]",True,2474,1.594703346318981,0.0,2.2746167870250398,0.6799134407060587,1.2739302600784868,2.2034961417036087,min_cost_max_flow,44,24,44,2,120,6
move,"['move', 24, 7, 6]",True,2474,1.826775755920284,0.0,2.2746167870250398,0.4478410311047558,0.69616727988614,0.591466934429752,min_cost_max_flow,139,24,139,7,121,6
move,"['move', 24, 5, 6]",True,2474,1.646897296641146,0.0,2.2746167870250398,0.6277194903838937,1.1442093171972374,1.694207525594856,min_cost_max_flow,92,24,92,5,123,6
move,"['move', 18, 8, 3]",True,2484,1.178173425722423,0.0,2.048071694449008,0.8698982687265848,1.665583664933365,2.412725012886343,min_cost_max_flow,157,18,157,8,56,3
move,"['move', 18, 7, 3]",True,2484,1.1495368219306903,0.0,2.048071694449008,0.8985348725183175,1.7374286879239662,2.2437160053733645,min_cost_max_flow,138,18,138,7,62,3
move,"['move', 18, 5, 4]",True,2484,1.5528282635451611,0.0,2.048071694449008,0.49524343090384665,0.7315030544632464,0.7084022884020537,min_cost_max_flow,91,18,91,5,76,4
move,"['move', 18, 2, 4]",True,2484,1.5896485887774952,0.0,2.048071694449008,0.45842310567151273,0.6390180821690592,0.9978417639703835,min_cost_max_flow,44,18,44,2,78,4
move,"['move', 9, 5, 8]",True,2494,1.6396066423166322,0.0,1.9772845204713239,0.3376778781546917,0.5410081939444353,0.6760928644194037,min_cost_max_flow,92,9,92,5,146,8
move,"['move', 9, 5, 2]",True,2494,1.5869041546944296,0.0,1.9772845204713239,0.3903803657768943,0.6721591764762707,1.0795838802002364,min_cost_max_flow,97,9,97,5,44,2
move,"['move', 9, 3, 8]",True,2494,1.4743787975790883,0.0,1.9772845204713239,0.5029057228922355,0.9532877093879506,1.2028237979821597,min_cost_max_flow,64,9,64,3,149,8
move,"['move', 9, 4, 8]",True,2494,1.4940238220820832,0.0,1.9772845204713239,0.4832606983892407,0.9044504434350529,1.0192935949227424,min_cost_max_flow,77,9,77,4,150,8
move,"['move', 18, 8, 2]",True,2504,1.681015719568639,0.0,2.5097903557692027,0.8287746362005637,1.5618378403887618,3.0372204992532907,min_cost_max_flow,158,18,158,8,39,2
move,"['move', 18, 1, 2]",True,2504,1.912739064804676,0.0,2.5097903557692027,0.5970512909645266,0.9854309003058006,1.1029384944991336,min_cost_max_flow,24,18,24,1,43,2
move,"['move', 18, 4, 7]",True,2504,1.5503618321682946,0.0,2.5097903557692027,0.9594285236009081,1.8887156381679233,2.8751676470530882,min_cost_max_flow,76,18,76,4,138,7
move,"['move', 18, 0, 5]",True,2504,1.3661321668409667,0.0,2.5097903557692027,1.151883954053236,2.370551670632267,2.4101967580372077,min_cost_max_flow,8,18,8,0,92,5
move,"['move', 24, 1, 7]",True,2514,1.7186034311846483,0.0,2.571947553546965,0.9240715931956501,1.8835553156677634,2.717046564838185,min_cost_max_flow,25,24,25,1,139,7
move,"['move', 24, 9, 7]",True,2514,2.2239740247257367,0.0,2.571947553546965,0.34797352882122823,0.4459847123034706,0.9340081836634394,min_cost_max_flow,172,24,172,9,133,7
move,"['move', 24, 9, 2]",True,2514,1.9634326418191814,0.0,2.571947553546965,0.6085149117277834,1.0959355503910047,1.8690876362327216,min_cost_max_flow,173,24,173,9,44,2
move,"['move', 24, 6, 5]",True,2514,1.8974092824789386,0.0,2.571947553546965,0.6745382710680262,1.2612658588404884,1.687814236981603,min_cost_max_flow,118,24,118,6,91,5
move,"['move', 9, 9, 3]",True,2524,1.3564094679045142,0.0,1.8340843752393887,0.47767490733487455,0.889856434892863,1.4389808657724052,min_cost_max_flow,164,9,164,9,63,3
move,"['move', 9, 9, 5]",True,2524,1.2685407009961875,0.0,1.8340843752393887,0.5655436742432012,1.1094875860071625,1.4661583034506207,min_cost_max_flow,172,9,172,9,92,5
move,"['move', 9, 8, 5]",True,2524,1.5437667005676963,0.0,1.8340843752393887,0.3245315282966926,0.5075555401199381,1.0672789840857597,min_cost_max_flow,149,9,149,8,97,5
move,"['move', 9, 4, 3]",True,2524,1.650415692062737,0.0,1.8340843752393887,0.1836686831766516,0.15659328326000832,0.2707083573039789,min_cost_max_flow,81,9,81,4,64,3
move,"['move', 6, 1, 9]",True,2534,2.2101104180139717,0.0,2.8838345844528206,0.6737241664388489,1.202095677559555,1.6961199069067627,min_cost_max_flow,22,6,22,1,172,9
move,"['move', 6, 0, 8]",True,2534,1.9493277543043515,0.0,2.8838345844528206,0.9782905478151359,1.9648818301284336,0.7826538214659257,min_cost_max_flow,13,6,13,0,156,8
move,"['move', 6, 0, 7]",True,2534,2.2526483296081605,0.0,2.8838345844528206,0.63118625484466,1.0965616887624492,1.1555931146625211,min_cost_max_flow,9,6,9,0,134,7
move,"['move', 6, 4, 9]",True,2534,2.372145747761624,0.0,2.8838345844528206,0.5116888366911968,0.7978808021762234,1.1138205830410168,min_cost_max_flow,74,6,74,4,164,9
move,"['move', 18, 4, 1]",True,2544,1.7076494043366017,0.0,2.2000457608613257,0.5353904813580574,0.8304497650024132,1.6556793526421374,min_cost_max_flow,78,18,78,4,22,1
move,"['move', 18, 3, 6]",True,2544,1.6114946075208483,0.0,2.2000457608613257,0.5885511533404775,0.9631390793438186,1.7972564290718498,min_cost_max_flow,56,18,56,3,109,6
move,"['move', 18, 3, 9]",True,2544,1.4677788742731344,0.0,2.2000457608613257,0.7322668865881914,1.3215354363419465,2.3925738431763963,min_cost_max_flow,62,18,62,3,170,9
move,"['move', 18, 7, 6]",True,2544,1.7195037706856466,0.0,2.2000457608613257,0.48054199017567906,0.6946119639724202,0.8000614020069916,min_cost_max_flow,138,18,138,7,118,6
move,"['move', 24, 6, 0]",True,2554,1.024230817893819,0.0,2.052432256751695,1.028201438857876,2.1450605129866744,1.9299911226071829,min_cost_max_flow,120,24,120,6,2,0
move,"['move', 24, 2, 4]",True,2554,1.492394536759767,0.0,2.052432256751695,0.560037719991928,0.9758058701554546,1.1602215668403997,min_cost_max_flow,44,24,44,2,74,4
move,"['move', 24, 8, 4]",True,2554,1.355767879532853,0.0,2.052432256751695,0.6966643772188422,1.3158132777534775,2.1997118796822543,min_cost_max_flow,155,24,155,8,76,4
move,"['move', 24, 3, 4]",True,2554,1.7045934395495876,0.0,2.052432256751695,0.34783881720210735,0.44599551670398796,0.7022858847837211,min_cost_max_flow,61,24,61,3,77,4
move,"['move', 9, 5, 9]",True,2564,1.9771847077169573,0.0,2.5782052641334876,0.6010205564165304,1.198452705226373,1.284215779525678,min_cost_max_flow,92,9,92,5,172,9
move,"['move', 9, 8, 9]",True,2564,2.2457294117890143,0.0,2.5782052641334876,0.3704900269694729,0.6231945200852351,0.5721234618549962,min_cost_max_flow,150,9,150,8,173,9
move,"['move', 9, 2, 9]",True,2564,2.0252050194116693,0.0,2.5782052641334876,0.5530002447218183,1.0782727994774177,1.370300120975541,min_cost_max_flow,44,9,44,2,174,9
move,"['move', 9, 1, 9]",True,2564,2.026438828951739,0.0,2.5782052641334876,0.5517664351817484,1.0755670922299032,1.1177557192021825,min_cost_max_flow,29,9,29,1,176,9
move,"['move', 9, 8, 1]",True,2574,1.3122163089633454,0.0,1.7574582481210275,0.44524193915768207,0.8092720043387089,1.106987606554297,min_cost_max_flow,146,9,146,8,25,1
move,"['move', 9, 3, 1]",True,2574,1.4220773588334494,0.0,1.7574582481210275,0.33538088928757814,0.5359699445907609,0.2066109883464406,min_cost_max_flow,63,9,63,3,28,1
move,"['move', 9, 6, 4]",True,2574,1.47486590130971,0.0,1.7574582481210275,0.31471565156131753,0.483578353352641,0.6922756033253623,min_cost_max_flow,112,9,112,6,78,4
move,"['move', 9, 9, 2]",True,2574,1.2864424890344577,0.0,1.7574582481210275,0.47101575908656984,0.8745105098569184,0.5710171425610556,min_cost_max_flow,172,9,172,9,44,2
move,"['move', 6, 9, 4]",True,2584,2.6783078262062765,0.0,3.328009898420518,0.6497020722142418,1.1419135977012047,1.780682771461904,min_cost_max_flow,164,6,164,9,80,4
move,"['move', 6, 0, 4]",True,2584,2.7137159887061957,0.0,3.328009898420518,0.6142939097143227,1.053041695860884,2.015013165143909,min_cost_max_flow,12,6,12,0,81,4
move,"['move', 6, 8, 6]",True,2584,2.545136893521806,0.0,3.328009898420518,0.7828730048987123,1.4752653015530086,1.497768011043305,min_cost_max_flow,156,6,156,8,112,6
move,"['move', 6, 7, 6]",True,2584,2.8850945466184585,0.0,3.328009898420518,0.4429153518020599,0.6264835433103144,0.7561850117521361,min_cost_max_flow,134,6,134,7,120,6
move,"['move', 18, 6, 4]",True,2594,1.5896418063915851,0.0,2.3482115328630675,0.7585697264714824,1.3877650113900017,2.077590283291276,min_cost_max_flow,109,18,109,6,82,4
move,"['move', 18, 6, 7]",True,2594,1.8399062310312284,0.0,2.3482115328630675,0.508305301831839,0.7636351061846653,1.0568193541100463,min_cost_max_flow,118,18,118,6,138,7
move,"['move', 18, 9, 3]",True,2594,1.4804862923969269,0.0,2.3482115328630675,0.8677252404661406,1.6601648629584815,2.403545895401789,min_cost_max_flow,170,18,170,9,56,3
move,"['move', 18, 1, 4]",True,2594,1.5606724402127155,0.0,2.3482115328630675,0.7875390926503519,1.4596303147627623,2.4496649995667736,min_cost_max_flow,22,18,22,1,83,4
move,"['move', 6, 9, 7]",True,2604,1.2750898219891384,0.0,1.8287714078560626,0.5536815858669243,0.9030897583288606,0.9624317741620777,min_cost_max_flow,172,6,172,9,134,7
move,"['move', 6, 4, 0]",True,2604,1.1474220765844971,0.0,1.8287714078560626,0.6813493312715656,1.2208951254251588,1.87176271769876,min_cost_max_flow,80,6,80,4,12,0
move,"['move', 6, 2, 0]",True,2604,1.1683528631002735,0.0,1.8287714078560626,0.660418544755789,1.1691604122061108,1.4769273374364555,min_cost_max_flow,41,6,41,2,8,0
move,"['move', 6, 2, 1]",True,2604,1.443063389249456,0.0,1.8287714078560626,0.38570801860660664,0.4832380028674379,0.9076566479144618,min_cost_max_flow,53,6,53,2,22,1
move,"['move', 18, 4, 9]",True,2614,0.6341416679107701,0.0,1.4537432503101533,0.8196015823993832,1.5402865469914104,2.1163264288532755,min_cost_max_flow,82,18,82,4,172,9
move,"['move', 18, 0, 1]",True,2614,0.6589972924625734,0.0,1.4537432503101533,0.8187175529725799,1.539241601501999,1.3395743771222435,min_cost_max_flow,5,18,5,0,29,1
move,"['move', 18, 8, 6]",True,2614,0.5553265362308556,0.0,1.4537432503101533,0.8984167140792977,1.7368117324986088,2.4580888905788734,min_cost_max_flow,159,18,159,8,109,6
move,"['move', 18, 3, 1]",True,2614,0.7608823469604675,0.0,1.4537432503101533,0.6928609033496858,1.2237844841401966,1.883236580167015,min_cost_max_flow,56,18,56,3,31,1
move,"['move', 18, 6, 3]",True,2624,2.1461751472500605,0.0,2.6523949414133674,0.5062197941633071,0.7578564094219473,1.4334377483690082,min_cost_max_flow,109,18,109,6,56,3
move,"['move', 18, 9, 8]",True,2624,1.920880031551198,0.0,2.6523949414133674,0.7315149098621695,1.3205595432591508,1.789874688337129,min_cost_max_flow,172,18,172,9,146,8
move,"['move', 18, 5, 2]",True,2624,2.0075045348882026,0.0,2.6523949414133674,0.6448904065251649,1.1035530215922336,2.0867169046076746,min_cost_max_flow,92,18,92,5,53,2
move,"['move', 18, 7, 2]",True,2624,1.8741635118725521,0.0,2.6523949414133674,0.7782314295408151,1.436254365802597,2.520859123782353,min_cost_max_flow,138,18,138,7,38,2
move,"['move', 6, 6, 8]",True,2634,1.3418880135051785,0.0,1.9053190497259598,0.5932212263874479,1.0013941752295068,1.3255547079371408,min_cost_max_flow,120,6,120,6,149,8
move,"['move', 6, 7, 8]",True,2634,1.2482026984195325,0.0,1.9053190497259598,0.6571163513064274,1.1616511607644497,0.9794392162746204,min_cost_max_flow,134,6,134,7,150,8
move,"['move', 6, 0, 2]",True,2634,1.2735739796670291,0.0,1.9053190497259598,0.6317450700589305,1.097656690311851,1.3569507721787955,min_cost_max_flow,8,6,8,0,41,2
move,"['move', 6, 4, 9]",True,2634,1.215736875386376,0.0,1.9053190497259598,0.6895821743395839,1.2423553066437307,1.286380352014585,min_cost_max_flow,81,6,81,4,170,9
move,"['move', 6, 9, 5]",True,2644,1.2098239441528433,0.0,2.0550692391746215,0.8452452950217781,1.6296035503037274,2.559419049007122,min_cost_max_flow,170,6,170,9,92,5
move,"['move', 6, 0, 4]",True,2644,1.4605736031288132,0.0,2.0550692391746215,0.5944956360458081,1.0044352651311783,1.4221775374233576,min_cost_max_flow,12,6,12,0,80,4
move,"['move', 6, 1, 5]",True,2644,1.5669852243628317,0.0,2.0550692391746215,0.48808401481178965,0.7380707941738365,1.6457894522870016,min_cost_max_flow,22,6,22,1,108,5
move,"['move', 6, 6, 5]",True,2644,1.517769116618147,0.0,2.0550692391746215,0.5373001225564743,0.8626417135128577,0.6253561340805904,min_cost_max_flow,112,6,112,6,95,5
move,"['move', 6, 2, 9]",True,2654,2.7466552650177607,0.0,3.4836610564288746,0.7370057914111139,1.3604772778926417,1.5777613052905313,min_cost_max_flow,41,6,41,2,170,9
move,"['move', 6, 5, 9]",True,2654,2.8595258343831853,0.0,3.4836610564288746,0.624135222045689,1.0786150058993371,1.3683270251190505,min_cost_max_flow,92,6,92,5,177,9
move,"['move', 6, 8, 0]",True,2654,2.676073906550294,0.0,3.4836610564288746,0.8075871498785806,1.5362425616949622,2.036502882854729,min_cost_max_flow,149,6,149,8,12,0
move,"['move', 6, 8, 1]",True,2654,2.931071062577644,0.0,3.4836610564288746,0.5525899938512304,0.9000655737690977,1.1592347878476459,min_cost_max_flow,150,6,150,8,22,1
move,"['move', 24, 6, 9]",True,2664,1.389154419587831,0.0,2.0487681241345164,0.6596137045466854,1.2246568386217405,1.2195501805788735,min_cost_max_flow,121,24,121,6,178,9
move,"['move', 24, 4, 2]",True,2664,1.6135471062224729,0.0,2.0487681241345164,0.4352210179120435,0.6637851222512836,1.1462167031468151,min_cost_max_flow,74,24,74,4,41,2
move,"['move', 24, 0, 1]",True,2664,1.455616092281164,0.0,2.0487681241345164,0.7495851318533523,1.450400296573207,0.6762903907125478,min_cost_max_flow,2,24,2,0,24,1
move,"['move', 24, 4, 9]",True,2664,1.4701035713790906,0.0,2.0487681241345164,0.5786645527554257,1.0207198276511917,2.2623045088451894,min_cost_max_flow,76,24,76,4,179,9
move,"['move', 9, 5, 8]",True,2674,2.026922376115489,0.0,2.4304092760936307,0.4034868999781416,0.705379539365822,0.7768989559114734,min_cost_max_flow,97,9,97,5,149,8
move,"['move', 9, 2, 8]",True,2674,1.8289256781695777,0.0,2.4304092760936307,0.6014835979240528,1.2006727617917932,0.5759139151161006,min_cost_max_flow,44,9,44,2,150,8
move,"['move', 9, 3, 0]",True,2674,1.9734641497871,0.0,2.4304092760936307,0.4569451263065306,0.8388103570214298,0.9200643994879975,min_cost_max_flow,64,9,64,3,5,0
move,"['move', 9, 4, 0]",True,2674,1.920058935208131,0.0,2.4304092760936307,0.5103503408854996,0.9723884584636835,0.8766877362671281,min_cost_max_flow,78,9,78,4,8,0
move,"['move', 6, 1, 6]",True,2684,1.3423088207847704,0.0,1.9799751119530193,0.6376662911682488,1.1108137117735168,2.454304979932082,min_cost_max_flow,22,6,22,1,109,6
move,"['move', 6, 3, 6]",True,2684,1.380183973602795,0.0,1.9799751119530193,0.5997911383502242,1.01811771375651,1.1263822945623765,min_cost_max_flow,60,6,60,3,112,6
move,"['move', 6, 4, 6]",True,2684,1.505392576920463,0.0,1.9799751119530193,0.4745825350325562,0.7051396054012002,1.0974490019888312,min_cost_max_flow,80,6,80,4,118,6
move,"['move', 6, 0, 7]",True,2684,1.4461574057559226,0.0,1.9799751119530193,0.5338177061970969,0.8526116178254597,1.508059326716926,min_cost_max_flow,12,6,12,0,138,7
move,"['move', 6, 7, 2]",True,2694,0.6439809387870779,0.0,1.6032168147611436,0.9592358759740658,1.9151594068971463,2.1731495738739905,min_cost_max_flow,138,6,138,7,44,2
move,"['move', 6, 9, 0]",True,2694,1.1434517468524992,0.0,1.6032168147611436,0.4597650679086446,0.6683187322123558,0.9489192546990253,min_cost_max_flow,170,6,170,9,12,0
move,"['move', 6, 9, 2]",True,2694,0.5282494551886097,0.0,1.6032168147611436,1.074967359572534,2.2034789141143847,2.8459507598289053,min_cost_max_flow,177,6,177,9,42,2
move,"['move', 6, 3, 2]",True,2694,1.1368777293655836,0.0,1.6032168147611436,0.4663390853955599,0.6855758537385555,0.4008673820914212,min_cost_max_flow,63,6,63,3,45,2
move,"['move', 9, 1, 5]",True,2704,1.673163858690048,0.0,2.1255065783575247,0.4523427196674768,0.8272388702498574,0.9637111821132655,min_cost_max_flow,25,9,25,1,92,5
move,"['move', 9, 8, 4]",True,2704,1.770397438823181,0.0,2.1255065783575247,0.35510913953434364,0.5840362362105225,1.0428336531146,min_cost_max_flow,149,9,149,8,74,4
move,"['move', 9, 0, 3]",True,2704,1.7732443014954584,0.0,2.1255065783575247,0.3522622768620661,0.5776090418439708,0.5828587770198138,min_cost_max_flow,5,9,5,0,63,3
move,"['move', 9, 1, 3]",True,2704,1.5878125405108974,0.0,2.1255065783575247,0.5376940378466274,1.0402038198735681,1.2392750648905118,min_cost_max_flow,28,9,28,1,60,3
move,"['move', 18, 1, 9]",True,2714,0.9578329116660712,0.0,1.378262583510641,0.45712600509456974,0.6353438427577203,1.2855004099579204,min_cost_max_flow,31,18,31,1,172,9
move,"['move', 18, 8, 9]",True,2714,1.0120369320264946,0.0,1.378262583510641,0.3662256514841464,0.4090154678779072,0.6704943124610296,min_cost_max_flow,146,18,146,8,164,9
move,"['move', 18, 2, 9]",True,2714,0.5805745073828061,0.0,1.378262583510641,0.9055916845028349,1.7560331353597576,1.602104355708077,min_cost_max_flow,38,18,38,2,170,9
move,"['move', 18, 2, 7]",True,2714,0.5706217836288949,0.0,1.378262583510641,0.8076407998817461,1.5095810833699943,2.6519979804023017,min_cost_max_flow,39,18,39,2,138,7
move,"['move', 18, 3, 8]",True,2724,1.7632118049718204,0.0,2.4317700012831036,0.6685581963112831,1.1627135297785571,2.09269442392217,min_cost_max_flow,56,18,56,3,146,8
move,"['move', 18, 1, 6]",True,2724,1.8083729483540982,0.0,2.4317700012831036,0.6233970529290055,1.0508759454496612,1.3825116727233762,min_cost_max_flow,29,18,29,1,120,6
move,"['move', 18, 0, 6]",True,2724,1.5339268487949462,0.0,2.4317700012831036,0.8978431524881574,1.7353220844233874,2.4952516221590986,min_cost_max_flow,6,18,6,0,121,6
move,"['move', 18, 2, 6]",True,2724,1.6351411662416977,0.0,2.4317700012831036,0.796628835041406,1.482661487589212,2.2451204336905923,min_cost_max_flow,43,18,43,2,110,6
move,"['move', 6, 0, 1]",True,2734,1.5851795676171903,0.0,2.2813487035143267,0.6961691358971364,1.2569761597296747,2.517414223972709,min_cost_max_flow,12,6,12,0,22,1
move,"['move', 6, 2, 3]",True,2734,1.669590345027685,0.0,2.2813487035143267,0.6117583584866418,1.0481430816325883,1.0548372712061536,min_cost_max_flow,42,6,42,2,56,3
move,"['move', 6, 6, 3]",True,2734,1.7609752190080228,0.0,2.2813487035143267,0.6106178835063039,1.044815225945058,1.372616095662934,min_cost_max_flow,109,6,109,6,61,3
move,"['move', 6, 5, 3]",True,2734,1.6625373122548541,0.0,2.2813487035143267,0.7725732164261391,1.449537786844303,1.483130362558379,min_cost_max_flow,108,6,108,5,62,3
move,"['move', 26, 0, 1]",True,2744,1.0375778495357857,0.0,1.6034587781547374,0.5658809286189517,1.1428806191252079,1.0910691686511451,min_cost_max_flow,14,26,14,0,25,1
move,"['move', 26, 1, 5]",True,2744,1.1886803592915078,0.0,1.6034587781547374,0.4147784188632294,0.7655855782686558,0.7835801468154716,min_cost_max_flow,25,26,25,1,92,5
move,"['move', 26, 2, 5]",True,2744,1.151814026388915,0.0,1.6034587781547374,0.4516447517658223,0.8571327567915432,1.1960159692120687,min_cost_max_flow,37,26,37,2,97,5
move,"['move', 26, 3, 5]",True,2744,1.3391851831813382,0.0,1.6034587781547374,0.2689253157233994,0.40145723356181406,0.4473047183265194,min_cost_max_flow,62,26,62,3,98,5
move,"['move', 24, 6, 3]",True,2754,1.7762795555546336,0.0,2.2800791041004382,0.5037995485458048,0.8348032039866666,1.4317132691603844,min_cost_max_flow,123,24,123,6,63,3
move,"['move', 24, 7, 3]",True,2754,1.7575596695973907,0.0,2.2800791041004382,0.5225194345030475,0.8807487540616421,2.0011564812479086,min_cost_max_flow,133,24,133,7,64,3
move,"['move', 24, 4, 0]",True,2754,1.733569946720636,0.0,2.2800791041004382,0.5465091573798022,0.9414677978820691,1.5046653955543752,min_cost_max_flow,77,24,77,4,12,0
move,"['move', 24, 9, 0]",True,2754,1.8189741111686875,0.0,2.2800791041004382,0.4752697019317509,0.7643079131230479,0.87882948814974,min_cost_max_flow,178,24,178,9,5,0
move,"['move', 18, 6, 0]",True,2764,1.5960294813595386,0.0,2.2789544458323814,0.6829249644728428,1.1995721585772117,1.4648888274186769,min_cost_max_flow,110,18,110,6,6,0
move,"['move', 18, 6, 1]",True,2764,1.4062076653790132,0.0,2.2789544458323814,0.8727467804533682,1.672773817252164,2.366809678325979,min_cost_max_flow,120,18,120,6,25,1
move,"['move', 18, 4, 0]",True,2764,1.193192454447885,0.0,2.2789544458323814,1.1663000167594966,2.405212141453376,3.329987387732323,min_cost_max_flow,83,18,83,4,9,0
move,"['move', 18, 9, 5]",True,2764,1.5846875311973823,0.0,2.2789544458323814,0.6971024923016658,1.2338060699330526,2.271494304896375,min_cost_max_flow,170,18,170,9,99,5
move,"['move', 6, 3, 8]",True,2774,1.2741804947468223,0.0,1.9031288701417748,0.6289483753949525,1.0906123733184359,1.3920043278255523,min_cost_max_flow,56,6,56,3,149,8
move,"['move', 6, 2, 8]",True,2774,1.1202976091182362,0.0,1.9031288701417748,0.8071649473985386,1.5360069821108482,1.4898851388608714,min_cost_max_flow,45,6,45,2,155,8
move,"['move', 6, 6, 8]",True,2774,1.0936067268552696,0.0,1.9031288701417748,0.8095221432865051,1.5409795841151208,2.103476949289928,min_cost_max_flow,112,6,112,6,156,8
move,"['move', 6, 1, 8]",True,2774,1.0856303205520712,0.0,1.9031288701417748,0.8174985495897036,1.5607883202537778,2.191663362182757,min_cost_max_flow,22,6,22,1,157,8
move,"['move', 6, 8, 4]",True,2784,1.205272443805156,0.0,1.8291808177324618,0.6239083739273058,1.0780623124774138,1.3587091090958103,min_cost_max_flow,149,6,149,8,76,4
move,"['move', 6, 6, 4]",True,2784,1.2609317447949966,0.0,1.8291808177324618,0.5682490729374652,0.938613612572226,1.559007396153269,min_cost_max_flow,118,6,118,6,77,4
move,"['move', 6, 8, 1]",True,2784,1.2038894500348452,0.0,1.8291808177324618,0.6252913676976167,1.0810154631726618,1.6949315961152607,min_cost_max_flow,155,6,155,8,22,1
move,"['move', 6, 5, 4]",True,2784,1.3679080253307563,0.0,1.8291808177324618,0.4612727924017055,0.6731763915558986,0.22335384743870504,min_cost_max_flow,95,6,95,5,78,4
move,"['move', 18, 0, 3]",True,2794,1.3343904790256467,0.0,1.981153234315423,0.6467627552897762,1.1093070150527637,1.3713025386064281,min_cost_max_flow,6,18,6,0,56,3
move,"['move', 18, 9, 4]",True,2794,1.0851225813041938,0.0,1.981153234315423,0.8960306530112291,1.7312078029026452,2.21727350777342,min_cost_max_flow,164,18,164,9,80,4
move,"['move', 18, 0, 4]",True,2794,0.9734036411836868,0.0,1.981153234315423,1.0077495931317362,2.0098483312758617,2.65515479314089,min_cost_max_flow,9,18,9,0,81,4
move,"['move', 18, 6, 3]",True,2794,1.2577634488999325,0.0,1.981153234315423,0.7233897854154906,1.2996595331242133,2.1813407004971777,min_cost_max_flow,121,18,121,6,62,3
move,"['move', 6, 8, 6]",True,2804,1.4714125469823662,0.0,2.279130298156975,0.8077177511746088,1.5364134220726555,2.140264791106217,min_cost_max_flow,156,6,156,8,112,6
move,"['move', 6, 8, 0]",True,2804,1.5267164766108308,0.0,2.279130298156975,0.7524138215461443,1.3985498362271755,1.8761059739853738,min_cost_max_flow,157,6,157,8,6,0
move,"['move', 6, 1, 6]",True,2804,1.4773222765845366,0.0,2.279130298156975,0.8018080215724382,1.521869833668461,1.9864410569515716,min_cost_max_flow,22,6,22,1,118,6
move,"['move', 6, 5, 6]",True,2804,1.7859689660901883,0.0,2.279130298156975,0.4931613320667868,0.7515013613337942,1.1542734373104622,min_cost_max_flow,96,6,96,5,120,6
move,"['move', 6, 0, 5]",True,2814,1.2999695573010683,0.0,2.129278051298342,0.8293084939972736,1.589106785148033,2.9959274452957843,min_cost_max_flow,6,6,6,0,96,5
move,"['move', 6, 6, 5]",True,2814,1.3556171893293736,0.0,2.129278051298342,0.7736608619689683,1.4514395774167497,2.02801255230943,min_cost_max_flow,112,6,112,6,104,5
move,"['move', 6, 4, 5]",True,2814,1.322689729253836,0.0,2.129278051298342,0.8081460882945058,1.5377122793070157,1.9882551680277536,min_cost_max_flow,78,6,78,4,105,5
move,"['move', 6, 2, 5]",True,2814,1.2156417375718167,0.0,2.129278051298342,0.913636313726525,1.8009684387761808,2.3011912419495455,min_cost_max_flow,44,6,44,2,106,5
move,"['move', 6, 4, 7]",True,2824,1.5143706037434919,0.0,2.127939967519138,0.6135693637756463,1.051281786742038,1.9807093465803485,min_cost_max_flow,76,6,76,4,133,7
move,"['move', 6, 6, 2]",True,2824,1.595961220320683,0.0,2.127939967519138,0.5319787471984553,0.8480012031250226,1.5167374626057615,min_cost_max_flow,118,6,118,6,44,2
move,"['move', 6, 3, 7]",True,2824,1.592323936620502,0.0,2.127939967519138,0.5356160308986361,0.8564666883466998,1.9352201484555447,min_cost_max_flow,61,6,61,3,134,7
move,"['move', 6, 5, 7]",True,2824,1.607485485440943,0.0,2.127939967519138,0.520454482078195,0.8193753467676288,1.3935331671010185,min_cost_max_flow,96,6,96,5,135,7
move,"['move', 18, 8, 0]",True,2834,1.0954839290640712,0.0,1.9772601990046712,0.8817762699405999,1.6974999413978367,0.9318760599303836,min_cost_max_flow,146,18,146,8,2,0
move,"['move', 18, 9, 6]",True,2834,1.1902735034265421,0.0,1.9772601990046712,0.786986695578129,1.458231576703838,2.4614952518112876,min_cost_max_flow,172,18,172,9,109,6
move,"['move', 18, 4, 6]",True,2834,1.4128338760931092,0.0,1.9772601990046712,0.5644263229115619,0.9036653404109529,1.2383650027897775,min_cost_max_flow,80,18,80,4,112,6
move,"['move', 18, 4, 1]",True,2834,1.1934815685333793,0.0,1.9772601990046712,0.783778630471292,1.450689691620937,2.1426434623505064,min_cost_max_flow,81,18,81,4,22,1
move,"['move', 9, 0, 1]",True,2844,1.918697430765292,0.0,2.356909925280224,0.43821249451493194,0.7928465729746677,0.34153411133161465,min_cost_max_flow,8,9,8,0,28,1
move,"['move', 9, 8, 2]",True,2844,1.994500770506809,0.0,2.356909925280224,0.404176449898415,0.7064386141501018,1.2200989668473057,min_cost_max_flow,150,9,150,8,37,2
move,"['move', 9, 4, 2]",True,2844,2.071686966797998,0.0,2.356909925280224,0.2852229584822263,0.4098935068686842,0.6610181274777847,min_cost_max_flow,74,9,74,4,38,2
move,"['move', 9, 9, 1]",True,2844,1.896085230178923,0.0,2.356909925280224,0.4608246951013008,0.8485645119799301,0.8832424184381247,min_cost_max_flow,173,9,173,9,29,1
move,"['move', 18, 6, 9]",True,2854,1.5524207711013558,0.0,2.212580371860457,0.6747135805091012,1.1785357662120077,1.8035104646520608,min_cost_max_flow,112,18,112,6,172,9
move,"['move', 18, 6, 8]",True,2854,1.7612686629043228,0.0,2.212580371860457,0.45131170895613415,0.6215324416989461,0.8026075517481437,min_cost_max_flow,109,18,109,6,146,8
move,"['move', 18, 3, 4]",True,2854,1.7272828822838973,0.0,2.212580371860457,0.4852974895765599,0.7065238730283454,0.7846210328581875,min_cost_max_flow,56,18,56,3,74,4
move,"['move', 18, 3, 8]",True,2854,1.4933699662714224,0.0,2.212580371860457,0.7192104055890348,1.2891524397891772,2.2204365464283837,min_cost_max_flow,62,18,62,3,155,8
move,"['move', 6, 4, 8]",True,2864,1.295105165491559,0.0,2.135912665002688,0.8408074995111288,1.6186632267163077,2.4566422562047,min_cost_max_flow,77,6,77,4,156,8
move,"['move', 6, 5, 8]",True,2864,1.5918036641042685,0.0,2.135912665002688,0.5441090008984193,0.8784656836432987,1.424173283695044,min_cost_max_flow,104,6,104,5,157,8
move,"['move', 6, 7, 1]",True,2864,1.5166383492887197,0.0,2.135912665002688,0.6192743157139683,1.0650443312406424,2.313932911380812,min_cost_max_flow,133,6,133,7,31,1
move,"['move', 6, 7, 8]",True,2864,1.4909485543401637,0.0,2.135912665002688,0.6449641106625241,1.1310057002701797,1.1560118059489815,min_cost_max_flow,134,6,134,7,158,8
move,"['move', 9, 5, 0]",True,2874,1.6816609570431706,0.0,2.051928439285693,0.37026748224252226,0.6216115371680644,1.2565375283843194,min_cost_max_flow,92,9,92,5,6,0
move,"['move', 9, 2, 6]",True,2874,1.6583287882709032,0.0,2.051928439285693,0.3935996510147898,0.6799926206913369,1.2227631333152518,min_cost_max_flow,37,9,37,2,109,6
move,"['move', 9, 7, 6]",True,2874,1.667733238196908,0.0,2.051928439285693,0.3841952010887848,0.6572975488415977,0.6787278231330596,min_cost_max_flow,140,9,140,7,118,6
move,"['move', 9, 1, 0]",True,2874,1.6827573816454826,0.0,2.051928439285693,0.36917105764021024,0.620367770712619,0.258340828161259,min_cost_max_flow,28,9,28,1,8,0
move,"['move', 18, 5, 3]",True,2884,1.2249033587566163,0.0,2.054535484579627,0.8296321258230108,1.5654903574322816,2.0313585076520244,min_cost_max_flow,99,18,99,5,56,3
move,"['move', 18, 2, 3]",True,2884,1.3644286851041953,0.0,2.054535484579627,0.6901067994754316,1.2167250327293004,1.9993643970075203,min_cost_max_flow,53,18,53,2,61,3
move,"['move', 18, 4, 3]",True,2884,1.458944581883544,0.0,2.054535484579627,0.5955909026960831,0.9814759385299112,1.3055992310194038,min_cost_max_flow,74,18,74,4,62,3
move,"['move', 18, 9, 1]",True,2884,1.5125981001087876,0.0,2.054535484579627,0.5419373844708394,0.8477150630387769,1.0569858497028544,min_cost_max_flow,172,18,172,9,28,1
move,"['move', 6, 5, 9]",True,2894,1.0635833428367985,0.0,1.833499383639166,0.7699160408023676,1.44247658121094,1.7619747451813217,min_cost_max_flow,105,6,105,5,172,9
move,"['move', 6, 1, 9]",True,2894,1.254309634385285,0.0,1.833499383639166,0.5791897492538809,0.9660637741253595,1.4933602214237593,min_cost_max_flow,31,6,31,1,170,9
move,"['move', 6, 2, 9]",True,2894,1.0905013458355648,0.0,1.833499383639166,0.7429980378036012,1.3750885759436642,1.8239732587544384,min_cost_max_flow,44,6,44,2,173,9
move,"['move', 6, 3, 4]",True,2894,1.2920144831169047,0.0,1.833499383639166,0.5414849005222613,0.8724232617532834,1.0789539167752422,min_cost_max_flow,62,6,62,3,74,4
move,"['move', 9, 2, 7]",True,2904,1.6228196966289112,0.0,2.1346731859481736,0.5118534893192622,0.9760794498615724,0.9212741939456275,min_cost_max_flow,38,9,38,2,140,7
move,"['move', 9, 1, 7]",True,2904,1.6500365480467645,0.0,2.1346731859481736,0.4846366379014091,0.9078374159180385,1.0545444598796054,min_cost_max_flow,29,9,29,1,133,7
move,"['move', 9, 3, 7]",True,2904,1.8564295542448315,0.0,2.1346731859481736,0.3223263005783421,0.502549287994043,0.7294008707650109,min_cost_max_flow,60,9,60,3,134,7
move,"['move', 9, 9, 7]",True,2904,1.5687908729747235,0.0,2.1346731859481736,0.56588231297345,1.110627784528333,1.270423839751637,min_cost_max_flow,174,9,174,9,136,7
move,"['move', 6, 8, 2]",True,2914,1.7694007142738126,0.0,2.5804270650807615,0.8110263508069487,1.5451462969431304,1.8326809313561019,min_cost_max_flow,156,6,156,8,44,2
move,"['move', 6, 8, 0]",True,2914,1.677070354208837,0.0,2.5804270650807615,0.9033567108719246,1.77671424871005,1.337979861702829,min_cost_max_flow,157,6,157,8,9,0
move,"['move', 6, 6, 0]",True,2914,1.430039659956657,0.0,2.5804270650807615,1.1509227246241045,2.393766740384308,2.579674999164241,min_cost_max_flow,120,6,120,6,10,0
move,"['move', 6, 9, 1]",True,2914,2.034671324840114,0.0,2.5804270650807615,0.5457557402406477,0.8826699023520632,1.3659263815659393,min_cost_max_flow,170,6,170,9,29,1
move,"['move', 9, 0, 2]",True,2924,1.434762084611656,0.0,1.83584090981511,0.40107882520345406,0.6989435435280029,1.0541048899783256,min_cost_max_flow,6,9,6,0,53,2
move,"['move', 9, 3, 5]",True,2924,1.3068167738345045,0.0,1.83584090981511,0.5290241359806055,1.0187766778835794,1.0741999481798623,min_cost_max_flow,63,9,63,3,108,5
move,"['move', 9, 0, 1]",True,2924,1.2644578295394968,0.0,1.83584090981511,0.5713830802756131,1.1251358522495138,0.7663241959029418,min_cost_max_flow,8,9,8,0,31,1
move,"['move', 9, 6, 1]",True,2924,1.4138890921735439,0.0,1.83584090981511,0.5303421586415661,1.0217543168801058,1.2858117187631217,min_cost_max_flow,118,9,118,6,32,1
move,"['move', 9, 6, 3]",True,2934,1.8889249808665993,0.0,2.2825301971390473,0.3936052162724479,0.6803684119331592,0.981511068197153,min_cost_max_flow,109,9,109,6,62,3
move,"['move', 9, 5, 3]",True,2934,1.7592840529331908,0.0,2.2825301971390473,0.5232461442058565,1.0043362525721022,1.071163864582799,min_cost_max_flow,108,9,108,5,63,3
move,"['move', 9, 2, 3]",True,2934,1.885353830272452,0.0,2.2825301971390473,0.39717636686659535,0.6897013997913746,0.711436819632663,min_cost_max_flow,53,9,53,2,65,3
move,"['move', 9, 9, 3]",True,2934,1.8128022688228809,0.0,2.2825301971390473,0.4697279283161664,0.8703975710304803,1.1665917428472956,min_cost_max_flow,176,9,176,9,67,3
move,"['move', 6, 7, 6]",True,2944,1.1990957649557659,0.0,2.063740368412577,0.8646446034568112,1.6795035503600957,1.6249330698166682,min_cost_max_flow,135,6,135,7,109,6
move,"['move', 6, 0, 3]",True,2944,1.1107894568944126,0.0,2.063740368412577,1.0011478725181644,2.0217962174720014,0.9352700974682249,min_cost_max_flow,10,6,10,0,60,3
move,"['move', 6, 4, 3]",True,2944,1.5057213774137796,0.0,2.063740368412577,0.5580189909987974,0.9134685580720543,1.272240498487982,min_cost_max_flow,74,6,74,4,69,3
move,"['move', 6, 9, 3]",True,2944,1.444804783957706,0.0,2.063740368412577,0.655083305204871,1.1559731773704698,1.3763513096671962,min_cost_max_flow,172,6,172,9,70,3
move,"['move', 6, 9, 4]",True,2954,0.7760245515670452,0.0,1.6837436835637631,0.9077191319967179,1.7852069073014718,2.946909342077246,min_cost_max_flow,173,6,173,9,74,4
move,"['move', 6, 0, 4]",True,2954,0.7775987442831863,0.0,1.6837436835637631,0.9061449392805768,1.7812244107626611,2.9782525077157684,min_cost_max_flow,9,6,9,0,76,4
move,"['move', 6, 1, 2]",True,2954,1.1695308852516946,0.0,1.6837436835637631,0.5142127983120686,0.8041471838951111,1.1428354719020943,min_cost_max_flow,29,6,29,1,53,2
move,"['move', 6, 2, 4]",True,2954,0.9022049734345677,0.0,1.6837436835637631,0.7815387101291954,1.4722066156973597,1.3130672989476468,min_cost_max_flow,44,6,44,2,77,4
move,"['move', 24, 0, 4]",True,2964,2.002959010426262,0.0,2.5753701394097606,0.5724111289834989,1.0068713430664502,1.0722546121281473,min_cost_max_flow,5,24,5,0,78,4
move,"['move', 24, 9, 4]",True,2964,1.8240949725033373,0.0,2.5753701394097606,0.7512751669064233,1.45279542751814,1.8962615158754677,min_cost_max_flow,179,24,179,9,80,4
move,"['move', 24, 1, 4]",True,2964,1.8657233068335755,0.0,2.5753701394097606,0.7096468325761852,1.3492116492634523,1.5715564686039405,min_cost_max_flow,24,24,24,1,81,4
move,"['move', 24, 8, 6]",True,2964,1.8321343971282553,0.0,2.5753701394097606,0.7432357422815052,1.4324049576825928,2.0908670313770026,min_cost_max_flow,156,24,156,8,112,6
move,"['move', 24, 0, 9]",True,2974,1.0704444176037595,0.0,1.7483400954489845,0.677895677845225,1.2694432352545846,1.8319079229154376,min_cost_max_flow,12,24,12,0,164,9
move,"['move', 24, 3, 9]",True,2974,0.9999713204407965,0.0,1.7483400954489845,0.748368775008188,1.4450822309263458,2.194406080012873,min_cost_max_flow,63,24,63,3,170,9
move,"['move', 24, 2, 9]",True,2974,1.0456442273284772,0.0,1.7483400954489845,0.7026958681205074,1.331060177693871,2.0875967555286086,min_cost_max_flow,41,24,41,2,173,9
move,"['move', 24, 4, 8]",True,2974,0.9902652111697542,0.0,1.7483400954489845,0.7580748842792303,1.4682705237937625,2.9123929534723385,min_cost_max_flow,78,24,78,4,156,8
move,"['move', 9, 1, 2]",True,2984,1.3970646551098094,0.0,1.7568411302768436,0.4306835271670341,0.7738324015481339,0.4693694825243615,min_cost_max_flow,31,9,31,1,44,2
move,"['move', 9, 3, 2]",True,2984,1.3865730729197332,0.0,1.7568411302768436,0.37026805735711044,0.6224860335169069,0.6744984868029521,min_cost_max_flow,62,9,62,3,38,2
move,"['move', 9, 7, 5]",True,2984,1.264570321367842,0.0,1.7568411302768436,0.49227080890900143,0.9267724444616761,1.1548104434418902,min_cost_max_flow,133,9,133,7,92,5
move,"['move', 9, 7, 0]",True,2984,1.1954726502665762,0.0,1.7568411302768436,0.5613684800102675,1.0993514123874775,1.2649503283511172,min_cost_max_flow,134,9,134,7,12,0
move,"['move', 6, 8, 9]",True,2994,2.196896929335181,0.0,2.57610933445862,0.37921240512343896,0.4675582481213496,0.534804006693797,min_cost_max_flow,158,6,158,8,176,9
move,"['move', 6, 2, 7]",True,2994,1.6055901430829072,0.0,2.57610933445862,0.9705191913757131,1.943045051277295,2.3882456565203176,min_cost_max_flow,53,6,53,2,132,7
move,"['move', 6, 5, 9]",True,2994,1.8266343946035286,0.0,2.57610933445862,0.7494749398550915,1.3915939684520708,1.61521500563394,min_cost_max_flow,106,6,106,5,177,9
move,"['move', 6, 6, 7]",True,2994,1.9709298920538765,0.0,2.57610933445862,0.6051794424047436,1.030645957482193,1.7547265683059625,min_cost_max_flow,109,6,109,6,133,7
move,"['move', 6, 9, 5]",True,3004,1.8612923631020846,0.0,2.877140961691473,1.0158485985893884,2.055812617207266,2.7588803926650485,min_cost_max_flow,176,6,176,9,95,5
move,"['move', 6, 7, 5]",True,3004,2.308018224396977,0.0,2.877140961691473,0.5691227372944958,0.9416683616946102,0.9786152429481432,min_cost_max_flow,132,6,132,7,96,5
move,"['move', 6, 3, 5]",True,3004,2.3695341029969903,0.0,2.877140961691473,0.5076068586944829,0.787023168450105,1.5489464059299962,min_cost_max_flow,60,6,60,3,99,5
move,"['move', 6, 4, 2]",True,3004,2.3487667883691525,0.0,2.877140961691473,0.5283741733223204,0.8390491325044422,1.4771614161010684,min_cost_max_flow,74,6,74,4,53,2
move,"['move', 9, 7, 9]",True,3014,1.9549670034908082,0.0,2.198600434619535,0.24363343112872668,0.3060178207815625,0.5955965963929917,min_cost_max_flow,136,9,136,7,172,9
move,"['move', 9, 0, 9]",True,3014,1.925179939575085,0.0,2.198600434619535,0.2734204950444499,0.38058746064052684,0.5276098832887546,min_cost_max_flow,12,9,12,0,176,9
move,"['move', 9, 5, 8]",True,3014,1.9032170462540796,0.0,2.198600434619535,0.2953833883654553,0.4351573180210835,0.7525271645933574,min_cost_max_flow,92,9,92,5,149,8
move,"['move', 9, 7, 8]",True,3014,1.7028941078724449,0.0,2.198600434619535,0.49570632674709003,0.9352962807824952,1.1981159597101407,min_cost_max_flow,140,9,140,7,150,8
move,"['move', 9, 2, 5]",True,3024,1.8561143335525816,0.0,2.053316969989841,0.3045699553122593,0.4582742049533408,0.6522141210950629,min_cost_max_flow,38,9,38,2,92,5
move,"['move', 9, 9, 0]",True,3024,1.8538127972609364,0.0,2.053316969989841,0.19950417272890472,0.19610739716154058,0.3204483433710642,min_cost_max_flow,172,9,172,9,12,0
move,"['move', 9, 8, 0]",True,3024,1.7252660138553328,0.0,2.053316969989841,0.32805095613450824,0.517130247753812,0.5498536245292124,min_cost_max_flow,149,9,149,8,5,0
move,"['move', 9, 8, 5]",True,3024,1.5731974834630036,0.0,2.053316969989841,0.48011948652683745,0.8961853660257475,1.2939920971208991,min_cost_max_flow,150,9,150,8,104,5
move,"['move', 6, 9, 8]",True,3040,1.645700983505256,0.0,2.350936751978894,0.7052357684736381,1.281290114602598,1.4191652695267736,min_cost_max_flow,177,6,177,9,149,8
move,"['move', 6, 3, 8]",True,3040,1.4562866633744198,0.0,2.350936751978894,0.8946500886044743,1.7535354676547286,2.2794634528331197,min_cost_max_flow,69,6,69,3,150,8
move,"['move', 6, 5, 8]",True,3040,1.4403423057659115,0.0,2.350936751978894,0.9105944462129827,1.7938635994178185,1.9679716249540358,min_cost_max_flow,95,6,95,5,156,8
move,"['move', 6, 5, 1]",True,3040,1.7390029800244269,0.0,2.350936751978894,0.6119337719544673,1.0482475177814194,1.27756895169449,min_cost_max_flow,96,6,96,5,24,1
move,"['move', 6, 7, 6]",True,3050,1.2606704837396847,0.0,1.608239854781086,0.34756937104140134,0.3881838556153525,0.712675540629181,min_cost_max_flow,133,6,133,7,118,6
move,"['move', 6, 8, 6]",True,3050,0.9890354105245156,0.0,1.608239854781086,0.6192044442565705,1.0661856351289316,1.4366112235250452,min_cost_max_flow,149,6,149,8,120,6
move,"['move', 6, 4, 6]",True,3050,0.8832369770883484,0.0,1.608239854781086,0.7250028776927377,1.3298461172926181,1.993678841346135,min_cost_max_flow,76,6,76,4,121,6
move,"['move', 6, 2, 6]",True,3050,1.0304398579027767,0.0,1.608239854781086,0.5777999968783094,0.9629264968425559,1.2686244506735564,min_cost_max_flow,53,6,53,2,123,6
move,"['move', 24, 5, 0]",True,3060,1.6583537506755102,0.0,2.2801670124380804,0.6218132617625702,1.1299500760724186,1.3566539066014902,min_cost_max_flow,91,24,91,5,6,0
move,"['move', 24, 6, 1]",True,3060,1.573498315925245,0.0,2.2801670124380804,0.7066686965128354,1.3410082643495116,2.0769196389812925,min_cost_max_flow,112,24,112,6,29,1
move,"['move', 24, 7, 1]",True,3060,1.8630518600562385,0.0,2.2801670124380804,0.417115152381842,0.6188572693099559,0.9216761136961982,min_cost_max_flow,139,24,139,7,31,1
move,"['move', 24, 9, 1]",True,3060,1.821088031163931,0.0,2.2801670124380804,0.45907898127414926,0.7236652200299432,0.989423787550089,min_cost_max_flow,164,24,164,9,33,1
move,"['move', 6, 1, 9]",True,3070,1.5777470190397644,0.0,2.2017740285810103,0.624027009541246,1.0776971080777002,1.7999047321384531,min_cost_max_flow,24,6,24,1,172,9
move,"['move', 6, 6, 9]",True,3070,1.4476521674673717,0.0,2.2017740285810103,0.7541218611136388,1.401645383280993,2.6591405505978734,min_cost_max_flow,118,6,118,6,164,9
move,"['move', 6, 8, 7]",True,3070,1.3923469028556443,0.0,2.2017740285810103,0.8094271257253659,1.5417087711211934,1.4589896766761599,min_cost_max_flow,150,6,150,8,139,7
move,"['move', 6, 8, 9]",True,3070,1.732398970652973,0.0,2.2017740285810103,0.46937505792803746,0.6930183212498378,0.4991765953659311,min_cost_max_flow,156,6,156,8,174,9
move,"['move', 6, 4, 1]",True,3080,1.28168531914645,0.0,1.9000595802907543,0.6183742611443044,1.063962705891754,1.5349255278666118,min_cost_max_flow,77,6,77,4,24,1
move,"['move', 6, 3, 0]",True,3080,1.0285838571985555,0.0,1.9000595802907543,0.8714757230921987,1.69599935880251,2.012926833852868,min_cost_max_flow,70,6,70,3,8,0
move,"['move', 6, 9, 1]",True,3080,1.3579756170577792,0.0,1.9000595802907543,0.542083963232975,0.8732448973423743,1.5296347085707933,min_cost_max_flow,164,6,164,9,34,1
move,"['move', 6, 7, 1]",True,3080,0.9950789477949441,0.0,1.9000595802907543,0.9049806324958102,1.7787308494589524,2.7001154022438145,min_cost_max_flow,139,6,139,7,36,1
move,"['move', 9, 2, 8]",True,3090,0.8498751856139849,0.0,1.4545270708312341,0.6046518852172492,1.2073842840254656,1.3820445813284719,min_cost_max_flow,44,9,44,2,149,8
move,"['move', 9, 3, 4]",True,3090,1.1285892172530465,0.0,1.4545270708312341,0.33211774070318767,0.5270979896886274,0.6826666157846455,min_cost_max_flow,63,9,63,3,74,4
move,"['move', 9, 9, 8]",True,3090,1.061297784352871,0.0,1.4545270708312341,0.393229286478363,0.6795718578578089,0.8859974616225919,min_cost_max_flow,176,9,176,9,150,8
move,"['move', 9, 1, 8]",True,3090,1.063899570121696,0.0,1.4545270708312341,0.39062750070953817,0.6734213365962205,0.6500353546401306,min_cost_max_flow,32,9,32,1,156,8
move,"['move', 6, 1, 3]",True,3100,1.2370921694948909,0.0,1.9064488331639935,0.6693566636691026,1.1914871974659036,1.4892686864305822,min_cost_max_flow,24,6,24,1,63,3
move,"['move', 6, 0, 2]",True,3100,1.099030160499858,0.0,1.9064488331639935,0.8119761529974687,1.5479962438585062,1.515719971972285,min_cost_max_flow,8,6,8,0,44,2
move,"['move', 6, 6, 3]",True,3100,1.2641471658254964,0.0,1.9064488331639935,0.642301667338497,1.1230125215843145,2.0473920564806036,min_cost_max_flow,120,6,120,6,60,3
move,"['move', 6, 1, 7]",True,3100,1.061068007967618,0.0,1.9064488331639935,0.8453808251963755,1.6300217282296217,2.5065173894065453,min_cost_max_flow,34,6,34,1,139,7
move,"['move', 9, 8, 1]",True,3110,2.2180734690710047,0.0,2.651359351832703,0.4483040478866983,0.8173625051276758,0.8168349622701537,min_cost_max_flow,149,9,149,8,24,1
move,"['move', 9, 4, 1]",True,3110,2.300693669542027,0.0,2.651359351832703,0.35066568229067624,0.5732550918000925,0.8245011872888749,min_cost_max_flow,74,9,74,4,32,1
move,"['move', 9, 8, 2]",True,3110,2.0835494924610254,0.0,2.651359351832703,0.5678098593716778,1.1152069527743151,1.4302223394764981,min_cost_max_flow,150,9,150,8,53,2
move,"['move', 9, 3, 1]",True,3110,2.3523220156955604,0.0,2.651359351832703,0.29903733613714295,0.44462665512764943,0.5295487130287405,min_cost_max_flow,65,9,65,3,34,1
move,"['move', 6, 9, 8]",True,3120,1.9065450041878067,0.0,2.2879703381711467,0.38142533398333994,0.47278305261716014,0.7398157759884371,min_cost_max_flow,172,6,172,9,150,8
move,"['move', 6, 1, 0]",True,3120,1.4683794271202095,0.0,2.2879703381711467,0.8195909110509372,1.566595476171642,1.8074951856624386,min_cost_max_flow,36,6,36,1,9,0
move,"['move', 6, 9, 4]",True,3120,1.4907494701030077,0.0,2.2879703381711467,0.797220868068139,1.5095990119843918,2.5217330058322203,min_cost_max_flow,174,6,174,9,74,4
move,"['move', 6, 7, 4]",True,3120,1.4203356084176324,0.0,2.2879703381711467,0.8676347297535144,1.6859557709976798,2.3069964725994065,min_cost_max_flow,139,6,139,7,76,4
move,"['move', 6, 0, 1]",True,3130,2.271567820786322,0.0,3.1053900794599643,0.833822258673642,1.6021094822899613,1.850403811291033,min_cost_max_flow,9,6,9,0,36,1
move,"['move', 6, 2, 9]",True,3130,2.403463760836729,0.0,3.1053900794599643,0.7019263186232354,1.2718490974511951,2.19742695312417,min_cost_max_flow,44,6,44,2,172,9
move,"['move', 6, 4, 9]",True,3130,2.563639541766203,0.0,3.1053900794599643,0.5417505376937617,0.8727117810631171,1.3293363293866272,min_cost_max_flow,74,6,74,4,164,9
move,"['move', 6, 3, 1]",True,3130,2.560376120434134,0.0,3.1053900794599643,0.5450139590258303,0.8812483735127898,1.0773102497191158,min_cost_max_flow,60,6,60,3,22,1
move,"['move', 6, 4, 2]",True,3140,1.5803687393815706,0.0,2.1268373238102254,0.5464685844286546,0.8844859381169954,1.3433095182894097,min_cost_max_flow,76,6,76,4,44,2
move,"['move', 6, 8, 2]",True,3140,1.5082989265752484,0.0,2.1268373238102254,0.6185383972349768,1.0645349292826722,1.4270034183752007,min_cost_max_flow,150,6,150,8,37,2
move,"['move', 6, 5, 2]",True,3140,1.4181294819847232,0.0,2.1268373238102254,0.7087078418255022,1.2890589074741001,2.02675894163208,min_cost_max_flow,99,6,99,5,38,2
move,"['move', 6, 9, 7]",True,3140,1.3924584645594156,0.0,2.1268373238102254,0.7343788592508098,1.3530804067740974,2.130788450480042,min_cost_max_flow,164,6,164,9,139,7
move,"['move', 24, 1, 5]",True,3150,1.6529228506228786,0.0,2.2765372636511394,0.6236144130282608,1.133823239539197,1.7764637049000933,min_cost_max_flow,29,24,29,1,108,5
move,"['move', 24, 3, 7]",True,3150,1.5769997887454992,0.0,2.2765372636511394,0.6995374749056402,1.3233950179237581,1.9337145774917874,min_cost_max_flow,64,24,64,3,140,7
move,"['move', 24, 4, 7]",True,3150,1.8800163319373548,0.0,2.2765372636511394,0.39652093171378455,0.5672544996778015,0.9998214217033957,min_cost_max_flow,80,24,80,4,133,7
move,"['move', 24, 4, 5]",True,3150,1.6956643392940642,0.0,2.2765372636511394,0.5808729243570752,1.0279656197417353,1.112395784565174,min_cost_max_flow,81,24,81,4,91,5
move,"['move', 9, 5, 6]",True,3160,2.0132561571095517,0.0,2.275113524459625,0.2618573673500729,0.35168248460104223,0.5257144189835331,min_cost_max_flow,92,9,92,5,109,6
move,"['move', 9, 8, 6]",True,3160,1.882046251877343,0.0,2.275113524459625,0.39306727258228175,0.6791217420031899,0.916051537899815,min_cost_max_flow,156,9,156,8,118,6
move,"['move', 9, 1, 6]",True,3160,1.7062905679824025,0.0,2.275113524459625,0.5688229564772223,1.118065789938555,1.21282607255718,min_cost_max_flow,24,9,24,1,120,6
move,"['move', 9, 3, 6]",True,3160,1.7509346082136141,0.0,2.275113524459625,0.5241789162460105,1.0062924302947067,1.3216654497698617,min_cost_max_flow,67,9,67,3,110,6
move,"['move', 9, 6, 3]",True,3170,1.5729519413760509,0.0,1.9769763975789614,0.4040244562029105,0.7063481000150205,1.0271188977273569,min_cost_max_flow,109,9,109,6,62,3
move,"['move', 9, 6, 7]",True,3170,1.611742518975638,0.0,1.9769763975789614,0.36523387860332335,0.6098868314365973,0.6836686173642295,min_cost_max_flow,110,9,110,6,134,7
move,"['move', 9, 5, 3]",True,3170,1.6615131677934722,0.0,1.9769763975789614,0.31546322978548913,0.4855200579513621,0.6437695777972746,min_cost_max_flow,104,9,104,5,63,3
move,"['move', 9, 2, 4]",True,3170,1.5932039132906763,0.0,1.9769763975789614,0.3837724842882849,0.655664357553178,1.062994014579691,min_cost_max_flow,53,9,53,2,74,4
move,"['move', 9, 6, 8]",True,3180,2.229523076188014,0.0,2.5701677235921765,0.34064464740416245,0.5484544273131178,0.6565527010823621,min_cost_max_flow,118,9,118,6,149,8
move,"['move', 9, 6, 5]",True,3180,2.029005344025912,0.0,2.5701677235921765,0.5411623795662647,1.0485854192593251,1.4321116737811501,min_cost_max_flow,120,9,120,6,92,5
move,"['move', 9, 0, 5]",True,3180,2.121999300457015,0.0,2.5701677235921765,0.4481684231351616,0.8160184200678486,1.486850416260329,min_cost_max_flow,5,9,5,0,96,5
move,"['move', 9, 4, 5]",True,3180,2.173566744552159,0.0,2.5701677235921765,0.39660097904001723,0.6879341583917267,0.9306180417677397,min_cost_max_flow,74,9,74,4,99,5
move,"['move', 6, 1, 4]",True,3190,1.5054493652766674,0.0,1.9819216510451823,0.47647228576851486,0.7101257535650802,0.9229347859998976,min_cost_max_flow,22,6,22,1,74,4
move,"['move', 6, 9, 8]",True,3190,1.6357631834243458,0.0,1.9819216510451823,0.3461584676208366,0.38504406217180076,0.45436546872243344,min_cost_max_flow,172,6,172,9,156,8
move,"['move', 6, 2, 8]",True,3190,1.2078617758645032,0.0,1.9819216510451823,0.7740598751806791,1.4518921197268355,2.3913396984366457,min_cost_max_flow,37,6,37,2,157,8
move,"['move', 6, 1, 8]",True,3190,1.3234884761158654,0.0,1.9819216510451823,0.6584331749293169,1.1646355635784857,1.184543378399457,min_cost_max_flow,36,6,36,1,158,8
move,"['move', 9, 8, 9]",True,3200,1.7170483407002322,0.0,2.1299433877491203,0.412895047048888,0.729191851849464,0.582269084727589,min_cost_max_flow,149,9,149,8,172,9
move,"['move', 9, 5, 9]",True,3200,1.453771482368575,0.0,2.1299433877491203,0.6761719053805454,1.385571818886092,1.79038827973794,min_cost_max_flow,92,9,92,5,174,9
move,"['move', 9, 7, 4]",True,3200,1.804136644313449,0.0,2.1299433877491203,0.3258067434356714,0.5115149382472737,0.5530387974933546,min_cost_max_flow,134,9,134,7,76,4
move,"['move', 9, 1, 9]",True,3200,1.7918330079517153,0.0,2.1299433877491203,0.338110379797405,0.5419002820199239,0.8022035519491466,min_cost_max_flow,32,9,32,1,176,9
move,"['move', 21, 0, 2]",True,3210,1.5623325881593415,0.0,2.0540228087877344,0.5476016679617262,1.0531290265753341,0.45983226245309006,min_cost_max_flow,2,21,2,0,53,2
move,"['move', 21, 0, 4]",True,3210,1.598145792479134,0.0,2.0540228087877344,0.4558770163086004,0.8230355709674768,0.9810499124818506,min_cost_max_flow,4,21,4,0,78,4
move,"['move', 21, 0, 3]",True,3210,1.7342019536611863,0.0,2.0540228087877344,0.31982085512654795,0.483732928725658,0.42254277027359016,min_cost_max_flow,8,21,8,0,64,3
move,"['move', 21, 1, 2]",True,3210,1.7762029414948595,0.0,2.0540228087877344,0.35190569804287497,0.5634219028797816,0.7712981947363233,min_cost_max_flow,30,21,30,1,37,2
move,"['move', 6, 8, 5]",True,3220,1.3756260661213755,0.0,2.2779604200343746,0.9023343539129991,1.772569077747903,2.3974989049250834,min_cost_max_flow,156,6,156,8,92,5
move,"['move', 6, 7, 5]",True,3220,1.9108969441007315,0.0,2.2779604200343746,0.36706347593364297,0.43623744413343957,1.167124682307234,min_cost_max_flow,139,6,139,7,104,5
move,"['move', 6, 3, 5]",True,3220,1.6099069366944434,0.0,2.2779604200343746,0.6680534833399311,1.187767851013632,1.7968657726591222,min_cost_max_flow,63,6,63,3,105,5
move,"['move', 6, 6, 5]",True,3220,1.9467940143609925,0.0,2.2779604200343746,0.33116640567338196,0.3473017972537491,0.6291055016658702,min_cost_max_flow,121,6,121,6,106,5
move,"['move', 24, 0, 3]",True,3230,1.5716947265961976,0.0,1.9755653029730351,0.4038705763768375,0.5858441654017952,0.8561187107958099,min_cost_max_flow,6,24,6,0,63,3
move,"['move', 24, 8, 3]",True,3230,1.2560308240477203,0.0,1.9755653029730351,0.7195344789253149,1.3723747883122996,2.608874351255155,min_cost_max_flow,156,24,156,8,65,3
move,"['move', 24, 5, 2]",True,3230,1.49492201086544,0.0,1.9755653029730351,0.48064329210759504,0.777696967288648,0.9087770041564789,min_cost_max_flow,91,24,91,5,39,2
move,"['move', 24, 7, 4]",True,3230,1.6691746135820344,0.0,1.9755653029730351,0.30639068939100056,0.34277178646516404,0.4378930254883585,min_cost_max_flow,133,24,133,7,80,4
move,"['move', 9, 3, 7]",True,3240,1.725034983998344,0.0,2.205440964348071,0.480405980349727,0.8963144258159446,1.6854419418054363,min_cost_max_flow,62,9,62,3,139,7
move,"['move', 9, 4, 7]",True,3240,1.7511520337412048,0.0,2.205440964348071,0.45428893060686637,0.8326790893843281,0.5805833247820381,min_cost_max_flow,76,9,76,4,132,7
move,"['move', 9, 5, 2]",True,3240,1.8333452472698193,0.0,2.205440964348071,0.37209571707825173,0.6265514804108534,1.0103000927408412,min_cost_max_flow,96,9,96,5,41,2
move,"['move', 9, 3, 8]",True,3240,1.6323569618125282,0.0,2.205440964348071,0.5730840025355428,1.1287843458958378,1.1688655315697865,min_cost_max_flow,63,9,63,3,156,8
move,"['move', 9, 8, 3]",True,3250,0.9594006937414753,0.0,1.6077738264650194,0.6483731327235441,1.3162313434586395,1.686084136370864,min_cost_max_flow,156,9,156,8,60,3
move,"['move', 9, 9, 6]",True,3250,1.217854360238844,0.0,1.6077738264650194,0.4721466058511754,0.8766441987609142,1.0333024809064233,min_cost_max_flow,174,9,174,9,109,6
move,"['move', 9, 7, 3]",True,3250,1.1739100780450937,0.0,1.6077738264650194,0.43386374841992564,0.7815589120873483,0.6187312112006971,min_cost_max_flow,132,9,132,7,62,3
move,"['move', 9, 5, 4]",True,3250,1.3134517326687525,0.0,1.6077738264650194,0.29432209379626706,0.43277131794093293,0.5743696027132736,min_cost_max_flow,99,9,99,5,76,4
move,"['move', 6, 8, 1]",True,3260,1.2209749752261594,0.0,2.137620433275087,0.9166454580489277,1.8091350853064796,1.872000759088327,min_cost_max_flow,157,6,157,8,24,1
move,"['move', 6, 6, 7]",True,3260,1.2938045751715261,0.0,2.137620433275087,0.8438158581035607,1.6275791794541874,1.5266047516716201,min_cost_max_flow,123,6,123,6,132,7
move,"['move', 6, 8, 0]",True,3260,1.465371238821327,0.0,2.137620433275087,0.67224919445376,1.1986928724909376,1.506369977503448,min_cost_max_flow,158,6,158,8,8,0
move,"['move', 6, 4, 7]",True,3260,1.293536227151686,0.0,2.137620433275087,0.8440842061234012,1.6287705380855186,1.179612363851398,min_cost_max_flow,74,6,74,4,133,7
move,"['move', 9, 2, 1]",True,3270,1.590188064869069,0.0,2.0573161669704474,0.46712810210137845,0.8636322448583087,1.3437654996484096,min_cost_max_flow,41,9,41,2,29,1
move,"['move', 9, 9, 5]",True,3270,1.4805929794126385,0.0,2.0573161669704474,0.638847599932809,1.2920413038991683,1.93688919145982,min_cost_max_flow,172,9,172,9,91,5
move,"['move', 9, 7, 1]",True,3270,1.6341630776897644,0.0,2.0573161669704474,0.42315308928068296,0.7541477938757453,1.0417114535316465,min_cost_max_flow,139,9,139,7,30,1
move,"['move', 9, 1, 5]",True,3270,1.53293702312001,0.0,2.0573161669704474,0.5243791438504374,1.0074319121486042,0.8957235545497455,min_cost_max_flow,29,9,29,1,95,5
move,"['move', 6, 0, 8]",True,3280,2.128306792254976,0.0,2.8076287822144703,0.6793219899594943,1.2166289370616141,1.3369861066096904,min_cost_max_flow,8,6,8,0,156,8
move,"['move', 6, 7, 9]",True,3280,2.166095550306053,0.0,2.8076287822144703,0.6415332319084173,1.1220573796636018,1.40342762015617,min_cost_max_flow,132,6,132,7,164,9
move,"['move', 6, 2, 9]",True,3280,2.1311281238618762,0.0,2.8076287822144703,0.676500658352594,1.2091177749825874,1.6422081477935953,min_cost_max_flow,38,6,38,2,177,9
move,"['move', 6, 5, 4]",True,3280,2.460348469221153,0.0,2.8076287822144703,0.3472803129933174,0.3873297678292147,0.8003039845812348,min_cost_max_flow,92,6,92,5,74,4
move,"['move', 9, 6, 2]",True,3290,1.6996415807835432,0.0,2.1283165881823765,0.4286750073988333,0.7673978655875544,1.4115271759093921,min_cost_max_flow,109,9,109,6,38,2
move,"['move', 9, 4, 2]",True,3290,1.8875865031394565,0.0,2.1283165881823765,0.24073008504291984,0.29889522337180097,0.5050847265559554,min_cost_max_flow,76,9,76,4,41,2
move,"['move', 9, 1, 7]",True,3290,1.7374157468722993,0.0,2.1283165881823765,0.39090084131007724,0.6734498433725093,1.086598504679392,min_cost_max_flow,30,9,30,1,139,7
move,"['move', 9, 0, 8]",True,3290,1.6772565811323779,0.0,2.1283165881823765,0.4510600070499986,0.8236692576974747,1.2055985212381206,min_cost_max_flow,12,9,12,0,149,8
move,"['move', 6, 9, 6]",True,3300,1.9597955196886305,0.0,2.431590421163545,0.47179490147491443,0.6973673062602757,1.6329258332022785,min_cost_max_flow,164,6,164,9,109,6
move,"['move', 6, 7, 3]",True,3300,1.9782969943666218,0.0,2.431590421163545,0.4532934267969232,0.6513780441164272,1.4566427991157116,min_cost_max_flow,133,6,133,7,63,3
move,"['move', 6, 4, 3]",True,3300,1.6950100372488812,0.0,2.431590421163545,0.7365803839146637,1.3590433982608374,1.8246685657433093,min_cost_max_flow,74,6,74,4,67,3
move,"['move', 6, 8, 3]",True,3300,1.665850354652052,0.0,2.431590421163545,0.7657400665114928,1.4329659066497697,1.1424673011701132,min_cost_max_flow,156,6,156,8,68,3
move,"['move', 6, 6, 8]",True,3310,1.4524828012024147,0.0,2.1343530801430237,0.681870278940609,1.2227820946718566,1.482029334972619,min_cost_max_flow,109,6,109,6,156,8
move,"['move', 6, 5, 7]",True,3310,1.3156675198736985,0.0,2.1343530801430237,0.8186855602693253,1.5647916109519429,1.5011540294420511,min_cost_max_flow,104,6,104,5,132,7
move,"['move', 6, 9, 8]",True,3310,1.3778864515976919,0.0,2.1343530801430237,0.756466628545332,1.40862445087987,1.9143745375018637,min_cost_max_flow,177,6,177,9,150,8
move,"['move', 6, 3, 7]",True,3310,1.6733066506746277,0.0,2.1343530801430237,0.4610464294683959,0.6707354253521771,1.4733930944037152,min_cost_max_flow,63,6,63,3,133,7
move,"['move', 24, 4, 6]",True,3320,1.1544497462877654,0.0,1.5974413116273882,0.4429915653396227,0.683685008683824,0.8305381274185408,min_cost_max_flow,80,24,80,4,112,6
move,"['move', 24, 7, 0]",True,3320,0.9276608306899784,0.0,1.5974413116273882,0.6697804809374098,1.2497933207050664,1.4065227762354542,min_cost_max_flow,140,24,140,7,8,0
move,"['move', 24, 9, 6]",True,3320,1.0579490256702444,0.0,1.5974413116273882,0.5394922859571439,0.9238294939495972,1.5687489794384886,min_cost_max_flow,170,24,170,9,118,6
move,"['move', 24, 1, 6]",True,3320,1.1719525805197435,0.0,1.5974413116273882,0.46218506435764495,0.7317308571509784,0.7891375126861078,min_cost_max_flow,31,24,31,1,120,6
move,"['move', 6, 8, 4]",True,3330,1.7221308786927907,0.0,2.2820755506131336,0.5599446719203429,0.9178576079502818,1.555675448912179,min_cost_max_flow,150,6,150,8,74,4
move,"['move', 6, 7, 9]",True,3330,1.6184077335435372,0.0,2.2820755506131336,0.6636678170695964,1.1771231298189377,1.5839027852308452,min_cost_max_flow,132,6,132,7,172,9
move,"['move', 6, 3, 4]",True,3330,1.6769364808343685,0.0,2.2820755506131336,0.6051390697787651,1.0309344421766582,1.4951157286983499,min_cost_max_flow,67,6,67,3,76,4
move,"['move', 6, 7, 0]",True,3330,1.7115402936307222,0.0,2.2820755506131336,0.5705352569824113,0.9437298172415467,1.9585110248496433,min_cost_max_flow,133,6,133,7,12,0
move,"['move', 6, 0, 6]",True,3340,1.7429100252559566,0.0,2.207678200097641,0.46476817484168453,0.68072873238998,1.0140973580161285,min_cost_max_flow,12,6,12,0,121,6
move,"['move', 6, 3, 6]",True,3340,1.5099830993574164,0.0,2.207678200097641,0.6976951007402248,1.2634284382656915,0.7591699384422907,min_cost_max_flow,68,6,68,3,123,6
move,"['move', 6, 9, 6]",True,3340,1.4917216867993008,0.0,2.207678200097641,0.7159565132983403,1.307024419096706,2.1308703146252266,min_cost_max_flow,172,6,172,9,110,6
move,"['move', 6, 5, 6]",True,3340,1.484659326783917,0.0,2.207678200097641,0.7230188733137242,1.324811894330196,2.0431535179381553,min_cost_max_flow,105,6,105,5,111,6
move,"['move', 24, 5, 7]",True,3350,2.002848536346381,0.0,2.4254705934294036,0.5771252327496894,1.0188999564925325,0.9100186050573932,min_cost_max_flow,108,24,108,5,140,7
move,"['move', 24, 2, 7]",True,3350,1.8052658027754878,0.0,2.4254705934294036,0.6202047906539159,1.1263707464240724,1.0620884910750654,min_cost_max_flow,39,24,39,2,132,7
move,"['move', 24, 6, 4]",True,3350,2.0688517768031183,0.0,2.4254705934294036,0.35661881662628514,0.4679105002360302,0.7256292370519106,min_cost_max_flow,112,24,112,6,77,4
move,"['move', 24, 9, 8]",True,3350,2.005766384121644,0.0,2.4254705934294036,0.41970420930775953,0.6251372710394207,1.0501031705822235,min_cost_max_flow,173,24,173,9,150,8
move,"['move', 24, 1, 9]",True,3360,1.812722541412686,0.0,2.1881466304972674,0.37542408908458147,0.5146377007986302,0.9162829591457158,min_cost_max_flow,33,24,33,1,172,9
move,"['move', 24, 3, 5]",True,3360,1.7482267708070198,0.0,2.1881466304972674,0.4399198596902477,0.6755604192294413,1.1274216813821534,min_cost_max_flow,63,24,63,3,92,5
move,"['move', 24, 6, 2]",True,3360,1.4985297529535084,0.0,2.1881466304972674,0.689616877543759,1.298024381052528,2.313143555176518,min_cost_max_flow,118,24,118,6,39,2
move,"['move', 24, 7, 2]",True,3360,1.2635530278718403,0.0,2.1881466304972674,0.924593602625427,1.886758229258703,1.4517865538397186,min_cost_max_flow,132,24,132,7,42,2
move,"['move', 6, 2, 3]",True,3370,1.7346589267617363,0.0,2.274384087884727,0.5397251611229907,0.8676075974944979,1.356497757181209,min_cost_max_flow,44,6,44,2,67,3
move,"['move', 6, 1, 3]",True,3370,1.226430227946228,0.0,2.274384087884727,1.047953859938499,2.1374909018995822,1.8154595129720903,min_cost_max_flow,24,6,24,1,68,3
move,"['move', 6, 4, 3]",True,3370,1.740984565582524,0.0,2.274384087884727,0.533399522302203,0.8522345772071276,1.062446580781919,min_cost_max_flow,74,6,74,4,69,3
move,"['move', 6, 5, 3]",True,3370,1.7971622628263306,0.0,2.274384087884727,0.4772218250583964,0.7120649772987235,0.8793511133736753,min_cost_max_flow,106,6,106,5,70,3
move,"['move', 6, 3, 1]",True,3380,1.246298215454898,0.0,2.124616619799287,0.878318404344389,1.712888014568307,2.158291743638908,min_cost_max_flow,67,6,67,3,24,1
move,"['move', 6, 6, 1]",True,3380,1.3449294394827742,0.0,2.124616619799287,0.7796871803165127,1.465475251810858,2.714760202144438,min_cost_max_flow,110,6,110,6,29,1
move,"['move', 6, 6, 2]",True,3380,1.4404242907326452,0.0,2.124616619799287,0.6841923290666417,1.2280899231045623,1.813560589889944,min_cost_max_flow,111,6,111,6,44,2
move,"['move', 6, 3, 2]",True,3380,1.2091393720062964,0.0,2.124616619799287,0.9154772477929907,1.8066834807468695,1.5593867055999586,min_cost_max_flow,68,6,68,3,43,2
move,"['move', 18, 0, 2]",True,3390,0.6310087636834045,0.0,1.8326005859674108,1.3317961232840063,2.8211139889172046,1.888933286029408,min_cost_max_flow,2,18,2,0,44,2
move,"['move', 18, 3, 2]",True,3390,1.0482411159861487,0.0,1.8326005859674108,0.7843594699812622,1.4522092047191109,2.0977005801848607,min_cost_max_flow,56,18,56,3,46,2
move,"['move', 18, 1, 2]",True,3390,1.239449010560997,0.0,1.8326005859674108,0.6576254677814137,1.1363536223288975,1.4447518405797342,min_cost_max_flow,28,18,28,1,48,2
move,"['move', 18, 7, 2]",True,3390,0.916841892391627,0.0,1.8326005859674108,0.9157586935757839,1.781511092223809,1.5618149012555198,min_cost_max_flow,138,18,138,7,49,2
move,"['move', 6, 1, 5]",True,3400,1.842239477282663,0.0,2.577032704768116,0.734793227485453,1.354218091124494,2.062945941287386,min_cost_max_flow,24,6,24,1,96,5
move,"['move', 6, 8, 5]",True,3400,1.9905134475283421,0.0,2.577032704768116,0.5865192572397737,0.9848092369720689,1.212231633438761,min_cost_max_flow,156,6,156,8,99,5
move,"['move', 6, 4, 5]",True,3400,1.856186496649173,0.0,2.577032704768116,0.720846208118943,1.3197985982260434,1.7642422627378518,min_cost_max_flow,76,6,76,4,104,5
move,"['move', 6, 6, 5]",True,3400,2.2527056508289913,0.0,2.577032704768116,0.3243270539391246,0.33047832577722147,0.4458335955886417,min_cost_max_flow,121,6,121,6,105,5
move,"['move', 18, 2, 5]",True,3410,0.7012276274608782,0.0,1.6061611693841544,0.9049335419232762,1.753083565432462,2.4715800079741923,min_cost_max_flow,44,18,44,2,106,5
move,"['move', 18, 8, 7]",True,3410,0.793598876678087,0.0,1.6061611693841544,0.8125622927060674,1.5219842496298952,2.5857085143372807,min_cost_max_flow,146,18,146,8,138,7
move,"['move', 18, 1, 7]",True,3410,0.7355902503079318,0.0,1.6061611693841544,0.931269832409556,1.8194848332495894,2.097885607022059,min_cost_max_flow,25,18,25,1,133,7
move,"['move', 18, 3, 5]",True,3410,1.009884662911543,0.0,1.6061611693841544,0.5962765064726113,0.9832850133971078,1.2422222804354157,min_cost_max_flow,61,18,61,3,91,5
move,"['move', 18, 7, 9]",True,3420,1.1704061395865235,0.0,1.9790838475844508,0.8086777079979273,1.5132148536504246,1.957664653750769,min_cost_max_flow,133,18,133,7,164,9
move,"['move', 18, 5, 9]",True,3420,1.0229234079335907,0.0,1.9790838475844508,0.9561604396508601,1.880960872695141,2.5982047121612313,min_cost_max_flow,91,18,91,5,170,9
move,"['move', 18, 3, 9]",True,3420,1.4263114954545308,0.0,1.9790838475844508,0.5527723521299198,0.8736540408717701,1.8226133928414536,min_cost_max_flow,62,18,62,3,172,9
move,"['move', 18, 2, 4]",True,3420,1.2794350664212109,0.0,1.9790838475844508,0.6996487811632399,1.2407425136334496,1.891013273921984,min_cost_max_flow,46,18,46,2,74,4
move,"['move', 18, 1, 3]",True,3430,1.6507616011229933,0.0,2.3587085696298455,0.7079469685068523,1.261729987039871,1.7296765756616965,min_cost_max_flow,22,18,22,1,63,3
move,"['move', 18, 7, 6]",True,3430,1.620536055665981,0.0,2.3587085696298455,0.7381725139638646,1.3364888922369573,2.2663155392912944,min_cost_max_flow,138,18,138,7,109,6
move,"['move', 18, 9, 0]",True,3430,1.4756471147547918,0.0,2.3587085696298455,0.8830614548750536,1.7009349820655189,0.7838238388985845,min_cost_max_flow,164,18,164,9,2,0
move,"['move', 18, 2, 6]",True,3430,1.379604137205463,0.0,2.3587085696298455,0.9791044324243825,1.9381622383298236,2.7039489115768878,min_cost_max_flow,48,18,48,2,112,6
move,"['move', 6, 2, 7]",True,3440,0.8771539469243501,0.0,1.6817957147923797,0.8046417678680295,1.5291692136088386,1.843098256018698,min_cost_max_flow,43,6,43,2,138,7
move,"['move', 6, 3, 8]",True,3440,0.9736997575462848,0.0,1.6817957147923797,0.7080959572460949,1.2877265814458951,1.8951686614231846,min_cost_max_flow,69,6,69,3,156,8
move,"['move', 6, 5, 8]",True,3440,1.203635848356325,0.0,1.6817957147923797,0.47815986643605457,0.7140044529442093,1.1497696458134083,min_cost_max_flow,96,6,96,5,146,8
move,"['move', 6, 1, 0]",True,3440,0.5761145504744691,0.0,1.6817957147923797,1.1056811643179105,2.283598614783841,0.6224915558187558,min_cost_max_flow,29,6,29,1,12,0
move,"['move', 6, 0, 9]",True,3450,0.47448509377827675,0.0,1.75547715633994,1.2809920625616633,2.7201523347757757,1.771508634117405,min_cost_max_flow,12,6,12,0,164,9
move,"['move', 6, 5, 4]",True,3450,1.2617597021597682,0.0,1.75547715633994,0.49371745418017177,0.7531495524672209,0.9823495373342062,min_cost_max_flow,99,6,99,5,76,4
move,"['move', 6, 5, 9]",True,3450,1.162200550711502,0.0,1.75547715633994,0.593276605628438,1.001194615237182,1.5508934378040096,min_cost_max_flow,104,6,104,5,173,9
move,"['move', 6, 2, 9]",True,3450,0.9457443532584967,0.0,1.75547715633994,0.8097328030814434,1.5403370933418046,2.8829037897310514,min_cost_max_flow,44,6,44,2,174,9
move,"['move', 18, 9, 7]",True,3460,1.1457324771613524,0.0,1.6021345963052092,0.4564021191438568,0.6343162711928017,0.7640715353821287,min_cost_max_flow,170,18,170,9,133,7
move,"['move', 18, 5, 7]",True,3460,0.8007344796578841,0.0,1.6021345963052092,0.801400116647325,1.4945853397148312,2.2480216931426655,min_cost_max_flow,106,18,106,5,134,7
move,"['move', 18, 6, 7]",True,3460,0.9502438281884185,0.0,1.6021345963052092,0.6664447478667908,1.1590221685983124,1.0311878032648139,min_cost_max_flow,112,18,112,6,135,7
move,"['move', 18, 6, 0]",True,3460,0.6995945738981046,0.0,1.6021345963052092,0.9025400224071045,1.748094179929467,1.8086378163513124,min_cost_max_flow,109,18,109,6,12,0
move,"['move', 6, 5, 1]",True,3470,1.373039976074217,0.0,2.1338025778074945,0.7607626017332777,1.418981353228446,2.169728285027308,min_cost_max_flow,105,6,105,5,22,1
move,"['move', 6, 9, 0]",True,3470,1.4332930700364068,0.0,2.1338025778074945,0.7005095077710876,1.2708275039840373,0.5171378443161803,min_cost_max_flow,164,6,164,9,2,0
move,"['move', 6, 4, 2]",True,3470,1.5717905520857232,0.0,2.1338025778074945,0.5620120257217713,0.923214550166449,1.429970307181507,min_cost_max_flow,76,6,76,4,44,2
move,"['move', 6, 6, 0]",True,3470,1.2292810848819262,0.0,2.1338025778074945,0.9045214929255684,1.777227213824517,2.9373065414644715,min_cost_max_flow,123,6,123,6,4,0
move,"['move', 9, 3, 0]",True,3480,1.9448049896341466,0.0,2.2845437671898567,0.3962802759307103,0.6869953686182271,1.0219727085892312,min_cost_max_flow,60,9,60,3,5,0
move,"['move', 9, 2, 0]",True,3480,2.0436203935541184,0.0,2.2845437671898567,0.24092337363573826,0.29922633701062296,0.6064899553720452,min_cost_max_flow,38,9,38,2,6,0
move,"['move', 9, 8, 4]",True,3480,1.8862893964827445,0.0,2.2845437671898567,0.3982543707071123,0.6917866699950537,1.1179297513749102,min_cost_max_flow,149,9,149,8,76,4
move,"['move', 9, 5, 6]",True,3480,2.008144653516167,0.0,2.2845437671898567,0.3174972865070229,0.49098907896404853,0.3878501052292702,min_cost_max_flow,95,9,95,5,109,6
move,"['move', 20, 0, 1]",True,3490,0.7853399903573456,0.0,1.5228444046283007,0.7375044142709551,1.3577823606756283,2.6866627795866282,min_cost_max_flow,1,20,1,0,25,1
move,"['move', 20, 3, 1]",True,3490,0.8124189537606802,0.0,1.5228444046283007,0.7104254508676205,1.291757517719816,1.571619077903739,min_cost_max_flow,71,20,71,3,28,1
move,"['move', 20, 4, 1]",True,3490,0.6907952071251039,0.0,1.5228444046283007,0.8320491975031968,1.5935866458021337,3.058444748985595,min_cost_max_flow,75,20,75,4,29,1
move,"['move', 20, 5, 1]",True,3490,0.7841109526070118,0.0,1.5228444046283007,0.8344082468962889,1.6018930333375465,1.4526020471973058,min_cost_max_flow,107,20,107,5,31,1
move,"['move', 6, 9, 5]",True,3500,1.0795403611900038,0.0,2.04874285038069,0.9692024891906863,1.940083584333479,2.168053310686485,min_cost_max_flow,173,6,173,9,108,5
move,"['move', 6, 0, 5]",True,3500,0.9485467372665743,0.0,2.04874285038069,1.1210449807807825,2.3196420652675442,2.199885338136868,min_cost_max_flow,2,6,2,0,96,5
move,"['move', 6, 1, 5]",True,3500,1.3799090774297518,0.0,2.04874285038069,0.6688337729509384,1.189319356235501,2.063011643091994,min_cost_max_flow,22,6,22,1,99,5
move,"['move', 6, 0, 6]",True,3500,1.3762124696065652,0.0,2.04874285038069,0.6933763716491251,1.2504173010456725,2.235379599955423,min_cost_max_flow,4,6,4,0,112,6
move,"['move', 6, 6, 4]",True,3510,1.4990624016810181,0.0,1.9061994494127164,0.40713704773169834,0.5364882501526154,1.1225403329489956,min_cost_max_flow,112,6,112,6,75,4
move,"['move', 6, 2, 1]",True,3510,1.3944938720610693,0.0,1.9061994494127164,0.5117055773516471,0.7984648833808023,0.7523342140722752,min_cost_max_flow,44,6,44,2,22,1
move,"['move', 6, 8, 4]",True,3510,1.2513600577332933,0.0,1.9061994494127164,0.6548393916794231,1.15497481606144,1.6354029732738395,min_cost_max_flow,146,6,146,8,80,4
move,"['move', 6, 9, 4]",True,3510,1.181826516616953,0.0,1.9061994494127164,0.7243729327957633,1.3283011508829077,1.973748286195628,min_cost_max_flow,174,6,174,9,81,4
move,"['move', 6, 1, 6]",True,3520,1.3029884930549749,0.0,1.9834218348273083,0.6804333417723334,1.2176347486965824,2.5186980380293513,min_cost_max_flow,22,6,22,1,112,6
move,"['move', 6, 7, 6]",True,3520,1.696494586496975,0.0,1.9834218348273083,0.28692724833033345,0.2366545760523877,0.6619907308259138,min_cost_max_flow,138,6,138,7,121,6
move,"['move', 6, 3, 6]",True,3520,1.6068807790179722,0.0,1.9834218348273083,0.3765410558093361,0.4606054803953157,0.7177336338783608,min_cost_max_flow,70,6,70,3,123,6
move,"['move', 6, 8, 6]",True,3520,1.0717097060485594,0.0,1.9834218348273083,0.9117121287787489,1.7965828023225185,2.0179739647642716,min_cost_max_flow,156,6,156,8,109,6
move,"['move', 6, 4, 8]",True,3530,1.6823095335424623,0.0,2.503678233150627,0.8213686996081647,1.5709099617452011,1.8941523986689353,min_cost_max_flow,75,6,75,4,156,8
move,"['move', 6, 4, 1]",True,3530,1.8198484365809144,0.0,2.503678233150627,0.6838297965697128,1.2281925215647789,1.1409407881972438,min_cost_max_flow,80,6,80,4,22,1
move,"['move', 6, 6, 8]",True,3530,2.0551696594848385,0.0,2.503678233150627,0.4485085736657888,0.639787196610996,1.209119250845801,min_cost_max_flow,109,6,109,6,146,8
move,"['move', 6, 5, 2]",True,3530,2.02115208439426,0.0,2.503678233150627,0.4825261487563671,0.7254715342933196,0.7821859469274273,min_cost_max_flow,96,6,96,5,44,2
move,"['move', 6, 2, 3]",True,3540,0.19109225318821466,0.0,2.1326704080378924,1.9415781548496778,1.8718485295394203,1.6175326050449998,min_cost_max_flow,44,6,44,2,56,3
move,"['move', 6, 8, 3]",True,3540,0.2127143447412898,0.0,2.1326704080378924,1.9199560632966026,1.8181356208442594,1.3893191466935393,min_cost_max_flow,146,6,146,8,61,3
move,"['move', 6, 6, 3]",True,3540,0.33737210930841455,0.0,2.1326704080378924,1.7952982987294779,1.5071927267781575,0.9216409122201326,min_cost_max_flow,112,6,112,6,62,3
move,"['move', 6, 8, 7]",True,3540,1.720073766850651,0.0,2.1326704080378924,0.4125966411872415,0.5506274252475123,0.7957460289228488,min_cost_max_flow,156,6,156,8,138,7
move,"['move', 9, 7, 2]",True,3550,2.234536932940052,0.0,2.807990183268902,0.5734532503288499,1.1285941161913797,1.9110983233867143,min_cost_max_flow,139,9,139,7,44,2
move,"['move', 9, 5, 1]",True,3550,2.3209151308646963,0.0,2.807990183268902,0.4870750524042059,0.9136848696216475,1.2202661621349518,min_cost_max_flow,91,9,91,5,24,1
move,"['move', 9, 9, 1]",True,3550,2.499054821403279,0.0,2.807990183268902,0.3089353618656233,0.4692576782181277,0.605576200177254,min_cost_max_flow,176,9,176,9,30,1
move,"['move', 9, 4, 1]",True,3550,2.329305146156564,0.0,2.807990183268902,0.478685037112338,0.8928341368664405,1.1373958458264886,min_cost_max_flow,76,9,76,4,32,1
move,"['move', 28, 0, 4]",True,3560,0.9796735186892579,0.0,1.7528359973739436,0.7731624786846857,1.4986123147391481,2.087654580201006,min_cost_max_flow,11,28,11,0,75,4
move,"['move', 28, 1, 4]",True,3560,1.2311772185457857,0.0,1.7528359973739436,0.5216587788281578,0.8703732628564467,1.740856074455473,min_cost_max_flow,36,28,36,1,76,4
move,"['move', 28, 2, 4]",True,3560,1.2206696303058684,0.0,1.7528359973739436,0.5321663670680753,0.8971095154702198,1.4293347318025509,min_cost_max_flow,40,28,40,2,80,4
move,"['move', 28, 3, 4]",True,3560,1.1945085178706158,0.0,1.7528359973739436,0.5583274795033277,0.9628640094160801,1.1948594933165566,min_cost_max_flow,58,28,58,3,82,4
move,"['move', 6, 1, 2]",True,3570,1.741784085264841,0.0,2.0588931037698255,0.31710901850498446,0.3118746347827255,0.8182352016857694,min_cost_max_flow,22,6,22,1,38,2
move,"['move', 6, 7, 8]",True,3570,1.6818670149700463,0.0,2.0588931037698255,0.37702608879977917,0.4621586638750159,0.4906662981498991,min_cost_max_flow,138,6,138,7,156,8
move,"['move', 6, 4, 8]",True,3570,1.2334454859227373,0.0,2.0588931037698255,0.8254476178470881,1.581048373991507,1.9334079660039314,min_cost_max_flow,81,6,81,4,146,8
move,"['move', 6, 3, 0]",True,3570,1.6292742838876646,0.0,2.0588931037698255,0.429618819882161,0.5923903376969974,1.324102220798713,min_cost_max_flow,56,6,56,3,1,0
move,"['move', 6, 0, 1]",True,3580,1.8954676091009668,0.0,2.138049646148901,0.24258203704793427,0.12638682248507394,0.26514097170323897,min_cost_max_flow,1,6,1,0,36,1
move,"['move', 6, 2, 4]",True,3580,1.455403146439385,0.0,2.138049646148901,0.6826464997095161,1.2240820467923186,1.9090958695097862,min_cost_max_flow,38,6,38,2,81,4
move,"['move', 6, 3, 4]",True,3580,1.6925923751240646,0.0,2.138049646148901,0.4454572710248367,0.631820849077485,1.434513204933045,min_cost_max_flow,61,6,61,3,83,4
move,"['move', 6, 3, 7]",True,3580,1.5235595483884201,0.0,2.138049646148901,0.614490097760481,1.0525848243341898,2.646574259870477,min_cost_max_flow,62,6,62,3,138,7
move,"['move', 6, 7, 3]",True,3590,1.3873648328646175,0.0,2.2094167980364605,0.822051965171843,1.5714275916834595,2.687841712627051,min_cost_max_flow,138,6,138,7,56,3
move,"['move', 6, 1, 2]",True,3590,1.8797106193905098,0.0,2.2094167980364605,0.32970617864595075,0.3433930230967235,0.8012432272976187,min_cost_max_flow,36,6,36,1,38,2
move,"['move', 6, 8, 2]",True,3590,1.5465549295692604,0.0,2.2094167980364605,0.6628618684672001,1.1752895308600273,1.463054420510536,min_cost_max_flow,146,6,146,8,40,2
move,"['move', 6, 4, 3]",True,3590,1.6719922045392495,0.0,2.2094167980364605,0.5374245934972112,0.8621871932700742,1.1358211971644283,min_cost_max_flow,81,6,81,4,58,3
move,"['move', 6, 2, 0]",True,3600,1.7298090917317064,0.0,2.1303857985555354,0.400576706823829,0.5199516418579151,1.2130443496335777,min_cost_max_flow,38,6,38,2,1,0
move,"['move', 6, 8, 0]",True,3600,1.1965747709741743,0.0,2.1303857985555354,0.9338110275813613,1.8515317937344662,2.216811027819827,min_cost_max_flow,156,6,156,8,4,0
move,"['move', 6, 3, 1]",True,3600,1.7152455677628797,0.0,2.1303857985555354,0.41514023079265566,0.5561488437815569,1.3541163485834382,min_cost_max_flow,56,6,56,3,36,1
move,"['move', 6, 5, 7]",True,3600,1.5664482314119423,0.0,2.1303857985555354,0.6727900437685932,1.2003388608354726,1.3104599392022507,min_cost_max_flow,108,6,108,5,138,7
move,"['move', 6, 0, 8]",True,3610,0.9445117857013134,0.0,1.6022444013916024,0.657732615690289,1.1627522743947338,1.272470769187713,min_cost_max_flow,1,6,1,0,156,8
move,"['move', 6, 4, 9]",True,3610,0.8710540898993786,0.0,1.6022444013916024,0.8326464576172238,1.5980271882217494,2.6122647627352,min_cost_max_flow,83,6,83,4,164,9
move,"['move', 6, 7, 5]",True,3610,0.8804253801827148,0.0,1.6022444013916024,0.7218190212088876,1.3229066781350411,1.3135441399805463,min_cost_max_flow,138,6,138,7,91,5
move,"['move', 6, 1, 9]",True,3610,0.8729019448253662,0.0,1.6022444013916024,0.7293424565662362,1.341118573975109,1.7113391755162568,min_cost_max_flow,36,6,36,1,170,9
move,"['move', 6, 0, 7]",True,3620,1.9451607702477722,0.0,2.8819861066602743,0.9368253364125021,1.8578614877333166,3.0208630804877523,min_cost_max_flow,4,6,4,0,138,7
move,"['move', 6, 9, 1]",True,3620,2.360407438891782,0.0,2.8819861066602743,0.5215786677684926,0.8222402258761576,1.357256578577777,min_cost_max_flow,164,6,164,9,36,1
move,"['move', 6, 5, 4]",True,3620,2.186726402907355,0.0,2.8819861066602743,0.6952597037529192,1.2563156210453599,1.442053106487366,min_cost_max_flow,91,6,91,5,81,4
move,"['move', 6, 9, 7]",True,3620,2.3651112237677188,0.0,2.8819861066602743,0.5168748828925557,0.8109296526745311,1.057997253100676,min_cost_max_flow,170,6,170,9,139,7
move,"['move', 26, 4, 2]",True,3630,1.9804879043891928,0.0,2.2783785696987695,0.2978906653095768,0.4738189634808805,0.48173408257802713,min_cost_max_flow,80,26,80,4,43,2
move,"['move', 26, 5, 2]",True,3630,1.8931518109344574,0.0,2.2783785696987695,0.385226758764312,0.6916731105811778,0.8057917736051069,min_cost_max_flow,92,26,92,5,44,2
move,"['move', 26, 5, 3]",True,3630,1.8638287624857905,0.0,2.2783785696987695,0.41454980721297896,0.7651256475437549,0.7091812129986128,min_cost_max_flow,97,26,97,5,56,3
move,"['move', 26, 6, 2]",True,3630,1.7082123872372001,0.0,2.2783785696987695,0.5701661824615695,1.1534300453931792,1.2002080610333263,min_cost_max_flow,114,26,114,6,46,2
move,"['move', 6, 8, 5]",True,3646,1.3513527768856244,0.0,2.2773918225074063,0.926039045621782,1.8331897706666496,1.4915231403986542,min_cost_max_flow,156,6,156,8,91,5
move,"['move', 6, 1, 5]",True,3646,1.7363403592430953,0.0,2.2773918225074063,0.5410514632643111,0.8703614622791065,1.7310914696426636,min_cost_max_flow,36,6,36,1,92,5
move,"['move', 6, 3, 5]",True,3646,1.8370417856174086,0.0,2.2773918225074063,0.44035003688999785,0.6207008474084432,0.3357907595628981,min_cost_max_flow,58,6,58,3,95,5
move,"['move', 6, 6, 5]",True,3646,1.6580893074340484,0.0,2.2773918225074063,0.619302515073358,1.0662137093022466,1.5813464692941315,min_cost_max_flow,121,6,121,6,96,5
move,"['move', 18, 3, 6]",True,3656,1.843507748395008,0.0,2.433802307075473,0.5902945586804652,0.9676708396727918,1.6817584430693726,min_cost_max_flow,63,18,63,3,112,6
move,"['move', 18, 7, 5]",True,3656,1.8486206447912248,0.0,2.433802307075473,0.5969258907842482,0.9843682891878416,1.6023456060076893,min_cost_max_flow,135,18,135,7,97,5
move,"['move', 18, 8, 5]",True,3656,1.7641661862779876,0.0,2.433802307075473,0.6696361207974856,1.1669634638456046,1.0559458562281923,min_cost_max_flow,155,18,155,8,104,5
move,"['move', 18, 0, 6]",True,3656,1.5071141328013247,0.0,2.433802307075473,1.1071519411491484,2.259840575774433,1.6642384897803812,min_cost_max_flow,2,18,2,0,114,6
move,"['move', 9, 2, 7]",True,3666,1.3106246711974325,0.0,1.8253537886447062,0.5147291174472736,0.9832203997066244,0.9533545105964607,min_cost_max_flow,41,9,41,2,132,7
move,"['move', 9, 6, 8]",True,3666,1.4624974116434615,0.0,1.8253537886447062,0.44764610300124474,0.8155382149634534,0.9364535959958382,min_cost_max_flow,109,9,109,6,156,8
move,"['move', 9, 2, 5]",True,3666,1.387759358746954,0.0,1.8253537886447062,0.43759442989775216,0.7901077478963998,1.13730980154388,min_cost_max_flow,44,9,44,2,105,5
move,"['move', 9, 0, 7]",True,3666,1.4913654958285218,0.0,1.8253537886447062,0.33398829281618425,0.5314472168611246,0.9007686891141651,min_cost_max_flow,5,9,5,0,136,7
move,"['move', 6, 7, 3]",True,3676,1.6359846998269059,0.0,2.6533850461595234,1.0174003463326176,2.060294069829979,2.3574915495717925,min_cost_max_flow,138,6,138,7,58,3
move,"['move', 6, 5, 3]",True,3676,2.0572530205961783,0.0,2.6533850461595234,0.5961320255633452,1.0086724712018622,1.3246893528625079,min_cost_max_flow,91,6,91,5,60,3
move,"['move', 6, 7, 0]",True,3676,1.8356357615687573,0.0,2.6533850461595234,0.8177492845907661,1.5613951897466904,2.2049753686785043,min_cost_max_flow,139,6,139,7,1,0
move,"['move', 6, 2, 0]",True,3676,2.281430493469529,0.0,2.6533850461595234,0.3719545526899942,0.4493047534924699,0.6073797035390422,min_cost_max_flow,40,6,40,2,4,0
move,"['move', 17, 0, 9]",True,3686,1.8279857159646342,0.0,2.054909262814496,0.2269235468498616,0.4274373583466513,0.2157260942138111,min_cost_max_flow,9,17,9,0,164,9
move,"['move', 17, 0, 6]",True,3686,1.7763225079980793,0.0,2.054909262814496,0.2785867548164165,0.5561861802270869,0.48852478484821255,min_cost_max_flow,14,17,14,0,118,6
move,"['move', 17, 1, 9]",True,3686,1.9071740906841232,0.0,2.054909262814496,0.14773517213037257,0.22957505453086924,0.14330410558682916,min_cost_max_flow,30,17,30,1,170,9
move,"['move', 17, 1, 6]",True,3686,1.7829915626906794,0.0,2.054909262814496,0.27191770012381655,0.5396002391134971,0.43072770624149737,min_cost_max_flow,32,17,32,1,121,6
move,"['move', 9, 7, 9]",True,3696,1.6506649052205884,0.0,2.0605563367847237,0.4363556865641353,0.7873586001151125,0.905502766373997,min_cost_max_flow,132,9,132,7,173,9
move,"['move', 9, 0, 9]",True,3696,1.6910077274124746,0.0,2.0605563367847237,0.3695486093722491,0.620102037122706,1.0647494415013072,min_cost_max_flow,6,9,6,0,174,9
move,"['move', 9, 3, 9]",True,3696,1.5180970729640575,0.0,2.0605563367847237,0.5424592638206661,1.051353040842514,1.7485043756577876,min_cost_max_flow,62,9,62,3,176,9
move,"['move', 9, 8, 9]",True,3696,1.707892325048998,0.0,2.0605563367847237,0.3526640117357258,0.5788059009137214,0.45451085328558666,min_cost_max_flow,156,9,156,8,177,9
move,"['move', 18, 9, 8]",True,3706,1.1969013173523246,0.0,1.6780823075704896,0.481180990218165,0.695757313274953,1.101495271128254,min_cost_max_flow,172,18,172,9,156,8
move,"['move', 18, 0, 8]",True,3706,0.8140597992384389,0.0,1.6780823075704896,0.8640225083320507,1.651453753678652,2.039731858471611,min_cost_max_flow,12,18,12,0,146,8
move,"['move', 18, 5, 8]",True,3706,1.1041956809565885,0.0,1.6780823075704896,0.5738866266139011,0.9272953574036364,1.2521931782327913,min_cost_max_flow,97,18,97,5,149,8
move,"['move', 18, 7, 8]",True,3706,1.1550822997682766,0.0,1.6780823075704896,0.5230000078022131,0.8000581317464821,1.2659789301888327,min_cost_max_flow,133,18,133,7,155,8
move,"['move', 6, 0, 1]",True,3716,2.006475125715493,0.0,2.2805507220112857,0.27407559629579265,0.20485573406767799,0.4417986630643962,min_cost_max_flow,1,6,1,0,36,1
move,"['move', 6, 0, 7]",True,3716,1.226481977874257,0.0,2.2805507220112857,1.0540687441370287,2.1526300913028535,1.9141402416743227,min_cost_max_flow,4,6,4,0,138,7
move,"['move', 6, 6, 7]",True,3716,2.0123506896417505,0.0,2.2805507220112857,0.2682000323695353,0.19029054678685497,0.3593169731842554,min_cost_max_flow,123,6,123,6,139,7
move,"['move', 6, 5, 1]",True,3716,1.4389480344469645,0.0,2.2805507220112857,0.8416026875643212,1.621788669101079,1.6983274216779474,min_cost_max_flow,92,6,92,5,22,1
move,"['move', 6, 1, 8]",True,3726,1.780981203851661,0.0,2.654228400384613,0.8732471965329517,1.700693457016314,1.8359837592388097,min_cost_max_flow,22,6,22,1,156,8
move,"['move', 6, 7, 8]",True,3726,2.156593360005118,0.0,2.654228400384613,0.4976350403794949,0.7635445247942698,0.5816783181736077,min_cost_max_flow,138,6,138,7,157,8
move,"['move', 6, 1, 2]",True,3726,2.2984856435258543,0.0,2.654228400384613,0.35574275685875856,0.40841831148281926,0.8453479912466897,min_cost_max_flow,36,6,36,1,40,2
move,"['move', 6, 7, 2]",True,3726,1.7707304345039865,0.0,2.654228400384613,0.8834979658806265,1.7241672520904103,3.2714026226324173,min_cost_max_flow,139,6,139,7,41,2
move,"['move', 9, 5, 0]",True,3736,0.672214840824951,0.0,1.3806375447398165,0.7084227039148655,1.4668518929101992,1.3550031541999097,min_cost_max_flow,105,9,105,5,2,0
move,"['move', 9, 1, 2]",True,3736,1.113379631823801,0.0,1.3806375447398165,0.26725791291601547,0.36536492704181,0.40499540170932197,min_cost_max_flow,24,9,24,1,38,2
move,"['move', 9, 1, 3]",True,3736,0.9606436985190647,0.0,1.3806375447398165,0.4199938462207518,0.7463047415731126,1.0050078887348302,min_cost_max_flow,30,9,30,1,62,3
move,"['move', 9, 9, 2]",True,3736,0.8796357376606034,0.0,1.3806375447398165,0.501001807079213,0.9482507594293565,1.3875974153408652,min_cost_max_flow,173,9,173,9,44,2
move,"['move', 24, 5, 1]",True,3746,1.6390755466981424,0.0,2.270860749903173,0.6317852032050308,1.154743464125204,1.4476309421789706,min_cost_max_flow,92,24,92,5,30,1
move,"['move', 24, 8, 0]",True,3746,1.693221817608991,0.0,2.270860749903173,0.5776389322941822,1.0201113792136312,0.9585693651462297,min_cost_max_flow,150,24,150,8,9,0
move,"['move', 24, 2, 3]",True,3746,1.7457601234436169,0.0,2.270860749903173,0.5879539002928897,1.0461881154114963,0.7656918977488731,min_cost_max_flow,42,24,42,2,63,3
move,"['move', 24, 4, 3]",True,3746,1.9677356141488587,0.0,2.270860749903173,0.30312513575431466,0.33448250604851637,0.521490575443586,min_cost_max_flow,77,24,77,4,61,3
move,"['move', 6, 8, 1]",True,3756,1.292338293675043,0.0,2.0508983461153187,0.7585600524402757,1.4141184958571102,1.7407177109144818,min_cost_max_flow,156,6,156,8,36,1
move,"['move', 6, 2, 0]",True,3756,0.7370430102065282,0.0,2.0508983461153187,1.3138553359087906,2.8020367341596284,1.954031290094287,min_cost_max_flow,40,6,40,2,12,0
move,"['move', 6, 8, 7]",True,3756,1.666003168626526,0.0,2.0508983461153187,0.38489517748879265,0.4817237993047456,0.562390493352686,min_cost_max_flow,157,6,157,8,138,7
move,"['move', 6, 2, 1]",True,3756,1.7637078505659596,0.0,2.0508983461153187,0.28719049554935916,0.23760121635132236,0.4696425632456451,min_cost_max_flow,41,6,41,2,22,1
move,"['move', 21, 2, 1]",True,3766,1.4590694684605416,0.0,1.7553264038623833,0.29625693540184156,0.4246682535886066,0.5257933204639016,min_cost_max_flow,37,21,37,2,24,1
move,"['move', 21, 2, 5]",True,3766,1.2985716252534951,0.0,1.7553264038623833,0.4567547786088882,0.824683483420813,1.3453787774040833,min_cost_max_flow,53,21,53,2,92,5
move,"['move', 21, 3, 0]",True,3766,1.4108712118782192,0.0,1.7553264038623833,0.34445519198416397,0.544488314044429,0.9761806537863816,min_cost_max_flow,64,21,64,3,14,0
move,"['move', 21, 4, 1]",True,3766,1.33474965040476,0.0,1.7553264038623833,0.4205767534576232,0.7346556818083627,1.0672046002625923,min_cost_max_flow,78,21,78,4,32,1
move,"['move', 6, 0, 8]",True,3776,0.9469914702840783,0.0,1.3047566657626546,0.3577651954785763,0.4138811744269333,0.5741703948670346,min_cost_max_flow,12,6,12,0,156,8
move,"['move', 6, 7, 6]",True,3776,0.5693221451092512,0.0,1.3047566657626546,0.7354345206534034,1.356275591366284,1.760101060011639,min_cost_max_flow,138,6,138,7,109,6
move,"['move', 6, 4, 6]",True,3776,0.7205324052845338,0.0,1.3047566657626546,0.5842242604781208,0.9782626817104756,1.7516072050796816,min_cost_max_flow,81,6,81,4,123,6
move,"['move', 6, 5, 6]",True,3776,0.8867312003558769,0.0,1.3047566657626546,0.45277045757344436,0.6515503783157328,0.47013796044733414,min_cost_max_flow,95,6,95,5,110,6
move,"['move', 6, 1, 7]",True,3786,1.838550236393134,0.0,2.730819452289616,0.8922692158964817,1.7464500054484233,3.034983743715931,min_cost_max_flow,22,6,22,1,138,7
move,"['move', 6, 1, 2]",True,3786,2.4558388424035584,0.0,2.730819452289616,0.27498060988605727,0.2073915371656767,0.2596192481729718,min_cost_max_flow,36,6,36,1,53,2
move,"['move', 6, 6, 2]",True,3786,2.152726278786851,0.0,2.730819452289616,0.5780931735027651,0.9623858225895674,2.1177016600921386,min_cost_max_flow,109,6,109,6,37,2
move,"['move', 6, 5, 2]",True,3786,2.1477913216759785,0.0,2.730819452289616,0.5830281306136372,0.9750451839499874,1.9030559379324816,min_cost_max_flow,96,6,96,5,40,2
move,"['move', 6, 7, 4]",True,3796,1.4206407196243827,0.0,2.2029114838507446,0.782270764226362,1.47327465757553,1.8211295421118456,min_cost_max_flow,138,6,138,7,78,4
move,"['move', 6, 6, 4]",True,3796,1.680421752148815,0.0,2.2029114838507446,0.5224897317019297,0.824647936016845,1.2705563738480767,min_cost_max_flow,110,6,110,6,80,4
move,"['move', 6, 5, 4]",True,3796,1.85298357401761,0.0,2.2029114838507446,0.3499279098331348,0.39444171894865576,0.4716646379827686,min_cost_max_flow,99,6,99,5,81,4
move,"['move', 6, 3, 4]",True,3796,1.823261797547367,0.0,2.2029114838507446,0.4329803266783776,0.6010484632788575,1.1545298265862725,min_cost_max_flow,60,6,60,3,83,4
move,"['move', 6, 2, 5]",True,3806,1.8221858391861125,0.0,2.5071513556360543,0.6849655164499417,1.231452346451988,0.860590663772891,min_cost_max_flow,37,6,37,2,108,5
move,"['move', 6, 4, 5]",True,3806,2.0231718593959296,0.0,2.5071513556360543,0.4839794962401246,0.7289186202906421,0.9063744216415025,min_cost_max_flow,78,6,78,4,91,5
move,"['move', 6, 3, 5]",True,3806,2.201762891081345,0.0,2.5071513556360543,0.30538846455470936,0.2827443206551834,0.7041880362553391,min_cost_max_flow,58,6,58,3,92,5
move,"['move', 6, 6, 5]",True,3806,1.834090930433732,0.0,2.5071513556360543,0.6730604252023222,1.1995184859115398,2.30801227803909,min_cost_max_flow,123,6,123,6,96,5
move,"['move', 12, 1, 0]",True,3816,1.0302040137203075,0.0,1.6791884348276733,0.7201410452323659,1.2806649476115126,2.3429150877579246,min_cost_max_flow,21,12,21,1,12,0
move,"['move', 12, 2, 0]",True,3816,1.1573240297974419,0.0,1.6791884348276733,0.5218644050302315,0.787004303332651,0.9889442701082668,min_cost_max_flow,37,12,37,2,1,0
move,"['move', 12, 2, 8]",True,3816,0.9521730614370744,0.0,1.6791884348276733,0.727015373390599,1.2993682263913797,1.3312761649016582,min_cost_max_flow,54,12,54,2,157,8
move,"['move', 12, 3, 0]",True,3816,1.1120551666607779,0.0,1.6791884348276733,0.5671332681668955,0.8994302619612426,1.4864104121538804,min_cost_max_flow,55,12,55,3,4,0
move,"['move', 24, 2, 5]",True,3826,1.6324268520690812,0.0,2.196534089158697,0.5641072370896159,0.9855839159208699,1.4240528860431516,min_cost_max_flow,39,24,39,2,97,5
move,"['move', 24, 7, 8]",True,3826,1.490405248838286,0.0,2.196534089158697,0.706128840320411,1.339199284389906,2.383145958011085,min_cost_max_flow,140,24,140,7,150,8
move,"['move', 24, 0, 8]",True,3826,1.4990777444281407,0.0,2.196534089158697,0.6974563447305563,1.319397972576553,1.1298611838219257,min_cost_max_flow,8,24,8,0,158,8
move,"['move', 24, 0, 5]",True,3826,1.633934180477575,0.0,2.196534089158697,0.5625999086811219,0.9825004338417784,0.9674935912809477,min_cost_max_flow,9,24,9,0,99,5
move,"['move', 9, 0, 4]",True,3836,1.2343366163017042,0.0,1.8362366948159186,0.6889265543892146,1.4187192685130867,0.9498368761900684,min_cost_max_flow,2,9,2,0,78,4
move,"['move', 9, 9, 4]",True,3836,1.3706171537120677,0.0,1.8362366948159186,0.46561954110385095,0.8598046304832678,1.3812400871298065,min_cost_max_flow,174,9,174,9,85,4
move,"['move', 9, 2, 6]",True,3836,1.4753131641477688,0.0,1.8362366948159186,0.3609235306681498,0.5986785459826933,0.9719456946776408,min_cost_max_flow,38,9,38,2,109,6
move,"['move', 9, 7, 6]",True,3836,1.505748234112362,0.0,1.8362366948159186,0.33048846070355664,0.522540764817677,1.0053498636999436,min_cost_max_flow,136,9,136,7,123,6
move,"['move', 9, 4, 0]",True,3846,1.3861866439100572,0.0,1.7572406679657713,0.37105402405571414,0.6247441170271486,0.4790539776479538,min_cost_max_flow,78,9,78,4,8,0
move,"['move', 9, 9, 7]",True,3846,1.4077217551580345,0.0,1.7572406679657713,0.34951891280773667,0.5705102542124223,0.7431104408364438,min_cost_max_flow,176,9,176,9,138,7
move,"['move', 9, 6, 5]",True,3846,1.418284938300475,0.0,1.7572406679657713,0.3389557296652964,0.5442588147852803,0.6387648215306917,min_cost_max_flow,109,9,109,6,105,5
move,"['move', 9, 4, 5]",True,3846,1.502951563155083,0.0,1.7572406679657713,0.25428910481068834,0.3330533570915577,0.33136185966555964,min_cost_max_flow,85,9,85,4,106,5
move,"['move', 9, 6, 4]",True,3856,1.6794502104191422,0.0,2.1304325749827555,0.45098236456361335,0.8234786099492339,1.2032928760897914,min_cost_max_flow,123,9,123,6,77,4
move,"['move', 9, 5, 8]",True,3856,1.8994969580825418,0.0,2.1304325749827555,0.23093561690021372,0.27473934506997466,0.2848900232633133,min_cost_max_flow,105,9,105,5,159,8
move,"['move', 9, 7, 8]",True,3856,1.7841363738613436,0.0,2.1304325749827555,0.34629620112141196,0.5623359620149131,0.8214524286346936,min_cost_max_flow,138,9,138,7,160,8
move,"['move', 9, 9, 0]",True,3856,1.395516972118199,0.0,2.1304325749827555,0.7349156028645564,1.5330016885345685,1.409970987438472,min_cost_max_flow,177,9,177,9,9,0
move,"['move', 6, 4, 7]",True,3866,1.3296038077727976,0.0,1.9834740011956373,0.6538701934228397,1.1515377382893348,2.311457727038212,min_cost_max_flow,80,6,80,4,138,7
move,"['move', 6, 4, 1]",True,3866,1.2446473302263499,0.0,1.9834740011956373,0.7388266709692873,1.3643150476782466,2.0540473785096647,min_cost_max_flow,81,6,81,4,36,1
move,"['move', 6, 5, 7]",True,3866,1.2114104599482156,0.0,1.9834740011956373,0.7720635412474217,1.4472116777615156,2.1844111198875664,min_cost_max_flow,91,6,91,5,139,7
move,"['move', 6, 2, 1]",True,3866,1.7113980577533137,0.0,1.9834740011956373,0.27207594344232355,0.19980056927306578,0.47915377035739776,min_cost_max_flow,40,6,40,2,22,1
move,"['move', 24, 6, 7]",True,3876,1.5111305955434706,0.0,1.8995383014190366,0.3884077058755659,0.5475697066722205,0.6009736950596337,min_cost_max_flow,120,24,120,6,140,7
move,"['move', 24, 8, 7]",True,3876,1.4003961677412873,0.0,1.8995383014190366,0.4991421336777492,0.8246267185531906,0.4536787780517082,min_cost_max_flow,150,24,150,8,132,7
move,"['move', 24, 1, 7]",True,3876,1.145388086885346,0.0,1.8995383014190366,0.7541502145336906,1.4592825373547385,2.363267670255488,min_cost_max_flow,30,24,30,1,133,7
move,"['move', 24, 3, 2]",True,3876,1.3636169270047782,0.0,1.8995383014190366,0.5359213744142584,0.9152803689939901,1.3166463783671933,min_cost_max_flow,61,24,61,3,54,2
move,"['move', 15, 0, 3]",True,3886,1.164912144990353,0.0,1.7623695694382677,0.5974574244479147,1.1823584012017818,1.9509445731568953,min_cost_max_flow,11,15,11,0,58,3
move,"['move', 15, 1, 3]",True,3886,1.4193841903128313,0.0,1.7623695694382677,0.3429853791254364,0.5489121258360683,0.12838594616860632,min_cost_max_flow,24,15,24,1,60,3
move,"['move', 15, 1, 4]",True,3886,1.3026276395705707,0.0,1.7623695694382677,0.459741929867697,0.8404272741972818,0.3792049424607051,min_cost_max_flow,26,15,26,1,78,4
move,"['move', 15, 2, 3]",True,3886,1.3110343814738794,0.0,1.7623695694382677,0.45133518796438843,0.818316111988679,1.1087432426814792,min_cost_max_flow,51,15,51,2,61,3
move,"['move', 24, 8, 1]",True,3896,1.6509997120466904,0.0,2.1194543769306504,0.46845466488396004,0.747434833443549,0.7691541948309063,min_cost_max_flow,158,24,158,8,30,1
move,"['move', 24, 3, 1]",True,3896,1.553491143086469,0.0,2.1194543769306504,0.5659632338441812,0.9908304427735857,1.0196962418416982,min_cost_max_flow,63,24,63,3,24,1
move,"['move', 24, 5, 4]",True,3896,1.8231335827616775,0.0,2.1194543769306504,0.29632079416897295,0.31755774944031145,0.4640923386774846,min_cost_max_flow,97,24,97,5,80,4
move,"['move', 24, 2, 1]",True,3896,1.5559116556281811,0.0,2.1194543769306504,0.5635427213024694,0.9844276962976437,1.2540063229499259,min_cost_max_flow,54,24,54,2,26,1
move,"['move', 24, 4, 2]",True,3906,1.729116048881272,0.0,2.276421866481977,0.5473058176007048,0.9435301417252049,1.4575365349683138,min_cost_max_flow,80,24,80,4,37,2
move,"['move', 24, 1, 2]",True,3906,1.669294928960789,0.0,2.276421866481977,0.6071269375211877,1.0932451993285213,1.349364666895513,min_cost_max_flow,24,24,24,1,51,2
move,"['move', 24, 3, 0]",True,3906,1.7069195829457522,0.0,2.276421866481977,0.5695022835362246,0.9989768705781898,1.4871605255111147,min_cost_max_flow,65,24,65,3,11,0
move,"['move', 24, 7, 6]",True,3906,1.7542203030276995,0.0,2.276421866481977,0.5222015634542774,0.8814303931649192,1.0169453311129188,min_cost_max_flow,132,24,132,7,109,6
move,"['move', 26, 1, 4]",True,3916,1.4003939261574687,0.0,1.8324270584417293,0.4320331322842605,0.8082434048992582,1.1028847614656827,min_cost_max_flow,34,26,34,1,80,4
move,"['move', 26, 2, 4]",True,3916,1.3436028121295642,0.0,1.8324270584417293,0.4888242463121649,0.9506651760384557,0.806894048508092,min_cost_max_flow,43,26,43,2,81,4
move,"['move', 26, 2, 6]",True,3916,1.2200135261496656,0.0,1.8324270584417293,0.6124135322920636,1.258836587650876,1.3414296067255798,min_cost_max_flow,44,26,44,2,120,6
move,"['move', 26, 3, 4]",True,3916,1.4638828039398248,0.0,1.8324270584417293,0.3685442545019044,0.6501882264929009,0.6582073951105166,min_cost_max_flow,56,26,56,3,84,4
move,"['move', 5, 0, 9]",True,3926,1.63186276213966,0.0,2.051774638434285,0.419911876294625,0.6114880931636435,0.8091787884391223,min_cost_max_flow,16,5,16,0,172,9
move,"['move', 5, 1, 2]",True,3926,1.4392586739692532,0.0,2.051774638434285,0.6858391327150317,1.275484561236226,1.3569607740619944,min_cost_max_flow,27,5,27,1,54,2
move,"['move', 5, 1, 9]",True,3926,1.6894034422974806,0.0,2.051774638434285,0.3623711961368044,0.46793323749443516,0.6112823048770711,min_cost_max_flow,33,5,33,1,173,9
move,"['move', 5, 3, 2]",True,3926,1.6691959427382048,0.0,2.051774638434285,0.3825786956960801,0.518227717577247,0.7607948484619503,min_cost_max_flow,59,5,59,3,37,2
move,"['move', 6, 8, 9]",True,3936,2.042272214698536,0.0,2.428617223613493,0.3863450089149574,0.4853800864657387,0.5412514296317451,min_cost_max_flow,156,6,156,8,176,9
move,"['move', 6, 7, 9]",True,3936,1.856491523012762,0.0,2.428617223613493,0.572125700600731,0.9493147700050031,0.8859485464115205,min_cost_max_flow,138,6,138,7,177,9
move,"['move', 6, 1, 3]",True,3936,1.8861583262151709,0.0,2.428617223613493,0.5424588973983223,0.8747880899318261,1.1257299245150385,min_cost_max_flow,22,6,22,1,63,3
move,"['move', 6, 5, 3]",True,3936,1.8975244902224015,0.0,2.428617223613493,0.6837694562244249,1.227627706284693,1.416917066108089,min_cost_max_flow,108,6,108,5,55,3
move,"['move', 2, 0, 5]",True,3946,1.4448716840049192,0.0,1.9756648624697315,0.5307931784648123,0.9212357231517672,1.3241459738930654,min_cost_max_flow,3,2,3,0,91,5
move,"['move', 2, 1, 5]",True,3946,1.19552650507175,0.0,1.9756648624697315,0.8583339555229814,1.739477247603645,1.7310914362562435,min_cost_max_flow,28,2,28,1,95,5
move,"['move', 2, 1, 7]",True,3946,1.1328762828926928,0.0,1.9756648624697315,0.8427885795770386,1.6997818424424622,2.2857349671399616,min_cost_max_flow,23,2,23,1,138,7
move,"['move', 2, 2, 5]",True,3946,1.5255005369173122,0.0,1.9756648624697315,0.4501643255524192,0.7202190931202495,0.9538111409163994,min_cost_max_flow,41,2,41,2,97,5
move,"['move', 9, 2, 9]",True,3956,1.551925386423194,0.0,2.059842664065349,0.5079172776421549,0.9656070754863322,1.3425043155936678,min_cost_max_flow,44,9,44,2,174,9
move,"['move', 9, 4, 9]",True,3956,1.6290765214411218,0.0,2.059842664065349,0.4307661426242274,0.7731826421659207,1.0402348326553645,min_cost_max_flow,77,9,77,4,179,9
move,"['move', 9, 8, 7]",True,3956,1.430863597367134,0.0,2.059842664065349,0.6289790666982152,1.2683637991867727,1.2743369420672361,min_cost_max_flow,159,9,159,8,132,7
move,"['move', 9, 0, 6]",True,3956,1.3656919139042176,0.0,2.059842664065349,0.6941507501611314,1.4308085460143047,1.5973114952393839,min_cost_max_flow,8,9,8,0,123,6
move,"['move', 24, 0, 3]",True,3966,1.4128068804058738,0.0,2.0449293105896826,0.632122430183809,1.1546090212359559,2.099304499641216,min_cost_max_flow,11,24,11,0,56,3
move,"['move', 24, 6, 3]",True,3966,1.629912833096318,0.0,2.0449293105896826,0.5006804339933646,0.8277661001920933,0.9245915448088782,min_cost_max_flow,109,24,109,6,59,3
move,"['move', 24, 1, 3]",True,3966,1.5857945444834591,0.0,2.0449293105896826,0.4591347661062235,0.7239564423070988,0.8882503229034864,min_cost_max_flow,26,24,26,1,63,3
move,"['move', 24, 2, 8]",True,3966,1.4635696794656718,0.0,2.0449293105896826,0.5813596311240107,1.0285084247443592,1.56170372770845,min_cost_max_flow,37,24,37,2,150,8
move,"['move', 9, 0, 2]",True,3976,1.5098388873595425,0.0,2.052162907783572,0.5423240204240293,1.052251270317356,0.9242790647016527,min_cost_max_flow,9,9,9,0,41,2
move,"['move', 9, 8, 2]",True,3976,1.4100088755793967,0.0,2.052162907783572,0.6421540322041752,1.3008686016473803,1.5627444782621578,min_cost_max_flow,160,9,160,8,44,2
move,"['move', 9, 3, 2]",True,3976,1.6433192993635752,0.0,2.052162907783572,0.40884360841999673,0.7186363507280475,0.8668721175196774,min_cost_max_flow,62,9,62,3,37,2
move,"['move', 9, 7, 2]",True,3976,1.6071925450297913,0.0,2.052162907783572,0.4449703627537807,0.8093514316205983,0.6014087454591218,min_cost_max_flow,132,9,132,7,39,2
move,"['move', 6, 9, 6]",True,3986,1.4202556975405967,0.0,2.2011063804809066,0.7808506829403099,1.4698680254587089,1.7254154765724465,min_cost_max_flow,176,6,176,9,110,6
move,"['move', 6, 2, 6]",True,3986,1.6509715009517245,0.0,2.2011063804809066,0.550134879529182,0.8933954685053322,1.5141144269438036,min_cost_max_flow,53,6,53,2,111,6
move,"['move', 6, 1, 6]",True,3986,1.5879757443554947,0.0,2.2011063804809066,0.6131306361254119,1.0502582622139016,1.9318462816139907,min_cost_max_flow,36,6,36,1,112,6
move,"['move', 6, 9, 8]",True,3986,1.5868358233960436,0.0,2.2011063804809066,0.6142705570848629,1.0547070922111743,0.8658278825171746,min_cost_max_flow,177,6,177,9,156,8
move,"['move', 6, 4, 2]",True,3996,1.4014254005699345,0.0,1.982166247198713,0.6354084306287784,1.106869344090228,1.3207825363405976,min_cost_max_flow,83,6,83,4,53,2
move,"['move', 6, 7, 0]",True,3996,0.945762000850288,0.0,1.982166247198713,1.0364042463484249,2.107916834844218,2.282148233091442,min_cost_max_flow,139,6,139,7,8,0
move,"['move', 6, 6, 1]",True,3996,1.3725776183935878,0.0,1.982166247198713,0.6095886288051251,1.0415178769326303,1.8554242686501832,min_cost_max_flow,110,6,110,6,33,1
move,"['move', 6, 8, 2]",True,3996,1.1499271548668208,0.0,1.982166247198713,0.8322390923318921,1.5973405862096115,2.3910572952743916,min_cost_max_flow,156,6,156,8,40,2
move,"['move', 18, 6, 1]",True,4006,1.4123115708862444,0.0,1.985196904404316,0.5728853335180718,0.9241516384572606,1.6791839827677766,min_cost_max_flow,112,18,112,6,36,1
move,"['move', 18, 7, 0]",True,4006,1.1644512839524972,0.0,1.985196904404316,0.820745620451819,1.542988394969143,2.221824531091428,min_cost_max_flow,134,18,134,7,9,0
move,"['move', 18, 8, 1]",True,4006,1.1912535627256253,0.0,1.985196904404316,0.7939433416786906,1.475937497067207,2.2519585105015043,min_cost_max_flow,146,18,146,8,22,1
move,"['move', 18, 5, 1]",True,4006,0.9717036628626772,0.0,1.985196904404316,1.013493241541639,2.0242468152791844,2.628912807430447,min_cost_max_flow,104,18,104,5,23,1
move,"['move', 9, 2, 3]",True,4016,2.7229381014984826,0.0,3.1095908693593177,0.386652767860835,0.6631750652886694,0.8563281451689078,min_cost_max_flow,37,9,37,2,62,3
move,"['move', 9, 5, 7]",True,4016,2.886330398338955,0.0,3.1095908693593177,0.22326047102036237,0.25524881268211175,0.48666848208631,min_cost_max_flow,106,9,106,5,139,7
move,"['move', 9, 9, 3]",True,4016,2.5809914701982506,0.0,3.1095908693593177,0.5444635452860672,1.0571842725839815,1.2014856570146062,min_cost_max_flow,179,9,179,9,64,3
move,"['move', 9, 1, 0]",True,4016,2.880022556091837,0.0,3.1095908693593177,0.22956831326748103,0.2712118562340038,0.35770985935611616,min_cost_max_flow,32,9,32,1,11,0
move,"['move', 2, 5, 0]",True,4026,3.051855035165617,0.0,1.606034130321818,0.5541790951562013,0.9797837654114119,1.2686456197781835,min_cost_max_flow,91,2,91,5,16,0
move,"['move', 2, 5, 1]",True,4026,0.8732599606704774,0.0,1.606034130321818,0.7343319359013406,1.4302019341048435,1.2446010660558595,min_cost_max_flow,95,2,95,5,24,1
move,"['move', 2, 5, 2]",True,4026,0.9613410927679517,0.0,1.606034130321818,0.6446930375538663,1.2055034370641806,1.6454351807074106,min_cost_max_flow,97,2,97,5,37,2
move,"['move', 9, 0, 5]",True,4026,2.2799686488516646,0.0,2.802660601426746,0.5226919525750816,1.0026319671887904,1.2837014021658568,min_cost_max_flow,11,9,11,0,91,5
move,"['move', 6, 0, 4]",True,4036,1.4318046886439113,0.0,2.2786288973066,0.8468242086626888,1.6346870119741652,1.8019673368997653,min_cost_max_flow,8,6,8,0,77,4
move,"['move', 6, 1, 4]",True,4036,1.6672993367113784,0.0,2.2786288973066,0.6113295605952216,1.0465947943011997,1.3723656730980038,min_cost_max_flow,33,6,33,1,83,4
move,"['move', 6, 2, 8]",True,4036,1.7139982382669237,0.0,2.2786288973066,0.5646306590396765,0.9294883211696288,1.611845168236895,min_cost_max_flow,40,6,40,2,146,8
move,"['move', 6, 6, 8]",True,4036,1.5380897937961704,0.0,2.2786288973066,0.7405391035104295,1.3687171444107662,1.9733704587336955,min_cost_max_flow,111,6,111,6,156,8
move,"['move', 6, 6, 7]",True,4046,1.0469991955760567,0.0,1.5297025040793233,0.4827033085032667,0.7255819973506732,1.0038101535243509,min_cost_max_flow,112,6,112,6,134,7
move,"['move', 6, 3, 1]",True,4046,1.129705811121938,0.0,1.5297025040793233,0.39999669295738527,0.5189876933727646,0.8889868956610278,min_cost_max_flow,55,6,55,3,33,1
move,"['move', 6, 3, 7]",True,4046,0.9655836307830664,0.0,1.5297025040793233,0.5641188732962569,0.92918313658447,0.9623253193101186,min_cost_max_flow,63,6,63,3,135,7
move,"['move', 6, 8, 7]",True,4046,0.6591555557695855,0.0,1.5297025040793233,0.8705469483097378,1.694096470651857,1.7335609635201583,min_cost_max_flow,146,6,146,8,136,7
move,"['move', 6, 2, 6]",True,4056,1.9154592067481704,0.0,2.436617911960268,0.5211587052120975,0.8213268796680495,1.2662164566581888,min_cost_max_flow,53,6,53,2,109,6
move,"['move', 6, 4, 3]",True,4056,1.9299297093421393,0.0,2.436617911960268,0.5066882026181285,0.7856151771557052,0.9565138082727693,min_cost_max_flow,77,6,77,4,55,3
move,"['move', 6, 7, 3]",True,4056,1.9837914924507665,0.0,2.436617911960268,0.4528264195095014,0.6502812864273437,1.4094691128019012,min_cost_max_flow,134,6,134,7,62,3
move,"['move', 6, 5, 3]",True,4056,1.8987234102638788,0.0,2.436617911960268,0.5378945016963891,0.8628932679785066,1.4482850568393026,min_cost_max_flow,92,6,92,5,63,3
move,"['move', 6, 3, 9]",True,4066,1.8907373530631513,0.0,2.58767673445136,0.6969393813882085,1.2604883062376757,1.4597257037590476,min_cost_max_flow,55,6,55,3,176,9
move,"['move', 6, 6, 9]",True,4066,2.037381554993139,0.0,2.58767673445136,0.550295179458221,0.8946233642564039,0.9626838079612078,min_cost_max_flow,109,6,109,6,177,9
move,"['move', 6, 8, 9]",True,4066,1.9919666385858181,0.0,2.58767673445136,0.5957100958655418,1.008055417711148,1.0328421836662292,min_cost_max_flow,156,6,156,8,178,9
move,"['move', 6, 4, 9]",True,4066,1.858969362445897,0.0,2.58767673445136,0.7287073720054628,1.338848031417001,2.1665599462990826,min_cost_max_flow,83,6,83,4,179,9
move,"['move', 6, 1, 2]",True,4076,1.9850176330497018,0.0,2.3618152207428804,0.3767975876931786,0.4613792650925461,0.6294303087955856,min_cost_max_flow,33,6,33,1,53,2
move,"['move', 6, 3, 2]",True,4076,1.765791584818668,0.0,2.3618152207428804,0.5960236359242124,1.0081254891920253,1.5086946275322775,min_cost_max_flow,62,6,62,3,38,2
move,"['move', 6, 9, 0]",True,4076,1.3717158061177606,0.0,2.3618152207428804,0.9900994146251197,1.9941286709072301,0.9662046522412617,min_cost_max_flow,176,6,176,9,2,0
move,"['move', 6, 5, 2]",True,4076,1.7885545678317771,0.0,2.3618152207428804,0.5732606529111032,0.9507628957071574,1.812118595595645,min_cost_max_flow,96,6,96,5,40,2
move,"['move', 6, 9, 5]",True,4086,1.4777334522916172,0.0,2.430175708897221,0.9524422566056039,1.8986832264781697,1.8345709057552035,min_cost_max_flow,177,6,177,9,108,5
move,"['move', 6, 0, 1]",True,4086,1.6413100622242416,0.0,2.430175708897221,0.7888656466729794,1.491131506394595,0.9080344070978135,min_cost_max_flow,2,6,2,0,33,1
move,"['move', 6, 9, 1]",True,4086,1.7453121655414898,0.0,2.430175708897221,0.6848635433557313,1.2285528234569938,2.6236508367515956,min_cost_max_flow,178,6,178,9,26,1
move,"['move', 6, 2, 5]",True,4086,1.9900237334591684,0.0,2.430175708897221,0.44015197543805284,0.6185858966782689,1.4156554931040164,min_cost_max_flow,38,6,38,2,92,5
move,"['move', 9, 7, 4]",True,4096,1.4146725912075326,0.0,1.9818636598230355,0.567191068615503,1.1139081306755543,1.264785811692252,min_cost_max_flow,139,9,139,7,77,4
move,"['move', 9, 1, 4]",True,4096,1.6944217484036752,0.0,1.9818636598230355,0.28744191141936026,0.4152441201003967,0.7921975348928026,min_cost_max_flow,34,9,34,1,83,4
move,"['move', 9, 2, 0]",True,4096,1.4450740676646814,0.0,1.9818636598230355,0.5367895921583542,1.0386793101861258,0.7482053760634474,min_cost_max_flow,39,9,39,2,2,0
move,"['move', 9, 3, 0]",True,4096,1.638687505360726,0.0,1.9818636598230355,0.3431761544623096,0.5551905084648752,0.385010363489322,min_cost_max_flow,62,9,62,3,8,0
move,"['move', 9, 4, 8]",True,4106,1.2016137694515132,0.0,1.5345948615716933,0.36733109312018,0.614703715480573,0.9677701161414641,min_cost_max_flow,77,9,77,4,146,8
move,"['move', 9, 2, 1]",True,4106,1.1884710683802162,0.0,1.5345948615716933,0.3461237931914772,0.5620182388811372,0.7459213012605919,min_cost_max_flow,41,9,41,2,34,1
move,"['move', 9, 5, 1]",True,4106,0.9404253926288103,0.0,1.5345948615716933,0.594169468942883,1.1816337562340777,1.0783693183101366,min_cost_max_flow,91,9,91,5,27,1
move,"['move', 9, 3, 1]",True,4106,1.1317761808652076,0.0,1.5345948615716933,0.4028186807064858,0.7037710531294579,0.7355243273945797,min_cost_max_flow,64,9,64,3,28,1
move,"['move', 6, 7, 8]",True,4116,2.3780527700457696,0.0,3.1033029076955696,0.7252501376498,1.3315322424314218,1.2816953439140286,min_cost_max_flow,135,6,135,7,156,8
move,"['move', 6, 1, 4]",True,4116,2.573043863963743,0.0,3.1033029076955696,0.5302590437318265,0.8441545429741382,1.2150051188140165,min_cost_max_flow,26,6,26,1,85,4
move,"['move', 6, 5, 8]",True,4116,2.1995405358791977,0.0,3.1033029076955696,0.9037623718163721,1.7759367778271553,2.532395357711897,min_cost_max_flow,92,6,92,5,158,8
move,"['move', 6, 1, 8]",True,4116,2.565723789396334,0.0,3.1033029076955696,0.5375791182992357,0.8628732821089216,0.9359699746404222,min_cost_max_flow,33,6,33,1,159,8
move,"['move', 6, 3, 6]",True,4126,1.2771446329192222,0.0,1.8978818107675064,0.6207371778482842,1.0695811121622683,1.7275158541566922,min_cost_max_flow,63,6,63,3,109,6
move,"['move', 6, 9, 6]",True,4126,1.2516633633489544,0.0,1.8978818107675064,0.646218447418552,1.1335585745982826,1.5446568472601734,min_cost_max_flow,179,6,179,9,112,6
move,"['move', 6, 7, 1]",True,4126,1.0809976009813083,0.0,1.8978818107675064,0.8168842097861982,1.5581017635195167,2.9588015125143574,min_cost_max_flow,136,6,136,7,33,1
move,"['move', 6, 2, 6]",True,4126,1.3095169233860857,0.0,1.8978818107675064,0.5883648873814208,0.9881589847282157,2.05511669875278,min_cost_max_flow,40,6,40,2,111,6
move,"['move', 24, 2, 0]",True,4136,1.4158571379666696,0.0,1.8980153833822002,0.48215824541553076,0.780937409348553,1.273404477446039,min_cost_max_flow,51,24,51,2,11,0
move,"['move', 24, 3, 6]",True,4136,1.4891811724971094,0.0,1.8980153833822002,0.40883421088509075,0.5979587731708307,1.0524377118608876,min_cost_max_flow,56,24,56,3,109,6
move,"['move', 24, 9, 4]",True,4136,1.2061231362851585,0.0,1.8980153833822002,0.6918922470970418,1.3045105894780136,1.7812871936572916,min_cost_max_flow,172,24,172,9,87,4
move,"['move', 24, 5, 6]",True,4136,1.4541159504099332,0.0,1.8980153833822002,0.44389943297226697,0.6860292162018595,0.7808458364687022,min_cost_max_flow,99,24,99,5,112,6
move,"['move', 6, 1, 3]",True,4146,1.2831654259753171,0.0,1.9028641876201249,0.6196987616448076,1.066772333397239,1.869341358382144,min_cost_max_flow,33,6,33,1,62,3
move,"['move', 6, 6, 0]",True,4146,1.2048262427576257,0.0,1.9028641876201249,0.6980379448624993,1.2618062530746101,2.412033602953946,min_cost_max_flow,109,6,109,6,6,0
move,"['move', 6, 4, 3]",True,4146,1.3269276145225792,0.0,1.9028641876201249,0.5759365730975456,0.9585917598524247,1.0527428094882514,min_cost_max_flow,85,6,85,4,55,3
move,"['move', 6, 5, 3]",True,4146,1.2697797650841633,0.0,1.9028641876201249,0.6330844225359615,1.1016962409048574,0.8961711718928669,min_cost_max_flow,108,6,108,5,56,3
move,"['move', 15, 3, 1]",True,4156,1.427054092478141,0.0,1.8384707713507096,0.41141667887256866,0.7183847306514508,1.1988156478007619,min_cost_max_flow,58,15,58,3,33,1
move,"['move', 15, 3, 0]",True,4156,1.505195471821591,0.0,1.8384707713507096,0.33327529952911855,0.5242388879851205,0.3937451862707294,min_cost_max_flow,60,15,60,3,8,0
move,"['move', 15, 4, 2]",True,4156,1.496529193443548,0.0,1.8384707713507096,0.3419415779071616,0.5451117003540276,0.9223342370711157,min_cost_max_flow,78,15,78,4,41,2
move,"['move', 15, 5, 0]",True,4156,1.1402570793634796,0.0,1.8384707713507096,0.6982136919872299,1.4346732334088301,1.6681690006499177,min_cost_max_flow,105,15,105,5,9,0
move,"['move', 6, 0, 5]",True,4166,2.7081127799977036,0.0,3.5570208226228313,0.8489080426251279,1.6388612497685244,2.4921987447252847,min_cost_max_flow,6,6,6,0,105,5
move,"['move', 6, 8, 5]",True,4166,2.7562605387453996,0.0,3.5570208226228313,0.8007602838774316,1.5202418272237992,1.3255491950483362,min_cost_max_flow,156,6,156,8,108,5
move,"['move', 6, 3, 5]",True,4166,3.095488133269747,0.0,3.5570208226228313,0.4615326893530842,0.6727714654043666,0.9264662007579981,min_cost_max_flow,55,6,55,3,91,5
move,"['move', 6, 2, 5]",True,4166,2.9156755395355396,0.0,3.5570208226228313,0.6413452830872916,1.1204174099111697,2.1834927532348245,min_cost_max_flow,53,6,53,2,92,5
move,"['move', 6, 6, 2]",True,4176,1.022721331288095,0.0,1.6840770228596793,0.6613556915715842,1.171438294040854,1.520250807266406,min_cost_max_flow,111,6,111,6,51,2
move,"['move', 6, 3, 2]",True,4176,1.3093623568175525,0.0,1.6840770228596793,0.37471466604212683,0.45580370790412417,0.8749323493238965,min_cost_max_flow,56,6,56,3,53,2
move,"['move', 6, 5, 2]",True,4176,1.1405725412354801,0.0,1.6840770228596793,0.5435044816241992,0.876945922318555,1.429815376490657,min_cost_max_flow,91,6,91,5,38,2
move,"['move', 6, 5, 1]",True,4176,0.8185597941884181,0.0,1.6840770228596793,0.8655172286712612,1.6801512904348783,2.647481710711729,min_cost_max_flow,92,6,92,5,26,1
move,"['move', 6, 1, 4]",True,4186,1.6165747687235164,0.0,2.3509211659534905,0.7343463972299743,1.353394936559198,1.86699855902051,min_cost_max_flow,26,6,26,1,77,4
move,"['move', 6, 8, 4]",True,4186,1.5183059140630553,0.0,2.3509211659534905,0.8326152518904353,1.5967772458461695,3.393550135141019,min_cost_max_flow,158,6,158,8,78,4
move,"['move', 6, 2, 4]",True,4186,1.721739194940842,0.0,2.3509211659534905,0.6291819710126484,1.0912905757068074,1.329195431737697,min_cost_max_flow,38,6,38,2,85,4
move,"['move', 6, 5, 4]",True,4186,1.783244347537016,0.0,2.3509211659534905,0.6681134377914744,1.1878759561877814,1.8247197424649906,min_cost_max_flow,108,6,108,5,88,4
move,"['move', 6, 3, 0]",True,4196,2.7504343197390417,0.0,3.476165854568422,0.7257315348293804,1.3324856957115117,1.4483884564880776,min_cost_max_flow,62,6,62,3,3,0
move,"['move', 6, 8, 0]",True,4196,2.6195283044542377,0.0,3.476165854568422,0.8566375501141843,1.6585856561214314,2.2251069912148163,min_cost_max_flow,159,6,159,8,5,0
move,"['move', 6, 2, 7]",True,4196,2.880222004027566,0.0,3.476165854568422,0.595943850540856,1.0082528059065226,1.2908411789402316,min_cost_max_flow,51,6,51,2,139,7
move,"['move', 6, 6, 1]",True,4196,2.822294240814517,0.0,3.476165854568422,0.6538716137539051,1.1534275406884262,1.0539566794195894,min_cost_max_flow,112,6,112,6,26,1
move,"['move', 6, 0, 3]",True,4206,0.7275195679797768,0.0,2.5857445268932895,1.8582249589135127,1.6639556251611793,1.2908089635971403,min_cost_max_flow,3,6,3,0,62,3
move,"['move', 6, 7, 9]",True,4206,1.0057475232855921,0.0,2.5857445268932895,1.5799970036076973,0.969410899662762,0.6073671195163526,min_cost_max_flow,139,6,139,7,176,9
move,"['move', 6, 2, 9]",True,4206,0.7474289209468532,0.0,2.5857445268932895,1.8383156059464363,1.614015734041459,1.401814764950087,min_cost_max_flow,53,6,53,2,177,9
move,"['move', 6, 0, 9]",True,4206,0.7662209388932555,0.0,2.5857445268932895,1.819523588000034,1.567184046980401,1.3029095616516457,min_cost_max_flow,5,6,5,0,178,9
move,"['move', 6, 9, 7]",True,4216,1.7549204587993854,0.0,2.13076984058302,0.3758493817836346,0.45917151787580224,0.5209186040514219,min_cost_max_flow,176,6,176,9,139,7
move,"['move', 6, 1, 2]",True,4216,1.418216357031002,0.0,2.13076984058302,0.712553483552018,1.2989258280067588,1.8582147973858842,min_cost_max_flow,26,6,26,1,51,2
move,"['move', 6, 3, 0]",True,4216,1.4934109200728511,0.0,2.13076984058302,0.637358920510169,1.1119667620150722,1.1733203887620165,min_cost_max_flow,62,6,62,3,3,0
move,"['move', 6, 9, 2]",True,4216,1.447947868519966,0.0,2.13076984058302,0.682821972063054,1.224844872194808,1.6929995237465076,min_cost_max_flow,177,6,177,9,53,2
move,"['move', 9, 4, 3]",True,4226,2.3618263683642446,0.0,2.5063433056474245,0.24504232803317993,0.30959003566385945,0.5622815156171291,min_cost_max_flow,83,9,83,4,62,3
move,"['move', 9, 0, 3]",True,4226,2.1350694119570197,0.0,2.5063433056474245,0.5636436528154046,1.1055083628889406,0.9522713359376176,min_cost_max_flow,2,9,2,0,56,3
move,"['move', 9, 2, 3]",True,4226,2.206006716702796,0.0,2.5063433056474245,0.3003365889446285,0.44810507155489177,0.3760257740098223,min_cost_max_flow,44,9,44,2,58,3
move,"['move', 9, 6, 3]",True,4226,2.0720729274927963,0.0,2.5063433056474245,0.43427037815462805,0.7814624460806954,1.3607581068066716,min_cost_max_flow,123,9,123,6,60,3
move,"['move', 6, 9, 3]",True,4236,1.1779459810321404,0.0,1.9067965516909324,0.728850570658792,1.3388390510590398,2.4112112738221585,min_cost_max_flow,178,6,178,9,55,3
move,"['move', 6, 0, 1]",True,4236,1.2922140967944353,0.0,1.9067965516909324,0.6145824548964971,1.0550576628083945,1.151943837093973,min_cost_max_flow,3,6,3,0,26,1
move,"['move', 6, 7, 8]",True,4236,1.6137355471004216,0.0,1.9067965516909324,0.2930610045905109,0.25259015212213853,0.26120045128778724,min_cost_max_flow,139,6,139,7,156,8
move,"['move', 6, 5, 8]",True,4236,1.489824673712213,0.0,1.9067965516909324,0.4169718779787195,0.561524799275503,0.82289132939243,min_cost_max_flow,105,6,105,5,158,8
move,"['move', 9, 3, 5]",True,4252,1.6501278414338314,0.0,1.9811377318485524,0.3310098904147209,0.5245265707635554,0.5505287517214481,min_cost_max_flow,56,9,56,3,105,5
move,"['move', 9, 8, 5]",True,4252,1.6414625910608878,0.0,1.9811377318485524,0.3396751407876646,0.5460708165555843,0.6297821786082383,min_cost_max_flow,146,9,146,8,91,5
move,"['move', 9, 3, 7]",True,4252,1.4158364988830918,0.0,1.9811377318485524,0.5653012329654606,1.108962663805869,1.4120376414119624,min_cost_max_flow,58,9,58,3,139,7
move,"['move', 9, 0, 5]",True,4252,1.5140020380967283,0.0,1.9811377318485524,0.4671356937518241,0.8641614080406725,1.0036427954820477,min_cost_max_flow,8,9,8,0,92,5
move,"['move', 6, 3, 5]",True,4262,1.717559444707243,0.0,2.3504177063282956,0.6328582616210526,1.100537684513256,1.291607241445722,min_cost_max_flow,55,6,55,3,95,5
move,"['move', 6, 8, 5]",True,4262,1.6754381288456717,0.0,2.3504177063282956,0.674979577482624,1.2052335573389428,1.6965517936069137,min_cost_max_flow,156,6,156,8,96,5
move,"['move', 6, 1, 5]",True,4262,1.7005428424687847,0.0,2.3504177063282956,0.6498748638595109,1.1429775154101662,1.3593903742692908,min_cost_max_flow,26,6,26,1,97,5
move,"['move', 6, 2, 5]",True,4262,1.6338348792688766,0.0,2.3504177063282956,0.716582827059419,1.3090437935679802,1.8284769355733819,min_cost_max_flow,51,6,51,2,99,5
move,"['move', 24, 1, 9]",True,4272,1.6872381916517858,0.0,1.9724105783223935,0.2851723866706076,0.28964469255151926,0.49211776726331896,min_cost_max_flow,30,24,30,1,172,9
move,"['move', 24, 0, 2]",True,4272,1.351021067959947,0.0,1.9724105783223935,0.6213895103624465,1.1285091257013846,1.6110351537512018,min_cost_max_flow,11,24,11,0,44,2
move,"['move', 24, 6, 9]",True,4272,1.4529182910492944,0.0,1.9724105783223935,0.6042820132730989,1.0863073597211041,1.2330506583589547,min_cost_max_flow,109,24,109,6,176,9
move,"['move', 24, 7, 9]",True,4272,1.2928414175527247,0.0,1.9724105783223935,0.6795691607696688,1.273470556938264,1.936165007868734,min_cost_max_flow,133,24,133,7,177,9
move,"['move', 26, 2, 3]",True,4282,1.492900309989459,0.0,1.9816730652380037,0.48877275524854463,0.9499761356855743,1.1804358443951906,min_cost_max_flow,46,26,46,2,55,3
move,"['move', 26, 4, 3]",True,4282,1.6389200988101233,0.0,1.9816730652380037,0.34275296642788033,0.5857438650855329,0.6356348766489851,min_cost_max_flow,80,26,80,4,56,3
move,"['move', 26, 6, 1]",True,4282,1.7442244804391993,0.0,1.9816730652380037,0.23744858479880443,0.3229884246684378,0.2986257729191715,min_cost_max_flow,120,26,120,6,30,1
move,"['move', 26, 7, 0]",True,4282,1.425696371705803,0.0,1.9816730652380037,0.5559766935322006,1.1175150774142821,1.4943718313499395,min_cost_max_flow,129,26,129,7,11,0
move,"['move', 26, 0, 2]",True,4292,3.2374666899535933,0.0,1.5301108999437922,0.2926442099901986,0.46060203864908544,0.5489251048110063,min_cost_max_flow,11,26,11,0,51,2
move,"['move', 6, 2, 7]",True,4292,1.7928082707709176,0.0,2.3590242451012107,0.566215974330293,0.933418841814273,1.6336902228349546,min_cost_max_flow,53,6,53,2,129,7
move,"['move', 6, 8, 0]",True,4292,1.74605345831073,0.0,2.3590242451012107,0.6129707867904807,1.0510130780676263,1.1622201542455277,min_cost_max_flow,158,6,158,8,11,0
move,"['move', 6, 4, 7]",True,4292,1.5059192700810482,0.0,2.3590242451012107,0.8531049750201625,1.6486340308183571,2.971898703227892,min_cost_max_flow,77,6,77,4,133,7
move,"['move', 6, 0, 2]",True,4302,2.306596844238491,0.0,2.9536581467332237,0.6470613024947328,1.1357292368484195,1.5023071408035644,min_cost_max_flow,11,6,11,0,53,2
move,"['move', 6, 7, 3]",True,4302,2.415621019281968,0.0,2.9536581467332237,0.5380371274512558,0.8638295318305609,1.0618187469143257,min_cost_max_flow,129,6,129,7,58,3
move,"['move', 6, 7, 2]",True,4302,2.1979300749802473,0.0,2.9536581467332237,0.7557280717529764,1.4060202164400835,2.419602843433659,min_cost_max_flow,133,6,133,7,39,2
move,"['move', 6, 4, 2]",True,4302,2.432429479244739,0.0,2.9536581467332237,0.5212286674884845,0.8214600488790893,1.2940407766098376,min_cost_max_flow,78,6,78,4,40,2
move,"['move', 6, 2, 7]",True,4312,1.2708402024778476,0.0,1.6735428184871126,0.40270261600926494,0.5257598249736475,0.8841042482052526,min_cost_max_flow,39,6,39,2,129,7
move,"['move', 6, 3, 0]",True,4312,0.8546775701501629,0.0,1.6735428184871126,0.8188652483369497,1.5639665264752693,2.350690459931803,min_cost_max_flow,58,6,58,3,11,0
move,"['move', 6, 2, 1]",True,4312,1.182220274140581,0.0,1.6735428184871126,0.4913225443465318,0.7475794721176499,0.7042200476483249,min_cost_max_flow,40,6,40,2,26,1
move,"['move', 6, 5, 0]",True,4312,0.6658940131371729,0.0,1.6735428184871126,1.0076488053499397,2.034305968467379,3.430324153508903,min_cost_max_flow,95,6,95,5,3,0
move,"['move', 6, 0, 6]",True,4322,1.3458689701437576,0.0,2.2753299311794204,0.9294609610356629,1.8405950908636441,2.2578353655372663,min_cost_max_flow,3,6,3,0,120,6
move,"['move', 6, 1, 8]",True,4322,1.3383474612999149,0.0,2.2753299311794204,0.9409798565045057,1.8687125439901138,2.711025729295337,min_cost_max_flow,26,6,26,1,146,8
move,"['move', 6, 0, 8]",True,4322,1.7660163140846377,0.0,2.2753299311794204,0.5093136170947827,0.7926997165413923,0.6091783455716498,min_cost_max_flow,11,6,11,0,156,8
move,"['move', 6, 7, 3]",True,4322,1.4602107907292101,0.0,2.2753299311794204,0.8151191404502104,1.5551712178930757,1.9707163701620969,min_cost_max_flow,129,6,129,7,58,3
move,"['move', 9, 1, 0]",True,4332,1.8452988192235211,0.0,2.0556318102093214,0.23485655911080022,0.28474957708385773,0.14630569831874532,min_cost_max_flow,28,9,28,1,11,0
move,"['move', 9, 5, 2]",True,4332,1.7534927809193717,0.0,2.0556318102093214,0.3021390292899497,0.4523995914059924,0.5170797821446892,min_cost_max_flow,91,9,91,5,39,2
move,"['move', 9, 3, 4]",True,4332,1.8763240743965641,0.0,2.0556318102093214,0.1793077358127572,0.14577207568800077,0.21660113215168217,min_cost_max_flow,60,9,60,3,77,4
move,"['move', 9, 5, 4]",True,4332,1.7400018958749355,0.0,2.0556318102093214,0.31562991433438603,0.4860178834060207,0.5896935228531068,min_cost_max_flow,92,9,92,5,80,4
move,"['move', 6, 6, 1]",True,4342,1.8619689802548391,0.0,2.6516904251911506,0.7897214449363115,1.4912442202621605,2.2592222676072913,min_cost_max_flow,120,6,120,6,26,1
move,"['move', 6, 8, 1]",True,4342,1.8008327374610071,0.0,2.6516904251911506,0.8508576877301436,1.643975569990289,2.33206043857521,min_cost_max_flow,146,6,146,8,28,1
move,"['move', 6, 8, 0]",True,4342,1.5336882009219857,0.0,2.6516904251911506,1.118002224269165,2.3122339808614925,2.0673474228088584,min_cost_max_flow,156,6,156,8,2,0
move,"['move', 6, 4, 0]",True,4342,1.6422825041647995,0.0,2.6516904251911506,1.0420771163596845,2.1212788608972915,2.8289142164752956,min_cost_max_flow,85,6,85,4,3,0
move,"['move', 9, 4, 6]",True,4352,1.3614240321478963,0.0,1.6083189308318784,0.2468948986839821,0.3143548152365838,0.47337955180446734,min_cost_max_flow,77,9,77,4,109,6
move,"['move', 9, 9, 1]",True,4352,1.2149074744449724,0.0,1.6083189308318784,0.39341145638690594,0.6803696934439358,0.6577235851095512,min_cost_max_flow,174,9,174,9,30,1
move,"['move', 9, 0, 1]",True,4352,0.9215464715850473,0.0,1.6083189308318784,0.6867724592468311,1.4139415231038583,0.5448419117031329,min_cost_max_flow,11,9,11,0,32,1
move,"['move', 9, 4, 1]",True,4352,1.16485212696966,0.0,1.6083189308318784,0.4434668038622186,0.8049520489366842,1.0283990487984274,min_cost_max_flow,80,9,80,4,33,1
move,"['move', 6, 0, 7]",True,4362,1.2793234185596405,0.0,2.2047081216019686,0.925384703042328,1.8318765407675528,1.2764387740399272,min_cost_max_flow,2,6,2,0,129,7
move,"['move', 6, 3, 8]",True,4362,1.616562822119864,0.0,2.2047081216019686,0.5881452994821046,0.9881299683183897,1.708481139776417,min_cost_max_flow,58,6,58,3,146,8
move,"['move', 6, 1, 7]",True,4362,1.583953009549814,0.0,2.2047081216019686,0.6207551120521545,1.0688169860077323,2.2668236302979206,min_cost_max_flow,26,6,26,1,133,7
move,"['move', 6, 1, 6]",True,4362,1.3152121092771956,0.0,2.2047081216019686,0.8894960123247732,1.7407898926903727,2.1863862962353027,min_cost_max_flow,28,6,28,1,120,6
move,"['move', 6, 6, 9]",True,4372,1.704826028146432,0.0,2.2780079591411373,0.5731819309947052,0.9514724179534824,1.2079005707156558,min_cost_max_flow,120,6,120,6,174,9
move,"['move', 6, 8, 9]",True,4372,1.8687977529655038,0.0,2.2780079591411373,0.40921020617563353,0.5422802034809138,0.716502187308637,min_cost_max_flow,146,6,146,8,178,9
move,"['move', 6, 5, 9]",True,4372,1.5315221228531062,0.0,2.2780079591411373,0.746485836288031,1.383132736402331,2.274197093692843,min_cost_max_flow,96,6,96,5,179,9
move,"['move', 6, 0, 1]",True,4372,1.7882906028309886,0.0,2.2780079591411373,0.48971735631014857,0.7427238099407987,1.2660147715771297,min_cost_max_flow,3,6,3,0,26,1
move,"['move', 6, 9, 3]",True,4382,0.8985356500741505,0.0,1.828540531152897,0.9300048810787466,1.8416442835005,2.4649070127729096,min_cost_max_flow,174,6,174,9,58,3
move,"['move', 6, 9, 8]",True,4382,1.3148404597543806,0.0,1.828540531152897,0.5137000713985165,0.8031060336143128,0.982390803180836,min_cost_max_flow,178,6,178,9,146,8
move,"['move', 6, 4, 8]",True,4382,1.195396233963005,0.0,1.828540531152897,0.633144297189892,1.10026482923422,1.9502367088684158,min_cost_max_flow,88,6,88,4,156,8
move,"['move', 6, 2, 8]",True,4382,1.1583057162401764,0.0,1.828540531152897,0.6702348149127205,1.1937382669348153,1.4521411131859985,min_cost_max_flow,53,6,53,2,158,8
move,"['move', 18, 6, 5]",True,4392,1.3831389170525914,0.0,2.1347936587378875,0.7867202863102961,1.4590489981128485,1.4725321994162746,min_cost_max_flow,114,18,114,6,108,5
move,"['move', 18, 4, 5]",True,4392,1.7023595105374902,0.0,2.1347936587378875,0.4324341482003972,0.5746921632162412,0.5668586139898146,min_cost_max_flow,74,18,74,4,91,5
move,"['move', 18, 0, 7]",True,4392,1.696128290410398,0.0,2.1347936587378875,0.4386653683274894,0.590384500901564,0.4906670355950102,min_cost_max_flow,9,18,9,0,134,7
move,"['move', 18, 8, 3]",True,4392,1.4771840130992857,0.0,2.1347936587378875,0.6576096456386018,1.136067823281337,1.6089143009335776,min_cost_max_flow,149,18,149,8,62,3
move,"['move', 6, 7, 2]",True,4402,1.7743246271746007,0.0,2.5072013033565774,0.7328766761819768,1.347982898922055,3.0254885704532217,min_cost_max_flow,129,6,129,7,53,2
move,"['move', 6, 3, 4]",True,4402,2.205141800563596,0.0,2.5072013033565774,0.30205950279298144,0.27467447576782433,0.5358150249481757,min_cost_max_flow,58,6,58,3,74,4
move,"['move', 6, 9, 4]",True,4402,1.6836786884206842,0.0,2.5072013033565774,0.8235226149358932,1.5747911494181608,2.896552829576648,min_cost_max_flow,179,6,179,9,78,4
move,"['move', 6, 1, 4]",True,4402,2.1172403297570317,0.0,2.5072013033565774,0.3899609735995457,0.4943789623939665,0.56860861846046,min_cost_max_flow,26,6,26,1,80,4
move,"['move', 18, 1, 6]",True,4412,0.8533562590616633,0.0,1.8326993156089633,0.9793430565472999,1.9381945085333427,3.0801423140930333,min_cost_max_flow,22,18,22,1,120,6
move,"['move', 18, 5, 4]",True,4412,0.9769817770576166,0.0,1.8326993156089633,0.8557175385513467,1.6308731014869409,1.9185503517724036,min_cost_max_flow,91,18,91,5,83,4
move,"['move', 18, 1, 4]",True,4412,0.9901813418079654,0.0,1.8326993156089633,0.8425179738009979,1.5973867755601532,2.2434930523827576,min_cost_max_flow,23,18,23,1,85,4
move,"['move', 18, 5, 6]",True,4412,1.2712659321894253,0.0,1.8326993156089633,0.5614333834195381,0.8968062902058591,0.8228326528124486,min_cost_max_flow,108,18,108,5,123,6
move,"['move', 9, 6, 0]",True,4422,1.6116021954241981,0.0,2.280070944063041,0.6684687486388429,1.3663192982858163,1.7868074437509107,min_cost_max_flow,109,9,109,6,11,0
move,"['move', 9, 5, 8]",True,4422,1.7937573023054332,0.0,2.280070944063041,0.4863136417576077,0.9117359582596691,1.2505226591235932,min_cost_max_flow,105,9,105,5,149,8
move,"['move', 9, 3, 8]",True,4422,1.6774893521379806,0.0,2.280070944063041,0.6025815919250603,1.201917668360693,1.5759662041954758,min_cost_max_flow,62,9,62,3,159,8
move,"['move', 9, 2, 4]",True,4422,1.932564127067195,0.0,2.280070944063041,0.3475068169958459,0.5655663908910356,0.6855263019429926,min_cost_max_flow,39,9,39,2,88,4
move,"['move', 6, 2, 3]",True,4432,0.9170031065421209,0.0,1.4562046820208103,0.5392015754786894,0.8666508592941682,1.1216804835655492,min_cost_max_flow,53,6,53,2,58,3
move,"['move', 6, 7, 3]",True,4432,1.0515743396443626,0.0,1.4562046820208103,0.4046303423764476,0.5306646786193596,0.8270790963682575,min_cost_max_flow,133,6,133,7,62,3
move,"['move', 6, 4, 3]",True,4432,0.8986717612604161,0.0,1.4562046820208103,0.5575329207603942,0.9122323428091477,1.2862669430870788,min_cost_max_flow,74,6,74,4,63,3
move,"['move', 6, 8, 1]",True,4432,0.6776168092995732,0.0,1.4562046820208103,0.7785878727212371,1.4638414465007372,1.971784416765478,min_cost_max_flow,146,6,146,8,22,1
move,"['move', 6, 4, 2]",True,4442,1.5528542024843606,0.0,2.2038431803499705,0.6509889778656099,1.1449746906000655,1.8847969245014757,min_cost_max_flow,78,6,78,4,53,2
move,"['move', 6, 1, 2]",True,4442,1.920574386113145,0.0,2.2038431803499705,0.2832687942368255,0.22769965651241364,0.5345136016287211,min_cost_max_flow,22,6,22,1,38,2
move,"['move', 6, 8, 2]",True,4442,1.339501101975435,0.0,2.2038431803499705,0.8643420783745356,1.678075357885973,2.0728529154392845,min_cost_max_flow,156,6,156,8,39,2
move,"['move', 6, 5, 7]",True,4442,1.6610784090051582,0.0,2.2038431803499705,0.5427647713448123,0.8750845079484861,1.4379078242249077,min_cost_max_flow,97,6,97,5,129,7
move,"['move', 9, 4, 3]",True,4452,1.5235660244000866,0.0,1.9050893112165284,0.38152328681644165,0.6502713993832003,0.9096370081594253,min_cost_max_flow,88,9,88,4,64,3
move,"['move', 9, 0, 3]",True,4452,1.4660901047289912,0.0,1.9050893112165284,0.4389992064875371,0.7935804473308963,1.1634711615211217,min_cost_max_flow,11,9,11,0,65,3
move,"['move', 9, 7, 5]",True,4452,1.6393398015747493,0.0,1.9050893112165284,0.265749509641779,0.3612979617973906,0.6023001075947391,min_cost_max_flow,139,9,139,7,105,5
move,"['move', 9, 1, 5]",True,4452,1.3406239665895359,0.0,1.9050893112165284,0.5644653446269925,1.1074353868025355,1.037075079520663,min_cost_max_flow,27,9,27,1,108,5
move,"['move', 9, 5, 7]",True,4462,1.8756849248473042,0.0,2.130954299454981,0.25526937460767674,0.3351619426975958,0.5594211172875057,min_cost_max_flow,105,9,105,5,139,7
move,"['move', 9, 8, 0]",True,4462,1.6567280051476558,0.0,2.130954299454981,0.47422629430732505,0.8818089856940787,1.0562586190460892,min_cost_max_flow,149,9,149,8,11,0
move,"['move', 9, 1, 7]",True,4462,1.5295422005421266,0.0,2.130954299454981,0.6014120989128542,1.1997291917650728,1.0857955809320239,min_cost_max_flow,30,9,30,1,132,7
move,"['move', 9, 8, 7]",True,4462,1.5208660916751038,0.0,2.130954299454981,0.610088207779877,1.2214602330641355,1.0586161599282884,min_cost_max_flow,159,9,159,8,133,7
move,"['move', 6, 8, 6]",True,4472,1.3165781605766333,0.0,1.8344684957742077,0.5178903351975743,0.8135401208419353,1.0101056498623997,min_cost_max_flow,158,6,158,8,109,6
move,"['move', 6, 7, 6]",True,4472,1.402099033913318,0.0,1.8344684957742077,0.4323694618608897,0.6001368262441247,0.7441798205950213,min_cost_max_flow,129,6,129,7,114,6
move,"['move', 6, 5, 6]",True,4472,1.2644631996109301,0.0,1.8344684957742077,0.5700052961632777,0.9437362319804379,1.0709665003662212,min_cost_max_flow,99,6,99,5,111,6
move,"['move', 6, 3, 6]",True,4472,1.294185038698728,0.0,1.8344684957742077,0.5402834570754796,0.8683598246934707,1.78550621201419,min_cost_max_flow,58,6,58,3,112,6
move,"['move', 18, 6, 9]",True,4482,0.6806396665030437,0.0,1.610456726874348,0.9298170603713042,1.8163114792550914,1.7921682062676243,min_cost_max_flow,120,18,120,6,178,9
move,"['move', 18, 1, 0]",True,4482,0.9845803559243427,0.0,1.610456726874348,0.6258763709500053,1.0559427068583318,2.1368674352760775,min_cost_max_flow,36,18,36,1,3,0
move,"['move', 18, 4, 0]",True,4482,0.6745470746521887,0.0,1.610456726874348,0.9359096522221593,1.8305011159536662,2.486730158643075,min_cost_max_flow,83,18,83,4,5,0
move,"['move', 18, 2, 0]",True,4482,0.7046252276420112,0.0,1.610456726874348,0.9058314992323367,1.7546869342695572,2.899262965011576,min_cost_max_flow,49,18,49,2,6,0
move,"['move', 9, 0, 8]",True,4492,2.158589196623591,0.0,2.731499209606305,0.5729100129827143,1.1278557344485307,1.4979572417269658,min_cost_max_flow,11,9,11,0,146,8
move,"['move', 9, 7, 8]",True,4492,2.434536258735046,0.0,2.731499209606305,0.2969629508712592,0.439952731700032,0.188188888300723,min_cost_max_flow,132,9,132,7,149,8
move,"['move', 9, 3, 2]",True,4492,2.351817887006616,0.0,2.731499209606305,0.37968132259968873,0.6458465428295312,0.7896010160172071,min_cost_max_flow,64,9,64,3,40,2
move,"['move', 9, 1, 8]",True,4492,2.39739077448539,0.0,2.731499209606305,0.33410843512091504,0.5323294804766192,0.5128301200023601,min_cost_max_flow,32,9,32,1,156,8
move,"['move', 24, 7, 5]",True,4502,1.419354014970259,0.0,1.748772953489786,0.32941893851952697,0.4004367024390376,0.37503092378336567,min_cost_max_flow,140,24,140,7,105,5
move,"['move', 24, 4, 1]",True,4502,1.1225608193381555,0.0,1.748772953489786,0.6262121341516306,1.1409985702193808,1.322445123727086,min_cost_max_flow,87,24,87,4,36,1
move,"['move', 24, 9, 5]",True,4502,1.0114916014991953,0.0,1.748772953489786,0.8351776649905908,1.661505679920083,2.5935900548593844,min_cost_max_flow,172,24,172,9,91,5
move,"['move', 24, 8, 5]",True,4502,1.2657627902866757,0.0,1.748772953489786,0.4830101632031102,0.7828705944120884,1.4044774143881495,min_cost_max_flow,150,24,150,8,92,5
move,"['move', 9, 8, 6]",True,4512,1.91660996012084,0.0,2.4348065166471264,0.5181965565262865,0.991791953201755,1.0180506455311074,min_cost_max_flow,146,9,146,8,120,6
move,"['move', 9, 5, 6]",True,4512,2.1931399020592814,0.0,2.4348065166471264,0.351207753962845,0.5749868568600505,0.5734439342647675,min_cost_max_flow,108,9,108,5,109,6
move,"['move', 9, 3, 6]",True,4512,1.9371591308483924,0.0,2.4348065166471264,0.4976473857987341,0.9398633755990886,1.3884845013878826,min_cost_max_flow,65,9,65,3,110,6
move,"['move', 9, 1, 6]",True,4512,1.9075200529796854,0.0,2.4348065166471264,0.5272864636674411,1.013955714777694,1.3920548301627012,min_cost_max_flow,33,9,33,1,113,6
move,"['move', 21, 1, 3]",True,4522,2.227616681044795,0.0,2.5036268712794554,0.27601019023466056,0.3741786163736833,0.4409761851111027,min_cost_max_flow,24,21,24,1,58,3
move,"['move', 21, 1, 4]",True,4522,1.9994225850047629,0.0,2.5036268712794554,0.5042042862746926,0.9429106313182274,1.6097929554685169,min_cost_max_flow,32,21,32,1,74,4
move,"['move', 21, 5, 2]",True,4522,2.178565002184893,0.0,2.5036268712794554,0.32506186909456253,0.49632262391241966,0.7644359257901745,min_cost_max_flow,92,21,92,5,41,2
move,"['move', 21, 5, 3]",True,4522,2.171049809997508,0.0,2.5036268712794554,0.33257706128194714,0.5149114037267282,0.8972363618921255,min_cost_max_flow,98,21,98,5,60,3
move,"['move', 18, 6, 2]",True,4532,0.8549809189710633,0.0,1.9033505630414653,1.048369644070402,2.110935467608215,2.9638154693487797,min_cost_max_flow,123,18,123,6,42,2
move,"['move', 18, 9, 2]",True,4532,0.8880405613863025,0.0,1.9033505630414653,1.0153100016551628,2.0292987618231564,2.2888819673221708,min_cost_max_flow,178,18,178,9,43,2
move,"['move', 18, 4, 2]",True,4532,1.3630191247502406,0.0,1.9033505630414653,0.5403314382912248,0.8427693923586048,1.677522670459808,min_cost_max_flow,85,18,85,4,44,2
move,"['move', 18, 8, 2]",True,4532,0.9672141212667763,0.0,1.9033505630414653,0.948871297024689,1.8622596624336438,2.917107176207482,min_cost_max_flow,155,18,155,8,46,2
move,"['move', 6, 4, 5]",True,4542,1.3291735254820327,0.0,1.8318758090217613,0.5027022835397286,0.7754738101357361,1.0742266909188378,min_cost_max_flow,80,6,80,4,92,5
move,"['move', 6, 3, 5]",True,4542,1.1868827615626683,0.0,1.8318758090217613,0.6449930474590931,1.1313068755043787,1.0034563107647523,min_cost_max_flow,62,6,62,3,95,5
move,"['move', 6, 6, 5]",True,4542,1.258734020623309,0.0,1.8318758090217613,0.6643987867734522,1.1790353049727855,1.5274021890920013,min_cost_max_flow,109,6,109,6,96,5
move,"['move', 6, 2, 5]",True,4542,1.3117907197498695,0.0,1.8318758090217613,0.6272208876468918,1.0861139655171428,1.5117966152529814,min_cost_max_flow,38,6,38,2,97,5
move,"['move', 9, 2, 3]",True,4552,1.8949999031726799,0.0,2.20088629781267,0.3058863946399904,0.46188131641974906,0.44153868970809523,min_cost_max_flow,40,9,40,2,62,3
move,"['move', 9, 8, 3]",True,4552,1.6975853031301875,0.0,2.20088629781267,0.5033009946824827,0.9538543878225028,1.483824492026151,min_cost_max_flow,149,9,149,8,64,3
move,"['move', 9, 6, 3]",True,4552,1.8157684772238318,0.0,2.20088629781267,0.47536221958883823,0.8844435623395839,1.1930829912312897,min_cost_max_flow,109,9,109,6,65,3
move,"['move', 9, 7, 0]",True,4552,1.7767480317217126,0.0,2.20088629781267,0.4241382660909576,0.7563185673352564,1.2364904976486506,min_cost_max_flow,133,9,133,7,11,0
move,"['move', 9, 6, 2]",True,4562,1.8359549119068217,0.0,2.132049474530362,0.29609456262354017,0.4372390211938182,0.550015479578342,min_cost_max_flow,110,9,110,6,40,2
move,"['move', 9, 8, 4]",True,4562,1.6214295557445197,0.0,2.132049474530362,0.5106199187858423,0.9725907273677876,1.1911383007691208,min_cost_max_flow,156,9,156,8,77,4
move,"['move', 9, 6, 4]",True,4562,1.798187791464351,0.0,2.132049474530362,0.3338616830660111,0.53145778230828,0.6827088073886493,min_cost_max_flow,113,9,113,6,78,4
move,"['move', 9, 0, 2]",True,4562,1.8770120288352303,0.0,2.132049474530362,0.2550374456951316,0.33483485785109224,0.39092949404799354,min_cost_max_flow,11,9,11,0,48,2
move,"['move', 9, 4, 0]",True,4572,0.21112293337816856,0.0,1.676778180918249,1.4656552475400804,0.8602861039471463,1.1197685049267276,min_cost_max_flow,77,9,77,4,11,0
move,"['move', 9, 6, 8]",True,4572,0.14583759182716305,0.0,1.676778180918249,1.5309405890910859,1.0232440757390577,1.2900232286616333,min_cost_max_flow,120,9,120,6,146,8
move,"['move', 9, 2, 5]",True,4572,0.17536205975864472,0.0,1.676778180918249,1.5014161211596042,0.9498852940014331,0.9884311679419026,min_cost_max_flow,40,9,40,2,98,5
move,"['move', 9, 3, 5]",True,4572,0.42260546762890105,0.0,1.676778180918249,1.2657575822893479,0.361186093869037,0.6903331391121332,min_cost_max_flow,62,9,62,3,99,5
move,"['move', 9, 8, 1]",True,4582,1.4052845563351912,0.0,1.8300815713237362,0.42479701498854494,0.7581763903435785,1.0958566547460442,min_cost_max_flow,146,9,146,8,32,1
move,"['move', 9, 4, 9]",True,4582,1.4002298489939033,0.0,1.8300815713237362,0.4298517223298329,0.7708248158814968,1.0880851982805204,min_cost_max_flow,78,9,78,4,172,9
move,"['move', 9, 2, 9]",True,4582,1.5895687366423563,0.0,1.8300815713237362,0.24051283468137974,0.29853236651979387,0.3849053586605334,min_cost_max_flow,48,9,48,2,174,9
move,"['move', 9, 7, 9]",True,4582,1.3219445306586786,0.0,1.8300815713237362,0.5081370406650575,0.966331349540269,1.225926651140102,min_cost_max_flow,139,9,139,7,179,9
move,"['move', 18, 3, 4]",True,4592,1.9447756214721275,0.0,2.2791235063448525,0.33434788487272504,0.32951645727007417,0.5402236986475663,min_cost_max_flow,62,18,62,3,77,4
move,"['move', 18, 2, 1]",True,4592,1.667742350442708,0.0,2.2791235063448525,0.6186758401521445,1.0398896029073512,0.8380520728285183,min_cost_max_flow,42,18,42,2,22,1
move,"['move', 18, 7, 1]",True,4592,1.4526242410073391,0.0,2.2791235063448525,0.8264992653375133,1.557383507832128,2.2144907652584926,min_cost_max_flow,134,18,134,7,23,1
move,"['move', 18, 8, 4]",True,4592,1.4285333228891721,0.0,2.2791235063448525,0.8505901834556803,1.6177210585374269,2.140987158670969,min_cost_max_flow,156,18,156,8,78,4
move,"['move', 6, 6, 8]",True,4602,1.0054049304333268,0.0,1.7580400348852843,0.7526351044519574,1.398967529850779,1.9664484012713643,min_cost_max_flow,111,6,111,6,156,8
move,"['move', 6, 3, 8]",True,4602,1.1102154679297425,0.0,1.7580400348852843,0.6554581470805417,1.1563876363070449,1.7247818114016442,min_cost_max_flow,63,6,63,3,146,8
move,"['move', 6, 6, 1]",True,4602,1.111464953454579,0.0,1.7580400348852843,0.6465750814307053,1.1347630470772856,1.3360652148469767,min_cost_max_flow,112,6,112,6,24,1
move,"['move', 6, 5, 8]",True,4602,1.280651723652473,0.0,1.7580400348852843,0.4773883112328112,0.712480282119941,0.8799581899200439,min_cost_max_flow,92,6,92,5,149,8
move,"['move', 18, 4, 7]",True,4612,0.7664056855977115,0.0,1.683158518744594,0.9167528331468826,1.7825036471986095,2.557010869886442,min_cost_max_flow,77,18,77,4,139,7
move,"['move', 18, 1, 5]",True,4612,0.9540180120199038,0.0,1.683158518744594,0.7291405067246903,1.3148948266825755,1.6090138435887045,min_cost_max_flow,22,18,22,1,92,5
move,"['move', 18, 0, 3]",True,4612,0.6423719864226793,0.0,1.683158518744594,1.0407865323219148,2.090108968804998,4.209628424014843,min_cost_max_flow,3,18,3,0,62,3
move,"['move', 18, 2, 3]",True,4612,1.030315394339457,0.0,1.683158518744594,0.6528431244051371,1.1241051892138785,1.6398016234646584,min_cost_max_flow,43,18,43,2,67,3
move,"['move', 6, 6, 4]",True,4622,1.974691475936099,0.0,2.578506631874269,0.6038151559381698,1.0279541438358137,1.275458221602457,min_cost_max_flow,114,6,114,6,77,4
move,"['move', 6, 1, 4]",True,4622,1.78691983388277,0.0,2.578506631874269,0.7915867979914988,1.4964636052027345,1.8885540658703495,min_cost_max_flow,24,6,24,1,80,4
move,"['move', 6, 8, 4]",True,4622,1.9008290510547883,0.0,2.578506631874269,0.6892501908194805,1.24080742103979,1.764998221136168,min_cost_max_flow,149,6,149,8,83,4
move,"['move', 6, 5, 4]",True,4622,1.840781305825978,0.0,2.578506631874269,0.7377253260482907,1.3624185174776358,1.4828259772559271,min_cost_max_flow,95,6,95,5,85,4
move,"['move', 6, 4, 1]",True,4632,1.692511613756961,0.0,2.276052153523001,0.5835405397660399,0.9774509470516932,1.1532291241330714,min_cost_max_flow,77,6,77,4,22,1
move,"['move', 6, 2, 0]",True,4632,1.7939277436662833,0.0,2.276052153523001,0.48212440985671756,0.7242394359636819,0.9340200006033255,min_cost_max_flow,39,6,39,2,3,0
move,"['move', 6, 2, 7]",True,4632,1.4954619497332262,0.0,2.276052153523001,0.7805902037897747,1.4684105904452736,2.2629069013042296,min_cost_max_flow,53,6,53,2,140,7
move,"['move', 6, 8, 0]",True,4632,1.2924311423721084,0.0,2.276052153523001,0.9836210111508926,1.9764550344261806,1.95128984922906,min_cost_max_flow,146,6,146,8,9,0
move,"['move', 24, 9, 7]",True,4642,0.8907512714540278,0.0,1.5984926931127994,0.7077414216587716,1.3440859932161402,1.8129756377894615,min_cost_max_flow,176,24,176,9,129,7
move,"['move', 24, 3, 8]",True,4642,0.9926437186555579,0.0,1.5984926931127994,0.6422896928322415,1.180412365385564,1.8425128139564833,min_cost_max_flow,59,24,59,3,146,8
move,"['move', 24, 5, 7]",True,4642,0.98953744488939,0.0,1.5984926931127994,0.6089552482234094,1.097824877637322,1.3434302980643518,min_cost_max_flow,91,24,91,5,133,7
move,"['move', 24, 6, 8]",True,4642,1.1379119103933655,0.0,1.5984926931127994,0.4605807827194339,0.7275375108947628,0.9108989531448991,min_cost_max_flow,112,24,112,6,150,8
move,"['move', 6, 0, 2]",True,4652,1.3123627178853376,0.0,1.9760389966221572,0.6636762787368196,1.1769016511461814,1.7456580124402767,min_cost_max_flow,3,6,3,0,53,2
move,"['move', 6, 0, 3]",True,4652,1.1370236300849714,0.0,1.9760389966221572,0.8390153665371858,1.61629695573356,1.0472679547980965,min_cost_max_flow,9,6,9,0,62,3
move,"['move', 6, 7, 2]",True,4652,1.3190853186826572,0.0,1.9760389966221572,0.6569536779395,1.1602760968307848,1.6250262271719977,min_cost_max_flow,140,6,140,7,38,2
move,"['move', 6, 1, 3]",True,4652,1.3086637791577294,0.0,1.9760389966221572,0.6673752174644279,1.1863359975686762,1.6209916101241424,min_cost_max_flow,22,6,22,1,63,3
move,"['move', 9, 9, 6]",True,4662,1.3140299874423602,0.0,1.8279230688720638,0.5138930814297036,0.9806191044408479,1.2941579918309114,min_cost_max_flow,172,9,172,9,109,6
move,"['move', 9, 5, 7]",True,4662,1.353089862339758,0.0,1.8279230688720638,0.4748332065323057,0.8835841016625636,0.8843683483572754,min_cost_max_flow,98,9,98,5,140,7
move,"['move', 9, 9, 7]",True,4662,1.5392897954089946,0.0,1.8279230688720638,0.2886332734630692,0.41845538974303054,0.6369545126517961,min_cost_max_flow,174,9,174,9,134,7
move,"['move', 9, 5, 6]",True,4662,1.5663706915708195,0.0,1.8279230688720638,0.2615523773012443,0.35087289346847683,0.5571250926461153,min_cost_max_flow,99,9,99,5,114,6
move,"['move', 24, 2, 6]",True,4672,1.4229171133954714,0.0,1.9774526609152172,0.5545355475197458,0.961941547880997,1.232815629508374,min_cost_max_flow,44,24,44,2,120,6
move,"['move', 24, 9, 0]",True,4672,1.2405596683372788,0.0,1.9774526609152172,0.7368929925779384,1.4187661124960869,0.6121809831029738,min_cost_max_flow,177,24,177,9,2,0
move,"['move', 24, 1, 4]",True,4672,1.469302420610265,0.0,1.9774526609152172,0.5081502403049523,0.8454000659039593,1.618291589544372,min_cost_max_flow,36,24,36,1,77,4
move,"['move', 24, 3, 4]",True,4672,1.5460873731810625,0.0,1.9774526609152172,0.4313652877341546,0.6546411311719567,0.8159937928833997,min_cost_max_flow,63,24,63,3,86,4
move,"['move', 26, 3, 6]",True,4682,1.9482206728296334,0.0,2.3601127305576535,0.41189205772802007,0.7580521363051957,0.9952728971065576,min_cost_max_flow,55,26,55,3,123,6
move,"['move', 26, 4, 6]",True,4682,1.9995896202612595,0.0,2.3601127305576535,0.36052311029639394,0.6300373943813611,0.7235217936194555,min_cost_max_flow,81,26,81,4,109,6
move,"['move', 26, 5, 6]",True,4682,2.0150562752108225,0.0,2.3601127305576535,0.34505645534683105,0.5912204156193184,0.8237493857098466,min_cost_max_flow,98,26,98,5,110,6
move,"['move', 26, 7, 6]",True,4682,2.223745518445254,0.0,2.3601127305576535,0.2419268774873996,0.33406734155869344,0.37650232707405185,min_cost_max_flow,143,26,143,7,111,6
move,"['move', 6, 3, 1]",True,4692,2.435007776141587,0.0,3.0290960944672785,0.5940883183256911,1.0025570045472705,1.9954883931668697,min_cost_max_flow,62,6,62,3,36,1
move,"['move', 6, 3, 7]",True,4692,2.452624702128844,0.0,3.0290960944672785,0.5764713923384343,0.9600005438260268,1.0049188952344874,min_cost_max_flow,63,6,63,3,135,7
move,"['move', 6, 5, 7]",True,4692,2.397266807518771,0.0,3.0290960944672785,0.6318292869485075,1.0981381420133403,1.176344453814208,min_cost_max_flow,96,6,96,5,136,7
move,"['move', 6, 4, 7]",True,4692,2.472394329241386,0.0,3.0290960944672785,0.6275553442258921,1.0878908929153113,0.8846059814746351,min_cost_max_flow,85,6,85,4,137,7
move,"['move', 18, 4, 8]",True,4702,0.8877749092878882,0.0,1.5294937963363964,0.6417188870485082,1.0956219308500295,2.0882449383158197,min_cost_max_flow,78,18,78,4,149,8
move,"['move', 18, 2, 8]",True,4702,0.7973575950077126,0.0,1.5294937963363964,0.7321362013286837,1.322329813054239,1.645180602468579,min_cost_max_flow,44,18,44,2,155,8
move,"['move', 18, 0, 9]",True,4702,0.852261091661906,0.0,1.5294937963363964,0.6772327046744904,1.1852448380013811,1.5293362140516957,min_cost_max_flow,5,18,5,0,172,9
move,"['move', 18, 1, 8]",True,4702,0.5583156366080286,0.0,1.5294937963363964,0.9711781597283677,1.9182979438774055,2.7363573864975943,min_cost_max_flow,23,18,23,1,156,8
move,"['move', 6, 4, 6]",True,4712,1.6161688488596466,0.0,2.130612047513733,0.5144431986540866,0.8051375452050706,0.866595168625874,min_cost_max_flow,80,6,80,4,112,6
move,"['move', 6, 2, 6]",True,4712,1.4529082419849946,0.0,2.130612047513733,0.6777038055287387,1.2109752110991394,2.409162696999986,min_cost_max_flow,38,6,38,2,115,6
move,"['move', 6, 1, 0]",True,4712,1.577058817016493,0.0,2.130612047513733,0.5535532304972401,0.9017135297763161,1.6659918597180814,min_cost_max_flow,36,6,36,1,5,0
move,"['move', 6, 7, 0]",True,4712,1.460261359759468,0.0,2.130612047513733,0.6703506877542652,1.1949726685706992,0.8223280918379228,min_cost_max_flow,135,6,135,7,8,0
move,"['move', 6, 8, 9]",True,4722,1.67992844988004,0.0,2.0563304039974013,0.3764019541173613,0.46052546505234204,0.5392410425694263,min_cost_max_flow,156,6,156,8,174,9
move,"['move', 6, 6, 9]",True,4722,1.1357283385478696,0.0,2.0563304039974013,0.9206020654495317,1.8190296131069772,1.8699945597633776,min_cost_max_flow,112,6,112,6,176,9
move,"['move', 6, 4, 9]",True,4722,1.2040666903175041,0.0,2.0563304039974013,0.8522637136798971,1.6476047388568986,2.2559911104245254,min_cost_max_flow,83,6,83,4,177,9
move,"['move', 6, 0, 1]",True,4722,1.4249394123577839,0.0,2.0563304039974013,0.6563948966396175,1.1585542330649332,1.8416332379355385,min_cost_max_flow,5,6,5,0,36,1
move,"['move', 18, 7, 4]",True,4732,0.9243801341190101,0.0,1.7502175399524873,0.8258374058334772,1.5557142404286424,2.2242365275221645,min_cost_max_flow,139,18,139,7,78,4
move,"['move', 18, 9, 6]",True,4732,0.9238918660532469,0.0,1.7502175399524873,0.8263256738992404,1.5579498786100885,1.5475911828299371,min_cost_max_flow,172,18,172,9,112,6
move,"['move', 18, 3, 6]",True,4732,1.2422754209237294,0.0,1.7502175399524873,0.5079421190287577,0.7628248209875892,0.9917048136921169,min_cost_max_flow,62,18,62,3,114,6
move,"['move', 18, 3, 1]",True,4732,0.9211463026635466,0.0,1.7502175399524873,0.8290712372889407,1.5633870194869814,2.4987695810688146,min_cost_max_flow,67,18,67,3,22,1
move,"['move', 18, 8, 9]",True,4742,0.9966414848891588,0.0,1.5311349392139892,0.5344934543248304,0.8288235919899307,1.2447496389187653,min_cost_max_flow,149,18,149,8,172,9
move,"['move', 18, 1, 9]",True,4742,0.7368811086880287,0.0,1.5311349392139892,0.7942538305259605,1.4767845584065071,2.2047323630845943,min_cost_max_flow,22,18,22,1,178,9
move,"['move', 18, 6, 3]",True,4742,0.9066241268191582,0.0,1.5311349392139892,0.6245108123948311,1.0539431862853235,1.1939502253245664,min_cost_max_flow,112,18,112,6,62,3
move,"['move', 18, 4, 3]",True,4742,1.1299884906959448,0.0,1.5311349392139892,0.4011464485180445,0.49625613522948697,0.7113778012380954,min_cost_max_flow,78,18,78,4,63,3
move,"['move', 24, 0, 1]",True,4752,1.4854441498394761,0.0,2.1263366147262506,0.7492012675117745,1.449402502963494,0.7017122278915804,min_cost_max_flow,2,24,2,0,22,1
move,"['move', 24, 8, 2]",True,4752,1.5225068380658469,0.0,2.1263366147262506,0.6038297766604036,1.0851723656305694,1.2359856975564525,min_cost_max_flow,146,24,146,8,44,2
move,"['move', 24, 7, 1]",True,4752,1.505526004674588,0.0,2.1263366147262506,0.6208106100516625,1.126798123055778,1.7868697328488932,min_cost_max_flow,129,24,129,7,23,1
move,"['move', 24, 7, 3]",True,4752,1.1952178035345984,0.0,2.1263366147262506,0.9311188111916521,1.902139488433022,2.0729613813354715,min_cost_max_flow,133,24,133,7,55,3
move,"['move', 9, 9, 5]",True,4762,1.4284620719611973,0.0,1.9810618426721516,0.5525997707109542,1.0773242793584359,1.3351901821901075,min_cost_max_flow,179,9,179,9,98,5
move,"['move', 9, 6, 2]",True,4762,1.5910767848652274,0.0,1.9810618426721516,0.38998505780692416,0.6710499915498076,1.1601938812254038,min_cost_max_flow,109,9,109,6,38,2
move,"['move', 9, 6, 5]",True,4762,1.5756926066630854,0.0,1.9810618426721516,0.4053692360090662,0.7100479432556313,0.801856414246366,min_cost_max_flow,114,9,114,6,108,5
move,"['move', 9, 7, 2]",True,4762,1.3062250524106531,0.0,1.9810618426721516,0.6748367902614985,1.3828952079929877,1.3496036767292376,min_cost_max_flow,134,9,134,7,39,2
move,"['move', 6, 0, 4]",True,4772,0.6899539317351115,0.0,1.5317886339221676,0.841834702187056,1.6235750443593133,0.8941016207465122,min_cost_max_flow,8,6,8,0,78,4
move,"['move', 6, 7, 8]",True,4772,0.7449541988034127,0.0,1.5317886339221676,0.8029593746187549,1.5254261537193088,1.5344827669141554,min_cost_max_flow,137,6,137,7,146,8
move,"['move', 6, 7, 4]",True,4772,0.8667383318940006,0.0,1.5317886339221676,0.665050302028167,1.1804213646028074,1.689221193601852,min_cost_max_flow,136,6,136,7,80,4
move,"['move', 6, 6, 4]",True,4772,1.0172110937823735,0.0,1.5317886339221676,0.514577540139794,0.8051112201574142,1.1080476765756593,min_cost_max_flow,115,6,115,6,81,4
move,"['move', 18, 6, 4]",True,4782,1.7051458632672718,0.0,2.2030180774762718,0.4978722142089999,0.7371506743656937,1.324627862025939,min_cost_max_flow,114,18,114,6,83,4
move,"['move', 18, 3, 7]",True,4782,1.5527741396857753,0.0,2.2030180774762718,0.6502439377904965,1.1156365390415885,2.9535907139235507,min_cost_max_flow,62,18,62,3,139,7
move,"['move', 18, 9, 7]",True,4782,1.4533229989538552,0.0,2.2030180774762718,0.8097941095224166,1.5149648892111145,2.651643487439848,min_cost_max_flow,172,18,172,9,143,7
move,"['move', 18, 9, 4]",True,4782,1.3438115329121616,0.0,2.2030180774762718,0.85920654456411,1.6388989800470881,2.3829746662797002,min_cost_max_flow,178,18,178,9,85,4
move,"['move', 24, 8, 9]",True,4792,1.6248474016821268,0.0,2.196405547550498,0.5715581458683714,1.0046392485455726,1.138679100834079,min_cost_max_flow,150,24,150,8,178,9
move,"['move', 24, 5, 9]",True,4792,1.610485176721805,0.0,2.196405547550498,0.5859203708286933,1.0393101585432305,1.9617807029319383,min_cost_max_flow,92,24,92,5,179,9
move,"['move', 24, 4, 9]",True,4792,1.60935218610875,0.0,2.196405547550498,0.6062646956917481,1.0912203055631835,1.262224128054697,min_cost_max_flow,86,24,86,4,163,9
move,"['move', 24, 4, 7]",True,4792,1.7780676747626052,0.0,2.196405547550498,0.41833787278789303,0.6210259884683182,1.5137306848729524,min_cost_max_flow,77,24,77,4,129,7
move,"['move', 6, 9, 7]",True,4802,1.5451217528703154,0.0,2.3554699052166534,0.8830478870963381,1.7249882417891058,1.9739448496880951,min_cost_max_flow,174,6,174,9,132,7
move,"['move', 6, 1, 7]",True,4802,1.3628776902360888,0.0,2.3554699052166534,0.9925922149805647,1.9979674286951195,2.5617000527233653,min_cost_max_flow,36,6,36,1,133,7
move,"['move', 6, 9, 0]",True,4802,1.6132448959226082,0.0,2.3554699052166534,0.7422250092940452,1.3732317487083492,1.7734772330379034,min_cost_max_flow,176,6,176,9,3,0
move,"['move', 6, 5, 3]",True,4802,1.951743694564677,0.0,2.3554699052166534,0.40372621065197667,0.5280715268236236,1.0489607527406524,min_cost_max_flow,97,6,97,5,62,3
move,"['move', 6, 9, 5]",True,4812,0.8839993209483304,0.0,1.835363677352413,0.9513643564040825,1.8947454716035281,2.6632404863138137,min_cost_max_flow,177,6,177,9,91,5
move,"['move', 6, 0, 5]",True,4812,1.1830650645293543,0.0,1.835363677352413,0.6522986128230587,1.1474478329982958,2.418760254762605,min_cost_max_flow,3,6,3,0,92,5
move,"['move', 6, 7, 5]",True,4812,1.2540445246890066,0.0,1.835363677352413,0.5813191526634063,0.9730627816970809,0.37636085615177733,min_cost_max_flow,132,6,132,7,95,5
move,"['move', 6, 8, 5]",True,4812,1.075166888015368,0.0,1.835363677352413,0.7601967893370449,1.419193508780154,1.0852705901674526,min_cost_max_flow,146,6,146,8,96,5
move,"['move', 9, 2, 6]",True,4822,2.2796851594748073,0.0,2.5085406563767787,0.3371885367769718,0.5396459028634126,0.76871795556806,min_cost_max_flow,38,9,38,2,112,6
move,"['move', 9, 0, 6]",True,4822,1.9060503224817391,0.0,2.5085406563767787,0.6024903338950397,1.201498164802615,1.7035385262130205,min_cost_max_flow,11,9,11,0,114,6
move,"['move', 9, 7, 6]",True,4822,2.1530466422731367,0.0,2.5085406563767787,0.3554940141036422,0.5855825773469405,0.6533971776667019,min_cost_max_flow,140,9,140,7,109,6
move,"['move', 9, 2, 8]",True,4822,2.0839347561228037,0.0,2.5085406563767787,0.42460590025397493,0.7579538949867128,0.9256623350398097,min_cost_max_flow,39,9,39,2,146,8
move,"['move', 6, 3, 1]",True,4832,2.256005821326418,0.0,2.953259037749243,0.697253216422825,1.2603225198108703,2.093308379323493,min_cost_max_flow,62,6,62,3,36,1
move,"['move', 6, 7, 1]",True,4832,2.151739888031546,0.0,2.953259037749243,0.8015191497176968,1.5202568663808051,2.580299490819718,min_cost_max_flow,133,6,133,7,24,1
move,"['move', 6, 4, 8]",True,4832,2.40786650380334,0.0,2.953259037749243,0.5453925339459027,0.8821004506899044,1.1402169984301949,min_cost_max_flow,78,6,78,4,149,8
move,"['move', 6, 2, 8]",True,4832,2.140751484152463,0.0,2.953259037749243,0.8125075535967798,1.5483048030728241,2.195681494612191,min_cost_max_flow,53,6,53,2,150,8
move,"['move', 9, 6, 7]",True,4842,2.5203019404340434,0.0,2.805479977538286,0.3765752503542427,0.6383272168241092,0.6256979438885488,min_cost_max_flow,109,9,109,6,140,7
move,"['move', 9, 1, 0]",True,4842,2.54761111521354,0.0,2.805479977538286,0.257868862324746,0.34175704610242974,0.4951650425136319,min_cost_max_flow,32,9,32,1,11,0
move,"['move', 9, 8, 2]",True,4842,2.33638062707602,0.0,2.805479977538286,0.46909935046226575,0.8689836413614103,1.0615817657262536,min_cost_max_flow,146,9,146,8,53,2
move,"['move', 9, 1, 2]",True,4842,2.4891421740634927,0.0,2.805479977538286,0.3163378034747932,0.48740737556363456,0.8431806517890647,min_cost_max_flow,34,9,34,1,39,2
move,"['move', 24, 1, 8]",True,4858,2.4297075808837283,0.0,2.8027358563851257,0.3730282755013974,0.5092297661394696,0.5285500932793441,min_cost_max_flow,22,24,22,1,146,8
move,"['move', 24, 6, 4]",True,4858,2.2501616000245184,0.0,2.8027358563851257,0.5525742563606075,0.9565920986278797,1.5302965330227962,min_cost_max_flow,120,24,120,6,77,4
move,"['move', 24, 9, 8]",True,4858,2.198073274592908,0.0,2.8027358563851257,0.684513690292218,1.2871105791491573,1.0836994048551636,min_cost_max_flow,163,24,163,9,156,8
move,"['move', 24, 5, 8]",True,4858,2.3189650074065886,0.0,2.8027358563851257,0.48377084897853706,0.7853387058567023,1.026879410357009,min_cost_max_flow,105,24,105,5,158,8
move,"['move', 21, 0, 1]",True,4868,1.7207066122207746,0.0,1.9743350134478495,0.2536284012270748,0.31829818360711215,0.39161635018234076,min_cost_max_flow,14,21,14,0,32,1
move,"['move', 21, 3, 1]",True,4868,1.5337400717707503,0.0,1.9743350134478495,0.44059494167709906,0.7847287095719366,1.0488331236730002,min_cost_max_flow,58,21,58,3,34,1
move,"['move', 21, 3, 5]",True,4868,1.5570285335581402,0.0,1.9743350134478495,0.4173064798897093,0.7263703678981983,1.1402912605156403,min_cost_max_flow,60,21,60,3,105,5
move,"['move', 21, 4, 5]",True,4868,1.5972099117877276,0.0,1.9743350134478495,0.37712510166012186,0.6265365710569313,0.7271921053813438,min_cost_max_flow,74,21,74,4,97,5
move,"['move', 26, 2, 7]",True,4878,1.6986299299650718,0.0,2.2813962757074395,0.5827663457423677,1.1849762416968588,1.1696826599107932,min_cost_max_flow,51,26,51,2,132,7
move,"['move', 26, 3, 7]",True,4878,1.8504919671033806,0.0,2.2813962757074395,0.4309043086040589,0.8057128034633934,0.9085795850396244,min_cost_max_flow,56,26,56,3,133,7
move,"['move', 26, 4, 7]",True,4878,1.9140643951002043,0.0,2.2813962757074395,0.3673318806072353,0.646967302520352,0.784866885694546,min_cost_max_flow,84,26,84,4,134,7
move,"['move', 26, 6, 7]",True,4878,1.913398535416361,0.0,2.2813962757074395,0.4527874662910785,0.8601795848808251,1.0693214517843848,min_cost_max_flow,109,26,109,6,136,7
move,"['move', 6, 1, 2]",True,4888,1.4597912650972895,0.0,2.12963512222112,0.6698438571238304,1.1926174109903513,1.5477820946784524,min_cost_max_flow,24,6,24,1,51,2
move,"['move', 6, 4, 2]",True,4888,1.5320212907457236,0.0,2.12963512222112,0.5976138314753963,1.0125997999784886,1.1761466885299567,min_cost_max_flow,80,6,80,4,40,2
move,"['move', 6, 8, 3]",True,4888,1.3603150635343217,0.0,2.12963512222112,0.7693200586867981,1.4404137464152882,2.143894416333301,min_cost_max_flow,149,6,149,8,62,3
move,"['move', 6, 5, 3]",True,4888,1.663444754554459,0.0,2.12963512222112,0.4661903676666609,0.6847956737401546,0.6731244995270561,min_cost_max_flow,91,6,91,5,56,3
move,"['move', 6, 1, 6]",True,4898,1.6798522546653474,0.0,2.502450814721874,0.8225985600565268,1.5729271205636906,2.5991472669461055,min_cost_max_flow,36,6,36,1,120,6
move,"['move', 6, 8, 6]",True,4898,1.8845640297443966,0.0,2.502450814721874,0.6178867849774774,1.0631527495352202,1.2624361541774576,min_cost_max_flow,150,6,150,8,112,6
move,"['move', 6, 3, 7]",True,4898,1.6475012663844542,0.0,2.502450814721874,0.8549495483374198,1.653843030508142,2.5735211054669787,min_cost_max_flow,56,6,56,3,135,7
move,"['move', 6, 4, 7]",True,4898,1.9214649886172115,0.0,2.502450814721874,0.5809858261046625,0.970823364732496,1.313761234635525,min_cost_max_flow,81,6,81,4,137,7
move,"['move', 6, 3, 4]",True,4908,1.5948419842119859,0.0,2.0556121210280556,0.4607701368160698,0.6707527394682984,1.0013625964459962,min_cost_max_flow,62,6,62,3,74,4
move,"['move', 6, 2, 4]",True,4908,1.3447363045480654,0.0,2.0556121210280556,0.7122057253549903,1.2981970432592789,1.7644743006597148,min_cost_max_flow,51,6,51,2,78,4
move,"['move', 6, 5, 4]",True,4908,1.5196844816614135,0.0,2.0556121210280556,0.5359276393666421,0.8585079933181987,1.0936976141329293,min_cost_max_flow,92,6,92,5,80,4
move,"['move', 6, 6, 0]",True,4908,1.2398598074160905,0.0,2.0556121210280556,0.815752313611965,1.5566263103755773,2.055943318085334,min_cost_max_flow,112,6,112,6,14,0
move,"['move', 6, 0, 8]",True,4918,1.3166741283045444,0.0,2.05788281482191,0.7412086865173657,1.370631728830631,1.8129525237174566,min_cost_max_flow,14,6,14,0,149,8
move,"['move', 6, 6, 3]",True,4918,1.4906123423467237,0.0,2.05788281482191,0.5672704724751865,0.9359042566793505,1.7342438876056567,min_cost_max_flow,120,6,120,6,62,3
move,"['move', 6, 4, 8]",True,4918,1.481050172379129,0.0,2.05788281482191,0.5768326424427811,0.9605224432671093,1.2590694417575525,min_cost_max_flow,74,6,74,4,150,8
move,"['move', 6, 7, 1]",True,4918,1.2260319264893837,0.0,2.05788281482191,0.8318508883325264,1.5969128524448024,2.0292064728709165,min_cost_max_flow,135,6,135,7,36,1
move,"['move', 18, 4, 6]",True,4928,1.6734608598367067,0.0,2.203245636810013,0.5297847769733065,0.8174018099743989,1.011475396733364,min_cost_max_flow,83,18,83,4,120,6
move,"['move', 18, 7, 6]",True,4928,1.7694027251387867,0.0,2.203245636810013,0.5657060619212264,0.9067932570105768,1.2859856191480161,min_cost_max_flow,143,18,143,7,112,6
move,"['move', 18, 4, 9]",True,4928,1.5989312515512282,0.0,2.203245636810013,0.604314385258785,1.0028525714587886,1.5936482162710488,min_cost_max_flow,85,18,85,4,172,9
move,"['move', 18, 0, 1]",True,4928,1.864974341426229,0.0,2.203245636810013,0.33827129538378403,0.3394116369454423,0.4824547668338639,min_cost_max_flow,6,18,6,0,22,1
move,"['move', 9, 6, 1]",True,4938,1.3984137540498225,0.0,1.9783641117876607,0.5799503577378382,1.1459459674515529,1.1717098315852934,min_cost_max_flow,112,9,112,6,24,1
move,"['move', 9, 7, 1]",True,4938,1.393363522023342,0.0,1.9783641117876607,0.5850005897643187,1.1587004178654752,1.0857962664379306,min_cost_max_flow,140,9,140,7,27,1
move,"['move', 9, 2, 1]",True,4938,1.6049558540391056,0.0,1.9783641117876607,0.3734082577485552,0.6299087417428382,0.9596936552566914,min_cost_max_flow,39,9,39,2,30,1
move,"['move', 9, 0, 4]",True,4938,1.5121537675013101,0.0,1.9783641117876607,0.46621034428635044,0.861490129318554,1.242246167771611,min_cost_max_flow,11,9,11,0,74,4
move,"['move', 6, 3, 9]",True,4948,1.3420562579243966,0.0,1.9810734944030637,0.639017236478667,1.1147924196266104,2.053408595233422,min_cost_max_flow,62,6,62,3,174,9
move,"['move', 6, 1, 9]",True,4948,1.3555884916589052,0.0,1.9810734944030637,0.6254850027441585,1.082040398956451,1.334366151158687,min_cost_max_flow,36,6,36,1,176,9
move,"['move', 6, 8, 9]",True,4948,1.3504385049133358,0.0,1.9810734944030637,0.664848843114728,1.1805513937360956,1.2667702490115678,min_cost_max_flow,149,6,149,8,177,9
move,"['move', 6, 5, 9]",True,4948,1.2593269891738188,0.0,1.9810734944030637,0.7392809861042449,1.365988863442908,1.695362093664616,min_cost_max_flow,95,6,95,5,163,9
move,"['move', 6, 9, 1]",True,4958,2.298236731162411,0.0,2.656063923773358,0.3578271926109473,0.4139796606687014,0.6118414543065166,min_cost_max_flow,163,6,163,9,36,1
move,"['move', 6, 9, 3]",True,4958,1.9355478254305507,0.0,2.656063923773358,0.7205160983428072,1.3175659493062994,2.702491915674206,min_cost_max_flow,174,6,174,9,62,3
move,"['move', 6, 4, 1]",True,4958,2.016576115572501,0.0,2.656063923773358,0.6744766277008567,1.2038533029772225,1.7784717318082537,min_cost_max_flow,78,6,78,4,26,1
move,"['move', 6, 2, 0]",True,4958,1.9030118956276834,0.0,2.656063923773358,0.7530520281456745,1.4016151691248524,0.8962283747512267,min_cost_max_flow,40,6,40,2,2,0
move,"['move', 24, 2, 5]",True,4968,1.9176108024450953,0.0,2.5753198634132812,0.6577090609681859,1.2193436055167695,1.5872996197269935,min_cost_max_flow,44,24,44,2,91,5
move,"['move', 24, 4, 0]",True,4968,1.4224267038401848,0.0,2.5753198634132812,1.1528931595730965,2.456347816361813,2.22465673121539,min_cost_max_flow,77,24,77,4,11,0
move,"['move', 24, 8, 6]",True,4968,2.1937063746484093,0.0,2.5753198634132812,0.381613488764872,0.5304955162355327,0.6600721350283916,min_cost_max_flow,146,24,146,8,109,6
move,"['move', 24, 1, 5]",True,4968,2.1103004693258165,0.0,2.5753198634132812,0.46501939408746473,0.7380594316782663,1.2939707108604597,min_cost_max_flow,23,24,23,1,92,5
move,"['move', 9, 4, 7]",True,4978,1.4781882029393603,0.0,2.055096856443142,0.5769086535037817,1.1381581877867575,1.294055884688153,min_cost_max_flow,74,9,74,4,140,7
move,"['move', 9, 6, 7]",True,4978,1.7982249980402871,0.0,2.055096856443142,0.2981972292778549,0.44280397544935113,0.3444903997475526,min_cost_max_flow,114,9,114,6,135,7
move,"['move', 9, 2, 7]",True,4978,1.5015324270423276,0.0,2.055096856443142,0.5535644294008144,1.0794293007493252,1.539607071364088,min_cost_max_flow,53,9,53,2,138,7
move,"['move', 9, 3, 0]",True,4978,1.7264983122392636,0.0,2.055096856443142,0.32859854420387824,0.5179668647106155,0.904755768943573,min_cost_max_flow,64,9,64,3,14,0
move,"['move', 18, 5, 2]",True,4988,0.8824495567159228,0.0,1.6064070839085964,0.7239575271926736,1.3011586031570914,2.128196973883365,min_cost_max_flow,92,18,92,5,44,2
move,"['move', 18, 6, 2]",True,4988,0.7633478914769123,0.0,1.6064070839085964,0.8691179365566841,1.663354244265065,2.5984518419185685,min_cost_max_flow,112,18,112,6,51,2
move,"['move', 18, 3, 0]",True,4988,0.4373961363642851,0.0,1.6064070839085964,1.1690109475443113,2.4131455402675783,2.5592728196219285,min_cost_max_flow,63,18,63,3,2,0
move,"['move', 18, 6, 4]",True,4988,0.7523702218150478,0.0,1.6064070839085964,0.8540368620935487,1.6265540347376373,1.9968007549781868,min_cost_max_flow,120,18,120,6,74,4
move,"['move', 6, 0, 2]",True,4998,1.9773805968647542,0.0,2.733284820365823,0.7559042235010688,1.4090521941252518,0.6918706334754154,min_cost_max_flow,2,6,2,0,53,2
move,"['move', 6, 9, 6]",True,4998,1.9789663707231053,0.0,2.733284820365823,0.7543184496427179,1.4034161554009188,1.8062733524457417,min_cost_max_flow,176,6,176,9,120,6
move,"['move', 6, 9, 2]",True,4998,2.2197334267818896,0.0,2.733284820365823,0.5135513935839333,0.8027431798182079,0.9764969762789444,min_cost_max_flow,177,6,177,9,38,2
move,"['move', 6, 7, 6]",True,4998,1.7064230073177846,0.0,2.733284820365823,1.0268618130480385,2.0845795340283075,1.9362932763878662,min_cost_max_flow,137,6,137,7,109,6
move,"['move', 6, 3, 9]",True,5008,1.0498313474910064,0.0,1.6836935431511861,0.6338621956601799,1.102264001565345,1.8139526052649653,min_cost_max_flow,62,6,62,3,174,9
move,"['move', 6, 1, 9]",True,5008,0.8739689589036937,0.0,1.6836935431511861,0.8097245842474924,1.5427345236676047,1.2709188492793981,min_cost_max_flow,26,6,26,1,176,9
move,"['move', 6, 2, 9]",True,5008,0.9815797081363132,0.0,1.6836935431511861,0.7021138350148729,1.2736746441587457,1.292923134153047,min_cost_max_flow,38,6,38,2,177,9
move,"['move', 6, 6, 7]",True,5008,0.6293541428537748,0.0,1.6836935431511861,1.0543394002974114,2.1536373831695528,1.6937059311792872,min_cost_max_flow,109,6,109,6,137,7
move,"['move', 18, 9, 3]",True,5018,1.0469734239630577,0.0,1.8343625130761048,0.7873890891130471,1.460379958843987,1.6998963832421867,min_cost_max_flow,172,18,172,9,62,3
move,"['move', 18, 7, 3]",True,5018,1.0028040087514118,0.0,1.8343625130761048,0.831558504324693,1.57010527937382,2.1653747160967596,min_cost_max_flow,139,18,139,7,63,3
move,"['move', 18, 0, 5]",True,5018,0.6742540790429693,0.0,1.8343625130761048,1.1893834973664688,2.4640579494589474,2.571916395638103,min_cost_max_flow,2,18,2,0,92,5
move,"['move', 18, 1, 3]",True,5018,1.5182705992057528,0.0,1.8343625130761048,0.3160919138703519,0.2835931045410689,0.7291738473625068,min_cost_max_flow,22,18,22,1,56,3
move,"['move', 21, 1, 0]",True,5028,1.0760049675792727,0.0,1.6039637191720981,0.5279587515928255,1.0026288208682672,1.3884421189965386,min_cost_max_flow,32,21,32,1,6,0
move,"['move', 21, 2, 3]",True,5028,1.276780881983785,0.0,1.6039637191720981,0.32718283718831315,0.5018895920438808,0.5880706610670361,min_cost_max_flow,41,21,41,2,58,3
move,"['move', 21, 5, 4]",True,5028,1.3829176077247016,0.0,1.6039637191720981,0.2210461114473964,0.2370683562985505,0.24101825642607053,min_cost_max_flow,97,21,97,5,78,4
move,"['move', 21, 6, 0]",True,5028,1.2941861090357016,0.0,1.6039637191720981,0.30977761013639643,0.4586191778580542,0.42630169842363924,min_cost_max_flow,115,21,115,6,8,0
move,"['move', 24, 0, 4]",True,5038,1.2175289534808684,0.0,1.9001181895793917,0.6825892360985233,1.2814052448156872,1.6798319710107803,min_cost_max_flow,11,24,11,0,81,4
move,"['move', 24, 9, 2]",True,5038,1.3611436234541183,0.0,1.9001181895793917,0.5389745661252735,0.9233400851953775,1.0321550958010377,min_cost_max_flow,178,24,178,9,38,2
move,"['move', 24, 9, 1]",True,5038,1.5109456629966842,0.0,1.9001181895793917,0.3891725265827076,0.5493238240742357,0.7062632722856232,min_cost_max_flow,179,24,179,9,32,1
move,"['move', 24, 5, 1]",True,5038,1.4000053834710706,0.0,1.9001181895793917,0.5001128061083212,0.8259474141377723,1.191002439284001,min_cost_max_flow,91,24,91,5,22,1
move,"['move', 6, 9, 7]",True,5048,2.0236326281674377,0.0,2.5019035147572564,0.47827088658981876,0.7142916274024174,1.143353596615003,min_cost_max_flow,174,6,174,9,139,7
move,"['move', 6, 6, 3]",True,5048,1.8204805498705472,0.0,2.5019035147572564,0.7010634442200424,1.2707532458007336,1.489870714776758,min_cost_max_flow,120,6,120,6,59,3
move,"['move', 6, 9, 3]",True,5048,1.7551699618801726,0.0,2.5019035147572564,0.7467335528770838,1.3839110951666953,2.1681522325381195,min_cost_max_flow,176,6,176,9,62,3
move,"['move', 6, 5, 7]",True,5048,1.7318272370292533,0.0,2.5019035147572564,0.770076277728003,1.4422476195468334,2.181677397311306,min_cost_max_flow,96,6,96,5,143,7
move,"['move', 6, 9, 5]",True,5058,1.489527805507936,0.0,2.2810109491966593,0.7914831436887233,1.4970228934107581,1.3429380892287002,min_cost_max_flow,177,6,177,9,91,5
move,"['move', 6, 1, 5]",True,5058,1.4035929832822307,0.0,2.2810109491966593,0.8774179659144286,1.7102927222294966,2.3877559195783764,min_cost_max_flow,36,6,36,1,96,5
move,"['move', 6, 4, 5]",True,5058,1.9896144446636774,0.0,2.2810109491966593,0.29139650453298194,0.24844615450274432,0.2496987683356655,min_cost_max_flow,80,6,80,4,97,5
move,"['move', 6, 3, 5]",True,5058,1.8443564442850195,0.0,2.2810109491966593,0.43665450491163976,0.6109647660923656,0.6672916730178413,min_cost_max_flow,59,6,59,3,98,5
move,"['move', 6, 3, 4]",True,5068,1.616445395924885,0.0,1.9771744249196899,0.3607290289948048,0.4211357697204221,0.6774960595885637,min_cost_max_flow,62,6,62,3,77,4
move,"['move', 6, 8, 4]",True,5068,1.1603618261765898,0.0,1.9771744249196899,0.8168125987431001,1.5589108837666572,2.300036275923899,min_cost_max_flow,150,6,150,8,80,4
move,"['move', 6, 2, 4]",True,5068,1.3038144024132996,0.0,1.9771744249196899,0.6733600225063903,1.2016725079447497,1.371326429345932,min_cost_max_flow,53,6,53,2,83,4
move,"['move', 6, 5, 4]",True,5068,1.1708623156896332,0.0,1.9771744249196899,0.8063121092300568,1.5339867184738978,1.4153306160246364,min_cost_max_flow,91,6,91,5,85,4
move,"['move', 18, 5, 0]",True,5078,0.8651415006452665,0.0,1.9108887507881298,1.0457472501428633,2.10375634652155,3.3792396478943907,min_cost_max_flow,92,18,92,5,11,0
move,"['move', 18, 8, 0]",True,5078,1.1717234799668765,0.0,1.9108887507881298,0.7391652708212533,1.3399614634399768,1.6058628329260523,min_cost_max_flow,155,18,155,8,5,0
move,"['move', 18, 4, 1]",True,5078,1.378007440667692,0.0,1.9108887507881298,0.5328813101204377,0.8239605489216046,1.7998713438149807,min_cost_max_flow,74,18,74,4,36,1
move,"['move', 18, 3, 7]",True,5078,1.1096418671907888,0.0,1.9108887507881298,0.801246883597341,1.494231066229986,2.2288155997327563,min_cost_max_flow,56,18,56,3,139,7
move,"['move', 6, 5, 2]",True,5088,2.0680741217125447,0.0,2.727721656886279,0.6596475351737342,1.1663475563618704,2.0671485968387726,min_cost_max_flow,96,6,96,5,53,2
move,"['move', 6, 7, 2]",True,5088,1.8186709816034252,0.0,2.727721656886279,0.9386308054495205,1.8633433977374807,2.375371472742218,min_cost_max_flow,137,6,137,7,39,2
move,"['move', 6, 4, 0]",True,5088,2.063382982116199,0.0,2.727721656886279,0.66433867477008,1.177892264771799,2.18924231746249,min_cost_max_flow,77,6,77,4,3,0
move,"['move', 6, 4, 2]",True,5088,2.1620115326310403,0.0,2.727721656886279,0.5657101242552387,0.9323676000276464,1.4914346221621582,min_cost_max_flow,80,6,80,4,40,2
move,"['move', 6, 0, 1]",True,5098,2.1764267303513476,0.0,2.5779221294518195,0.40149539910047183,0.5231829086114885,0.5900203083226084,min_cost_max_flow,3,6,3,0,23,1
move,"['move', 6, 2, 8]",True,5098,1.9195686554920406,0.0,2.5779221294518195,0.6583534739597788,1.1629451817134395,2.1786296725336842,min_cost_max_flow,39,6,39,2,146,8
move,"['move', 6, 5, 8]",True,5098,1.9701961621691628,0.0,2.5779221294518195,0.6077259672826567,1.037667533448257,1.3178840541183217,min_cost_max_flow,97,6,97,5,149,8
move,"['move', 6, 7, 3]",True,5098,1.8181295057790803,0.0,2.5779221294518195,0.7597926236727393,1.416925771991373,1.9234856755119778,min_cost_max_flow,139,6,139,7,56,3
move,"['move', 9, 3, 6]",True,5108,1.773105382030755,0.0,2.205402766171283,0.43229738414052815,0.7769921095459722,1.0526591064555846,min_cost_max_flow,65,9,65,3,112,6
move,"['move', 9, 1, 6]",True,5108,1.6532228805827383,0.0,2.205402766171283,0.6048652415885449,1.2085604731400963,0.9535124570675996,min_cost_max_flow,27,9,27,1,114,6
move,"['move', 9, 5, 2]",True,5108,1.9167319107677974,0.0,2.205402766171283,0.3950674776534857,0.6839780102818622,1.012214470791534,min_cost_max_flow,108,9,108,5,39,2
move,"['move', 9, 1, 4]",True,5108,1.8024927788827037,0.0,2.205402766171283,0.4029099872885795,0.7037448501650942,0.905170607126487,min_cost_max_flow,24,9,24,1,74,4
move,"['move', 6, 7, 9]",True,5118,1.1052012301528684,0.0,1.6835110925773273,0.5783098624244589,0.9646021274165832,1.0013133115713122,min_cost_max_flow,143,6,143,7,176,9
move,"['move', 6, 4, 9]",True,5118,1.0543900114157203,0.0,1.6835110925773273,0.7309357617866071,1.3446783636609325,1.9936547522521355,min_cost_max_flow,83,6,83,4,177,9
move,"['move', 6, 8, 9]",True,5118,1.2637152362537871,0.0,1.6835110925773273,0.41979585632354016,0.5686006569230813,0.8122834723747088,min_cost_max_flow,146,6,146,8,178,9
move,"['move', 6, 4, 6]",True,5118,1.1493755725331127,0.0,1.6835110925773273,0.5341355200442146,0.8536390238004969,1.3528117552216339,min_cost_max_flow,85,6,85,4,115,6
move,"['move', 18, 7, 5]",True,5128,0.46275912864743607,0.0,1.232566788207073,0.7698076595596369,1.4170047666775645,1.314308571840326,min_cost_max_flow,139,18,139,7,91,5
move,"['move', 18, 3, 4]",True,5128,0.8617918761938208,0.0,1.232566788207073,0.37077491201325224,0.4206044131933595,0.5266316506694004,min_cost_max_flow,62,18,62,3,77,4
move,"['move', 18, 8, 5]",True,5128,0.35821429665711435,0.0,1.232566788207073,0.8743524915499586,1.6767192247789353,2.4127231547960744,min_cost_max_flow,156,18,156,8,92,5
move,"['move', 18, 0, 4]",True,5128,0.6358833863615577,0.0,1.232566788207073,0.5966834018455153,0.9845874304519384,1.052103198721674,min_cost_max_flow,5,18,5,0,80,4
move,"['move', 6, 9, 4]",True,5138,2.092168031362451,0.0,2.5794934853120433,0.48732545394959237,0.7368084976042155,1.223052395038938,min_cost_max_flow,176,6,176,9,84,4
move,"['move', 6, 1, 4]",True,5138,1.8444864894268234,0.0,2.5794934853120433,0.73500699588522,1.3548314266299712,2.010336270581025,min_cost_max_flow,23,6,23,1,85,4
move,"['move', 6, 9, 7]",True,5138,2.097392404020858,0.0,2.5794934853120433,0.4821010812911857,0.7247312980034621,0.5672310315300041,min_cost_max_flow,177,6,177,9,139,7
move,"['move', 6, 3, 4]",True,5138,2.0686069177206425,0.0,2.5794934853120433,0.5108865675914007,0.7960800914734136,0.9771792185874336,min_cost_max_flow,56,6,56,3,86,4
move,"['move', 9, 6, 9]",True,5148,1.7692594313742207,0.0,2.2033174204248636,0.4340579890506428,0.7815270659848466,0.9636963307303927,min_cost_max_flow,112,9,112,6,172,9
move,"['move', 9, 5, 9]",True,5148,1.6880118335107843,0.0,2.2033174204248636,0.5153055869140791,0.9836347627642681,1.6378949168433588,min_cost_max_flow,98,9,98,5,176,9
move,"['move', 9, 1, 9]",True,5148,1.8055643465043927,0.0,2.2033174204248636,0.39775307392047093,0.6910083825787297,0.8012933845219856,min_cost_max_flow,30,9,30,1,177,9
move,"['move', 9, 0, 9]",True,5148,1.9503603907672118,0.0,2.2033174204248636,0.2529570296576519,0.3296469409178826,0.38218072038824924,min_cost_max_flow,14,9,14,0,179,9
move,"['move', 9, 9, 3]",True,5158,1.759556144151308,0.0,2.2094479223499714,0.4498917781986636,0.8207970327785006,1.1733670483291083,min_cost_max_flow,172,9,172,9,62,3
move,"['move', 9, 4, 3]",True,5158,2.0134395134288647,0.0,2.2094479223499714,0.19600840892110688,0.18748040171340108,0.24550562913429327,min_cost_max_flow,74,9,74,4,56,3
move,"['move', 9, 9, 1]",True,5158,1.6375357864285047,0.0,2.2094479223499714,0.5719121359214666,1.1262221227880218,0.923903246653311,min_cost_max_flow,176,9,176,9,23,1
move,"['move', 9, 9, 0]",True,5158,1.8953564420852105,0.0,2.2094479223499714,0.3140914802647609,0.48244016445823945,0.4107827053320618,min_cost_max_flow,177,9,177,9,14,0
move,"['move', 6, 9, 1]",True,5168,1.5434980088687411,0.0,2.20811711933927,0.6685100555955291,1.1896173836285016,1.3247977887427425,min_cost_max_flow,178,6,178,9,24,1
move,"['move', 6, 6, 1]",True,5168,1.4675299655246854,0.0,2.20811711933927,0.7405871538145846,1.3690322299080435,1.8433973008072524,min_cost_max_flow,115,6,115,6,26,1
move,"['move', 6, 4, 0]",True,5168,1.4504082751832175,0.0,2.20811711933927,0.7577088441560527,1.411737104448548,1.9096315095843157,min_cost_max_flow,84,6,84,4,3,0
move,"['move', 6, 7, 0]",True,5168,1.3811997969979934,0.0,2.20811711933927,0.8269173223412767,1.5849061226472259,1.8110830191723284,min_cost_max_flow,139,6,139,7,5,0
move,"['move', 9, 9, 8]",True,5178,1.4744146636752085,0.0,1.7619463580386843,0.28753169436347586,0.4158021828116034,0.569793967614294,min_cost_max_flow,179,9,179,9,146,8
move,"['move', 9, 7, 8]",True,5178,1.4889170846422464,0.0,1.7619463580386843,0.2834299373964379,0.4057329412535182,0.4463600612745425,min_cost_max_flow,135,9,135,7,150,8
move,"['move', 9, 1, 8]",True,5178,1.2918955295042336,0.0,1.7619463580386843,0.47005082853445074,0.8715506108055706,0.9360655899276935,min_cost_max_flow,23,9,23,1,155,8
move,"['move', 9, 0, 8]",True,5178,1.3476338562044679,0.0,1.7619463580386843,0.41431250183421653,0.7321456752688391,0.9754781140249275,min_cost_max_flow,14,9,14,0,156,8
move,"['move', 6, 0, 6]",True,5188,1.0824846975110667,0.0,1.6016121889253774,0.5191274914143108,0.8167421050238772,0.9373765564617371,min_cost_max_flow,3,6,3,0,112,6
move,"['move', 6, 0, 7]",True,5188,0.8405954590459735,0.0,1.6016121889253774,0.7610167298794038,1.4188311939142295,2.6933814047152542,min_cost_max_flow,5,6,5,0,139,7
move,"['move', 6, 8, 6]",True,5188,1.1554287960711656,0.0,1.6016121889253774,0.44618339285421194,0.6341047110545333,1.1221416025263378,min_cost_max_flow,149,6,149,8,115,6
move,"['move', 6, 2, 6]",True,5188,0.7930950014824597,0.0,1.6016121889253774,0.8085171874429177,1.5376737438491546,2.6324440539549085,min_cost_max_flow,40,6,40,2,120,6
move,"['move', 6, 6, 9]",True,5198,1.7661759822076177,0.0,2.2748998333672423,0.5206539601596246,0.8197781734343152,1.4574455250261031,min_cost_max_flow,115,6,115,6,172,9
move,"['move', 6, 1, 0]",True,5198,1.4598092971417946,0.0,2.2748998333672423,0.8150905362254476,1.554272045759717,2.522490751129892,min_cost_max_flow,24,6,24,1,14,0
move,"['move', 6, 1, 3]",True,5198,1.7129211771623407,0.0,2.2748998333672423,0.5619786562049016,0.9239161420628079,0.9066265148260745,min_cost_max_flow,26,6,26,1,59,3
move,"['move', 6, 6, 3]",True,5198,1.7175485237248327,0.0,2.2748998333672423,0.5573513096424098,0.9119619290504488,1.1638575855790687,min_cost_max_flow,112,6,112,6,60,3
move,"['move', 24, 5, 0]",True,5208,1.2550993810378466,0.0,1.6033289873738301,0.34822960633598343,0.4472301939022145,0.530482975759486,min_cost_max_flow,92,24,92,5,3,0
move,"['move', 24, 6, 1]",True,5208,1.215124269461549,0.0,1.6033289873738301,0.4562473365372812,0.7167543581017526,0.8772571782304739,min_cost_max_flow,109,24,109,6,23,1
move,"['move', 24, 8, 0]",True,5208,1.0118872433705688,0.0,1.6033289873738301,0.5914417440032612,1.0538813618331915,1.4499338005710805,min_cost_max_flow,156,24,156,8,5,0
move,"['move', 24, 3, 9]",True,5208,1.0291251257680003,0.0,1.6033289873738301,0.5742038616058298,1.0101632318546763,1.8655497905290384,min_cost_max_flow,55,24,55,3,174,9
move,"['move', 24, 0, 6]",True,5218,0.9886777415248781,0.0,1.7528295104718619,0.7641517689469838,1.4855395202248474,1.527869779004812,min_cost_max_flow,3,24,3,0,112,6
move,"['move', 24, 2, 3]",True,5218,1.6008969797314088,0.0,1.7528295104718619,0.2263560023654532,0.14294530553888762,0.26440193376038174,min_cost_max_flow,38,24,38,2,55,3
move,"['move', 24, 4, 5]",True,5218,1.2306009511189981,0.0,1.7528295104718619,0.5222285593528637,0.8806287258266821,1.5963833875815947,min_cost_max_flow,81,24,81,4,92,5
move,"['move', 24, 8, 3]",True,5218,1.0971204223897866,0.0,1.7528295104718619,0.6557090880820753,1.2131324182191747,2.3948030079391507,min_cost_max_flow,158,24,158,8,62,3
move,"['move', 6, 9, 1]",True,5228,2.461237391555766,0.0,3.1814850714151683,0.7202476798594023,1.3187904090809752,1.4388212602157442,min_cost_max_flow,172,6,172,9,24,1
move,"['move', 6, 3, 1]",True,5228,2.3934107812693592,0.0,3.1814850714151683,0.7948590046458093,1.5050206169835292,1.637557302524558,min_cost_max_flow,59,6,59,3,27,1
move,"['move', 6, 0, 1]",True,5228,2.812367039909165,0.0,3.1814850714151683,0.36911803150600364,0.44203665352688404,0.7252443739453732,min_cost_max_flow,14,6,14,0,30,1
move,"['move', 6, 6, 8]",True,5228,2.5607371190941812,0.0,3.1814850714151683,0.6207479523209873,1.0706894890317926,1.006555395645729,min_cost_max_flow,120,6,120,6,156,8
move,"['move', 24, 1, 8]",True,5238,1.2867644836089238,0.0,1.974119882260529,0.6873553986516053,1.2931193969925516,1.8140014415713304,min_cost_max_flow,22,24,22,1,158,8
move,"['move', 24, 7, 4]",True,5238,1.3057288269529863,0.0,1.974119882260529,0.6683910553075427,1.2457777951130993,1.7678304544351875,min_cost_max_flow,129,24,129,7,74,4
move,"['move', 24, 5, 2]",True,5238,1.4334775649073601,0.0,1.974119882260529,0.5406423173531689,0.9273132141970564,1.1629878078407598,min_cost_max_flow,92,24,92,5,40,2
move,"['move', 24, 6, 2]",True,5238,1.2787717989060405,0.0,1.974119882260529,0.6953480833544885,1.3134291114110965,1.595333000679914,min_cost_max_flow,112,24,112,6,41,2
move,"['move', 6, 3, 6]",True,5248,1.484917689890863,0.0,2.12459286058261,0.639675170691747,1.1176383142155828,1.2527025577184112,min_cost_max_flow,60,6,60,3,109,6
move,"['move', 6, 5, 6]",True,5248,1.6929368372112843,0.0,2.12459286058261,0.4316560233713256,0.5981216751824832,0.8985497124157661,min_cost_max_flow,98,6,98,5,112,6
move,"['move', 6, 1, 6]",True,5248,1.299791036222071,0.0,2.12459286058261,0.8248018243605387,1.5786383856320754,2.4637443947096074,min_cost_max_flow,24,6,24,1,115,6
move,"['move', 6, 7, 6]",True,5248,1.7525930878834624,0.0,2.12459286058261,0.37199977269914764,0.449427570682019,0.6008682590954005,min_cost_max_flow,139,6,139,7,120,6
move,"['move', 18, 3, 8]",True,5258,0.5328853184268998,0.0,1.4622694077773626,0.9293840893504628,1.812299916819029,3.744924795573884,min_cost_max_flow,63,18,63,3,159,8
move,"['move', 18, 0, 7]",True,5258,0.06985792719562967,0.0,1.4622694077773626,1.392411480581733,2.973192092991667,1.5291260659322299,min_cost_max_flow,11,18,11,0,139,7
move,"['move', 18, 2, 9]",True,5258,0.6621921745532432,0.0,1.4622694077773626,0.8884595518907861,1.7122456563665764,2.2402026644141717,min_cost_max_flow,51,18,51,2,172,9
move,"['move', 18, 5, 7]",True,5258,0.9750081240017157,0.0,1.4622694077773626,0.48726128377564687,0.7113630314634065,0.8315057412955948,min_cost_max_flow,91,18,91,5,129,7
move,"['move', 5, 2, 1]",True,5268,1.5723108984308474,0.0,1.8331489230757838,0.2608380246449365,0.21439051283232402,0.41781292650463053,min_cost_max_flow,37,5,37,2,22,1
move,"['move', 5, 2, 4]",True,5268,1.2628191004772966,0.0,1.8331489230757838,0.5703298225984872,0.985984405502677,1.8415477355204766,min_cost_max_flow,54,5,54,2,81,4
move,"['move', 5, 3, 1]",True,5268,1.3964717102062163,0.0,1.8331489230757838,0.43667721286956745,0.6532287230074871,0.924319850780763,min_cost_max_flow,72,5,72,3,24,1
move,"['move', 5, 5, 0]",True,5268,0.7985453795600947,0.0,1.8331489230757838,1.034603543515689,2.14622301547206,2.138675951267939,min_cost_max_flow,103,5,103,5,2,0
move,"['move', 6, 4, 5]",True,5278,1.7328720529454684,0.0,2.1249336696564867,0.4515974614610183,0.6479191292746691,0.9359771337798043,min_cost_max_flow,85,6,85,4,98,5
move,"['move', 6, 6, 5]",True,5278,1.7304207769608337,0.0,2.1249336696564867,0.409066872445653,0.541849276429275,0.764897338433594,min_cost_max_flow,112,6,112,6,108,5
move,"['move', 6, 1, 5]",True,5278,1.3560183943921857,0.0,2.1249336696564867,0.7708147695976341,1.4443173586478224,2.032671112703631,min_cost_max_flow,30,6,30,1,91,5
move,"['move', 6, 8, 5]",True,5278,1.2338108659111746,0.0,2.1249336696564867,0.891122803745312,1.7432854213766404,3.234019539621661,min_cost_max_flow,156,6,156,8,92,5
move,"['move', 6, 4, 7]",True,5288,2.048459327798219,0.0,2.5796490923313264,0.5311897645331075,0.8468194489905727,0.9896024433260064,min_cost_max_flow,86,6,86,4,135,7
move,"['move', 6, 1, 7]",True,5288,1.6420080091353995,0.0,2.5796490923313264,0.937641083195927,1.8625428352024755,1.259542740089758,min_cost_max_flow,27,6,27,1,137,7
move,"['move', 6, 2, 3]",True,5288,2.0226397950130695,0.0,2.5796490923313264,0.5570092973182568,0.9108308282447979,1.3479042490912019,min_cost_max_flow,53,6,53,2,63,3
move,"['move', 6, 5, 3]",True,5288,1.8878092795951948,0.0,2.5796490923313264,0.6918398127361316,1.249337219822337,0.3945022271900148,min_cost_max_flow,91,6,91,5,72,3
move,"['move', 24, 0, 7]",True,5298,0.5912782519508513,0.0,1.3848665403230038,0.7935882883721526,1.5583677728282055,2.0365670853808013,min_cost_max_flow,5,24,5,0,139,7
move,"['move', 24, 2, 7]",True,5298,0.6326098963654999,0.0,1.3848665403230038,0.7522566439575039,1.4553579208659357,1.8237277024795047,min_cost_max_flow,40,24,40,2,140,7
move,"['move', 24, 3, 5]",True,5298,0.8593264487125617,0.0,1.3848665403230038,0.5255400916104421,0.8890891130722594,1.475345653160692,min_cost_max_flow,55,24,55,3,91,5
move,"['move', 24, 4, 6]",True,5298,1.0487932965279816,0.0,1.3848665403230038,0.33607324379502224,0.41656399062048877,0.7140142619746708,min_cost_max_flow,74,24,74,4,109,6
move,"['move', 9, 8, 1]",True,5308,2.0752403236091705,0.0,2.3540471744868396,0.30682089125266915,0.46365907599101774,0.8138599966602215,min_cost_max_flow,150,9,150,8,26,1
move,"['move', 9, 8, 0]",True,5308,1.8037883305459559,0.0,2.3540471744868396,0.5502588439408839,1.0720020243606996,0.9818155638968941,min_cost_max_flow,146,9,146,8,11,0
move,"['move', 9, 3, 1]",True,5308,1.927679370379176,0.0,2.3540471744868396,0.42636780410766373,0.7619700587674743,1.1847262373468685,min_cost_max_flow,56,9,56,3,27,1
move,"['move', 9, 6, 1]",True,5308,1.9196933243409857,0.0,2.3540471744868396,0.464880137520854,0.8591102396167116,0.6118280265057802,min_cost_max_flow,114,9,114,6,28,1
move,"['move', 6, 3, 1]",True,5318,1.8703134314160894,0.0,2.35600578519041,0.48569235377432085,0.7329230704053771,1.0915035688119117,min_cost_max_flow,63,6,63,3,32,1
move,"['move', 6, 6, 2]",True,5318,1.4492335823834206,0.0,2.35600578519041,0.9067722028069894,1.7827990984806092,2.9738999064381164,min_cost_max_flow,109,6,109,6,51,2
move,"['move', 6, 3, 2]",True,5318,2.025919119511793,0.0,2.35600578519041,0.3300866656786172,0.3450788398695295,0.3115104332043077,min_cost_max_flow,72,6,72,3,53,2
move,"['move', 6, 5, 2]",True,5318,1.756284195319952,0.0,2.35600578519041,0.5997215898704582,1.0170842725419789,1.699428971306463,min_cost_max_flow,92,6,92,5,54,2
move,"['move', 9, 8, 6]",True,5328,1.5250720842258716,0.0,1.9807910134297044,0.45571892920383283,0.8358128826366737,0.8747188181623441,min_cost_max_flow,155,9,155,8,112,6
move,"['move', 9, 2, 6]",True,5328,1.6679889796025598,0.0,1.9807910134297044,0.31280203382714467,0.4787427841729368,0.7266254995066963,min_cost_max_flow,39,9,39,2,109,6
move,"['move', 9, 8, 4]",True,5328,1.360213025927577,0.0,1.9807910134297044,0.6205779875021273,1.2470027534582186,1.5132354342900525,min_cost_max_flow,156,9,156,8,74,4
move,"['move', 9, 7, 4]",True,5328,1.5651535815744246,0.0,1.9807910134297044,0.4156374318552797,0.7349580382651766,1.3087861515719017,min_cost_max_flow,138,9,138,7,83,4
move,"['move', 9, 4, 2]",True,5338,1.7523712547600765,0.0,1.9819459743138816,0.22957471955380512,0.2711699839637731,0.3963018500499965,min_cost_max_flow,74,9,74,4,38,2
move,"['move', 9, 4, 5]",True,5338,1.5516009161363544,0.0,1.9819459743138816,0.4303450581775271,0.7720523960742867,1.091924815910942,min_cost_max_flow,83,9,83,4,92,5
move,"['move', 9, 3, 2]",True,5338,1.5522627694757798,0.0,1.9819459743138816,0.4296832048381018,0.7709098154882668,0.7505563075486803,min_cost_max_flow,62,9,62,3,39,2
move,"['move', 9, 7, 5]",True,5338,1.4675564800807472,0.0,1.9819459743138816,0.5143894942331345,0.9820963240854326,1.1366995678259442,min_cost_max_flow,140,9,140,7,96,5
move,"['move', 6, 6, 8]",True,5348,0.07037022792194682,0.0,1.7522620545249854,1.6983504736030386,1.2642372203990817,1.3122699542055833,min_cost_max_flow,120,6,120,6,156,8
move,"['move', 6, 2, 3]",True,5348,0.07501638763923069,0.0,1.7522620545249854,1.6772456668857547,1.2116909484975622,1.168440026411778,min_cost_max_flow,51,6,51,2,63,3
move,"['move', 6, 2, 0]",True,5348,0.1101898516745774,0.0,1.7522620545249854,1.642072202850408,1.1242345147547894,0.8502891293492396,min_cost_max_flow,53,6,53,2,14,0
move,"['move', 17, 2, 0]",True,5348,0.27122474726576873,0.0,1.605843419118696,1.3855086298529273,0.8239659705286613,0.1717896446500388,min_cost_max_flow,42,17,42,2,9,0
move,"['move', 18, 5, 3]",True,5358,1.6198321998487986,0.0,2.135780447753972,0.5159482479051735,0.7820100272874697,1.545115407798046,min_cost_max_flow,92,18,92,5,72,3
move,"['move', 18, 9, 0]",True,5358,1.7400850346843706,0.0,2.135780447753972,0.41188886056960167,0.5232632743136492,0.6106384977252691,min_cost_max_flow,172,18,172,9,11,0
move,"['move', 18, 8, 6]",True,5358,1.3392265765311024,0.0,2.135780447753972,0.7965538712228696,1.483067658416985,1.8494001842808827,min_cost_max_flow,159,18,159,8,114,6
move,"['move', 18, 2, 6]",True,5358,1.4429503645783914,0.0,2.135780447753972,0.6928300831755807,1.224722270249913,1.206678883514313,min_cost_max_flow,44,18,44,2,112,6
move,"['move', 24, 2, 4]",True,5368,1.2057894100523252,0.0,1.5960549304344251,0.39026552038209983,0.5514867931269691,1.0859402361171313,min_cost_max_flow,41,24,41,2,74,4
move,"['move', 24, 8, 4]",True,5368,0.9967101802928068,0.0,1.5960549304344251,0.5993447501416184,1.072785061878676,2.0191440008434216,min_cost_max_flow,158,24,158,8,83,4
move,"['move', 24, 1, 0]",True,5368,0.9039082669207099,0.0,1.5960549304344251,0.6921466635137152,1.3056100512112607,1.4723400659483359,min_cost_max_flow,23,24,23,1,12,0
move,"['move', 24, 6, 0]",True,5368,0.8905875272998623,0.0,1.5960549304344251,0.7054674031345628,1.3392840061351308,1.224269484780995,min_cost_max_flow,109,24,109,6,14,0
move,"['move', 24, 4, 2]",True,5378,1.0589051834107115,0.0,1.6771187623108827,0.6182135789001713,1.1210517686486128,1.289387418473791,min_cost_max_flow,74,24,74,4,42,2
move,"['move', 24, 7, 8]",True,5378,0.9278725724739256,0.0,1.6771187623108827,0.7492461898369571,1.4479658651980571,1.7343412801538962,min_cost_max_flow,139,24,139,7,146,8
move,"['move', 24, 4, 8]",True,5378,1.0090807938914268,0.0,1.6771187623108827,0.668037968419456,1.2451274952254607,1.612885566049554,min_cost_max_flow,83,24,83,4,149,8
move,"['move', 24, 1, 2]",True,5378,1.0363843285594898,0.0,1.6771187623108827,0.6407344337513929,1.177832154382486,0.9705550145944633,min_cost_max_flow,32,24,32,1,44,2
move,"['move', 6, 0, 2]",True,5388,1.5604470973523392,0.0,1.90749084859383,0.3470437512414908,0.3872081604131381,0.48710600892115474,min_cost_max_flow,14,6,14,0,51,2
move,"['move', 6, 1, 4]",True,5388,1.2437564740853242,0.0,1.90749084859383,0.6637343745085058,1.1761944940735702,2.313922346991571,min_cost_max_flow,32,6,32,1,74,4
move,"['move', 6, 3, 2]",True,5388,1.1815025458923687,0.0,1.90749084859383,0.7259883027014614,1.3326651043098536,1.7567291777285896,min_cost_max_flow,63,6,63,3,53,2
move,"['move', 6, 8, 2]",True,5388,1.065061718032186,0.0,1.90749084859383,0.842429130561644,1.6228566829886404,2.3637231588417986,min_cost_max_flow,156,6,156,8,40,2
move,"['move', 9, 5, 3]",True,5398,1.6810913735186408,0.0,2.061211164553388,0.3801197910347472,0.6466442731907591,0.9885615002960542,min_cost_max_flow,92,9,92,5,63,3
move,"['move', 9, 0, 7]",True,5398,1.4893881390055568,0.0,2.061211164553388,0.5718230255478312,1.1255322611905285,1.2352936889230541,min_cost_max_flow,11,9,11,0,143,7
move,"['move', 9, 2, 3]",True,5398,1.8689020547418744,0.0,2.061211164553388,0.19230910981151347,0.17806397139065666,0.3576273283082435,min_cost_max_flow,38,9,38,2,56,3
move,"['move', 9, 1, 3]",True,5398,1.6206418637031692,0.0,2.061211164553388,0.4882091595168853,0.9173310759360902,0.6796404736388747,min_cost_max_flow,27,9,27,1,59,3
move,"['move', 6, 4, 8]",True,5408,0.8448305735701257,0.0,1.7542091479710429,0.9093785744009172,1.789203406406159,3.0483139459511253,min_cost_max_flow,74,6,74,4,156,8
move,"['move', 6, 2, 1]",True,5408,1.202421707481737,0.0,1.7542091479710429,0.551787440489306,0.8971883454214549,1.739798083068616,min_cost_max_flow,40,6,40,2,32,1
move,"['move', 6, 5, 1]",True,5408,1.236967670720019,0.0,1.7542091479710429,0.6226547517510239,1.073661581671331,2.2031593526810873,min_cost_max_flow,108,6,108,5,23,1
move,"['move', 6, 7, 1]",True,5408,1.0502997259786708,0.0,1.7542091479710429,0.7581325208673722,1.4133510640385794,1.5397863017626288,min_cost_max_flow,137,6,137,7,30,1
move,"['move', 6, 7, 4]",True,5418,1.744491274027632,0.0,2.5820359507093156,0.8375446766816836,1.6104987936632824,2.4615595758130504,min_cost_max_flow,135,6,135,7,74,4
move,"['move', 6, 6, 4]",True,5418,2.0946985969278957,0.0,2.5820359507093156,0.48733735378142007,0.7369121944138897,1.1737542416356268,min_cost_max_flow,115,6,115,6,84,4
move,"['move', 6, 8, 4]",True,5418,2.102177053441252,0.0,2.5820359507093156,0.47985889726806363,0.7181561307661468,1.2137024845367048,min_cost_max_flow,156,6,156,8,85,4
move,"['move', 6, 1, 4]",True,5418,1.796166985430757,0.0,2.5820359507093156,0.7858689652785587,1.4817156764911488,2.190785352027168,min_cost_max_flow,23,6,23,1,86,4
move,"['move', 15, 0, 5]",True,5428,1.6744486359414357,0.0,2.2066118391473313,0.5321632032058956,1.020163911387499,1.2569023793136318,min_cost_max_flow,8,15,8,0,92,5
move,"['move', 15, 0, 4]",True,5428,1.68423547900544,0.0,2.2066118391473313,0.5223763601418914,0.9954715517887962,1.4070703384416356,min_cost_max_flow,9,15,9,0,87,4
move,"['move', 15, 1, 5]",True,5428,1.6424590813781301,0.0,2.2066118391473313,0.564152757769201,1.0996904742569313,1.5551180718678004,min_cost_max_flow,33,15,33,1,95,5
move,"['move', 15, 2, 5]",True,5428,1.8401997424917793,0.0,2.2066118391473313,0.3664120966555519,0.6068678045630804,0.5357960116864264,min_cost_max_flow,41,15,41,2,97,5
move,"['move', 18, 6, 8]",True,5438,1.023067344020768,0.0,1.9048864026075312,0.8818190585867631,1.696354257495841,1.7669797381995704,min_cost_max_flow,112,18,112,6,156,8
move,"['move', 18, 7, 9]",True,5438,1.204919916751656,0.0,1.9048864026075312,0.6999664858558752,1.241400311671896,1.9819890693498223,min_cost_max_flow,129,18,129,7,172,9
move,"['move', 18, 3, 9]",True,5438,1.1278585245982813,0.0,1.9048864026075312,0.7770278780092499,1.433190600015223,2.5574504294228495,min_cost_max_flow,72,18,72,3,176,9
move,"['move', 18, 4, 5]",True,5438,1.521599377641286,0.0,1.9048864026075312,0.3832870249662453,0.4515498106047744,0.7498882980477825,min_cost_max_flow,77,18,77,4,92,5
move,"['move', 9, 5, 8]",True,5448,1.5623310198548557,0.0,1.904311691581892,0.34198067172703633,0.5513442973679048,0.9566798693475487,min_cost_max_flow,96,9,96,5,150,8
move,"['move', 9, 1, 0]",True,5448,1.346923436676269,0.0,1.904311691581892,0.5710737482389562,1.124217098164081,0.8632735250964725,min_cost_max_flow,28,9,28,1,3,0
move,"['move', 9, 6, 4]",True,5448,1.7106988244899537,0.0,1.904311691581892,0.28501008034193837,0.40941435604327125,0.6256551106065771,min_cost_max_flow,109,9,109,6,77,4
move,"['move', 9, 2, 4]",True,5448,1.5556659774870683,0.0,1.904311691581892,0.34864571409482387,0.5682666269567562,0.7835307564257361,min_cost_max_flow,39,9,39,2,88,4
move,"['move', 5, 0, 5]",True,5464,1.3086009491995547,0.0,2.054586752758441,0.9318812116838863,1.8906940670713084,1.2874218320979747,min_cost_max_flow,2,5,2,0,96,5
move,"['move', 5, 1, 3]",True,5464,1.6697164316312822,0.0,2.054586752758441,0.38487032112715863,0.5235010729593341,1.0646003122014498,min_cost_max_flow,22,5,22,1,72,3
move,"['move', 5, 1, 5]",True,5464,1.4149676758428291,0.0,2.054586752758441,0.6396190769156117,1.159800630332029,1.4461550444932758,min_cost_max_flow,24,5,24,1,98,5
move,"['move', 5, 4, 2]",True,5464,1.5520858773262178,0.0,2.054586752758441,0.502500875432223,0.8176062295824522,1.0454197385633506,min_cost_max_flow,81,5,81,4,41,2
move,"['move', 6, 4, 7]",True,5474,2.09871212855317,0.0,2.429293765770187,0.33058163721701717,0.3457892797450768,0.6628364135061052,min_cost_max_flow,74,6,74,4,129,7
move,"['move', 6, 4, 3]",True,5474,1.8235740177809387,0.0,2.429293765770187,0.6057197479892485,1.0329361277108546,1.128455723373082,min_cost_max_flow,84,6,84,4,55,3
move,"['move', 6, 5, 7]",True,5474,1.8383705353704491,0.0,2.429293765770187,0.5909232303997379,0.9955541240778985,1.3889288294927795,min_cost_max_flow,98,6,98,5,137,7
move,"['move', 6, 2, 7]",True,5474,1.832170239407511,0.0,2.429293765770187,0.5971235263626762,1.0108968550048303,1.4942681497686943,min_cost_max_flow,51,6,51,2,138,7
move,"['move', 6, 7, 5]",True,5484,1.1866519995044886,0.0,1.7539035768940732,0.5672515773895845,0.9367064644684433,1.1679468855407014,min_cost_max_flow,129,6,129,7,98,5
move,"['move', 6, 2, 5]",True,5484,0.954441917154845,0.0,1.7539035768940732,0.7994616597392281,1.51586434924684,2.0794942826820635,min_cost_max_flow,53,6,53,2,99,5
move,"['move', 6, 3, 5]",True,5484,1.1214787505880013,0.0,1.7539035768940732,0.632424826306072,1.0994742975526606,1.2781396902083157,min_cost_max_flow,55,6,55,3,103,5
move,"['move', 6, 4, 5]",True,5484,1.4286156063587556,0.0,1.7539035768940732,0.32528797053531755,0.3326363500455045,0.6086784103882996,min_cost_max_flow,85,6,85,4,104,5
move,"['move', 6, 1, 8]",True,5494,1.5842900469379084,0.0,1.980890941254109,0.3966008943162005,0.5110680501093157,0.5090846693190756,min_cost_max_flow,30,6,30,1,155,8
move,"['move', 6, 4, 3]",True,5494,1.4553608012839425,0.0,1.980890941254109,0.5255301399701665,0.8327852584698121,0.9130218522647793,min_cost_max_flow,86,6,86,4,55,3
move,"['move', 6, 5, 8]",True,5494,1.2962760779382103,0.0,1.980890941254109,0.6846148633158986,1.2292207161008264,1.763922341141975,min_cost_max_flow,98,6,98,5,156,8
move,"['move', 6, 5, 3]",True,5494,1.5092120166371203,0.0,1.980890941254109,0.4716789246169887,0.6973205971080461,1.4707705048123856,min_cost_max_flow,99,6,99,5,60,3
move,"['move', 6, 3, 4]",True,5504,2.2195028332097033,0.0,2.5098119439465605,0.2903091107368572,0.24554147967864992,0.37382565752406843,min_cost_max_flow,55,6,55,3,74,4
move,"['move', 6, 7, 6]",True,5504,2.035270500269627,0.0,2.5098119439465605,0.4745414436769332,0.7061940236671944,0.32601789862101993,min_cost_max_flow,137,6,137,7,120,6
move,"['move', 6, 3, 0]",True,5504,1.817580058403124,0.0,2.5098119439465605,0.6922318855434364,1.2492845736269373,1.083054369630976,min_cost_max_flow,60,6,60,3,5,0
move,"['move', 6, 8, 4]",True,5504,1.9101798550723865,0.0,2.5098119439465605,0.5996320888741739,1.016717323604098,1.7948932694196047,min_cost_max_flow,155,6,155,8,81,4
move,"['move', 9, 6, 9]",True,5514,1.4163893429792034,0.0,1.9076549101057454,0.4912655671265421,0.9247229880347732,0.8457117572782356,min_cost_max_flow,112,9,112,6,177,9
move,"['move', 9, 8, 9]",True,5514,1.44645097369098,0.0,1.9076549101057454,0.4612039364147653,0.8496422012831317,0.796851738744532,min_cost_max_flow,150,9,150,8,178,9
move,"['move', 9, 3, 9]",True,5514,1.4403335128395938,0.0,1.9076549101057454,0.4735012843911518,0.8799952644403675,1.057056261231563,min_cost_max_flow,63,9,63,3,164,9
move,"['move', 9, 4, 9]",True,5514,1.531272503566453,0.0,1.9076549101057454,0.3763824065392925,0.6376688164600637,0.7432251616685233,min_cost_max_flow,77,9,77,4,165,9
move,"['move', 9, 4, 2]",True,5524,2.328893901584054,0.0,2.728999706069034,0.40010580448497973,0.6967665508273058,0.8837321596525761,min_cost_max_flow,88,9,88,4,53,2
move,"['move', 9, 9, 2]",True,5524,2.4049666150375515,0.0,2.728999706069034,0.32403309103148226,0.5067451674403856,0.7767986617702699,min_cost_max_flow,164,9,164,9,37,2
move,"['move', 9, 1, 2]",True,5524,2.388594211958163,0.0,2.728999706069034,0.34040549411087084,0.548080277054396,0.507397384744233,min_cost_max_flow,26,9,26,1,39,2
move,"['move', 9, 0, 5]",True,5524,2.239977689895835,0.0,2.728999706069034,0.4890220161731991,0.917764460114995,1.7454787815586614,min_cost_max_flow,3,9,3,0,98,5
move,"['move', 6, 0, 1]",True,5534,1.67159075903052,0.0,2.508025634361281,0.8364348753307608,1.6082835439883638,2.088723774220677,min_cost_max_flow,5,6,5,0,33,1
move,"['move', 6, 6, 9]",True,5534,1.711272736670217,0.0,2.508025634361281,0.7967528976910638,1.5088590465529705,2.2350926649879685,min_cost_max_flow,120,6,120,6,163,9
move,"['move', 6, 5, 9]",True,5534,1.662702016938848,0.0,2.508025634361281,0.8453236174224328,1.6297700291252113,2.578970502442181,min_cost_max_flow,103,6,103,5,164,9
move,"['move', 6, 4, 1]",True,5534,1.870373321052259,0.0,2.508025634361281,0.6376523133090217,1.1125736891190172,1.2576903175533791,min_cost_max_flow,74,6,74,4,22,1
move,"['move', 18, 9, 1]",True,5544,0.8172639917790535,0.0,1.5326874751937112,0.7154234834146577,1.2806397525855573,1.5840243915464047,min_cost_max_flow,172,18,172,9,23,1
move,"['move', 18, 4, 2]",True,5544,0.8210303072514727,0.0,1.5326874751937112,0.7116571679422384,1.2713384763046633,1.5076827914436508,min_cost_max_flow,80,18,80,4,40,2
move,"['move', 18, 1, 2]",True,5544,1.2375596048063915,0.0,1.5326874751937112,0.29512787038731964,0.23171722223924007,0.3730229101946197,min_cost_max_flow,23,18,23,1,41,2
move,"['move', 18, 6, 1]",True,5544,0.6639903244818888,0.0,1.5326874751937112,0.8686971507118224,1.662147948081838,2.7013395559671767,min_cost_max_flow,114,18,114,6,23,1
move,"['move', 6, 9, 6]",True,5554,1.8853801670438346,0.0,2.357016651588333,0.47163648454449825,0.6978893561245059,1.0208643730217613,min_cost_max_flow,163,6,163,9,109,6
move,"['move', 6, 9, 0]",True,5554,1.5593349464127915,0.0,2.357016651588333,0.7976817051755415,1.513515749189537,0.6786367147397094,min_cost_max_flow,164,6,164,9,2,0
move,"['move', 6, 8, 3]",True,5554,1.7316483596822452,0.0,2.357016651588333,0.6253682919060878,1.081703869465855,1.3642010814382357,min_cost_max_flow,156,6,156,8,63,3
move,"['move', 6, 5, 6]",True,5554,1.5697839245224032,0.0,2.357016651588333,0.7872327270659295,1.485278538246348,2.088480494179019,min_cost_max_flow,104,6,104,5,112,6
move,"['move', 6, 0, 5]",True,5564,1.2830546858722884,0.0,2.128862955547925,0.8458082696756366,1.6332052783982363,1.0965580757653293,min_cost_max_flow,2,6,2,0,108,5
move,"['move', 6, 6, 5]",True,5564,1.5301043850683789,0.0,2.128862955547925,0.5987585704795462,1.0148719930148218,1.5692496712242758,min_cost_max_flow,109,6,109,6,99,5
move,"['move', 6, 7, 5]",True,5564,1.8086406007097586,0.0,2.128862955547925,0.3202223548381664,0.3198710139186005,0.6762096664056217,min_cost_max_flow,138,6,138,7,103,5
move,"['move', 6, 1, 5]",True,5564,1.24474737380296,0.0,2.128862955547925,0.8841155817449652,1.7267246494957362,2.595830792979716,min_cost_max_flow,22,6,22,1,104,5
move,"['move', 6, 3, 8]",True,5574,1.2595714340230617,0.0,1.9116218076369278,0.6520503736138661,1.147488768270705,1.9777380578354022,min_cost_max_flow,63,6,63,3,155,8
move,"['move', 6, 4, 7]",True,5574,1.2952164120408887,0.0,1.9116218076369278,0.6164053955960391,1.0587889796006493,1.7026338081608645,min_cost_max_flow,81,6,81,4,129,7
move,"['move', 6, 1, 7]",True,5574,1.2578187435123276,0.0,1.9116218076369278,0.6538030641246003,1.1523193928296678,1.6784725364172355,min_cost_max_flow,32,6,32,1,135,7
move,"['move', 6, 5, 7]",True,5574,1.188003677011293,0.0,1.9116218076369278,0.723618130625635,1.328412410650344,0.6415714910240141,min_cost_max_flow,99,6,99,5,137,7
move,"['move', 6, 6, 4]",True,5584,1.639588623520868,0.0,2.1313070773456575,0.5089932634497895,0.7911006373469718,1.1413084001964262,min_cost_max_flow,112,6,112,6,74,4
move,"['move', 6, 7, 4]",True,5584,1.6312495318167684,0.0,2.1313070773456575,0.5000575455288891,0.7688007578472025,1.1150315318755757,min_cost_max_flow,129,6,129,7,77,4
move,"['move', 6, 8, 0]",True,5584,1.0038013216072474,0.0,2.1313070773456575,1.12750575573841,2.3364874415274244,1.7375927609293185,min_cost_max_flow,155,6,155,8,2,0
move,"['move', 6, 5, 4]",True,5584,1.5950179226824666,0.0,2.1313070773456575,0.5362891546631909,0.8592700541339582,1.1881825645413797,min_cost_max_flow,103,6,103,5,80,4
move,"['move', 9, 5, 0]",True,5594,0.8342102859186398,0.0,1.5237459776437938,0.689535691725154,1.4198738609120483,1.1953375034480975,min_cost_max_flow,98,9,98,5,2,0
move,"['move', 9, 2, 0]",True,5594,1.201473448997564,0.0,1.5237459776437938,0.3222725286462298,0.5025296570893261,0.6528682537223828,min_cost_max_flow,37,9,37,2,3,0
move,"['move', 9, 7, 6]",True,5594,1.1668680158940266,0.0,1.5237459776437938,0.46135090724976713,0.8498816455321503,0.8821736310684888,min_cost_max_flow,143,9,143,7,109,6
move,"['move', 9, 9, 6]",True,5594,1.1702339902531083,0.0,1.5237459776437938,0.35351198739068557,0.5802057641267311,0.9345614695454121,min_cost_max_flow,165,9,165,9,115,6
move,"['move', 24, 8, 1]",True,5604,1.0532257420009852,0.0,1.677164074843012,0.6239383328420269,1.1350495231963578,1.4988076230697402,min_cost_max_flow,146,24,146,8,32,1
move,"['move', 24, 3, 1]",True,5604,1.1678849206088031,0.0,1.677164074843012,0.509279154234209,0.8482996903912863,1.5667318134209332,min_cost_max_flow,62,24,62,3,22,1
move,"['move', 24, 5, 4]",True,5604,1.1002667858993762,0.0,1.677164074843012,0.576897288943636,1.0180463754950324,1.0991662599685532,min_cost_max_flow,91,24,91,5,81,4
move,"['move', 24, 7, 6]",True,5604,1.264270113447784,0.0,1.677164074843012,0.412893961395228,0.6085937636962626,0.7286948784683591,min_cost_max_flow,140,24,140,7,120,6
move,"['move', 9, 3, 7]",True,5614,1.2132002899333614,0.0,1.7563453494176664,0.5431450594843049,1.0537522565209656,1.2920200294214208,min_cost_max_flow,56,9,56,3,140,7
move,"['move', 9, 0, 1]",True,5614,1.5122711095022157,0.0,1.7563453494176664,0.3193953699154509,0.49528512228425825,0.6872935724694685,min_cost_max_flow,3,9,3,0,26,1
move,"['move', 9, 6, 7]",True,5614,1.5417231097236916,0.0,1.7563453494176664,0.21462223969397487,0.23373383056605235,0.4329376821467654,min_cost_max_flow,109,9,109,6,129,7
move,"['move', 9, 9, 5]",True,5614,1.1061249588870288,0.0,1.7563453494176664,0.6502203905306375,1.3208904945058748,1.6587464500361109,min_cost_max_flow,177,9,177,9,91,5
move,"['move', 9, 9, 4]",True,5624,1.7146390587096492,0.0,2.2028122505240004,0.4881731918143513,0.9163829529861687,1.251776269363235,min_cost_max_flow,178,9,178,9,83,4
move,"['move', 9, 7, 3]",True,5624,1.74483342573647,0.0,2.2028122505240004,0.45797882478753055,0.8409018070888123,1.248595156232818,min_cost_max_flow,129,9,129,7,62,3
move,"['move', 9, 5, 3]",True,5624,1.7465387398188124,0.0,2.2028122505240004,0.456273510705188,0.837180041220563,0.8875822644948187,min_cost_max_flow,91,9,91,5,63,3
move,"['move', 9, 0, 3]",True,5624,1.6204385858101031,0.0,2.2028122505240004,0.6116487280472308,1.2256378458623658,0.8744080733643665,min_cost_max_flow,2,9,2,0,55,3
move,"['move', 6, 0, 8]",True,5634,1.4320602620413416,0.0,2.280450974406203,0.9043021596981946,1.779175523603044,1.272877976823676,min_cost_max_flow,2,6,2,0,146,8
move,"['move', 6, 7, 6]",True,5634,1.5458927779399136,0.0,2.280450974406203,0.7345581964662894,1.3545610305518494,1.4426012911114332,min_cost_max_flow,135,6,135,7,109,6
move,"['move', 6, 1, 6]",True,5634,1.4318842970792955,0.0,2.280450974406203,0.8485666773269075,1.637818578754377,2.618370590456183,min_cost_max_flow,33,6,33,1,112,6
move,"['move', 6, 4, 6]",True,5634,1.9158235613435413,0.0,2.280450974406203,0.39641987918766175,0.5102660158227081,0.7420823128260443,min_cost_max_flow,77,6,77,4,115,6
move,"['move', 24, 6, 5]",True,5644,1.3787879032391581,0.0,2.061426108001235,0.6878129740954102,1.2953634104851517,1.0806181861794295,min_cost_max_flow,120,24,120,6,91,5
move,"['move', 24, 4, 3]",True,5644,1.4971241143828549,0.0,2.061426108001235,0.5643019936183802,0.9863388758167275,1.2453405034121665,min_cost_max_flow,81,24,81,4,56,3
move,"['move', 24, 8, 7]",True,5644,1.3920562564513759,0.0,2.061426108001235,0.6693698515498592,1.2485862695903052,1.5268412068253923,min_cost_max_flow,149,24,149,8,143,7
move,"['move', 24, 9, 3]",True,5644,1.3994768149270531,0.0,2.061426108001235,0.6619492930741819,1.230283743410837,1.3609278670086842,min_cost_max_flow,174,24,174,9,62,3
move,"['move', 6, 4, 1]",True,5654,1.6202224357844883,0.0,2.277949658292239,0.6577272225077506,1.1620264255689108,1.7473813488390502,min_cost_max_flow,74,6,74,4,33,1
move,"['move', 6, 6, 1]",True,5654,1.3954237363024984,0.0,2.277949658292239,0.8825259219897406,1.7234593433895498,2.1232686050630147,min_cost_max_flow,109,6,109,6,27,1
move,"['move', 6, 8, 1]",True,5654,1.3790818708282708,0.0,2.277949658292239,0.8988677874639681,1.7649236174111138,1.7168617143995688,min_cost_max_flow,146,6,146,8,28,1
move,"['move', 6, 4, 0]",True,5654,1.6561740574374708,0.0,2.277949658292239,0.621775600854768,1.0732893081731163,0.9860901910643576,min_cost_max_flow,80,6,80,4,8,0
move,"['move', 9, 4, 8]",True,5664,1.2528370573271495,0.0,1.8242662444026374,0.571429187075488,1.1242606168380007,1.4266591367029162,min_cost_max_flow,83,9,83,4,146,8
move,"['move', 9, 6, 0]",True,5664,1.2105744289900988,0.0,1.8242662444026374,0.6136918154125385,1.2304161507126992,1.094017115321487,min_cost_max_flow,115,9,115,6,9,0
move,"['move', 9, 3, 8]",True,5664,1.3413887347829256,0.0,1.8242662444026374,0.4828775096197117,0.9030120139577775,1.3395986305580057,min_cost_max_flow,55,9,55,3,149,8
move,"['move', 9, 2, 8]",True,5664,1.410900083150101,0.0,1.8242662444026374,0.41336616125253633,0.7295480224565836,1.1300123527284196,min_cost_max_flow,39,9,39,2,150,8
move,"['move', 24, 5, 8]",True,5674,0.9862186122148036,0.0,1.82103668900752,0.8348180767927165,1.6619168801626074,1.7201428967192778,min_cost_max_flow,91,24,91,5,155,8
move,"['move', 24, 0, 8]",True,5674,1.246028898911025,0.0,1.82103668900752,0.5750077900964949,1.0133586628726334,1.075143262999448,min_cost_max_flow,12,24,12,0,156,8
move,"['move', 24, 1, 6]",True,5674,1.2333308819925608,0.0,1.82103668900752,0.5877058070149593,1.0435012343077688,2.143457170349863,min_cost_max_flow,22,24,22,1,109,6
move,"['move', 24, 3, 6]",True,5674,1.2753903693711628,0.0,1.82103668900752,0.5456463196363571,0.9396417568277684,1.283963192679664,min_cost_max_flow,56,24,56,3,114,6
move,"['move', 9, 2, 9]",True,5684,1.7747045784153155,0.0,2.201672721660402,0.4269681432450864,0.7639355531136971,0.8749619022362003,min_cost_max_flow,53,9,53,2,177,9
move,"['move', 9, 1, 9]",True,5684,1.5993948188795173,0.0,2.201672721660402,0.6022779027808847,1.201084353182523,1.6253610826825668,min_cost_max_flow,26,9,26,1,178,9
move,"['move', 9, 7, 9]",True,5684,1.8167944378621808,0.0,2.201672721660402,0.3848782837982212,0.6594320950971451,0.3941681684954886,min_cost_max_flow,140,9,140,7,179,9
move,"['move', 9, 8, 9]",True,5684,1.9669920646531762,0.0,2.201672721660402,0.23468065700722582,0.2841230192570947,0.2708407435367567,min_cost_max_flow,146,9,146,8,163,9
move,"['move', 24, 0, 9]",True,5694,1.263894070629203,0.0,1.8275089946598335,0.5636149240306306,0.9848066334670875,1.1217194235895191,min_cost_max_flow,14,24,14,0,165,9
move,"['move', 24, 2, 9]",True,5694,1.1593349939266284,0.0,1.8275089946598335,0.668174000733205,1.2470600881570135,0.5512108012627694,min_cost_max_flow,42,24,42,2,166,9
move,"['move', 24, 1, 9]",True,5694,1.0780847012493204,0.0,1.8275089946598335,0.7494242934105132,1.4471842263883445,2.5522731092223485,min_cost_max_flow,32,24,32,1,167,9
move,"['move', 24, 6, 4]",True,5694,1.4355343451769682,0.0,1.8275089946598335,0.3919746494828653,0.5557497472691466,1.092519309274542,min_cost_max_flow,109,24,109,6,74,4
move,"['move', 9, 8, 1]",True,5704,1.666846411377486,0.0,2.2070452082285095,0.5401987968510236,1.0465230629779398,1.2010446693029841,min_cost_max_flow,149,9,149,8,32,1
move,"['move', 9, 8, 2]",True,5704,1.8020496071230774,0.0,2.2070452082285095,0.40499560110543215,0.7097291020618286,0.3916923707247126,min_cost_max_flow,150,9,150,8,42,2
move,"['move', 9, 0, 2]",True,5704,1.8083420877490632,0.0,2.2070452082285095,0.39870312047944634,0.6933461819207878,0.8261714214421851,min_cost_max_flow,9,9,9,0,51,2
move,"['move', 9, 9, 2]",True,5704,1.8516898139608486,0.0,2.2070452082285095,0.3553553942676608,0.5849259919923497,0.8600876874249979,min_cost_max_flow,163,9,163,9,53,2
move,"['move', 9, 3, 4]",True,5714,2.024427554483899,0.0,2.206537550454543,0.1821099959706436,0.15294563184579602,0.10466395676551976,min_cost_max_flow,59,9,59,3,77,4
move,"['move', 9, 1, 7]",True,5714,1.85095119296076,0.0,2.206537550454543,0.3555863574937828,0.5861723131602048,0.4141456190582897,min_cost_max_flow,32,9,32,1,140,7
move,"['move', 9, 9, 7]",True,5714,1.758484806580988,0.0,2.206537550454543,0.44805274387355476,0.8166302649697172,0.8861550456699396,min_cost_max_flow,177,9,177,9,129,7
move,"['move', 9, 9, 0]",True,5714,1.897447024107283,0.0,2.206537550454543,0.30909052634726,0.46986660540278535,0.45823221313323154,min_cost_max_flow,178,9,178,9,14,0
move,"['move', 9, 4, 1]",True,5724,1.629596472216434,0.0,2.1287996782414567,0.4992032060250227,0.9435730503464583,1.5084017136223913,min_cost_max_flow,77,9,77,4,32,1
move,"['move', 9, 0, 5]",True,5724,1.4938138111896058,0.0,2.1287996782414567,0.6349858670518509,1.2835954975016648,1.131205321531951,min_cost_max_flow,14,9,14,0,91,5
move,"['move', 9, 3, 1]",True,5724,1.7832767184814373,0.0,2.1287996782414567,0.34552295976001934,0.5606628923342214,0.648096613441504,min_cost_max_flow,62,9,62,3,22,1
move,"['move', 9, 2, 1]",True,5724,1.7634321488952605,0.0,2.1287996782414567,0.3653675293461963,0.6108259906104649,0.28031373957404226,min_cost_max_flow,42,9,42,2,24,1
move,"['move', 18, 2, 4]",True,5734,1.835624162777731,0.0,2.204856269343355,0.36923210656562405,0.41692444265208906,0.40860293213602794,min_cost_max_flow,40,18,40,2,77,4
move,"['move', 18, 0, 6]",True,5734,1.2283173022370293,0.0,2.204856269343355,0.9765389671063258,1.9316898973702337,2.743067354542428,min_cost_max_flow,11,18,11,0,109,6
move,"['move', 18, 8, 3]",True,5734,1.378406829497786,0.0,2.204856269343355,0.8264494398455691,1.5573183528031223,2.1748849646887245,min_cost_max_flow,156,18,156,8,56,3
move,"['move', 18, 1, 6]",True,5734,1.2801786390866114,0.0,2.204856269343355,0.9246776302567438,1.801654267066624,2.997926140978611,min_cost_max_flow,23,18,23,1,120,6
move,"['move', 9, 5, 4]",True,5744,2.687543073605854,0.0,3.104906387252317,0.4173633136464631,0.7401095689565409,0.7509020093013875,min_cost_max_flow,91,9,91,5,80,4
move,"['move', 9, 7, 0]",True,5744,2.550355889897392,0.0,3.104906387252317,0.5545504973549251,1.082026811367541,1.4513799160713714,min_cost_max_flow,129,9,129,7,11,0
move,"['move', 9, 9, 4]",True,5744,2.5714234657378716,0.0,3.104906387252317,0.5334829215144452,1.0294924344707397,1.3616714464724442,min_cost_max_flow,179,9,179,9,81,4
move,"['move', 9, 3, 0]",True,5744,2.7360862217960595,0.0,3.104906387252317,0.36882016545625756,0.6187144783689291,0.7757154173666869,min_cost_max_flow,63,9,63,3,14,0
move,"['move', 6, 0, 3]",True,5754,1.7975608810274597,0.0,2.5044240034565086,0.7068631224290488,1.2856040335609578,1.2554758896381581,min_cost_max_flow,8,6,8,0,63,3
move,"['move', 6, 6, 4]",True,5754,1.8340999135259752,0.0,2.5044240034565086,0.6703240899305334,1.1932817168781185,1.905299514005382,min_cost_max_flow,112,6,112,6,84,4
move,"['move', 6, 2, 4]",True,5754,1.8950955791319712,0.0,2.5044240034565086,0.6093284243245373,1.042008325093775,1.0947846935739793,min_cost_max_flow,54,6,54,2,85,4
move,"['move', 6, 1, 8]",True,5754,1.695447897775335,0.0,2.5044240034565086,0.8855963413061737,1.7319622974537197,1.5719980896717105,min_cost_max_flow,27,6,27,1,146,8
move,"['move', 6, 1, 2]",True,5764,1.1567026078789195,0.0,1.9051917857909917,0.826684776037072,1.585946359220543,0.7300147966199654,min_cost_max_flow,28,6,28,1,42,2
move,"['move', 6, 3, 9]",True,5764,1.2772463464237243,0.0,1.9051917857909917,0.6279454393672673,1.0874420696491143,1.8339800612311878,min_cost_max_flow,63,6,63,3,172,9
move,"['move', 6, 4, 2]",True,5764,1.2824617648351182,0.0,1.9051917857909917,0.6227300209558735,1.075401127396617,1.1689108772397843,min_cost_max_flow,84,6,84,4,54,2
move,"['move', 6, 7, 9]",True,5764,1.379572501871018,0.0,1.9051917857909917,0.5256192839199736,0.833578620244225,0.5326872523344937,min_cost_max_flow,137,6,137,7,174,9
move,"['move', 9, 4, 3]",True,5774,1.3796618518308115,0.0,1.6043417948363805,0.224679943005569,0.25910410520009464,0.2822601121088405,min_cost_max_flow,80,9,80,4,63,3
move,"['move', 9, 2, 3]",True,5774,1.2834054486503497,0.0,1.6043417948363805,0.3209363461860309,0.49917983925843146,0.6591093739873501,min_cost_max_flow,51,9,51,2,55,3
move,"['move', 9, 4, 5]",True,5774,1.1520448455891192,0.0,1.6043417948363805,0.45229694924726116,0.8272904957266292,0.8530101639060541,min_cost_max_flow,81,9,81,4,91,5
move,"['move', 9, 1, 5]",True,5774,1.136961776735898,0.0,1.6043417948363805,0.4673800181004826,0.8649591127104941,0.8790469300317552,min_cost_max_flow,22,9,22,1,98,5
move,"['move', 9, 5, 6]",True,5784,2.077606077562283,0.0,2.354984739266926,0.2773786617046426,0.39073936937347753,0.35661516164279994,min_cost_max_flow,91,9,91,5,112,6
move,"['move', 9, 0, 6]",True,5784,1.7938525493784692,0.0,2.354984739266926,0.5611321898884566,1.0982124425208895,1.6304467030583036,min_cost_max_flow,11,9,11,0,113,6
move,"['move', 9, 5, 4]",True,5784,2.1197760275233968,0.0,2.354984739266926,0.23520871174352923,0.285354667561478,0.3298331011202694,min_cost_max_flow,98,9,98,5,80,4
move,"['move', 9, 3, 6]",True,5784,1.9471063741312078,0.0,2.354984739266926,0.4078783651357181,0.7161701673758216,0.9022555452059883,min_cost_max_flow,55,9,55,3,114,6
move,"['move', 6, 9, 7]",True,5794,1.9562157671244262,0.0,2.7296726104416957,0.7734568433172695,1.4498881194595015,2.7222867709767073,min_cost_max_flow,172,6,172,9,129,7
move,"['move', 6, 8, 7]",True,5794,1.875918065930138,0.0,2.7296726104416957,0.8537545445115577,1.6520401134039275,1.7837927985065474,min_cost_max_flow,146,6,146,8,137,7
move,"['move', 6, 9, 3]",True,5794,2.0414959786820983,0.0,2.7296726104416957,0.6881766317595972,1.2370316819287837,2.4928925286682855,min_cost_max_flow,174,6,174,9,55,3
move,"['move', 6, 2, 7]",True,5794,1.8248934996101709,0.0,2.7296726104416957,0.9047791108315248,1.7796271851548227,1.7666888311881832,min_cost_max_flow,42,6,42,2,138,7
move,"['move', 6, 1, 9]",True,5804,2.2631519293721647,0.0,2.6524270848928504,0.38927515552068565,0.4921895617080736,0.8851789442889851,min_cost_max_flow,33,6,33,1,172,9
move,"['move', 6, 2, 9]",True,5804,2.053577089057609,0.0,2.6524270848928504,0.5988499958352415,1.0146698871831177,1.856362485185898,min_cost_max_flow,54,6,54,2,174,9
move,"['move', 6, 6, 9]",True,5804,1.832269140866214,0.0,2.6524270848928504,0.8320880530266364,1.5971901679877192,2.2396039344429726,min_cost_max_flow,115,6,115,6,177,9
move,"['move', 6, 5, 9]",True,5804,2.008706865967732,0.0,2.6524270848928504,0.6968813803001183,1.2592608523991657,2.1813597826151288,min_cost_max_flow,108,6,108,5,178,9
move,"['move', 9, 6, 9]",True,5814,2.009534019282476,0.0,2.279866557450472,0.2703325381679963,0.3730545068901847,0.4029842560941482,min_cost_max_flow,112,9,112,6,164,9
move,"['move', 9, 0, 9]",True,5814,1.8282049088674865,0.0,2.279866557450472,0.45166164858298574,0.8252564205977251,1.150225809383015,min_cost_max_flow,14,9,14,0,168,9
move,"['move', 9, 2, 9]",True,5814,1.7718882428860514,0.0,2.279866557450472,0.5079783145644208,0.9660961172339739,1.118204687608844,min_cost_max_flow,53,9,53,2,169,9
move,"['move', 9, 4, 9]",True,5814,1.8035711331220314,0.0,2.279866557450472,0.47629542432844085,0.8865826067703892,1.322394603365441,min_cost_max_flow,80,9,80,4,170,9
move,"['move', 6, 9, 2]",True,5824,1.5521127190885267,0.0,2.2758946667437807,0.7237819476552539,1.3272379298286978,1.6975870881531963,min_cost_max_flow,172,6,172,9,53,2
move,"['move', 6, 9, 1]",True,5824,1.7463923621348958,0.0,2.2758946667437807,0.5295023046088849,0.8425484358740505,1.0245113139698026,min_cost_max_flow,174,6,174,9,33,1
move,"['move', 6, 3, 1]",True,5824,1.6634687510733956,0.0,2.2758946667437807,0.6124259156703851,1.0494246770249447,1.3130356492073383,min_cost_max_flow,55,6,55,3,22,1
move,"['move', 6, 7, 2]",True,5824,1.8376616953112497,0.0,2.2758946667437807,0.4382329714325309,0.6142774152031052,1.0896364673433365,min_cost_max_flow,129,6,129,7,54,2
move,"['move', 18, 9, 8]",True,5834,0.9073977143507332,0.0,1.6777888374279304,0.7703911230771971,1.4172342686651973,2.1337464426854904,min_cost_max_flow,176,18,176,9,146,8
move,"['move', 18, 7, 8]",True,5834,0.884702751004235,0.0,1.6777888374279304,0.7930860864236954,1.4740628858708078,2.072940549775398,min_cost_max_flow,139,18,139,7,150,8
move,"['move', 18, 5, 8]",True,5834,0.6483391174539836,0.0,1.6777888374279304,1.0294497199739467,2.0626736764534144,3.605136078457012,min_cost_max_flow,92,18,92,5,156,8
move,"['move', 18, 6, 0]",True,5834,0.8623087871848334,0.0,1.6777888374279304,0.855158419368097,1.6286002005217597,2.5019523564769686,min_cost_max_flow,109,18,109,6,11,0
move,"['move', 9, 1, 2]",True,5844,1.849121899507573,0.0,2.1313229421645503,0.28220104265697715,0.4026344396843342,0.4638698749625878,min_cost_max_flow,24,9,24,1,37,2
move,"['move', 9, 6, 2]",True,5844,1.6188473463408353,0.0,2.1313229421645503,0.5124755958237149,0.9775115915035713,1.0033572733676146,min_cost_max_flow,113,9,113,6,39,2
move,"['move', 9, 7, 0]",True,5844,1.723999611202987,0.0,2.1313229421645503,0.40732333096156337,0.714996297552716,0.7597784703517784,min_cost_max_flow,140,9,140,7,14,0
move,"['move', 9, 6, 5]",True,5844,1.7540557049771648,0.0,2.1313229421645503,0.3772672371873856,0.6401565380729153,0.5594618332559673,min_cost_max_flow,114,9,114,6,91,5
move,"['move', 9, 5, 7]",True,5854,2.0884388164587997,0.0,2.5799253625885745,0.4914865461297748,0.9248075392388273,1.1576426266299895,min_cost_max_flow,91,9,91,5,139,7
move,"['move', 9, 2, 6]",True,5854,2.2832316625539724,0.0,2.5799253625885745,0.2966937000346023,0.4390459889837075,0.34393263808904884,min_cost_max_flow,37,9,37,2,109,6
move,"['move', 9, 1, 6]",True,5854,2.0385421022780386,0.0,2.5799253625885745,0.5413832603105359,1.0495009810329066,1.1898717318456355,min_cost_max_flow,32,9,32,1,112,6
move,"['move', 9, 2, 7]",True,5854,2.0933236821598227,0.0,2.5799253625885745,0.48660168042875196,0.9125484761607368,1.1889085103189176,min_cost_max_flow,39,9,39,2,140,7
move,"['move', 9, 6, 1]",True,5864,1.7114087993880247,0.0,2.1239624292488313,0.4125536298608065,0.7280241317785112,0.7917204852269607,min_cost_max_flow,109,9,109,6,32,1
move,"['move', 9, 9, 1]",True,5864,1.7293184574419942,0.0,2.1239624292488313,0.3946439718068372,0.6831145945034223,0.8819819120039672,min_cost_max_flow,164,9,164,9,23,1
move,"['move', 9, 7, 1]",True,5864,1.4739244018905797,0.0,2.1239624292488313,0.6500380273582514,1.3201158010706422,1.8712701195478816,min_cost_max_flow,139,9,139,7,24,1
move,"['move', 9, 7, 2]",True,5864,1.7054515727836002,0.0,2.1239624292488313,0.41851085646523123,0.7428062039980432,0.8657166795800856,min_cost_max_flow,140,9,140,7,37,2
move,"['move', 6, 9, 8]",True,5874,1.3528888048044498,0.0,1.8233254618943526,0.4704366570899029,0.6953298363732756,0.7274984495163653,min_cost_max_flow,177,6,177,9,158,8
move,"['move', 6, 9, 3]",True,5874,1.4511013051260189,0.0,1.8233254618943526,0.37222415676833376,0.44978484377497807,0.7366596457662464,min_cost_max_flow,178,6,178,9,55,3
move,"['move', 6, 4, 3]",True,5874,1.3385766361800155,0.0,1.8233254618943526,0.5350881469643372,0.8560833161318442,1.310995067861061,min_cost_max_flow,85,6,85,4,60,3
move,"['move', 6, 1, 8]",True,5874,1.142125894259741,0.0,1.8233254618943526,0.6811995676346116,1.2207632198769716,1.7100936882335982,min_cost_max_flow,22,6,22,1,159,8
move,"['move', 18, 6, 7]",True,5884,1.2268679470301638,0.0,1.6051387588838337,0.3782708118536699,0.43914067174773663,0.6622923484473934,min_cost_max_flow,120,18,120,6,139,7
move,"['move', 18, 2, 5]",True,5884,0.9261440504025962,0.0,1.6051387588838337,0.6789947084812376,1.1886723470452125,2.1810031960760234,min_cost_max_flow,41,18,41,2,108,5
move,"['move', 18, 8, 7]",True,5884,0.8886128013271531,0.0,1.6051387588838337,0.7577370544316806,1.3862913494594977,1.6722448372910412,min_cost_max_flow,150,18,150,8,140,7
move,"['move', 18, 2, 7]",True,5884,0.5149844114428792,0.0,1.6051387588838337,1.0901543474409545,2.2161381898185937,2.4698396133504,min_cost_max_flow,46,18,46,2,129,7
move,"['move', 6, 3, 4]",True,5894,0.9166214740222037,0.0,1.2288483998343727,0.36966749718716896,0.4436037464183755,0.5962919148932608,min_cost_max_flow,60,6,60,3,80,4
move,"['move', 6, 8, 9]",True,5894,0.8542987125251594,0.0,1.2288483998343727,0.37454968730921323,0.4552708743576659,0.955190158773485,min_cost_max_flow,158,6,158,8,172,9
move,"['move', 6, 1, 9]",True,5894,0.493911351848637,0.0,1.2288483998343727,0.7349370479857357,1.3550573688480654,1.7431282927110425,min_cost_max_flow,33,6,33,1,174,9
move,"['move', 6, 2, 9]",True,5894,0.556513248507924,0.0,1.2288483998343727,0.6723351513264486,1.1994673057779437,1.1333425739805971,min_cost_max_flow,53,6,53,2,176,9
move,"['move', 6, 9, 1]",True,5904,1.3787316703791457,0.0,2.0591331117669176,0.6804014413877719,1.2188790260479436,1.6360124961859877,min_cost_max_flow,172,6,172,9,33,1
move,"['move', 6, 9, 6]",True,5904,1.1278668350418395,0.0,2.0591331117669176,0.9312662767250781,1.8451474920439068,2.231760727720775,min_cost_max_flow,174,6,174,9,109,6
move,"['move', 6, 3, 1]",True,5904,1.7593619564097707,0.0,2.0591331117669176,0.29977115535714705,0.26887183971120976,0.59032666963392,min_cost_max_flow,55,6,55,3,22,1
move,"['move', 6, 9, 0]",True,5904,1.077894648781138,0.0,2.0591331117669176,0.9812384629857795,1.9720433501715888,0.9214990771018972,min_cost_max_flow,176,6,176,9,2,0
move,"['move', 9, 1, 4]",True,5914,2.996606451095678,0.0,3.3308644582409257,0.3894018987702473,0.6703830302503775,0.6329030197173129,min_cost_max_flow,24,9,24,1,81,4
move,"['move', 9, 9, 4]",True,5914,2.8890716436224366,0.0,3.3308644582409257,0.4417928146184889,0.8003572112429538,1.3016421050691032,min_cost_max_flow,168,9,168,9,83,4
move,"['move', 9, 0, 4]",True,5914,2.8657722554752394,0.0,3.3308644582409257,0.4650922027656863,0.858517996261071,1.3600990049867183,min_cost_max_flow,14,9,14,0,86,4
move,"['move', 9, 6, 4]",True,5914,2.755088029252771,0.0,3.3308644582409257,0.5757764289881546,1.1352437073364854,1.3500019921576032,min_cost_max_flow,112,9,112,6,88,4
move,"['move', 6, 0, 2]",True,5924,1.9258156603594405,0.0,2.8786443484162443,0.9736775557234705,1.9523732501620543,1.4333869796097136,min_cost_max_flow,2,6,2,0,51,2
move,"['move', 6, 6, 2]",True,5924,2.109953209011524,0.0,2.8786443484162443,0.7686911394047202,1.4383763436999288,2.4539640897764454,min_cost_max_flow,109,6,109,6,53,2
move,"['move', 6, 5, 2]",True,5924,2.1597215717956018,0.0,2.8786443484162443,0.7189227766206426,1.3151171645295108,1.6794788965924263,min_cost_max_flow,104,6,104,5,38,2
move,"['move', 6, 4, 9]",True,5924,2.255455700610294,0.0,2.8786443484162443,0.6231886478059501,1.0766927064905758,1.0722362313948466,min_cost_max_flow,80,6,80,4,172,9
move,"['move', 6, 9, 5]",True,5934,1.5521257656904595,0.0,2.580775039154429,1.0286492734639696,2.0880787184651126,2.582604345069499,min_cost_max_flow,172,6,172,9,91,5
move,"['move', 6, 8, 5]",True,5934,1.741640567648663,0.0,2.580775039154429,0.8391344715057659,1.6146014693949837,2.3761004614824968,min_cost_max_flow,159,6,159,8,92,5
move,"['move', 6, 7, 5]",True,5934,1.9394052179491346,0.0,2.580775039154429,0.6413698212052946,1.121737120585749,1.344582500186985,min_cost_max_flow,137,6,137,7,98,5
move,"['move', 6, 2, 5]",True,5934,1.8609247658142438,0.0,2.580775039154429,0.7198502733401854,1.3167249420439475,2.153455086205776,min_cost_max_flow,38,6,38,2,99,5
move,"['move', 6, 5, 9]",True,5944,1.9552788293549885,0.0,2.9476743098031957,0.9923954804482072,1.997715073011932,2.402046287586038,min_cost_max_flow,91,6,91,5,172,9
move,"['move', 6, 7, 9]",True,5944,2.436012992824062,0.0,2.9476743098031957,0.5116613169791335,0.7974982383893803,1.322996920830978,min_cost_max_flow,138,6,138,7,174,9
move,"['move', 6, 1, 3]",True,5944,2.63885801734341,0.0,2.9476743098031957,0.3088162924597854,0.2914004429912893,0.6464863206448339,min_cost_max_flow,22,6,22,1,55,3
move,"['move', 6, 1, 9]",True,5944,2.4950117725358285,0.0,2.9476743098031957,0.45266253726736727,0.6507386326993583,0.8314345279018986,min_cost_max_flow,33,6,33,1,176,9
move,"['move', 6, 9, 7]",True,5954,1.7162943817325553,0.0,2.2809675358659973,0.5646731541334419,0.9302151808151393,1.1980972275055208,min_cost_max_flow,172,6,172,9,135,7
move,"['move', 6, 3, 7]",True,5954,1.600254735006907,0.0,2.2809675358659973,0.6807128008590905,1.219076434710587,2.0233391732880377,min_cost_max_flow,55,6,55,3,138,7
move,"['move', 6, 9, 1]",True,5954,1.8048032959956006,0.0,2.2809675358659973,0.4761642398703967,0.7085642499223468,1.4505273842918218,min_cost_max_flow,174,6,174,9,33,1
move,"['move', 6, 5, 1]",True,5954,1.74496520309114,0.0,2.2809675358659973,0.5360023327748572,0.8575837066382519,1.8343777477893033,min_cost_max_flow,92,6,92,5,22,1
move,"['move', 24, 2, 1]",True,5964,1.8802693840879157,0.0,2.2029103021175698,0.3226409180296541,0.3834685632318724,0.3904229121054505,min_cost_max_flow,44,24,44,2,26,1
move,"['move', 24, 3, 0]",True,5964,1.5354839224061645,0.0,2.2029103021175698,0.6674263797114053,1.2429982323083095,2.013079664065993,min_cost_max_flow,62,24,62,3,14,0
move,"['move', 24, 7, 0]",True,5964,1.3926457739671907,0.0,2.2029103021175698,0.8102645281503791,1.5995863852149341,2.3512251246057914,min_cost_max_flow,143,24,143,7,8,0
move,"['move', 24, 8, 5]",True,5964,1.3856561977012012,0.0,2.2029103021175698,0.8172541044163687,1.6182914840173908,1.530453032950724,min_cost_max_flow,155,24,155,8,91,5
move,"['move', 24, 5, 3]",True,5974,1.1837680298469921,0.0,1.7545166537795898,0.5707486239325975,1.0022079947739257,1.4103117223088546,min_cost_max_flow,91,24,91,5,62,3
move,"['move', 24, 6, 7]",True,5974,1.2582340258915394,0.0,1.7545166537795898,0.49628262788805033,0.8166702539019752,0.9921455626971432,min_cost_max_flow,114,24,114,6,143,7
move,"['move', 24, 0, 3]",True,5974,1.124313462578122,0.0,1.7545166537795898,0.630203191201468,1.1504177565511782,1.6947493189245548,min_cost_max_flow,8,24,8,0,55,3
move,"['move', 24, 0, 2]",True,5974,0.9709506464245213,0.0,1.7545166537795898,0.7835660073550684,1.5338178934252937,1.6993516588482813,min_cost_max_flow,14,24,14,0,42,2
move,"['move', 6, 9, 6]",True,5984,1.7166164650229372,0.0,2.352107721556142,0.6354912565332049,1.107164572669717,1.2620066573920756,min_cost_max_flow,176,6,176,9,109,6
move,"['move', 6, 5, 6]",True,5984,1.870495763016545,0.0,2.352107721556142,0.48161195853959693,0.7232067563818418,0.7683875266289889,min_cost_max_flow,98,6,98,5,112,6
move,"['move', 6, 2, 6]",True,5984,1.5564269781821964,0.0,2.352107721556142,0.7956807433739457,1.506304451257165,2.1512323336611763,min_cost_max_flow,51,6,51,2,114,6
move,"['move', 6, 7, 6]",True,5984,1.7829737374014685,0.0,2.352107721556142,0.5691339841546738,0.9420599890727317,0.7362750911638339,min_cost_max_flow,135,6,135,7,115,6
move,"['move', 6, 7, 9]",True,5994,1.7336152428293747,0.0,2.199832086430849,0.4662168436014741,0.6845210811006837,0.9003128171963037,min_cost_max_flow,138,6,138,7,176,9
move,"['move', 6, 6, 9]",True,5994,1.4945655712901478,0.0,2.199832086430849,0.7052665151407013,1.2803567743758322,2.0926365324757734,min_cost_max_flow,109,6,109,6,177,9
move,"['move', 6, 5, 9]",True,5994,1.351894336907418,0.0,2.199832086430849,0.847937749523431,1.6365638759743888,2.4066261046544315,min_cost_max_flow,99,6,99,5,178,9
move,"['move', 6, 1, 3]",True,5994,1.769636547012769,0.0,2.199832086430849,0.43019553941808,0.5942251049273182,1.062123293783193,min_cost_max_flow,22,6,22,1,59,3
move,"['move', 6, 9, 5]",True,6004,1.0147040947129513,0.0,1.9030258723593578,0.8883217776464064,1.7367845916451188,2.899529195793429,min_cost_max_flow,176,6,176,9,91,5
move,"['move', 6, 6, 5]",True,6004,1.5587626400323125,0.0,1.9030258723593578,0.3442632323270453,0.37979212545906194,0.7969311208962034,min_cost_max_flow,112,6,112,6,92,5
move,"['move', 6, 3, 5]",True,6004,1.388253108080638,0.0,1.9030258723593578,0.5147727642787199,0.8053600829734933,1.2675126973996065,min_cost_max_flow,59,6,59,3,98,5
move,"['move', 6, 9, 7]",True,6004,1.0223259830838214,0.0,1.9030258723593578,0.8806998892755363,1.7190403731365222,2.0258609167409825,min_cost_max_flow,177,6,177,9,135,7
move,"['move', 26, 6, 3]",True,6014,2.02979043573741,0.0,2.3537817611079146,0.32399132537050446,0.5385390138690127,0.8361339253692988,min_cost_max_flow,110,26,110,6,59,3
move,"['move', 26, 7, 2]",True,6014,1.7500421379267337,0.0,2.3537817611079146,0.6037396231811809,1.238186555026914,0.6516028378958377,min_cost_max_flow,132,26,132,7,44,2
move,"['move', 26, 7, 3]",True,6014,1.9335829604064672,0.0,2.3537817611079146,0.4201988007014474,0.7786066840344574,1.1368126999776884,min_cost_max_flow,133,26,133,7,60,3
move,"['move', 26, 8, 2]",True,6014,1.9255332813148445,0.0,2.3537817611079146,0.42824847979307,0.7985083781459252,1.2851484450368131,min_cost_max_flow,154,26,154,8,51,2
move,"['move', 18, 3, 2]",True,6024,1.3888008967062646,0.0,1.6803685513943956,0.29156765468813084,0.22251578108989634,0.5736241777758249,min_cost_max_flow,56,18,56,3,38,2
move,"['move', 18, 5, 2]",True,6024,1.1470847580353718,0.0,1.6803685513943956,0.6421362699840237,1.0968183836521348,1.9862479627714782,min_cost_max_flow,108,18,108,5,39,2
move,"['move', 18, 4, 6]",True,6024,1.177058561205535,0.0,1.6803685513943956,0.5033099901888606,0.7501943893148564,1.6917778623521107,min_cost_max_flow,77,18,77,4,109,6
move,"['move', 18, 0, 2]",True,6024,0.838993881626732,0.0,1.6803685513943956,0.8413746697676635,1.5932356232078746,3.1054212316778025,min_cost_max_flow,11,18,11,0,40,2
move,"['move', 6, 9, 8]",True,6034,2.128662594800517,0.0,2.7275554156456643,0.5988928208451472,1.0154104768153047,1.4340110802374781,min_cost_max_flow,178,6,178,9,149,8
move,"['move', 6, 2, 8]",True,6034,1.8622723509255033,0.0,2.7275554156456643,0.8652830647201611,1.6797867040950223,2.5002660187822747,min_cost_max_flow,53,6,53,2,150,8
move,"['move', 6, 7, 3]",True,6034,1.751519620292249,0.0,2.7275554156456643,0.9762467848534153,1.9564659160823794,2.986991582634458,min_cost_max_flow,135,6,135,7,56,3
move,"['move', 6, 1, 3]",True,6034,2.1278503014038783,0.0,2.7275554156456643,0.5997051142417861,1.0171049694472458,1.6581716533415627,min_cost_max_flow,33,6,33,1,62,3
move,"['move', 6, 8, 7]",True,6044,1.4985182744249377,0.0,2.0537345052154903,0.5552162307905526,0.9074425270155189,0.6183275224370641,min_cost_max_flow,149,6,149,8,132,7
move,"['move', 6, 3, 1]",True,6044,1.5085154368231182,0.0,2.0537345052154903,0.545219068392372,0.8805373448412865,1.8931783082909146,min_cost_max_flow,56,6,56,3,33,1
move,"['move', 6, 3, 7]",True,6044,1.5396643537899448,0.0,2.0537345052154903,0.5140701514255455,0.8028568542868015,1.7653103999034465,min_cost_max_flow,62,6,62,3,133,7
move,"['move', 6, 6, 7]",True,6044,1.5495077639449355,0.0,2.0537345052154903,0.5042267412705549,0.7796116407116642,0.8564358583438423,min_cost_max_flow,114,6,114,6,135,7
move,"['move', 6, 8, 3]",True,6054,1.3534857953084076,0.0,2.047856974668247,0.6943711793598393,1.2531653741534683,2.0613437126151695,min_cost_max_flow,150,6,150,8,56,3
move,"['move', 6, 7, 9]",True,6054,1.3848539808208291,0.0,2.047856974668247,0.6630029938474179,1.1754742447083117,1.575120822017388,min_cost_max_flow,132,6,132,7,172,9
move,"['move', 6, 6, 9]",True,6054,1.3496480208747457,0.0,2.047856974668247,0.6982089537935013,1.2621299435777473,2.481254819199171,min_cost_max_flow,115,6,115,6,176,9
move,"['move', 6, 1, 9]",True,6054,1.5021400849804682,0.0,2.047856974668247,0.5457168896877785,0.8833915158684249,0.8200997825429763,min_cost_max_flow,33,6,33,1,177,9
