ablation,arrival_lambda_total_per_slot,arrival_mode,average_communication_delay_s,average_end_to_end_delay_s,average_energy_j,average_slot_crossings,chain_length_filter,deadline_acceptance_rate,delay_margin_jain_fairness,delay_margin_max,delay_margin_mean,failure_count,feasible_count,p95_end_to_end_delay_s,request_count,route_mode_local_count,route_mode_min_cost_max_flow_count,seed,slot_count,success_rate,task_completion_rate,template_count
ELARA-NR,4.9,total_per_slot,1.2267855070262954,72.43972462410065,3372.4825285056772,0.11444251519285625,10,0.9570259208731241,0.9604077144677042,1.3164120966679729,0.7243972462410059,0,2932,98.42360487250153,2932,594,31658,42,606,1.0,1.0,4
ELARA-NR,4.9,total_per_slot,1.2187570512157895,79.94755691266609,3812.9473779550626,0.1132581011221788,10,0.8772538141470181,0.9575159290280242,1.3767682846606908,0.7994755691266614,0,2884,109.68416334178073,2884,1931,29793,43,606,1.0,1.0,4
ELARA-NR,4.9,total_per_slot,1.0511697355644745,71.3601478252682,3422.760167460936,0.0959613074150519,10,0.9135886140291427,0.9252178404795846,1.5047635397461097,0.7136014782526817,0,2951,106.8768839571485,2951,2773,29688,44,606,1.0,1.0,4
ELARA-NR,4.9,total_per_slot,1.1522035380807014,63.22965201216634,3091.616170016516,0.10561275323812687,10,0.9870474925273995,0.9574910605966922,1.2515811510397628,0.6322965201216636,0,3011,87.55044968055608,3011,2045,31076,45,606,1.0,1.0,4
