ablation,chain_length,destination_node,destination_satellite,epoch,failed_stage,failure_reason,feasible,request_id,reward,seed,slot_mod,source_node,source_satellite,template_id,total_delay_s,total_energy_j
sc_nfv,10,14,SAT_0_13,1,,,True,5,-23.854182571254366,42,0,25,SAT_1_6,10,56.08725145590516,2365.4699814871706
sc_nfv,5,13,SAT_0_12,1,,,True,1,-11.212327717497299,42,0,46,SAT_2_9,4,26.253880026169398,1184.6261783825662
sc_nfv,5,4,SAT_0_3,1,,,True,2,-11.362993414283157,42,0,6,SAT_0_5,6,27.085765879305704,881.1451042681222
sc_nfv,10,16,SAT_0_15,1,,,True,6,-22.922894022140532,42,0,3,SAT_0_2,10,53.760384894363376,2364.566773991969
sc_nfv,10,9,SAT_0_8,1,,,True,4,-20.34706947429962,42,0,14,SAT_0_13,9,47.79844418270981,2046.1530020261594
sc_nfv,5,1,SAT_0_0,1,,,True,3,-7.896615839051707,42,0,15,SAT_0_14,8,18.586835140469915,769.8029714395665
sc_nfv,15,31,SAT_1_12,1,,,True,8,-23.546456186822688,42,0,4,SAT_0_3,14,54.8197615055157,2697.585974360675
sc_nfv,10,16,SAT_0_15,1,,,True,7,-17.417952363960712,42,0,4,SAT_0_3,12,40.934678895765416,1740.134676090911
