action,arm_key,cross_orbit_transfer,epoch,estimated_reward,execution_feedback_reward,expected_saving,migration_cost,migration_delay_s,migration_energy_j,migration_route_mode,selected_source_node,service_id,source_node,source_plane,target_node,target_plane
move,"['move', 20, 6, 3]",True,10,3.0144334712491005,0.0,2.1171698711256344,1.522340405001534,3.496850395501733,1.0243948984183664,min_cost_max_flow,125,20,125,6,56,3
add,"['add', 5, None, 2]",True,10,2.788452522888574,0.0,3.0180118039673935,0.22955928107881934,0.21814209216027458,0.5659169313335345,min_cost_max_flow,36,5,,,37,2
add,"['add', 5, None, 7]",True,10,2.7972262027782957,0.0,3.0180118039673935,0.22078560118909804,0.19659934952210967,0.30494554057467055,min_cost_max_flow,112,5,,,129,7
add,"['add', 5, None, 8]",True,10,2.841158343218368,0.0,3.0180118039673935,0.17685346074902542,0.0869906005030252,0.15721081984328597,min_cost_max_flow,129,5,,,147,8
add,"['add', 8, None, 6]",True,20,2.062728080806759,0.0,2.23019690649986,0.16746882569310093,0.2535953171716159,0.19944738537067486,min_cost_max_flow,129,8,,,114,6
add,"['add', 8, None, 5]",True,20,2.067733162270055,0.0,2.23019690649986,0.16246374422980478,0.2410766521730494,0.20342161225474736,min_cost_max_flow,129,8,,,91,5
add,"['add', 8, None, 3]",True,20,2.120497405339905,0.0,2.23019690649986,0.109699501159955,0.10936619480867193,0.06998807209010806,min_cost_max_flow,39,8,,,57,3
add,"['add', 20, None, 6]",True,20,1.9186509523272648,0.0,2.128994758742578,0.2103438064153133,0.267740600075669,0.43659420542690835,min_cost_max_flow,96,20,,,115,6
add,"['add', 8, None, 4]",True,30,2.5936142408323732,0.0,2.740984426437795,0.14737018560542187,0.2034238966905093,0.149327559976649,min_cost_max_flow,57,8,,,73,4
add,"['add', 8, None, 8]",True,30,2.640939030783142,0.0,2.740984426437795,0.10004539565465262,0.08521284771464366,0.08204362593832765,min_cost_max_flow,129,8,,,148,8
add,"['add', 30, None, 1]",True,30,2.253815251201817,0.0,2.729383717678448,0.4755684664766311,0.7240139881966456,1.1465970769610607,min_cost_max_flow,111,30,,,22,1
add,"['add', 30, None, 2]",True,30,2.480725944335123,0.0,2.729383717678448,0.2486577733433251,0.15788836989878519,0.37918738669129737,min_cost_max_flow,22,30,,,39,2
add,"['add', 5, None, 9]",True,40,2.6447445702420573,0.0,2.91756485315402,0.27282028291196253,0.32670553575701433,0.2919575887457677,min_cost_max_flow,147,5,,,164,9
add,"['add', 15, None, 7]",True,40,2.1223322619009184,0.0,2.5180528194114817,0.3957205575105632,0.5963644301430122,0.6266390571639567,min_cost_max_flow,116,15,,,130,7
add,"['add', 15, None, 3]",True,40,2.1818379722024153,0.0,2.5180528194114817,0.3362148472090667,0.44789985733757476,0.4268370916280815,min_cost_max_flow,40,15,,,58,3
move,"['move', 5, 0, 9]",True,40,1.6461829538207677,0.0,2.188173639865515,0.5419906860447474,0.9481703603990468,1.266079715365332,min_cost_max_flow,14,5,14,0,165,9
add,"['add', 26, None, 5]",True,50,1.8098766758034142,0.0,2.133113736869315,0.323237061065901,0.38785193165472265,0.5506544350294116,min_cost_max_flow,55,26,,,92,5
add,"['add', 26, None, 7]",True,50,1.8048805004182569,0.0,2.133113736869315,0.3282332364510583,0.3999842119143864,0.7894265705156698,min_cost_max_flow,92,26,,,131,7
add,"['add', 26, None, 0]",True,50,1.6722268370821465,0.0,2.133113736869315,0.4608868997871687,0.7312612455513658,1.0275097060466325,min_cost_max_flow,55,26,,,5,0
move,"['move', 5, 1, 0]",True,50,1.6183896621993417,0.0,2.118089476965388,0.49969981476604636,0.8423389468809432,1.3355699295993169,min_cost_max_flow,36,5,36,1,6,0
add,"['add', 26, None, 4]",True,60,1.919359739831639,0.0,2.135687301234379,0.2163275614027401,0.1211818576305177,0.14820434589785725,min_cost_max_flow,92,26,,,74,4
add,"['add', 26, None, 8]",True,60,1.728901528053503,0.0,2.135687301234379,0.40678577318087616,0.5966636123374656,0.5907208381594249,min_cost_max_flow,5,26,,,149,8
add,"['add', 16, None, 1]",True,60,1.9965396638554123,0.0,2.131881290299476,0.13534162644406364,0.23855836648880313,0.21557692034688092,min_cost_max_flow,57,16,,,36,1
add,"['add', 16, None, 2]",True,60,2.0174889285122695,0.0,2.131881290299476,0.11439236178720642,0.18630098605552803,0.1383894477682346,min_cost_max_flow,57,16,,,40,2
move,"['move', 15, 0, 4]",True,70,0.9957165565531904,0.0,1.5938893869146358,0.5981728303614454,1.0506614227424507,1.849098742341925,min_cost_max_flow,15,15,15,0,75,4
move,"['move', 15, 0, 8]",True,70,0.8902337534228799,0.0,1.5938893869146358,0.7036556334917559,1.3144985741154187,1.7623363775472192,min_cost_max_flow,18,15,18,0,150,8
move,"['move', 15, 1, 4]",True,70,0.9220698104424849,0.0,1.5938893869146358,0.6718195764721508,1.2344130701500262,2.0925773218006323,min_cost_max_flow,31,15,31,1,77,4
move,"['move', 15, 1, 8]",True,70,0.9904984652812534,0.0,1.5938893869146358,0.6033909216333824,1.0640660201671608,1.6095192457634078,min_cost_max_flow,34,15,34,1,152,8
move,"['move', 5, 0, 1]",True,80,0.8930514988266886,0.0,1.5950484600784725,0.7019969612517839,1.347419713409863,1.7769697198819645,min_cost_max_flow,6,5,6,0,34,1
move,"['move', 5, 2, 1]",True,80,1.1042174294561429,0.0,1.5950484600784725,0.49083103062232963,0.8208003301120925,0.9133408693053713,min_cost_max_flow,37,5,37,2,23,1
move,"['move', 5, 3, 1]",True,80,1.0263197305422436,0.0,1.5950484600784725,0.568728729536229,1.0153595528761343,1.0366905497763348,min_cost_max_flow,63,5,63,3,24,1
move,"['move', 5, 4, 1]",True,80,0.7385847258753767,0.0,1.5950484600784725,0.9260303233280958,1.9077635581639925,1.6033433443153884,min_cost_max_flow,90,5,90,4,27,1
move,"['move', 8, 1, 0]",True,90,1.7357108456322765,0.0,2.0523808124525016,0.3182932039452251,0.580128368879059,0.5513766672820943,min_cost_max_flow,26,8,26,1,18,0
move,"['move', 8, 2, 0]",True,90,1.887475923680534,0.0,2.0523808124525016,0.1649048887719674,0.19717433798575712,0.2068719740540016,min_cost_max_flow,39,8,39,2,6,0
move,"['move', 8, 3, 0]",True,90,1.8176994330349534,0.0,2.0523808124525016,0.23468137941754827,0.3713753946063889,0.36698530293428533,min_cost_max_flow,57,8,57,3,7,0
move,"['move', 8, 4, 0]",True,90,1.6866820320068145,0.0,2.0523808124525016,0.365698780445687,0.6985962175049281,0.5821050841392813,min_cost_max_flow,73,8,73,4,9,0
move,"['move', 20, 0, 9]",True,100,1.544218096181725,0.0,2.2662326339629346,0.7304852364062098,1.5171635313462275,1.0570233432154217,min_cost_max_flow,10,20,10,0,163,9
move,"['move', 20, 1, 9]",True,100,1.5604300592714364,0.0,2.2662326339629346,0.7058025746914981,1.45476700759923,1.5169363166943126,min_cost_max_flow,28,20,28,1,166,9
move,"['move', 20, 2, 9]",True,100,1.862505343365201,0.0,2.2662326339629346,0.4996031743477337,0.9403798752018702,0.7760240086600665,min_cost_max_flow,42,20,42,2,167,9
move,"['move', 20, 2, 4]",True,100,1.7915316247602855,0.0,2.2662326339629346,0.4747010092026491,0.8775799114902156,1.139057907955436,min_cost_max_flow,46,20,46,2,73,4
move,"['move', 28, 0, 2]",True,110,1.3615227708408122,0.0,2.420355011178666,1.0588322403378536,2.1998380235021386,1.6385302355760423,min_cost_max_flow,2,28,2,0,46,2
move,"['move', 28, 0, 1]",True,110,1.6996382046595657,0.0,2.420355011178666,0.7207168065191001,1.3563986828560246,0.4057009683964946,min_cost_max_flow,10,28,10,0,26,1
move,"['move', 28, 0, 6]",True,110,1.7270040802282145,0.0,2.420355011178666,0.6933509309504513,1.2857051786897955,1.9249111314676501,min_cost_max_flow,15,28,15,0,117,6
move,"['move', 28, 3, 2]",True,110,1.9272783323541791,0.0,2.420355011178666,0.4930766788244866,0.786173400414441,1.1556764384296447,min_cost_max_flow,60,28,60,3,37,2
move,"['move', 8, 0, 1]",True,120,1.9392390247529925,0.0,2.197886451023375,0.2586474262703827,0.4313005825149503,0.36027145195068533,min_cost_max_flow,6,8,6,0,28,1
move,"['move', 8, 0, 2]",True,120,2.018882884911587,0.0,2.197886451023375,0.17900356611178797,0.23228631221036267,0.29668472401791385,min_cost_max_flow,7,8,7,0,38,2
move,"['move', 8, 0, 3]",True,120,1.8335980507790972,0.0,2.197886451023375,0.364288400244278,0.6948765103227288,0.7112762032571287,min_cost_max_flow,9,8,9,0,63,3
move,"['move', 8, 5, 1]",True,120,1.7948882929240697,0.0,2.197886451023375,0.4029981580993055,0.7913112094759072,0.9377398595173125,min_cost_max_flow,91,8,91,5,26,1
move,"['move', 20, 3, 0]",True,130,1.3262056311550117,0.0,2.1171514908820073,0.7909458597269957,1.6677532308806349,1.431595854920265,min_cost_max_flow,56,20,56,3,10,0
move,"['move', 20, 4, 0]",True,130,1.557229265198157,0.0,2.1171514908820073,0.5599222256838503,1.0896662783052307,1.7835074999473874,min_cost_max_flow,73,20,73,4,15,0
move,"['move', 20, 5, 0]",True,130,1.5725420989938255,0.0,2.1171514908820073,0.6538200678881817,1.3258813437648769,0.8032008674023077,min_cost_max_flow,107,20,107,5,2,0
move,"['move', 20, 5, 2]",True,130,1.769931076811534,0.0,2.1171514908820073,0.34722041407047327,0.5591897120930298,0.9315322857862949,min_cost_max_flow,94,20,94,5,39,2
move,"['move', 8, 0, 5]",True,140,2.563409825918318,0.0,2.88013578565636,0.31672595973804235,0.5760805604622874,0.6378419331586574,min_cost_max_flow,18,8,18,0,94,5
move,"['move', 8, 1, 5]",True,140,2.4928594555566708,0.0,2.88013578565636,0.3872763300996894,0.752291251079896,0.747998790831231,min_cost_max_flow,26,8,26,1,91,5
move,"['move', 8, 1, 4]",True,140,2.4033566856454716,0.0,2.88013578565636,0.47677910001088847,0.9756348056287152,1.023578943616928,min_cost_max_flow,28,8,28,1,73,4
move,"['move', 8, 2, 5]",True,140,2.634196038818197,0.0,2.88013578565636,0.24593974683816316,0.3992881243568718,0.5224445036371779,min_cost_max_flow,38,8,38,2,93,5
move,"['move', 20, 0, 1]",True,150,1.7745438543573924,0.0,2.4954486627012624,0.72090480834387,1.493212004345878,1.0573279062154304,min_cost_max_flow,2,20,2,0,28,1
move,"['move', 20, 0, 3]",True,150,1.7954297481314732,0.0,2.4954486627012624,0.7000189145697892,1.4410071897746093,1.0507146635931615,min_cost_max_flow,10,20,10,0,56,3
move,"['move', 20, 0, 4]",True,150,1.9704452720729204,0.0,2.4954486627012624,0.525003390628342,1.0023649102042782,1.786361141401999,min_cost_max_flow,15,20,15,0,78,4
move,"['move', 20, 2, 1]",True,150,2.175716157195961,0.0,2.4954486627012624,0.31973250550530113,0.4903368420955303,1.020264675499034,min_cost_max_flow,39,20,39,2,26,1
move,"['move', 16, 1, 0]",True,160,1.3766554803548465,0.0,1.6770077544943065,0.30035227413946,0.6009082380746804,0.33340868875590196,min_cost_max_flow,36,16,36,1,10,0
move,"['move', 16, 2, 0]",True,160,1.450327859100696,0.0,1.6770077544943065,0.22667989539361055,0.4166933679869089,0.3560241708545346,min_cost_max_flow,40,16,40,2,15,0
move,"['move', 16, 3, 0]",True,160,1.4304455905062028,0.0,1.6770077544943065,0.24656216398810382,0.4664367481652789,0.33088504276328345,min_cost_max_flow,57,16,57,3,18,0
move,"['move', 16, 3, 5]",True,160,1.5158269134706885,0.0,1.6770077544943065,0.16118084102361793,0.25313722159035024,0.22836448523928482,min_cost_max_flow,59,16,59,3,94,5
move,"['move', 16, 0, 2]",True,170,1.6165628698336938,0.0,1.9730319611202383,0.3564690912865445,0.7410363990886708,0.44266325790327476,min_cost_max_flow,10,16,10,0,38,2
move,"['move', 16, 0, 3]",True,170,1.7218893490870042,0.0,1.9730319611202383,0.25114261203323396,0.4778004606871491,0.3891567700667149,min_cost_max_flow,15,16,15,0,57,3
move,"['move', 16, 0, 1]",True,170,1.847204970316044,0.0,1.9730319611202383,0.12582699080419427,0.1649405033012954,0.10309297890305259,min_cost_max_flow,18,16,18,0,36,1
move,"['move', 16, 4, 2]",True,170,1.8206964209016885,0.0,1.9730319611202383,0.22748373646854986,0.4187684831340448,0.3123491976627866,min_cost_max_flow,86,16,86,4,39,2
move,"['move', 22, 0, 3]",True,180,2.315030144460745,0.0,2.6474824579983425,0.388363760870931,0.8104599873533971,0.44752043692926724,min_cost_max_flow,2,22,2,0,59,3
move,"['move', 22, 2, 3]",True,180,2.446322578726891,0.0,2.6474824579983425,0.20115987927145115,0.3428122360028283,0.20621867150882273,min_cost_max_flow,44,22,44,2,57,3
move,"['move', 22, 4, 3]",True,180,2.570423218996079,0.0,2.6474824579983425,0.16673118012726376,0.25666703101683197,0.25519008852737796,min_cost_max_flow,84,22,84,4,62,3
move,"['move', 22, 5, 3]",True,180,2.563835260017926,0.0,2.6474824579983425,0.1507080333137499,0.21665943608491034,0.22167535395204493,min_cost_max_flow,100,22,100,5,63,3
move,"['move', 8, 3, 2]",True,190,2.6098595666651905,0.0,2.7951122736395124,0.18525270697432214,0.2480292990021553,0.2165949670464548,min_cost_max_flow,63,8,63,3,44,2
move,"['move', 8, 4, 2]",True,190,2.6433019470295727,0.0,2.7951122736395124,0.15181032660993987,0.1644112220367333,0.2246790033573228,min_cost_max_flow,73,8,73,4,40,2
move,"['move', 8, 5, 0]",True,190,2.2281413474191156,0.0,2.7951122736395124,0.566970926220397,1.2015416673341406,0.738714822514385,min_cost_max_flow,91,8,91,5,10,0
move,"['move', 8, 5, 2]",True,190,2.5307096044531274,0.0,2.7951122736395124,0.2644026691863852,0.4454092518856214,0.5465633981741653,min_cost_max_flow,93,8,93,5,41,2
move,"['move', 22, 3, 0]",True,200,1.93718124166867,0.0,2.2035759998858686,0.2663947582171986,0.5056183196475104,0.39362781796653346,min_cost_max_flow,57,22,57,3,15,0
move,"['move', 22, 3, 4]",True,200,2.0355400035984252,0.0,2.2035759998858686,0.1680359962874434,0.26006191290571223,0.16662909623991923,min_cost_max_flow,59,22,59,3,73,4
move,"['move', 22, 3, 2]",True,200,2.0996093120076518,0.0,2.2035759998858686,0.10396668787821679,0.10002815022471623,0.07362353485959898,min_cost_max_flow,62,22,62,3,43,2
move,"['move', 22, 5, 0]",True,200,1.9839942914766273,0.0,2.2035759998858686,0.2195817084092412,0.3887869823113306,0.2594363621574121,min_cost_max_flow,106,22,106,5,18,0
move,"['move', 20, 1, 0]",True,210,2.2918882650574273,0.0,2.4915995480023057,0.19971128294487855,0.1913835019911403,0.28712047772150695,min_cost_max_flow,26,20,26,1,6,0
move,"['move', 20, 1, 2]",True,210,2.0682854254704672,0.0,2.4915995480023057,0.4233141225318382,0.7501111031765504,0.47345233238067513,min_cost_max_flow,28,20,28,1,44,2
move,"['move', 20, 3, 2]",True,210,1.9148763371081716,0.0,2.4915995480023057,0.5767232108941339,1.1326828576470689,1.1074299558614213,min_cost_max_flow,56,20,56,3,45,2
move,"['move', 20, 4, 2]",True,210,2.0111680708527517,0.0,2.4915995480023057,0.4804314771495539,0.8928187207388874,0.5306316536822774,min_cost_max_flow,78,20,78,4,46,2
move,"['move', 15, 2, 0]",True,220,1.8714719548067864,0.0,2.342338451098427,0.47086649629164046,0.7331519575955099,1.344852057294295,min_cost_max_flow,40,15,40,2,7,0
move,"['move', 15, 3, 0]",True,220,1.6484459207843924,0.0,2.342338451098427,0.6938925303140345,1.2897692604410622,1.976706864249312,min_cost_max_flow,58,15,58,3,8,0
move,"['move', 15, 4, 0]",True,220,1.355033673511529,0.0,2.342338451098427,0.9873047775868979,2.022134073266443,2.7539104354346318,min_cost_max_flow,75,15,75,4,9,0
move,"['move', 15, 4, 1]",True,220,1.6550724267442964,0.0,2.342338451098427,0.6872660243541303,1.2740223120053997,1.4304958881840708,min_cost_max_flow,77,15,77,4,28,1
move,"['move', 20, 2, 3]",True,230,3.2437430231188724,0.0,3.767674918509072,0.5239318953901992,1.0012853144748988,0.7202662307502377,min_cost_max_flow,44,20,44,2,59,3
move,"['move', 20, 5, 3]",True,230,3.4066756027144214,0.0,3.767674918509072,0.3609993157946507,0.5937941428660451,0.8267479774051655,min_cost_max_flow,96,20,96,5,56,3
move,"['move', 20, 6, 4]",True,230,3.458453687997941,0.0,3.767674918509072,0.30922123051113104,0.46452045551677656,0.7123974043847056,min_cost_max_flow,115,20,115,6,84,4
move,"['move', 20, 7, 3]",True,230,3.346959684499666,0.0,3.767674918509072,0.44313996250940596,0.7980921535186098,1.529152066954015,min_cost_max_flow,128,20,128,7,57,3
move,"['move', 20, 0, 5]",True,240,1.2381864991698814,0.0,1.6689660168594485,0.430779517689567,0.7684949673553092,0.6598681427561914,min_cost_max_flow,6,20,6,0,96,5
move,"['move', 20, 2, 5]",True,240,1.084228453964478,0.0,1.6689660168594485,0.5847375628949705,1.1526424553353536,1.1582848317323504,min_cost_max_flow,45,20,45,2,106,5
move,"['move', 20, 2, 7]",True,240,1.1907505564728613,0.0,1.6689660168594485,0.4782154603865872,0.8864045447157878,1.113387730804098,min_cost_max_flow,46,20,46,2,133,7
move,"['move', 20, 3, 5]",True,240,1.371149182026054,0.0,1.6689660168594485,0.29781683483339455,0.4362469979760135,0.5540429686659397,min_cost_max_flow,56,20,56,3,91,5
move,"['move', 22, 0, 5]",True,250,2.4869991551964676,0.0,2.7983924465345806,0.3113932913381129,0.6178779654956088,0.5514191207579984,min_cost_max_flow,15,22,15,0,93,5
move,"['move', 22, 0, 1]",True,250,2.4756145689616442,0.0,2.7983924465345806,0.32277787757293663,0.6463302800971178,0.5575197777915358,min_cost_max_flow,18,22,18,0,26,1
move,"['move', 22, 2, 5]",True,250,2.522358456654255,0.0,2.7983924465345806,0.2760339898803255,0.5300626294074391,0.16280741655886566,min_cost_max_flow,43,22,43,2,95,5
move,"['move', 22, 3, 5]",True,250,2.640631595763218,0.0,2.7983924465345806,0.15776085077136262,0.23428277954826626,0.22747547440262503,min_cost_max_flow,63,22,63,3,96,5
move,"['move', 8, 0, 4]",True,260,1.789652480024419,0.0,2.122745583218581,0.4592006939441621,0.9322572042119646,0.6446364435733386,min_cost_max_flow,10,8,10,0,75,4
move,"['move', 8, 2, 3]",True,260,1.8842980393896533,0.0,2.122745583218581,0.23844754382892777,0.3808723302231556,0.3126355773889671,min_cost_max_flow,40,8,40,2,63,3
move,"['move', 8, 2, 4]",True,260,1.9570294790466978,0.0,2.122745583218581,0.16571610417188343,0.19933411620604602,0.11904549372145722,min_cost_max_flow,41,8,41,2,77,4
move,"['move', 8, 2, 1]",True,260,1.9263030515868624,0.0,2.122745583218581,0.1964425316317186,0.27616705045920753,0.10780175800572454,min_cost_max_flow,44,8,44,2,28,1
move,"['move', 8, 1, 2]",True,270,1.7935019705871078,0.0,2.120962191206718,0.3274602206196103,0.6033441222994043,0.3525688443605198,min_cost_max_flow,28,8,28,1,40,2
move,"['move', 8, 3, 7]",True,270,1.8862462616722269,0.0,2.120962191206718,0.23471592953449127,0.37123767727825907,0.5163803832592054,min_cost_max_flow,63,8,63,3,134,7
move,"['move', 8, 4, 7]",True,270,1.7598612746719478,0.0,2.120962191206718,0.3611009165347702,0.6868122351852435,0.7749867790676667,min_cost_max_flow,75,8,75,4,135,7
move,"['move', 8, 5, 7]",True,270,1.7613846717214972,0.0,2.120962191206718,0.3595775194852208,0.6829129594430015,0.8355088579799508,min_cost_max_flow,94,8,94,5,136,7
move,"['move', 8, 4, 3]",True,280,1.8027322782102135,0.0,1.9790309275958045,0.17629864938559092,0.22567117847302143,0.19857933858365123,min_cost_max_flow,77,8,77,4,63,3
move,"['move', 8, 6, 0]",True,280,1.5787584621891488,0.0,1.9790309275958045,0.40027246540665556,0.7846429271926354,0.8404402272819564,min_cost_max_flow,114,8,114,6,15,0
move,"['move', 8, 7, 0]",True,280,1.6428731727235875,0.0,1.9790309275958045,0.3529763012472169,0.6663636161338218,0.8663740007599001,min_cost_max_flow,144,8,144,7,18,0
move,"['move', 8, 7, 3]",True,280,1.5476370910528339,0.0,1.9790309275958045,0.4333971471679706,0.8673004470597334,0.9432299180750943,min_cost_max_flow,135,8,135,7,56,3
move,"['move', 22, 1, 2]",True,290,2.119019683367831,0.0,2.274934206715473,0.15591452334764208,0.22989620386442766,0.07464689076080391,min_cost_max_flow,26,22,26,1,42,2
move,"['move', 22, 4, 2]",True,290,2.028928822406473,0.0,2.274934206715473,0.2460053843089998,0.4547224839661794,0.3418950918558134,min_cost_max_flow,73,22,73,4,44,2
move,"['move', 22, 5, 2]",True,290,2.1334759927797124,0.0,2.274934206715473,0.1414582139357606,0.19360893906105048,0.17230773987645484,min_cost_max_flow,93,22,93,5,40,2
move,"['move', 22, 6, 2]",True,290,2.171951570548103,0.0,2.274934206715473,0.2309471413340368,0.41699872644721836,0.39399514622483994,min_cost_max_flow,126,22,126,6,41,2
move,"['move', 16, 1, 4]",True,300,1.4323183962975112,0.0,1.6014634622594164,0.1691450659619051,0.27281306784971093,0.38484187614413384,min_cost_max_flow,36,16,36,1,73,4
move,"['move', 16, 2, 4]",True,300,1.5655790423717493,0.0,1.6014634622594164,0.14302021826266723,0.20783027761626727,0.16528919971005612,min_cost_max_flow,38,16,38,2,75,4
move,"['move', 16, 2, 9]",True,300,1.3804505945319112,0.0,1.6014634622594164,0.2210128677275051,0.4026362008153228,0.2824228417362226,min_cost_max_flow,39,16,39,2,168,9
move,"['move', 16, 3, 4]",True,300,1.479827188464243,0.0,1.6014634622594164,0.12163627379517332,0.15447203686244393,0.09754225643577143,min_cost_max_flow,57,16,57,3,77,4
move,"['move', 20, 3, 1]",True,310,2.0205983769905,0.0,2.343172616867201,0.3225742398767012,0.49765198813565803,0.8797246010806794,min_cost_max_flow,57,20,57,3,36,1
move,"['move', 20, 3, 6]",True,310,1.994392527189946,0.0,2.343172616867201,0.3487800896772549,0.5637744168761856,0.4745217749851165,min_cost_max_flow,59,20,59,3,114,6
move,"['move', 20, 4, 1]",True,310,1.9000783599774624,0.0,2.343172616867201,0.44309425688973847,0.7986442439432722,1.08491575106666,min_cost_max_flow,84,20,84,4,26,1
move,"['move', 20, 5, 1]",True,310,1.7275570383882035,0.0,2.343172616867201,0.6156155784789974,1.2298798067863572,1.1300765044415257,min_cost_max_flow,91,20,91,5,29,1
move,"['move', 20, 1, 3]",True,320,2.2383215503257694,0.0,2.642329039080427,0.40400748875465764,0.7016509418581336,0.602503582691037,min_cost_max_flow,26,20,26,1,57,3
move,"['move', 20, 1, 4]",True,320,2.361122735416153,0.0,2.642329039080427,0.281206303664274,0.39476070870341573,0.5273505351968997,min_cost_max_flow,29,20,29,1,84,4
move,"['move', 20, 5, 4]",True,320,2.4312259962678793,0.0,2.642329039080427,0.21110304281254763,0.21996526713610365,0.21887682719437715,min_cost_max_flow,96,20,96,5,78,4
move,"['move', 20, 6, 0]",True,320,2.2081954880352144,0.0,2.642329039080427,0.4341335510452125,0.7765989623062524,0.84726043486993,min_cost_max_flow,114,20,114,6,6,0
move,"['move', 16, 4, 3]",True,330,1.0437204607878534,0.0,1.2246687744212905,0.1809483136334371,0.30255394365349275,0.22967079284289812,min_cost_max_flow,73,16,73,4,59,3
move,"['move', 16, 4, 0]",True,330,0.9266984923271395,0.0,1.2246687744212905,0.29797028209415094,0.5947518072152889,0.46770918616855645,min_cost_max_flow,75,16,75,4,11,0
move,"['move', 16, 4, 1]",True,330,1.0423291149147003,0.0,1.2246687744212905,0.1823396595065902,0.3060225387803257,0.2361838302094187,min_cost_max_flow,77,16,77,4,26,1
move,"['move', 16, 5, 3]",True,330,1.1055983181323241,0.0,1.2246687744212905,0.11907045628896633,0.14805718821253322,0.09774551269794249,min_cost_max_flow,94,16,94,5,57,3
move,"['move', 8, 0, 6]",True,340,1.2799454338906442,0.0,1.679338843686593,0.3993934097959488,0.7825146606951421,0.7941918744328063,min_cost_max_flow,15,8,15,0,114,6
move,"['move', 8, 2, 6]",True,340,1.366178706663646,0.0,1.679338843686593,0.31316013702294715,0.5674798227819338,0.4286291949023864,min_cost_max_flow,40,8,40,2,115,6
move,"['move', 8, 3, 5]",True,340,1.4445279578847083,0.0,1.679338843686593,0.24824429392688468,0.4051983654958349,0.4231955588642716,min_cost_max_flow,63,8,63,3,94,5
move,"['move', 8, 3, 6]",True,340,1.3267938602714362,0.0,1.679338843686593,0.35254498341515694,0.6655592444744798,0.6837587202212819,min_cost_max_flow,56,8,56,3,118,6
move,"['move', 20, 0, 6]",True,350,2.032698496464392,0.0,2.49256605784242,0.4598675613780278,0.8402175301298485,1.324899107164649,min_cost_max_flow,6,20,6,0,120,6
move,"['move', 20, 1, 6]",True,350,1.9605974954221268,0.0,2.49256605784242,0.531968562420293,1.0202816976520808,1.450455829451937,min_cost_max_flow,36,20,36,1,121,6
move,"['move', 20, 3, 8]",True,350,2.0389489711595505,0.0,2.49256605784242,0.45361708668286943,0.8249161412654757,1.1083671914824922,min_cost_max_flow,57,20,57,3,153,8
move,"['move', 20, 4, 6]",True,350,1.9480428193570059,0.0,2.49256605784242,0.5445232384854141,1.0517903237928294,1.3691651774878668,min_cost_max_flow,78,20,78,4,122,6
move,"['move', 28, 1, 3]",True,360,1.3804285731801154,0.0,1.899181618164194,0.5187530449840787,0.8505488557889294,1.0326497880908616,min_cost_max_flow,26,28,26,1,56,3
move,"['move', 28, 2, 3]",True,360,1.5822371921499738,0.0,1.899181618164194,0.31694442601422035,0.34689270792569005,0.45571674715324817,min_cost_max_flow,37,28,37,2,57,3
move,"['move', 28, 2, 0]",True,360,1.334575285596226,0.0,1.899181618164194,0.564606332567968,0.9653892706523948,0.8945191855961399,min_cost_max_flow,46,28,46,2,15,0
move,"['move', 28, 5, 3]",True,360,1.2751371688356563,0.0,1.899181618164194,0.7246357023285377,1.3643298628003322,1.64974068792051,min_cost_max_flow,102,28,102,5,58,3
move,"['move', 20, 4, 3]",True,370,1.915888554698876,0.0,2.2731450327072036,0.3572564780083275,0.5845204775650927,0.7711285341679878,min_cost_max_flow,84,20,84,4,59,3
move,"['move', 20, 6, 2]",True,370,1.8197603393524133,0.0,2.2731450327072036,0.45338469335479026,0.8246194716475657,0.9188247232906035,min_cost_max_flow,120,20,120,6,46,2
move,"['move', 20, 6, 1]",True,370,1.7009506646240014,0.0,2.2731450327072036,0.5721943680832023,1.1206527393069337,1.579437497732144,min_cost_max_flow,121,20,121,6,36,1
move,"['move', 20, 7, 2]",True,370,1.7454969907930806,0.0,2.2731450327072036,0.527648041914123,1.0094391548645945,1.4779501774927395,min_cost_max_flow,133,20,133,7,37,2
move,"['move', 22, 2, 4]",True,380,2.418689568829784,0.0,2.646049420636029,0.27966875130624536,0.5388571038874943,0.35776013972174775,min_cost_max_flow,42,22,42,2,84,4
move,"['move', 22, 2, 0]",True,380,2.466362097169742,0.0,2.646049420636029,0.17968732346628694,0.28914701865096504,0.195437230810638,min_cost_max_flow,40,22,40,2,6,0
move,"['move', 22, 5, 4]",True,380,2.4587018889904235,0.0,2.646049420636029,0.18734753164560572,0.30834203817948946,0.1657711773256744,min_cost_max_flow,95,22,95,5,73,4
move,"['move', 22, 6, 4]",True,380,2.383941850804699,0.0,2.646049420636029,0.26210756983133054,0.4948423777154858,0.4322751295360867,min_cost_max_flow,119,22,119,6,75,4
move,"['move', 16, 0, 5]",True,390,1.900328931846282,0.0,2.199491959290153,0.29916302744387135,0.5977446728020368,0.46037437787066526,min_cost_max_flow,11,16,11,0,91,5
move,"['move', 16, 1, 5]",True,390,1.9577963872938768,0.0,2.199491959290153,0.24415784774627636,0.46028447820890506,0.42520461063344317,min_cost_max_flow,26,16,26,1,93,5
move,"['move', 16, 3, 2]",True,390,2.1049775885593935,0.0,2.199491959290153,0.11858037148075945,0.14682343246568053,0.10344133025494312,min_cost_max_flow,59,16,59,3,40,2
move,"['move', 16, 6, 5]",True,390,1.9829815949688852,0.0,2.199491959290153,0.21651036432126808,0.39132502006214054,0.3190376667959843,min_cost_max_flow,117,16,117,6,94,5
move,"['move', 15, 0, 2]",True,400,1.6961195230483737,0.0,2.1175342907657995,0.4214147677174258,0.6100365982169933,1.0022106859475657,min_cost_max_flow,7,15,7,0,38,2
move,"['move', 15, 0, 3]",True,400,1.274003841668669,0.0,2.1175342907657995,0.8435304490971306,1.6638601188660687,1.979332552738506,min_cost_max_flow,8,15,8,0,63,3
move,"['move', 15, 1, 2]",True,400,1.4461356386363495,0.0,2.1175342907657995,0.67747876187945,1.2489191357663003,1.853842589783095,min_cost_max_flow,28,15,28,1,39,2
move,"['move', 15, 5, 2]",True,400,1.3425397882817411,0.0,2.1175342907657995,0.7749945024840582,1.4921671761612743,2.2147166674809555,min_cost_max_flow,105,15,105,5,40,2
move,"['move', 25, 7, 5]",True,410,3.2327538667998894,0.0,1.5212774095259078,0.33337299972601797,0.6607478338105466,0.39762814227378224,min_cost_max_flow,127,25,127,7,105,5
add,"['add', 25, None, 5]",True,410,1.8745855547044274,0.0,2.0283698793678773,0.1537843246634497,0.261797759392266,0.3832193168470982,min_cost_max_flow,152,25,,,96,5
add,"['add', 25, None, 2]",True,410,1.852158360917384,0.0,2.0283698793678773,0.17621151845049327,0.3180058552184164,0.28981174448609204,min_cost_max_flow,8,25,,,43,2
add,"['add', 25, None, 6]",True,410,1.8812897823301453,0.0,2.0283698793678773,0.14708009703773206,0.2452893321465126,0.21512477115324696,min_cost_max_flow,96,25,,,119,6
move,"['move', 8, 5, 3]",True,420,2.6406431669332733,0.0,2.806704341448436,0.16606117451516292,0.19997624084771815,0.26607963807250334,min_cost_max_flow,94,8,94,5,60,3
move,"['move', 8, 6, 1]",True,420,2.469192566935148,0.0,2.806704341448436,0.3375117745132878,0.6276078638156832,0.9293309896370846,min_cost_max_flow,114,8,114,6,26,1
move,"['move', 8, 6, 2]",True,420,2.5467087383500453,0.0,2.806704341448436,0.2599956030983908,0.4343684278019282,0.562002640645626,min_cost_max_flow,115,8,115,6,44,2
move,"['move', 8, 6, 3]",True,420,2.607717877538993,0.0,2.806704341448436,0.1989864639094428,0.28224987897738174,0.2924698754299086,min_cost_max_flow,118,8,118,6,62,3
move,"['move', 20, 1, 7]",True,430,1.979534734383491,0.0,2.4914614327480775,0.5119266983645866,0.9705067943505128,1.2306179376531814,min_cost_max_flow,36,20,36,1,133,7
move,"['move', 20, 2, 0]",True,430,1.9993285786744626,0.0,2.4914614327480775,0.492132854073615,0.9220361483512534,0.5546414522067483,min_cost_max_flow,37,20,37,2,2,0
move,"['move', 20, 3, 7]",True,430,2.1204557954686165,0.0,2.4914614327480775,0.42701811640446097,0.7589427316079309,0.7590231658316209,min_cost_max_flow,59,20,59,3,135,7
move,"['move', 20, 5, 7]",True,430,2.0895173647158356,0.0,2.4914614327480775,0.40194406803224203,0.6961380927523351,0.8387017825306733,min_cost_max_flow,106,20,106,5,137,7
move,"['move', 20, 6, 5]",True,440,2.271564935157179,0.0,2.498229427856416,0.22666449269923714,0.2585208500704539,0.45090468211010404,min_cost_max_flow,122,20,122,6,106,5
move,"['move', 20, 7, 1]",True,440,1.9735985844875743,0.0,2.498229427856416,0.5246308433688416,1.0030936501361793,0.6796224209670819,min_cost_max_flow,133,20,133,7,28,1
move,"['move', 20, 7, 5]",True,440,2.049123153244467,0.0,2.498229427856416,0.44910627461194863,0.8140187959616014,0.855243942530775,min_cost_max_flow,135,20,135,7,94,5
move,"['move', 20, 8, 1]",True,440,1.9533048081801865,0.0,2.498229427856416,0.5449246196762294,1.053016245235085,1.2208528673429253,min_cost_max_flow,153,20,153,8,36,1
move,"['move', 22, 0, 6]",True,450,1.9128888009698362,0.0,2.1199794489667028,0.2070906479968667,0.3572865796750193,0.4412707657406945,min_cost_max_flow,6,22,6,0,115,6
move,"['move', 22, 2, 6]",True,450,1.8410560132583758,0.0,2.1199794489667028,0.27892343570832695,0.5366356654085394,0.5965264624944288,min_cost_max_flow,41,22,41,2,117,6
move,"['move', 22, 2, 1]",True,450,2.026769828334315,0.0,2.1199794489667028,0.0932096206323877,0.07315270452545519,0.062141924651806936,min_cost_max_flow,44,22,44,2,26,1
move,"['move', 22, 4, 6]",True,450,2.0332563936482155,0.0,2.1199794489667028,0.14441547681848727,0.20096839783491305,0.1947733618458469,min_cost_max_flow,84,22,84,4,118,6
move,"['move', 15, 0, 5]",True,460,1.6067352706446512,0.0,2.0409786111578607,0.43424334051320956,0.6422179415021674,0.9289364888044156,min_cost_max_flow,9,15,9,0,97,5
move,"['move', 15, 2, 4]",True,460,1.559891485770629,0.0,2.0409786111578607,0.48108712538723175,0.7583323412554819,1.5923114432983367,min_cost_max_flow,38,15,38,2,77,4
move,"['move', 15, 2, 5]",True,460,1.3724298077452168,0.0,2.0409786111578607,0.6685488034126438,1.2262813639872547,2.0624263311365016,min_cost_max_flow,39,15,39,2,98,5
move,"['move', 15, 2, 1]",True,460,1.2918622921582525,0.0,2.0409786111578607,0.7491163189996082,1.4276787617718583,2.0766871196748404,min_cost_max_flow,40,15,40,2,28,1
move,"['move', 28, 0, 4]",True,470,1.1543658586396175,0.0,1.900221385360684,0.7458555267210665,1.4167354312203315,2.079069062135801,min_cost_max_flow,15,28,15,0,78,4
move,"['move', 28, 3, 4]",True,470,1.3472530596502235,0.0,1.900221385360684,0.5529683257104605,0.9358265530672725,1.2063194798316261,min_cost_max_flow,56,28,56,3,79,4
move,"['move', 28, 3, 7]",True,470,1.2739325450980141,0.0,1.900221385360684,0.6262888402626698,1.1180594173201825,1.9186008982405627,min_cost_max_flow,57,28,57,3,133,7
move,"['move', 28, 6, 2]",True,470,1.1936720585304872,0.0,1.900221385360684,0.7065493268301968,1.3181281806819243,2.3069029362909297,min_cost_max_flow,117,28,117,6,37,2
move,"['move', 8, 1, 6]",True,480,1.8827415007341233,0.0,2.1296859065695277,0.24694440583540453,0.4020458252116441,0.3584089291912476,min_cost_max_flow,26,8,26,1,117,6
move,"['move', 8, 3, 4]",True,480,2.027477431445194,0.0,2.1296859065695277,0.14629114399933357,0.1507514874883782,0.13253101791690455,min_cost_max_flow,60,8,60,3,80,4
move,"['move', 8, 7, 6]",True,480,1.8025932536397329,0.0,2.1296859065695277,0.3270926529297948,0.602109061423107,0.5633299455329414,min_cost_max_flow,129,8,129,7,119,6
move,"['move', 8, 7, 5]",True,480,1.9542520845772273,0.0,2.1296859065695277,0.17543382199230048,0.2233791125308926,0.28524431118549076,min_cost_max_flow,134,8,134,7,99,5
move,"['move', 8, 3, 1]",True,490,1.3404029965028175,0.0,1.5268540757412175,0.1864510792383999,0.2510517735954636,0.19889901163720156,min_cost_max_flow,62,8,62,3,26,1
move,"['move', 8, 4, 1]",True,490,1.2222226978266713,0.0,1.5268540757412175,0.30463137791454625,0.546025114150325,0.5171697686400554,min_cost_max_flow,80,8,80,4,29,1
move,"['move', 8, 7, 1]",True,490,1.153023238608335,0.0,1.5268540757412175,0.3738308371328825,0.718327600815428,0.9812773557984266,min_cost_max_flow,136,8,136,7,31,1
move,"['move', 8, 8, 1]",True,490,1.2092682943415842,0.0,1.5268540757412175,0.3424445993996332,0.6404242228263684,0.6064664597560201,min_cost_max_flow,148,8,148,8,32,1
move,"['move', 8, 0, 7]",True,500,1.9740892306717122,0.0,2.2043539279144273,0.2302646972427152,0.36035631826689496,0.35189923787510013,min_cost_max_flow,18,8,18,0,129,7
move,"['move', 8, 1, 3]",True,500,1.9758397041183906,0.0,2.2043539279144273,0.22851422379603678,0.35611062653788395,0.26490464608508146,min_cost_max_flow,26,8,26,1,59,3
move,"['move', 8, 1, 7]",True,500,1.8850108391458211,0.0,2.2043539279144273,0.3193430887686062,0.5825333490329285,0.6978646036708737,min_cost_max_flow,29,8,29,1,134,7
move,"['move', 8, 2, 7]",True,500,1.9088158073954453,0.0,2.2043539279144273,0.2955381205189819,0.5235006227567283,0.37806837176396085,min_cost_max_flow,44,8,44,2,135,7
move,"['move', 8, 5, 4]",True,510,1.8016872330792224,0.0,1.9730346176985498,0.17134738461932753,0.21331658783765306,0.18286515172359047,min_cost_max_flow,99,8,99,5,80,4
move,"['move', 8, 6, 4]",True,510,1.783985824668596,0.0,1.9730346176985498,0.1890487930299538,0.2574743317782122,0.2467165423946145,min_cost_max_flow,117,8,117,6,81,4
move,"['move', 8, 7, 2]",True,510,1.662332444616105,0.0,1.9730346176985498,0.31070217308244474,0.5611291014565722,0.5658368443061056,min_cost_max_flow,129,8,129,7,44,2
move,"['move', 8, 7, 4]",True,510,1.6710027059530175,0.0,1.9730346176985498,0.30203191174553234,0.5397746537501007,0.3516997537663961,min_cost_max_flow,134,8,134,7,82,4
move,"['move', 8, 1, 8]",True,520,1.967319768708281,0.0,2.2041299226223074,0.31898452303902647,0.5819954097487425,0.4588812438287474,min_cost_max_flow,31,8,31,1,145,8
move,"['move', 8, 2, 8]",True,520,1.9529042983193925,0.0,2.2041299226223074,0.2512256243029149,0.41275153130754916,0.3566356444384184,min_cost_max_flow,44,8,44,2,153,8
move,"['move', 8, 3, 8]",True,520,1.8406169276899103,0.0,2.2041299226223074,0.3635129949323972,0.6932011813332792,0.5358200097554062,min_cost_max_flow,59,8,59,3,155,8
move,"['move', 8, 4, 5]",True,520,2.0351154617355767,0.0,2.2041299226223074,0.16901446088673086,0.20751905511951918,0.15968074281841454,min_cost_max_flow,80,8,80,4,99,5
move,"['move', 30, 1, 0]",True,530,1.7161332472382969,0.0,2.3481818031594854,0.6320485559211886,1.0636231544440307,2.207301986300068,min_cost_max_flow,22,30,22,1,15,0
move,"['move', 30, 2, 0]",True,530,1.9044940649905675,0.0,2.3481818031594854,0.443687738168918,0.5941326441579804,1.2662792565492822,min_cost_max_flow,39,30,39,2,18,0
move,"['move', 30, 4, 0]",True,530,1.6534507520844341,0.0,2.3481818031594854,0.6947310510750514,1.2201017136658265,2.359087761540844,min_cost_max_flow,76,30,76,4,6,0
move,"['move', 30, 4, 3]",True,530,1.551803068792219,0.0,2.3481818031594854,0.7963787343672662,1.4745174198624227,2.1614224508348006,min_cost_max_flow,87,30,87,4,59,3
move,"['move', 8, 8, 2]",True,540,1.925399320487858,0.0,2.197879021236369,0.2724797007485112,0.4655664117271954,0.5701761073347029,min_cost_max_flow,145,8,145,8,39,2
move,"['move', 8, 8, 0]",True,540,1.933131855717287,0.0,2.197879021236369,0.26474716551908206,0.4465257988331359,0.37635932099259545,min_cost_max_flow,153,8,153,8,7,0
move,"['move', 8, 8, 3]",True,540,1.7501371412406321,0.0,2.197879021236369,0.44774187999573695,0.903321918895017,0.8368034074965532,min_cost_max_flow,155,8,155,8,56,3
move,"['move', 8, 9, 2]",True,540,1.742448342443453,0.0,2.197879021236369,0.45543067879291615,0.9226606352885938,0.7589904737440405,min_cost_max_flow,177,8,177,9,42,2
move,"['move', 20, 2, 6]",True,550,1.7786783844841718,0.0,2.1938682924240194,0.41518990793984756,0.7290133865999451,0.9982390634665212,min_cost_max_flow,46,20,46,2,114,6
move,"['move', 20, 5, 6]",True,550,1.782499750093548,0.0,2.1938682924240194,0.4113685423304713,0.7198767249528828,0.7204041458809974,min_cost_max_flow,94,20,94,5,117,6
move,"['move', 20, 7, 6]",True,550,1.8715272800476073,0.0,2.1938682924240194,0.35730701254307884,0.5850314830940988,0.5146824060829062,min_cost_max_flow,137,20,137,7,120,6
move,"['move', 20, 9, 6]",True,550,1.6367099291051788,0.0,2.1938682924240194,0.5571583633188405,1.0835335386227598,1.2655633465784006,min_cost_max_flow,163,20,163,9,121,6
move,"['move', 8, 0, 9]",True,560,2.121437055341798,0.0,2.4952592187399727,0.3738221633981746,0.718903991134539,0.5825609185446975,min_cost_max_flow,7,8,7,0,177,9
move,"['move', 8, 1, 9]",True,560,2.2708459838418977,0.0,2.4952592187399727,0.224413234898075,0.34573726329290366,0.34549864613563125,min_cost_max_flow,32,8,32,1,163,9
move,"['move', 8, 2, 9]",True,560,2.2180219374425136,0.0,2.4952592187399727,0.277237281297459,0.4776691275264966,0.43099982271361936,min_cost_max_flow,39,8,39,2,169,9
move,"['move', 8, 3, 9]",True,560,2.108028355425892,0.0,2.4952592187399727,0.3872308633140809,0.7521956445352771,0.7359585112296515,min_cost_max_flow,56,8,56,3,170,9
move,"['move', 22, 1, 0]",True,570,2.150161235194464,0.0,2.3460830160740556,0.1959217808795913,0.3296871343427483,0.2261224584623565,min_cost_max_flow,26,22,26,1,7,0
move,"['move', 22, 4, 0]",True,570,2.038924266420247,0.0,2.3460830160740556,0.30715874965380846,0.6073895944018659,0.48609704274589244,min_cost_max_flow,73,22,73,4,8,0
move,"['move', 22, 6, 0]",True,570,2.0906390240744797,0.0,2.3460830160740556,0.255443991999576,0.478114885983814,0.4779732310597316,min_cost_max_flow,115,22,115,6,9,0
move,"['move', 22, 6, 3]",True,570,2.0336055788265686,0.0,2.3460830160740556,0.31247743724748694,0.6205530920042293,0.5749112973010885,min_cost_max_flow,117,22,117,6,56,3
move,"['move', 20, 0, 2]",True,580,2.4676640307358544,0.0,2.7963696679605663,0.5214157333497117,0.9950912692838756,0.6560262906197395,min_cost_max_flow,2,20,2,0,39,2
move,"['move', 20, 6, 7]",True,580,2.507532110102109,0.0,2.7963696679605663,0.2888375578584571,0.41399533710045944,0.4230219274729551,min_cost_max_flow,114,20,114,6,129,7
move,"['move', 20, 9, 2]",True,580,2.134050587666933,0.0,2.7963696679605663,0.6623190802936333,1.3472138803917915,0.7465304585452133,min_cost_max_flow,166,20,166,9,44,2
move,"['move', 20, 9, 7]",True,580,2.475740438595361,0.0,2.7963696679605663,0.3206292293652054,0.4932794828037004,0.5530439698927712,min_cost_max_flow,167,20,167,9,134,7
move,"['move', 28, 2, 1]",True,590,1.07193539305745,0.0,1.6056382383618713,0.5337028453044214,0.8878820804357019,1.0601672241469635,min_cost_max_flow,37,28,37,2,26,1
move,"['move', 28, 3, 1]",True,590,1.3463119836710733,0.0,1.6056382383618713,0.25932625469079795,0.2029102786009389,0.41371742461669436,min_cost_max_flow,58,28,58,3,22,1
move,"['move', 28, 4, 1]",True,590,0.9600710138688138,0.0,1.6056382383618713,0.6455672244930575,1.1665906847265433,1.695063011312722,min_cost_max_flow,78,28,78,4,29,1
move,"['move', 28, 4, 0]",True,590,0.9097273114319042,0.0,1.6056382383618713,0.695910926929967,1.2921061803090197,1.9242366845111119,min_cost_max_flow,79,28,79,4,11,0
move,"['move', 22, 0, 2]",True,600,1.8051412414582488,0.0,2.1223094834234466,0.31716824196519766,0.6327365607476167,0.2706066645605923,min_cost_max_flow,7,22,7,0,46,2
move,"['move', 22, 0, 8]",True,600,1.8930002904536607,0.0,2.1223094834234466,0.22930919296978583,0.4130603038474874,0.2896962722938801,min_cost_max_flow,8,22,8,0,148,8
move,"['move', 22, 3, 1]",True,600,1.8815293750612962,0.0,2.1223094834234466,0.24078010836215039,0.4416143891048705,0.3718317546460508,min_cost_max_flow,56,22,56,3,26,1
move,"['move', 22, 4, 1]",True,600,1.795749731615309,0.0,2.1223094834234466,0.32655975180813757,0.6556776007510052,0.6290964005348528,min_cost_max_flow,75,22,75,4,30,1
move,"['move', 20, 7, 4]",True,616,2.1900089175636928,0.0,2.64650432129356,0.4564954037298673,0.8317554917512098,1.3459952793229553,min_cost_max_flow,129,20,129,7,84,4
move,"['move', 20, 7, 0]",True,616,2.348623998561701,0.0,2.64650432129356,0.2978803227318593,0.43631186272887135,0.6166129642020253,min_cost_max_flow,134,20,134,7,7,0
move,"['move', 20, 6, 4]",True,616,2.149594874500923,0.0,2.64650432129356,0.4969094467926371,0.9332146034967082,1.0633258869404258,min_cost_max_flow,117,20,117,6,73,4
move,"['move', 20, 5, 3]",True,616,2.263795072290417,0.0,2.64650432129356,0.3827092490031429,0.648285727333132,0.6822470135008776,min_cost_max_flow,106,20,106,5,56,3
move,"['move', 15, 1, 0]",True,626,1.4181623871745161,0.0,2.047813240926052,0.7071899872515359,1.3246305875527469,0.898250352295207,min_cost_max_flow,28,15,28,1,8,0
move,"['move', 15, 3, 2]",True,626,1.3985965216666738,0.0,2.047813240926052,0.6492167192593782,1.1777533499816855,2.1942954127400034,min_cost_max_flow,63,15,63,3,37,2
move,"['move', 15, 4, 2]",True,626,1.578493793700721,0.0,2.047813240926052,0.46931944722533114,0.7302340769065268,0.7116907394342218,min_cost_max_flow,77,15,77,4,39,2
move,"['move', 15, 5, 0]",True,626,1.373205652174561,0.0,2.047813240926052,0.6746075887514911,1.2415720910057644,1.966583883542256,min_cost_max_flow,97,15,97,5,12,0
move,"['move', 20, 0, 7]",True,636,1.8252514179502535,0.0,2.195238852400811,0.3699874344505576,0.6163909456536203,0.7424105455331742,min_cost_max_flow,7,20,7,0,129,7
move,"['move', 20, 1, 5]",True,636,1.7789856196457958,0.0,2.195238852400811,0.49212748838001535,0.9213668051643253,0.9919274208260273,min_cost_max_flow,28,20,28,1,106,5
move,"['move', 20, 1, 8]",True,636,1.7389842741503305,0.0,2.195238852400811,0.45625457825048055,0.8316795246482798,0.995264215631696,min_cost_max_flow,36,20,36,1,155,8
move,"['move', 20, 2, 8]",True,636,1.624222393060893,0.0,2.195238852400811,0.5710164593399181,1.117542706992026,1.6896111355300678,min_cost_max_flow,39,20,39,2,157,8
move,"['move', 20, 3, 9]",True,646,1.8563482902920176,0.0,2.273563626258531,0.41721533596651345,0.7344327837918172,0.7610209799949016,min_cost_max_flow,56,20,56,3,166,9
move,"['move', 20, 4, 9]",True,646,1.7752460334599944,0.0,2.273563626258531,0.49831759279853666,0.936304007608669,1.3506331554656739,min_cost_max_flow,73,20,73,4,167,9
move,"['move', 20, 5, 9]",True,646,1.8327515331423871,0.0,2.273563626258531,0.44081209311614383,0.7930798138186219,0.9909295448424533,min_cost_max_flow,106,20,106,5,172,9
move,"['move', 20, 6, 9]",True,646,1.902157904067538,0.0,2.273563626258531,0.37140572219099305,0.6199215661017661,0.7524764808284137,min_cost_max_flow,120,20,120,6,175,9
move,"['move', 8, 9, 3]",True,656,1.6654360472358773,0.0,1.8244818295780227,0.21175711934214536,0.3141894209156817,0.2838676377342557,min_cost_max_flow,163,8,163,9,56,3
move,"['move', 8, 9, 1]",True,656,1.4955400477114706,0.0,1.8244818295780227,0.32894178186655215,0.6066228519848664,0.6360177989555916,min_cost_max_flow,169,8,169,9,36,1
move,"['move', 8, 9, 0]",True,656,1.628558155044211,0.0,1.8244818295780227,0.1959236745338117,0.27467667487235303,0.23662365273054564,min_cost_max_flow,170,8,170,9,7,0
move,"['move', 8, 5, 3]",True,656,1.5040525548672412,0.0,1.8244818295780227,0.32042927471078153,0.5853772707041571,0.6122267264774706,min_cost_max_flow,99,8,99,5,57,3
move,"['move', 8, 0, 8]",True,666,1.7025859468106037,0.0,1.8996935817049645,0.19710763489436087,0.27739535503042134,0.3974374816003041,min_cost_max_flow,7,8,7,0,153,8
move,"['move', 8, 4, 8]",True,666,1.5865998415995892,0.0,1.8996935817049645,0.3130937401053754,0.5668368105525587,0.7466424851994742,min_cost_max_flow,81,8,81,4,158,8
move,"['move', 8, 6, 5]",True,666,1.7147638770574023,0.0,1.8996935817049645,0.22663877389756226,0.35132060014802846,0.33250574186455345,min_cost_max_flow,119,8,119,6,106,5
move,"['move', 8, 7, 8]",True,666,1.605704003318206,0.0,1.8996935817049645,0.2939895783867586,0.5195018584945501,0.46300765951053935,min_cost_max_flow,135,8,135,7,159,8
move,"['move', 22, 0, 4]",True,676,1.3239731470727685,0.0,1.683828772580498,0.3598556255077294,0.7391153003209183,0.497086186579238,min_cost_max_flow,9,22,9,0,73,4
move,"['move', 22, 1, 3]",True,676,1.5111672866699435,0.0,1.683828772580498,0.1726614859105545,0.2714678629063201,0.2718118010199059,min_cost_max_flow,26,22,26,1,63,3
move,"['move', 22, 1, 4]",True,676,1.4100216919649007,0.0,1.683828772580498,0.2738070806155972,0.5240440513807698,0.46367732645788656,min_cost_max_flow,30,22,30,1,75,4
move,"['move', 22, 6, 5]",True,676,1.3990385637688014,0.0,1.683828772580498,0.28479020881169637,0.5514458494862993,0.5010255829368313,min_cost_max_flow,118,22,118,6,94,5
move,"['move', 15, 0, 1]",True,686,0.8988830413032853,0.0,1.7473639693300287,0.8567066931517433,1.6971777870476217,1.727960522724358,min_cost_max_flow,8,15,8,0,30,1
move,"['move', 15, 2, 3]",True,686,1.4164189202437403,0.0,1.7473639693300287,0.3309450490862884,0.384240648035302,0.7499797551794616,min_cost_max_flow,37,15,37,2,58,3
move,"['move', 15, 5, 1]",True,686,1.1806409818900863,0.0,1.7473639693300287,0.5667229874399424,0.9724605554647496,1.5666053916376037,min_cost_max_flow,98,15,98,5,31,1
move,"['move', 15, 6, 1]",True,686,1.1456757251536969,0.0,1.7473639693300287,0.6016882441763318,1.059941259473817,1.5215639462417707,min_cost_max_flow,116,15,116,6,32,1
move,"['move', 20, 4, 5]",True,696,2.2684188459971857,0.0,2.5731265153653617,0.30470766936817606,0.4534097447503882,0.5969360103853876,min_cost_max_flow,84,20,84,4,97,5
move,"['move', 20, 8, 0]",True,696,2.0761995086907277,0.0,2.5731265153653617,0.49692700667463413,0.9334414930590356,0.9413326487171626,min_cost_max_flow,155,20,155,8,7,0
move,"['move', 20, 8, 5]",True,696,2.1604445143275393,0.0,2.5731265153653617,0.4126820010378224,0.7225870185448002,1.102639596854521,min_cost_max_flow,157,20,157,8,98,5
move,"['move', 20, 9, 0]",True,696,2.0620099666680263,0.0,2.5731265153653617,0.5111165486973354,0.9694581893008944,0.5794385253133428,min_cost_max_flow,166,20,166,9,9,0
move,"['move', 20, 9, 4]",True,706,2.205191585121869,0.0,2.6476793247175734,0.45207177084570477,0.8210742839946761,1.0940789767412828,min_cost_max_flow,175,20,175,9,84,4
move,"['move', 20, 9, 1]",True,706,2.041669171803233,0.0,2.6476793247175734,0.6060101529143401,1.206160619790353,0.9338252273490921,min_cost_max_flow,167,20,167,9,28,1
move,"['move', 20, 9, 3]",True,706,2.1937030697918627,0.0,2.6476793247175734,0.4539762549257107,0.825547954560534,1.2857720661791854,min_cost_max_flow,172,20,172,9,60,3
move,"['move', 20, 7, 3]",True,706,2.20338507960605,0.0,2.6476793247175734,0.44429424511152316,0.8012894798976049,1.3214054844859855,min_cost_max_flow,129,20,129,7,62,3
move,"['move', 20, 0, 8]",True,716,2.172382027361541,0.0,2.6449011166419103,0.4725190892803693,0.871899062319244,1.2897574848034519,min_cost_max_flow,7,20,7,0,145,8
move,"['move', 20, 4, 7]",True,716,2.180302337321233,0.0,2.6449011166419103,0.46459877932067734,0.8521459777966811,1.2579639003588772,min_cost_max_flow,84,20,84,4,129,7
move,"['move', 20, 5, 8]",True,716,2.2547687689167715,0.0,2.6449011166419103,0.3901323477251387,0.6661450412211707,1.147868958134733,min_cost_max_flow,97,20,97,5,155,8
move,"['move', 20, 6, 8]",True,716,2.37500775641432,0.0,2.6449011166419103,0.26989336022759003,0.3666114146417385,0.43864084850844226,min_cost_max_flow,121,20,121,6,157,8
move,"['move', 22, 3, 6]",True,726,1.6997153725964598,0.0,1.82219298950025,0.12247761690379018,0.14621906473257695,0.13122890557476138,min_cost_max_flow,63,22,63,3,117,6
move,"['move', 22, 5, 6]",True,726,1.638131551322018,0.0,1.82219298950025,0.18406143817823187,0.30008159679528035,0.1959096545086195,min_cost_max_flow,94,22,94,5,115,6
move,"['move', 22, 5, 1]",True,726,1.5768303262120171,0.0,1.82219298950025,0.24536266328823284,0.45300175527972897,0.4178458482112267,min_cost_max_flow,96,22,96,5,26,1
move,"['move', 22, 7, 6]",True,726,1.6955037168154787,0.0,1.82219298950025,0.1266892726847712,0.15677882650652464,0.11081402457800571,min_cost_max_flow,135,22,135,7,116,6
move,"['move', 20, 3, 4]",True,736,1.9355270429473395,0.0,2.2708584857120986,0.33533144276475924,0.5298353601037888,0.686148102423541,min_cost_max_flow,60,20,60,3,84,4
move,"['move', 20, 7, 9]",True,736,2.0160042126697526,0.0,2.2708584857120986,0.254854273042346,0.3289499373859144,0.48114704365110517,min_cost_max_flow,129,20,129,7,163,9
move,"['move', 20, 8, 4]",True,736,1.869797322980185,0.0,2.2708584857120986,0.4010611627319137,0.6937665579725945,0.9482161351439109,min_cost_max_flow,145,20,145,8,76,4
move,"['move', 20, 8, 6]",True,736,1.9193587308206888,0.0,2.2708584857120986,0.35149975489140994,0.5702055538558852,0.7198724787771327,min_cost_max_flow,155,20,155,8,117,6
move,"['move', 22, 1, 7]",True,746,1.8481088334556968,0.0,2.1172592242626935,0.26915039080699665,0.5124909651440248,0.40458513662023865,min_cost_max_flow,26,22,26,1,135,7
move,"['move', 22, 2, 7]",True,746,1.7875464499843048,0.0,2.1172592242626935,0.3297127742783887,0.6638063374630292,0.46497604293746475,min_cost_max_flow,46,22,46,2,129,7
move,"['move', 22, 4, 7]",True,746,1.8476077783218918,0.0,2.1172592242626935,0.2696514459408017,0.5135780734053697,0.5149381853988203,min_cost_max_flow,73,22,73,4,134,7
move,"['move', 22, 4, 5]",True,746,1.989976145858853,0.0,2.1172592242626935,0.12728307840384046,0.1582161434871523,0.1422789026083281,min_cost_max_flow,75,22,75,4,94,5
move,"['move', 20, 8, 7]",True,756,1.4095887137317924,0.0,1.9035359794392264,0.4939472657074339,0.9263743328301643,0.6865378559642871,min_cost_max_flow,157,20,157,8,135,7
move,"['move', 20, 9, 5]",True,756,1.4120843031947163,0.0,1.9035359794392264,0.49145167624450997,0.9191002182997181,1.3766317713885055,min_cost_max_flow,163,20,163,9,96,5
move,"['move', 20, 6, 7]",True,756,1.5279040644346518,0.0,1.9035359794392264,0.37563191500457455,0.6310125871095806,0.4021171649211952,min_cost_max_flow,117,20,117,6,136,7
move,"['move', 20, 0, 2]",True,756,1.5370053542519704,0.0,1.9035359794392264,0.366530625187256,0.6085104127050727,0.23475040572884984,min_cost_max_flow,9,20,9,0,46,2
move,"['move', 20, 7, 0]",True,766,1.3247400027186655,0.0,2.048234005411658,0.7234940026929927,1.499712865806032,1.0387441813174036,min_cost_max_flow,135,20,135,7,2,0
move,"['move', 20, 1, 0]",True,766,1.5337974507147654,0.0,2.048234005411658,0.5144365546968926,0.9780279906781288,0.39958093975248277,min_cost_max_flow,28,20,28,1,10,0
move,"['move', 20, 7, 9]",True,766,1.443301393347447,0.0,2.048234005411658,0.6049326120642111,1.2031615359373973,1.1373130457710108,min_cost_max_flow,136,20,136,7,163,9
move,"['move', 20, 3, 6]",True,766,1.7739749192952294,0.0,2.048234005411658,0.27425908611642874,0.37758942546224716,0.39617678290050107,min_cost_max_flow,62,20,62,3,117,6
move,"['move', 20, 2, 3]",True,776,2.388589538633297,0.0,2.5727529377368152,0.18416339910351817,0.15266229073313298,0.18812158079238542,min_cost_max_flow,44,20,44,2,63,3
move,"['move', 20, 6, 3]",True,776,2.20769730701609,0.0,2.5727529377368152,0.3650556307207255,0.6042586808571286,0.610914193474084,min_cost_max_flow,117,20,117,6,59,3
move,"['move', 20, 9, 7]",True,776,2.0599005481497152,0.0,2.5727529377368152,0.5128523895871001,0.9729761023600076,1.1272313021791207,min_cost_max_flow,163,20,163,9,135,7
move,"['move', 20, 4, 7]",True,776,2.3700433040913405,0.0,2.5727529377368152,0.2861411693954749,0.4069065758731085,0.6548819740698378,min_cost_max_flow,84,20,84,4,136,7
move,"['move', 20, 2, 1]",True,786,2.5565304558038635,0.0,3.0203789286875735,0.4638484728837099,0.8514538005874783,0.4689046448816171,min_cost_max_flow,46,20,46,2,28,1
move,"['move', 20, 3, 1]",True,786,2.7246859029385635,0.0,3.0203789286875735,0.29569302574901013,0.43111999528355227,0.4323629563327417,min_cost_max_flow,59,20,59,3,26,1
move,"['move', 20, 0, 6]",True,786,2.31449110160244,0.0,3.0203789286875735,0.7617992744184671,1.5950748075083538,1.306235922226486,min_cost_max_flow,2,20,2,0,117,6
move,"['move', 20, 4, 6]",True,786,2.601840577394346,0.0,3.0203789286875735,0.41853835129322753,0.7374501687791053,0.9544565329930461,min_cost_max_flow,76,20,76,4,119,6
move,"['move', 8, 4, 6]",True,796,1.2856460400825898,0.0,1.5219984388149643,0.23635239873237454,0.37554777449349785,0.37043090290537367,min_cost_max_flow,82,8,82,4,114,6
move,"['move', 8, 5, 6]",True,796,1.360653749487111,0.0,1.5219984388149643,0.1613446893278533,0.1882819055554137,0.20149452075945012,min_cost_max_flow,106,8,106,5,121,6
move,"['move', 8, 8, 6]",True,796,1.1859878121416214,0.0,1.5219984388149643,0.336010626673343,0.6240834252075729,0.7770436618027161,min_cost_max_flow,153,8,153,8,122,6
move,"['move', 8, 8, 7]",True,796,1.3445310536270414,0.0,1.5219984388149643,0.17746738518792285,0.2284979503019713,0.2619577898369744,min_cost_max_flow,158,8,158,8,138,7
move,"['move', 8, 8, 4]",True,806,1.347818357153566,0.0,1.6767012823594687,0.3288829252059028,0.6066513418318209,0.5189301332369882,min_cost_max_flow,159,8,159,8,73,4
move,"['move', 8, 9, 4]",True,806,1.3269657857736623,0.0,1.6767012823594687,0.3497354965858064,0.6583268143476744,0.8229007558406859,min_cost_max_flow,177,8,177,9,75,4
move,"['move', 8, 2, 5]",True,806,1.3502487713500846,0.0,1.6767012823594687,0.37015645125938407,0.7098444724433648,0.5127198146764771,min_cost_max_flow,42,8,42,2,106,5
move,"['move', 8, 1, 5]",True,806,1.264514871186793,0.0,1.6767012823594687,0.41218641117267574,0.8145795782484129,0.7392491334639055,min_cost_max_flow,36,8,36,1,97,5
move,"['move', 20, 5, 4]",True,816,2.5730673015395604,0.0,2.7988006479489487,0.22573334640938836,0.25634995492600865,0.3462576286589125,min_cost_max_flow,96,20,96,5,76,4
move,"['move', 20, 1, 4]",True,816,2.4951370094710668,0.0,2.7988006479489487,0.30366363847788197,0.4510689959870433,0.4173837021251403,min_cost_max_flow,26,20,26,1,78,4
move,"['move', 20, 7, 4]",True,816,2.387338172531316,0.0,2.7988006479489487,0.4114624754176328,0.7201888100416909,0.6689025652781645,min_cost_max_flow,135,20,135,7,79,4
move,"['move', 20, 1, 2]",True,816,2.3754865254169286,0.0,2.7988006479489487,0.4233141225320201,0.7501111031770051,0.47345233238067513,min_cost_max_flow,28,20,28,1,44,2
move,"['move', 15, 0, 6]",True,826,1.1881837263782375,0.0,1.9764780521602665,0.788294325782029,1.5256468103034422,2.0613327359867686,min_cost_max_flow,12,15,12,0,120,6
move,"['move', 15, 1, 5]",True,826,1.2389168205207204,0.0,1.9764780521602665,0.819541996764546,1.6042035154505356,1.7696476087862894,min_cost_max_flow,31,15,31,1,95,5
move,"['move', 15, 1, 6]",True,826,1.385370690504691,0.0,1.9764780521602665,0.5911073616555755,1.0335657925006672,1.4704043937478992,min_cost_max_flow,30,15,30,1,123,6
move,"['move', 15, 2, 6]",True,826,1.4168926284302832,0.0,1.9764780521602665,0.5595854237299832,0.9540505065624529,1.9440318099035214,min_cost_max_flow,39,15,39,2,109,6
move,"['move', 20, 4, 8]",True,836,1.4484141312115988,0.0,1.830554490095424,0.38214035888382525,0.645751711779667,1.4234405169481281,min_cost_max_flow,76,20,76,4,145,8
move,"['move', 20, 7, 8]",True,836,1.6614286719744489,0.0,1.830554490095424,0.16912581812097507,0.11507342405639065,0.18473106104876935,min_cost_max_flow,136,20,136,7,153,8
move,"['move', 20, 6, 8]",True,836,1.439431490119159,0.0,1.830554490095424,0.39112299997626515,0.6690705326655007,0.8486284137921555,min_cost_max_flow,117,20,117,6,155,8
move,"['move', 20, 5, 8]",True,836,1.3541585169584756,0.0,1.830554490095424,0.47639597313694837,0.880878046646103,1.7652410278625976,min_cost_max_flow,98,20,98,5,157,8
move,"['move', 20, 4, 5]",True,846,2.2814789235033306,0.0,2.429006103310281,0.14752717980695057,0.061254411813933984,0.06634203264574254,min_cost_max_flow,78,20,78,4,96,5
move,"['move', 20, 6, 5]",True,846,2.1611352161936095,0.0,2.429006103310281,0.26787088711667145,0.36148249967300217,0.4871289761350239,min_cost_max_flow,119,20,119,6,98,5
move,"['move', 20, 8, 5]",True,846,1.960943153310103,0.0,2.429006103310281,0.468062950000178,0.861004566480915,1.1258559100373784,min_cost_max_flow,145,20,145,8,99,5
move,"['move', 20, 3, 7]",True,846,1.9415892090217994,0.0,2.429006103310281,0.4874168942884816,0.9096536657471006,0.9496968797530048,min_cost_max_flow,63,20,63,3,135,7
add,"['add', 24, None, 2]",True,856,1.8375560840302128,0.0,2.132404788609046,0.29484870457883305,0.41705983472274966,0.7524786729177111,min_cost_max_flow,35,24,,,39,2
add,"['add', 24, None, 4]",True,856,1.9532079442633443,0.0,2.132404788609046,0.17919684434570152,0.12855004575612838,0.33923759544604015,min_cost_max_flow,102,24,,,84,4
add,"['add', 25, None, 4]",True,856,1.7283896803383707,0.0,1.939419697494881,0.2110300171565102,0.4050133639921114,0.31563707205097097,min_cost_max_flow,96,25,,,76,4
move,"['move', 5, 1, 2]",True,856,1.3879250170021427,0.0,1.8902859345790133,0.5553555967435374,0.9827415602521796,0.4934643112602374,min_cost_max_flow,27,5,27,1,42,2
move,"['move', 15, 3, 4]",True,866,2.198187226466146,0.0,2.496625592723895,0.2984383662577488,0.3033715912315529,0.4848795767795279,min_cost_max_flow,58,15,58,3,77,4
move,"['move', 15, 5, 4]",True,866,2.0862516142522187,0.0,2.496625592723895,0.41037397847167634,0.5834696816164069,0.3121730100893939,min_cost_max_flow,95,15,95,5,78,4
move,"['move', 15, 6, 2]",True,866,1.6828117264260143,0.0,2.496625592723895,0.8138138662978809,1.5887702709569567,2.511593160063671,min_cost_max_flow,109,15,109,6,46,2
move,"['move', 15, 6, 0]",True,866,1.6940283771519824,0.0,2.496625592723895,0.8025972155719128,1.5620054933951906,1.660360324627471,min_cost_max_flow,120,15,120,6,7,0
move,"['move', 8, 4, 9]",True,876,2.3710441637004376,0.0,2.803931564294942,0.43288740059450403,0.8659654010334634,0.9836829798107221,min_cost_max_flow,73,8,73,4,177,9
move,"['move', 8, 5, 9]",True,876,2.4316654167323812,0.0,2.803931564294942,0.3722661475625607,0.7147386113665561,0.7661210378433316,min_cost_max_flow,97,8,97,5,163,9
move,"['move', 8, 6, 9]",True,876,2.5402857265896994,0.0,2.803931564294942,0.2636458377052424,0.4439314893897972,0.2703525934856435,min_cost_max_flow,114,8,114,6,166,9
move,"['move', 8, 7, 9]",True,876,2.432014655634269,0.0,2.803931564294942,0.3719169086606728,0.7141285898615024,0.5907372047326189,min_cost_max_flow,138,8,138,7,167,9
move,"['move', 22, 6, 1]",True,886,1.2860488486814545,0.0,1.6011432169938886,0.3150943683124341,0.6271058687743789,0.5679452254465359,min_cost_max_flow,115,22,115,6,28,1
move,"['move', 22, 7, 1]",True,886,1.2267990571592808,0.0,1.6011432169938886,0.3763474704596078,0.7801419218631054,0.6324134115851366,min_cost_max_flow,135,22,135,7,36,1
move,"['move', 22, 7, 3]",True,886,1.3571228456978035,0.0,1.6011432169938886,0.24402037129608503,0.4496125820096495,0.44014137468449455,min_cost_max_flow,129,22,129,7,63,3
move,"['move', 22, 7, 0]",True,886,1.3807110963059694,0.0,1.6011432169938886,0.22043212068791915,0.39095547643592,0.23112741022769354,min_cost_max_flow,134,22,134,7,8,0
move,"['move', 15, 0, 7]",True,896,1.6083445582858715,0.0,2.117537610443524,0.5091930521576526,0.8290844957409718,1.2674197370065716,min_cost_max_flow,7,15,7,0,129,7
move,"['move', 15, 1, 3]",True,896,1.5326985708253908,0.0,2.117537610443524,0.5848390396181334,1.0170503004737839,2.0335290159332735,min_cost_max_flow,32,15,32,1,58,3
move,"['move', 15, 2, 7]",True,896,1.4563043857993194,0.0,2.117537610443524,0.6612332246442049,1.207752198461094,2.2225720678456375,min_cost_max_flow,46,15,46,2,134,7
move,"['move', 15, 4, 5]",True,896,1.6656140827604817,0.0,2.117537610443524,0.45192352768304256,0.6870936222312594,0.4787946191314977,min_cost_max_flow,77,15,77,4,95,5
move,"['move', 8, 6, 7]",True,906,1.772552502656922,0.0,2.0459391988149123,0.2733866961579903,0.468146947601781,0.361477873409578,min_cost_max_flow,121,8,121,6,135,7
move,"['move', 8, 9, 7]",True,906,1.7726060229083813,0.0,2.0459391988149123,0.3561193551565308,0.6744955434751319,0.6835122887429981,min_cost_max_flow,163,8,163,9,136,7
move,"['move', 8, 4, 2]",True,906,1.7301828752770796,0.0,2.0459391988149123,0.31575632353783273,0.573803198265523,0.5400230639855773,min_cost_max_flow,75,8,75,4,46,2
move,"['move', 8, 3, 2]",True,906,1.9090713961981614,0.0,2.0459391988149123,0.136867802616751,0.12709491190071276,0.19801243872288446,min_cost_max_flow,56,8,56,3,37,2
move,"['move', 20, 8, 3]",True,916,1.340700760828325,0.0,1.9030464630235366,0.5623457021952116,1.0961546431390161,1.4970584630259718,min_cost_max_flow,153,20,153,8,56,3
move,"['move', 20, 8, 6]",True,916,1.4658208191189794,0.0,1.9030464630235366,0.43722564390455726,0.783915167725354,1.1232782543767685,min_cost_max_flow,155,20,155,8,114,6
move,"['move', 20, 4, 1]",True,916,1.517363924367846,0.0,1.9030464630235366,0.3856825386556906,0.6556742486409348,0.7120488958783536,min_cost_max_flow,79,20,79,4,26,1
move,"['move', 20, 7, 6]",True,916,1.612216565141642,0.0,1.9030464630235366,0.2932732968818946,0.4249577283462713,0.50765946932742,min_cost_max_flow,135,20,135,7,115,6
move,"['move', 22, 0, 7]",True,926,1.8846026011349237,0.0,2.203839076948718,0.31923647581379433,0.6376415990416717,0.4476375495184086,min_cost_max_flow,8,22,8,0,137,7
move,"['move', 22, 3, 7]",True,926,1.9952322063837848,0.0,2.203839076948718,0.20860687056493318,0.36131216981084435,0.28458162196813774,min_cost_max_flow,63,22,63,3,138,7
move,"['move', 22, 5, 7]",True,926,1.9159418604795753,0.0,2.203839076948718,0.28789721646914257,0.5592894052333577,0.4503345139749044,min_cost_max_flow,94,22,94,5,140,7
move,"['move', 22, 6, 7]",True,926,1.9799255503193411,0.0,2.203839076948718,0.23149153279604343,0.41849005859512545,0.30709281763115864,min_cost_max_flow,117,22,117,6,141,7
move,"['move', 8, 6, 1]",True,936,1.8895138916978915,0.0,2.2758133818194466,0.38629949012155496,0.7501970115044969,0.5160918775398862,min_cost_max_flow,122,8,122,6,27,1
move,"['move', 8, 5, 0]",True,936,1.862011753308027,0.0,2.2758133818194466,0.4138016285114196,0.8182790062510321,0.9649926962908539,min_cost_max_flow,106,8,106,5,7,0
move,"['move', 8, 3, 4]",True,936,2.105909708805816,0.0,2.2758133818194466,0.1699036730136308,0.20960913642738888,0.24831341573848192,min_cost_max_flow,57,8,57,3,73,4
move,"['move', 8, 2, 4]",True,936,2.0814448342417986,0.0,2.2758133818194466,0.19436854757764813,0.27066994192500715,0.3159006906885234,min_cost_max_flow,37,8,37,2,75,4
move,"['move', 5, 1, 3]",True,946,1.4261009786529915,0.0,1.7453208972847383,0.31921991863174676,0.3923729110156273,0.513100282644096,min_cost_max_flow,23,5,23,1,57,3
move,"['move', 5, 1, 4]",True,946,1.213044411214456,0.0,1.7453208972847383,0.5322764860702822,0.9242545381603122,1.0196279170797733,min_cost_max_flow,24,5,24,1,77,4
move,"['move', 5, 2, 3]",True,946,1.2027636450395127,0.0,1.7453208972847383,0.5425572522452256,0.9507545289616246,0.48757767444372685,min_cost_max_flow,42,5,42,2,59,3
move,"['move', 5, 5, 3]",True,946,1.1877747955393352,0.0,1.7453208972847383,0.5575461017454031,0.987630982122937,0.8846914005313182,min_cost_max_flow,95,5,95,5,60,3
move,"['move', 8, 9, 5]",True,956,2.3721752151985047,0.0,2.801314425947088,0.429139210748583,0.85682422474747,0.8308174272713028,min_cost_max_flow,166,8,166,9,106,5
move,"['move', 8, 9, 6]",True,956,2.5796215754837837,0.0,2.801314425947088,0.22169285046330417,0.338837810089899,0.41116005685406004,min_cost_max_flow,167,8,167,9,117,6
move,"['move', 8, 0, 5]",True,956,2.464379869006489,0.0,2.801314425947088,0.33693455694059893,0.6267086143270717,0.566801360896692,min_cost_max_flow,7,8,7,0,94,5
move,"['move', 8, 4, 5]",True,956,2.554999176194764,0.0,2.801314425947088,0.2463152497523238,0.400607751973439,0.26853094952675377,min_cost_max_flow,73,8,73,4,95,5
move,"['move', 15, 3, 1]",True,966,2.441836326567603,0.0,3.0966853791777362,0.654849052610133,1.1932089132405963,1.2778088247242385,min_cost_max_flow,58,15,58,3,23,1
move,"['move', 15, 7, 2]",True,966,2.665261731093632,0.0,3.0966853791777362,0.4314236480841045,0.6348855686665047,1.117697664071142,min_cost_max_flow,129,15,129,7,37,2
move,"['move', 15, 7, 0]",True,966,2.537574902906556,0.0,3.0966853791777362,0.5591104762711802,0.9537913293315796,1.3252375324806036,min_cost_max_flow,130,15,130,7,7,0
move,"['move', 15, 7, 1]",True,966,2.5661552990383725,0.0,3.0966853791777362,0.5305300801393638,0.8818016979148524,1.684331590604721,min_cost_max_flow,134,15,134,7,24,1
move,"['move', 20, 8, 9]",True,976,2.1430233358642665,0.0,2.724633838543469,0.5816105026792027,1.144425331898674,1.4246000965724854,min_cost_max_flow,157,20,157,8,166,9
move,"['move', 20, 5, 7]",True,976,2.5046026510019184,0.0,2.724633838543469,0.22003118754155104,0.2420561106318928,0.3718890450072944,min_cost_max_flow,96,20,96,5,129,7
move,"['move', 20, 3, 4]",True,976,2.5418674324230732,0.0,2.724633838543469,0.18276640612039588,0.1490259504516871,0.2840267965524804,min_cost_max_flow,56,20,56,3,73,4
move,"['move', 20, 1, 7]",True,976,2.187743416725632,0.0,2.724633838543469,0.5368904218178372,1.0329399331567402,1.2147311555859694,min_cost_max_flow,26,20,26,1,130,7
move,"['move', 20, 9, 8]",True,986,2.2423840292735475,0.0,2.660338816415209,0.4179547871416618,0.7364732649584766,0.6331188274692177,min_cost_max_flow,166,20,166,9,153,8
move,"['move', 20, 0, 8]",True,986,2.2521881782295567,0.0,2.660338816415209,0.5033552185606522,0.9503281681209046,0.39723575083469337,min_cost_max_flow,10,20,10,0,155,8
move,"['move', 20, 7, 1]",True,986,2.094044405179397,0.0,2.660338816415209,0.5662944112358119,1.105905417647591,1.577723858309838,min_cost_max_flow,129,20,129,7,30,1
move,"['move', 20, 4, 3]",True,986,2.2699576259457594,0.0,2.660338816415209,0.3903811904694497,0.6671736210591916,0.8768869733057751,min_cost_max_flow,73,20,73,4,63,3
move,"['move', 22, 1, 5]",True,996,1.9569566571831738,0.0,2.2023229967418763,0.27493622355870256,0.5270137961379078,0.3657523935414742,min_cost_max_flow,28,22,28,1,96,5
move,"['move', 22, 7, 2]",True,996,1.83259368787499,0.0,2.2023229967418763,0.3697293088668863,0.76369948276988,0.563770152532855,min_cost_max_flow,137,22,137,7,39,2
move,"['move', 22, 7, 5]",True,996,1.9459024912380285,0.0,2.2023229967418763,0.2564205055038478,0.48069460489205085,0.38568313268817833,min_cost_max_flow,138,22,138,7,97,5
move,"['move', 22, 8, 2]",True,996,1.9222330976446673,0.0,2.2023229967418763,0.28008989909720905,0.5397063951259042,0.49347896572127525,min_cost_max_flow,148,22,148,8,40,2
move,"['move', 22, 7, 4]",True,1006,1.171423326487901,0.0,1.4566571445493954,0.2852338180614944,0.5526001656817243,0.470830202316843,min_cost_max_flow,140,22,140,7,73,4
move,"['move', 22, 9, 0]",True,1006,1.1399097992352143,0.0,1.4566571445493954,0.31674734531418125,0.631596378141694,0.32923398348181643,min_cost_max_flow,170,22,170,9,2,0
move,"['move', 22, 9, 3]",True,1006,1.1022472241400647,0.0,1.4566571445493954,0.3544099204093307,0.7253963796465541,0.5668581388241312,min_cost_max_flow,172,22,172,9,56,3
move,"['move', 22, 5, 3]",True,1006,1.1858823346548228,0.0,1.4566571445493954,0.2707748098945726,0.5165078314930724,0.4340393832150364,min_cost_max_flow,96,22,96,5,58,3
move,"['move', 8, 5, 8]",True,1016,1.6207453982047828,0.0,1.90136547764009,0.304955275685307,0.5469583082849567,0.43486996348679047,min_cost_max_flow,95,8,95,5,145,8
move,"['move', 8, 6, 8]",True,1016,1.6390949680900182,0.0,1.90136547764009,0.26227050955007175,0.44026955709159665,0.41942720033485936,min_cost_max_flow,117,8,117,6,148,8
move,"['move', 8, 9, 8]",True,1016,1.6895707555104889,0.0,1.90136547764009,0.21179472212960096,0.3143851149798138,0.2160762407388443,min_cost_max_flow,177,8,177,9,157,8
move,"['move', 8, 1, 3]",True,1016,1.6561521235697898,0.0,1.90136547764009,0.24521335407030007,0.3979039958649082,0.23454221850771437,min_cost_max_flow,27,8,27,1,62,3
move,"['move', 27, 0, 6]",True,1026,1.900702776293637,0.0,2.2775544702686106,0.37685169397497353,0.7431015070396825,0.9418373876266884,min_cost_max_flow,3,27,3,0,117,6
move,"['move', 27, 0, 3]",True,1026,1.9658733050519388,0.0,2.2775544702686106,0.31168116521667183,0.580568767607474,0.679449078596203,min_cost_max_flow,4,27,4,0,63,3
move,"['move', 27, 1, 6]",True,1026,1.9907094382617476,0.0,2.2775544702686106,0.28684503200686284,0.5185960563067056,0.6010345960934669,min_cost_max_flow,31,27,31,1,118,6
move,"['move', 27, 2, 6]",True,1026,1.988962220354715,0.0,2.2775544702686106,0.2885922499138955,0.5230362263682764,0.5529510667673622,min_cost_max_flow,48,27,48,2,119,6
move,"['move', 8, 8, 9]",True,1036,2.177377807840127,0.0,2.503549394076691,0.3261715862365637,0.6000053573407058,0.4306881784153048,min_cost_max_flow,145,8,145,8,170,9
move,"['move', 8, 7, 9]",True,1036,2.3404497103265474,0.0,2.503549394076691,0.16309968375014336,0.19279461822770827,0.11801010971314518,min_cost_max_flow,135,8,135,7,172,9
move,"['move', 8, 5, 9]",True,1036,2.1863803509191833,0.0,2.503549394076691,0.3171690431575077,0.577410371055521,0.48977390344519994,min_cost_max_flow,94,8,94,5,177,9
move,"['move', 8, 4, 9]",True,1036,2.1772099152652427,0.0,2.503549394076691,0.32633947881144815,0.6000188996513316,0.7014809294721412,min_cost_max_flow,75,8,75,4,163,9
move,"['move', 28, 0, 5]",True,1046,0.8383059009272826,0.0,1.7508203640222897,0.9125144630950071,1.8328630492815137,2.425550977915278,min_cost_max_flow,11,28,11,0,94,5
move,"['move', 28, 1, 2]",True,1046,1.5071329254619792,0.0,1.7508203640222897,0.24368743856031058,0.16390723173026345,0.3510551209214232,min_cost_max_flow,22,28,22,1,38,2
move,"['move', 28, 1, 5]",True,1046,1.2085482247343995,0.0,1.7508203640222897,0.5422721392878902,0.9089124482961779,1.3220786229443806,min_cost_max_flow,26,28,26,1,96,5
move,"['move', 28, 1, 6]",True,1046,1.2162049597174356,0.0,1.7508203640222897,0.5346154043048541,0.8891689718439011,1.723171286068848,min_cost_max_flow,29,28,29,1,117,6
move,"['move', 20, 6, 0]",True,1056,1.9359471568121653,0.0,2.50248621180808,0.6028309176209148,1.1985631910811207,0.7000522111282558,min_cost_max_flow,114,20,114,6,10,0
move,"['move', 20, 8, 9]",True,1056,2.1611483501665982,0.0,2.50248621180808,0.3413378616414819,0.5448653323983308,0.6768647006000441,min_cost_max_flow,153,20,153,8,167,9
move,"['move', 20, 8, 0]",True,1056,1.7291050992439843,0.0,2.50248621180808,0.7733811125640958,1.6242020275931282,1.1911527750916953,min_cost_max_flow,155,20,155,8,2,0
move,"['move', 20, 2, 0]",True,1056,2.1119138225798695,0.0,2.50248621180808,0.39057238922821086,0.6675749320165778,0.928010932983502,min_cost_max_flow,44,20,44,2,3,0
move,"['move', 20, 9, 8]",True,1066,2.0672412474028983,0.0,2.4982859759455844,0.431044728542686,0.7690826354919409,0.710107473533412,min_cost_max_flow,167,20,167,9,145,8
move,"['move', 20, 3, 8]",True,1066,2.1608573006565224,0.0,2.4982859759455844,0.3374286752890621,0.5350844586810126,0.6821365914457718,min_cost_max_flow,63,20,63,3,153,8
move,"['move', 20, 0, 4]",True,1066,2.132297910391876,0.0,2.4982859759455844,0.43794980367870856,0.7852711190917034,1.4262436337293367,min_cost_max_flow,3,20,3,0,75,4
move,"['move', 20, 1, 8]",True,1066,2.1623760296479255,0.0,2.4982859759455844,0.39341561067265857,0.6749310774539481,0.7626163821496028,min_cost_max_flow,30,20,30,1,155,8
move,"['move', 15, 1, 7]",True,1076,1.2270996052655327,0.0,1.8914789469108602,0.7160821375203275,1.3457991533687164,1.606123589634925,min_cost_max_flow,24,15,24,1,135,7
move,"['move', 15, 4, 7]",True,1076,1.4071181130473118,0.0,1.8914789469108602,0.48436083386354833,0.7665097972858348,1.5968548835907483,min_cost_max_flow,78,15,78,4,129,7
move,"['move', 15, 5, 7]",True,1076,1.47282589596246,0.0,1.8914789469108602,0.48696278882340016,0.7741854921678168,0.8163165620224015,min_cost_max_flow,95,15,95,5,134,7
move,"['move', 15, 6, 7]",True,1076,1.4132406209016035,0.0,1.8914789469108602,0.47823832600925664,0.7522522915423906,0.8976789554006706,min_cost_max_flow,123,15,123,6,137,7
move,"['move', 8, 9, 6]",True,1086,1.8627596104865078,0.0,2.1969514261497967,0.3341918156632888,0.6199075555650779,0.5296050733756804,min_cost_max_flow,163,8,163,9,120,6
move,"['move', 8, 8, 0]",True,1086,1.9662238779681596,0.0,2.1969514261497967,0.2307275481816371,0.36144112206420687,0.4001149378703508,min_cost_max_flow,148,8,148,8,4,0
move,"['move', 8, 2, 1]",True,1086,1.971131050973021,0.0,2.1969514261497967,0.22582037517677553,0.34956009565757995,0.14217753418565018,min_cost_max_flow,46,8,46,2,26,1
move,"['move', 8, 7, 6]",True,1086,2.0161995901579552,0.0,2.1969514261497967,0.18075183599184144,0.23686177427771327,0.16015981253995862,min_cost_max_flow,136,8,136,7,121,6
move,"['move', 20, 8, 2]",True,1096,1.6046918230491996,0.0,2.1242780735692954,0.5195862505200959,0.9897790164486651,1.1483901314003977,min_cost_max_flow,145,20,145,8,44,2
move,"['move', 20, 4, 2]",True,1096,1.569794561750053,0.0,2.1242780735692954,0.5544835118192425,1.0772186050835444,1.0174332067253253,min_cost_max_flow,75,20,75,4,46,2
move,"['move', 20, 6, 9]",True,1096,1.7029889449476565,0.0,2.1242780735692954,0.421289128621639,0.7443446321030933,0.9427765310201044,min_cost_max_flow,115,20,115,6,163,9
move,"['move', 20, 5, 9]",True,1096,1.7839067086837228,0.0,2.1242780735692954,0.34037136488557274,0.5424642948073597,0.6667285013987719,min_cost_max_flow,98,20,98,5,167,9
move,"['move', 20, 9, 4]",True,1106,1.5572650881832046,0.0,1.9726683946105545,0.41540330642734985,0.728975503878246,1.3791583571031154,min_cost_max_flow,163,20,163,9,75,4
move,"['move', 20, 9, 1]",True,1106,1.5383897283335652,0.0,1.9726683946105545,0.43427866627698936,0.7772486531812319,0.6559919045115968,min_cost_max_flow,167,20,167,9,28,1
move,"['move', 20, 8, 4]",True,1106,1.6670860629409585,0.0,1.9726683946105545,0.305582331669596,0.45559459402647917,0.5981403286912689,min_cost_max_flow,153,20,153,8,78,4
move,"['move', 20, 8, 1]",True,1106,1.5119699565581284,0.0,1.9726683946105545,0.4606984380524262,0.8424784949638706,1.202383675147223,min_cost_max_flow,155,20,155,8,31,1
move,"['move', 20, 1, 3]",True,1116,1.7153727604602624,0.0,1.9860338494751666,0.3530539721399043,0.5738566779946268,0.8761518004400267,min_cost_max_flow,31,20,31,1,63,3
move,"['move', 20, 1, 6]",True,1116,1.434997387808274,0.0,1.9860338494751666,0.5510364616668925,1.0689978290338331,0.7528669859493978,min_cost_max_flow,28,20,28,1,114,6
move,"['move', 20, 2, 9]",True,1116,1.4612808768756853,0.0,1.9860338494751666,0.5247529725994814,1.0026035014780064,1.2099369108154399,min_cost_max_flow,44,20,44,2,163,9
move,"['move', 20, 4, 9]",True,1116,1.5316015492513242,0.0,1.9860338494751666,0.4544323002238424,0.8272130177374493,0.9358054451218222,min_cost_max_flow,75,20,75,4,167,9
move,"['move', 8, 6, 2]",True,1126,2.2038922871610325,0.0,2.57552002982276,0.40674421266172733,0.8011777325864387,0.6034820565326855,min_cost_max_flow,120,8,120,6,42,2
move,"['move', 8, 5, 2]",True,1126,2.16260819096705,0.0,2.57552002982276,0.4129118388557102,0.8161724802102981,0.8863606305978512,min_cost_max_flow,106,8,106,5,44,2
move,"['move', 8, 1, 4]",True,1126,2.3127749964557807,0.0,2.57552002982276,0.262745033366979,0.441511206645373,0.38253385932940215,min_cost_max_flow,26,8,26,1,75,4
move,"['move', 8, 0, 7]",True,1126,2.24474751231446,0.0,2.57552002982276,0.3307725175082999,0.6113854798441025,0.5121586290444533,min_cost_max_flow,4,8,4,0,135,7
move,"['move', 20, 7, 5]",True,1136,1.8204184674879387,0.0,2.207217438205458,0.3867989707175194,0.6581421101836895,0.9275279704233356,min_cost_max_flow,130,20,130,7,95,5
move,"['move', 20, 5, 1]",True,1136,1.516791303454793,0.0,2.207217438205458,0.690426134750665,1.4160971928486106,1.6694129157186461,min_cost_max_flow,95,20,95,5,26,1
move,"['move', 20, 0, 1]",True,1136,1.6627561341519734,0.0,2.207217438205458,0.6883566850534848,1.411944771061826,0.9886112782746876,min_cost_max_flow,2,20,2,0,28,1
move,"['move', 20, 2, 8]",True,1136,1.683970614177417,0.0,2.207217438205458,0.5232468240280411,0.9985624070632184,1.3937522349402176,min_cost_max_flow,46,20,46,2,145,8
move,"['move', 20, 9, 2]",True,1146,1.6791354412017572,0.0,2.208426464056499,0.5292910228547416,1.0138166566721338,1.297917206830735,min_cost_max_flow,163,20,163,9,46,2
move,"['move', 20, 3, 2]",True,1146,1.8439035126276806,0.0,2.208426464056499,0.3645229514288182,0.6029705985311011,0.5818369243135475,min_cost_max_flow,63,20,63,3,41,2
move,"['move', 20, 0, 7]",True,1146,1.5938161385041942,0.0,2.208426464056499,0.6903010308023046,1.4163843968071888,1.2694370293994575,min_cost_max_flow,10,20,10,0,130,7
move,"['move', 20, 6, 2]",True,1146,1.8436125794584834,0.0,2.208426464056499,0.3648138845980154,0.6041100916845608,0.30706343733590236,min_cost_max_flow,114,20,114,6,42,2
move,"['move', 5, 1, 5]",True,1156,1.3113209959729246,0.0,2.119202274485261,0.8078812785123366,1.6112958283647458,2.333421850881099,min_cost_max_flow,34,5,34,1,95,5
move,"['move', 5, 3, 0]",True,1156,1.5983769157403434,0.0,2.119202274485261,0.5208253587449179,0.894932532832172,1.4824192602325839,min_cost_max_flow,57,5,57,3,3,0
move,"['move', 5, 3, 5]",True,1156,1.4230802560151647,0.0,2.119202274485261,0.6961220184700965,1.3319216428808431,2.3174454364162838,min_cost_max_flow,59,5,59,3,106,5
move,"['move', 5, 3, 2]",True,1156,1.5353078416391026,0.0,2.119202274485261,0.5838944328461586,1.0542952417836204,0.3557367946683249,min_cost_max_flow,60,5,60,3,44,2
move,"['move', 20, 9, 3]",True,1166,2.789223136602582,0.0,3.1840408859571063,0.3948177493545244,0.6782645598923409,0.8771925596640628,min_cost_max_flow,167,20,167,9,57,3
move,"['move', 20, 5, 6]",True,1166,2.961282618090096,0.0,3.1840408859571063,0.22275826786701014,0.24892028803515132,0.3409046519334602,min_cost_max_flow,99,20,99,5,114,6
move,"['move', 20, 2, 6]",True,1166,2.6906455705205055,0.0,3.1840408859571063,0.4933953154366007,0.9246878376234235,0.8909508757361346,min_cost_max_flow,41,20,41,2,115,6
move,"['move', 20, 2, 3]",True,1166,2.8260249270211935,0.0,3.1840408859571063,0.35801595893591287,0.5872364719652978,0.22626714667365727,min_cost_max_flow,42,20,42,2,59,3
move,"['move', 20, 3, 9]",True,1176,1.8415195303372802,0.0,2.3475748766140923,0.5060553462768121,0.9554497309763974,1.4830733741059272,min_cost_max_flow,57,20,57,3,163,9
move,"['move', 20, 1, 5]",True,1176,1.8159128009124086,0.0,2.3475748766140923,0.5316620757016837,1.0206809193077788,0.673496861304236,min_cost_max_flow,26,20,26,1,95,5
move,"['move', 20, 1, 9]",True,1176,1.7030081392120442,0.0,2.3475748766140923,0.6445667374020482,1.302847694925731,0.7367492832770142,min_cost_max_flow,28,20,28,1,166,9
move,"['move', 20, 4, 0]",True,1176,1.96182063502662,0.0,2.3475748766140923,0.38575424158747224,0.6560020877641364,0.612994366713503,min_cost_max_flow,78,20,78,4,4,0
move,"['move', 28, 2, 4]",True,1186,1.7427916993919856,0.0,2.0517646506563896,0.41730599113940386,0.5969333249486226,1.0312472738373144,min_cost_max_flow,38,28,38,2,78,4
move,"['move', 28, 5, 1]",True,1186,1.4395483615572013,0.0,2.0517646506563896,0.6122162890991882,1.0837135536294227,1.3615914196112844,min_cost_max_flow,94,28,94,5,26,1
move,"['move', 28, 5, 0]",True,1186,1.2716764390051698,0.0,2.0517646506563896,0.7800882116512198,1.5028413431646186,1.7296026495329944,min_cost_max_flow,96,28,96,5,8,0
move,"['move', 28, 6, 1]",True,1186,1.2073861109680168,0.0,2.0517646506563896,0.8443785396883727,1.6624809966469911,2.4537137232063304,min_cost_max_flow,117,28,117,6,28,1
move,"['move', 20, 2, 4]",True,1196,1.7446924457260955,0.0,2.052507194463977,0.3078147487378812,0.46130935985456745,0.5089915571077631,min_cost_max_flow,46,20,46,2,79,4
move,"['move', 20, 6, 1]",True,1196,1.4853012936220344,0.0,2.052507194463977,0.5672059008419422,1.1080928763731208,1.6385673848405322,min_cost_max_flow,114,20,114,6,34,1
move,"['move', 20, 6, 4]",True,1196,1.8199262792872015,0.0,2.052507194463977,0.23258091517677515,0.27345383165811654,0.3562877528983006,min_cost_max_flow,115,20,115,6,80,4
move,"['move', 20, 9, 5]",True,1196,1.7764055196494337,0.0,2.052507194463977,0.3602969450645431,0.5921152015271218,0.7754243198412955,min_cost_max_flow,163,20,163,9,94,5
move,"['move', 8, 8, 5]",True,1206,1.8847113529571242,0.0,2.2055321077899315,0.32082075483280736,0.5863095914519363,0.6431464313343597,min_cost_max_flow,157,8,157,8,96,5
move,"['move', 8, 9, 5]",True,1206,1.934100446370311,0.0,2.2055321077899315,0.27143166141962044,0.46302372831632965,0.5185661664273163,min_cost_max_flow,170,8,170,9,98,5
move,"['move', 8, 7, 5]",True,1206,2.0018919319048507,0.0,2.2055321077899315,0.2036401758850809,0.2938353079116496,0.32503721198152435,min_cost_max_flow,135,8,135,7,99,5
move,"['move', 8, 2, 0]",True,1206,1.9583566962792804,0.0,2.2055321077899315,0.2471754115106511,0.40282388504056144,0.22471183532395356,min_cost_max_flow,42,8,42,2,9,0
move,"['move', 8, 2, 8]",True,1222,2.128493963145687,0.0,2.4254009281130338,0.2969069649673469,0.5266504129594978,0.5596156505259421,min_cost_max_flow,44,8,44,2,148,8
move,"['move', 8, 3, 7]",True,1222,2.123082501727346,0.0,2.4254009281130338,0.3023184263856876,0.5400289270219218,0.659708639477709,min_cost_max_flow,62,8,62,3,136,7
move,"['move', 8, 0, 1]",True,1222,2.10436354050335,0.0,2.4254009281130338,0.32103738760968403,0.5872410958781984,0.3831981086207555,min_cost_max_flow,9,8,9,0,31,1
move,"['move', 8, 6, 7]",True,1222,2.2587127605817585,0.0,2.4254009281130338,0.16668816753127505,0.20177192914525222,0.11394246657000984,min_cost_max_flow,121,8,121,6,138,7
move,"['move', 8, 8, 2]",True,1232,1.6139611170004846,0.0,1.9019036915353702,0.28794257453488553,0.5046498520587193,0.28600553027603387,min_cost_max_flow,148,8,148,8,42,2
move,"['move', 8, 1, 6]",True,1232,1.5560309282457903,0.0,1.9019036915353702,0.34587276328958005,0.6489423471684859,0.6413233815891061,min_cost_max_flow,31,8,31,1,114,6
move,"['move', 8, 9, 2]",True,1232,1.6135572684459576,0.0,1.9019036915353702,0.2883464230894125,0.5055029134055076,0.39037888996206965,min_cost_max_flow,172,8,172,9,46,2
move,"['move', 8, 9, 0]",True,1232,1.4551025815269807,0.0,1.9019036915353702,0.44680111000838946,0.9013446329972794,0.5870440270757006,min_cost_max_flow,177,8,177,9,9,0
move,"['move', 15, 7, 6]",True,1242,1.3290175847186219,0.0,1.7451700123946814,0.4254803341760595,0.6203710736554058,0.888504491395449,min_cost_max_flow,135,15,135,7,115,6
move,"['move', 15, 7, 5]",True,1242,1.0533227652094455,0.0,1.7451700123946814,0.6918472471852359,1.2840107150386757,2.4069319178427917,min_cost_max_flow,129,15,129,7,104,5
move,"['move', 15, 7, 3]",True,1242,1.1161957299995122,0.0,1.7451700123946814,0.6289742823951691,1.1279419403381326,1.6645070680934657,min_cost_max_flow,134,15,134,7,57,3
move,"['move', 15, 8, 6]",True,1242,1.2042252825865272,0.0,1.7451700123946814,0.5409447298081542,0.9083603392755322,1.3363201314689204,min_cost_max_flow,150,15,150,8,120,6
move,"['move', 5, 0, 3]",True,1252,1.6770642985576323,0.0,2.1928898061885747,0.5158255076309424,0.8835155567649053,0.7606514484513676,min_cost_max_flow,3,5,3,0,60,3
move,"['move', 5, 2, 9]",True,1252,1.5876010849216757,0.0,2.1928898061885747,0.605288721266899,1.1058033455483383,1.6741483194238282,min_cost_max_flow,44,5,44,2,172,9
move,"['move', 5, 4, 3]",True,1252,1.913155248569339,0.0,2.1928898061885747,0.2797345576192355,0.2936593422709848,0.5132110915536539,min_cost_max_flow,77,5,77,4,62,3
move,"['move', 5, 5, 1]",True,1252,1.562394668535695,0.0,2.1928898061885747,0.6304951376528795,1.1692272591044457,1.4022332586528186,min_cost_max_flow,95,5,95,5,31,1
move,"['move', 8, 6, 9]",True,1262,1.5683509012813877,0.0,1.898628760300754,0.3302778590193662,0.61000855160637,0.6056799726432536,min_cost_max_flow,114,8,114,6,170,9
move,"['move', 8, 2, 9]",True,1262,1.493432081157995,0.0,1.898628760300754,0.41735554889275867,0.8278474976796133,0.5091990461351164,min_cost_max_flow,42,8,42,2,177,9
move,"['move', 8, 0, 9]",True,1262,1.6345015785150245,0.0,1.898628760300754,0.26412718178572947,0.44510845274817257,0.28795048871375056,min_cost_max_flow,9,8,9,0,167,9
move,"['move', 8, 5, 8]",True,1262,1.6244170128489954,0.0,1.898628760300754,0.2742117474517585,0.4701222811872867,0.41967430601941585,min_cost_max_flow,96,8,96,5,148,8
move,"['move', 8, 5, 1]",True,1272,1.7383580119133115,0.0,2.0462593005218057,0.3079012886084943,0.5536451798743656,0.8869771091931219,min_cost_max_flow,98,8,98,5,22,1
move,"['move', 8, 4, 0]",True,1272,1.8159061710821631,0.0,2.0462593005218057,0.23035312943964265,0.3606825050610496,0.2818283699844626,min_cost_max_flow,75,8,75,4,3,0
move,"['move', 8, 7, 0]",True,1272,1.7446708920218266,0.0,2.0462593005218057,0.30158840849997914,0.5385565506549028,0.4245964079763103,min_cost_max_flow,136,8,136,7,9,0
move,"['move', 8, 9, 1]",True,1272,1.8543296563840006,0.0,2.0462593005218057,0.19192964413780514,0.26473698534937284,0.20636600803973446,min_cost_max_flow,167,8,167,9,24,1
move,"['move', 22, 0, 9]",True,1282,2.123830302143772,0.0,2.2777825041733406,0.24407062427956813,0.45016399614723923,0.15628692209656506,min_cost_max_flow,2,22,2,0,167,9
move,"['move', 22, 1, 9]",True,1282,1.9717585013130154,0.0,2.2777825041733406,0.30602400286032505,0.6045018759086815,0.5199980490631424,min_cost_max_flow,36,22,36,1,169,9
move,"['move', 22, 2, 9]",True,1282,2.008059022087308,0.0,2.2777825041733406,0.2697234820860328,0.5139708294300362,0.3731610776728456,min_cost_max_flow,39,22,39,2,170,9
move,"['move', 22, 2, 8]",True,1282,2.0334667575598377,0.0,2.2777825041733406,0.244315746613503,0.45039103069211706,0.4134677820694117,min_cost_max_flow,40,22,40,2,150,8
move,"['move', 8, 2, 3]",True,1292,2.5067496475273865,0.0,2.650572318642921,0.14382267111553415,0.14458305900916457,0.13069519772695481,min_cost_max_flow,46,8,46,2,63,3
move,"['move', 8, 5, 4]",True,1292,2.390520391652192,0.0,2.650572318642921,0.2600519269907287,0.43471863290869805,0.4224057233621678,min_cost_max_flow,99,8,99,5,75,4
move,"['move', 8, 0, 3]",True,1292,2.200621378419897,0.0,2.650572318642921,0.44995094022302373,0.9088491389939009,0.8337570537185846,min_cost_max_flow,3,8,3,0,64,3
move,"['move', 8, 9, 3]",True,1292,2.3798798374557455,0.0,2.650572318642921,0.2706924811871752,0.4615715292075038,0.254731851569223,min_cost_max_flow,170,8,170,9,65,3
move,"['move', 8, 0, 2]",True,1302,1.2206872055790645,0.0,1.5314120606664003,0.3107248550873359,0.5615346654703899,0.3332641765795147,min_cost_max_flow,9,8,9,0,44,2
move,"['move', 8, 8, 5]",True,1302,1.322116308432217,0.0,1.5314120606664003,0.20929575223418345,0.30794677565245365,0.3433526332830814,min_cost_max_flow,148,8,148,8,96,5
move,"['move', 8, 1, 2]",True,1302,1.1812303305220533,0.0,1.5314120606664003,0.3501817301443471,0.6598059840453061,0.5805102216539824,min_cost_max_flow,22,8,22,1,46,2
move,"['move', 8, 7, 2]",True,1302,1.1231367518397581,0.0,1.5314120606664003,0.40827530882664215,0.8044151792273624,0.9970112374416213,min_cost_max_flow,138,8,138,7,39,2
move,"['move', 16, 2, 1]",True,1312,1.8324497533322852,0.0,1.9705406597021506,0.1380909063698655,0.19550210906345455,0.16854841358236947,min_cost_max_flow,40,16,40,2,36,1
move,"['move', 16, 3, 1]",True,1312,1.8090696781941,0.0,1.9705406597021506,0.1614709815080506,0.2539127665277192,0.19490200104772443,min_cost_max_flow,57,16,57,3,22,1
move,"['move', 16, 5, 1]",True,1312,1.7062850491208736,0.0,1.9705406597021506,0.264255610581277,0.5106649606786959,0.3344876891072833,min_cost_max_flow,91,16,91,5,26,1
move,"['move', 16, 5, 0]",True,1312,1.6732141130136367,0.0,1.9705406597021506,0.297326546688514,0.5934466232884006,0.26493946136587165,min_cost_max_flow,93,16,93,5,2,0
move,"['move', 20, 5, 2]",True,1322,1.4838846753788193,0.0,1.9795406637115591,0.5218976029577399,0.9957541691965162,1.0172090289065505,min_cost_max_flow,95,20,95,5,40,2
move,"['move', 20, 8, 2]",True,1322,1.703594603450577,0.0,1.9795406637115591,0.2759460602609823,0.38154489332373487,0.5708217828312859,min_cost_max_flow,145,20,145,8,38,2
move,"['move', 20, 7, 2]",True,1322,1.5043711916196765,0.0,1.9795406637115591,0.4751694720918826,0.8786798481869482,1.1865382588561895,min_cost_max_flow,130,20,130,7,41,2
move,"['move', 20, 9, 6]",True,1322,1.5582576423982453,0.0,1.9795406637115591,0.42128302131331385,0.7445814813763718,0.7746981682925657,min_cost_max_flow,166,20,166,9,114,6
move,"['move', 20, 4, 8]",True,1332,2.9389063793749712,0.0,3.3959612438134856,0.4570548644385145,0.8334640942903206,1.1393614343277845,min_cost_max_flow,79,20,79,4,145,8
move,"['move', 20, 0, 9]",True,1332,3.0343254877213384,0.0,3.3959612438134856,0.36163575609214726,0.5954671565395984,0.7721393575305702,min_cost_max_flow,4,20,4,0,163,9
move,"['move', 20, 2, 7]",True,1332,2.822603904004962,0.0,3.3959612438134856,0.5733573398085238,1.1235390025503875,1.5935482109652097,min_cost_max_flow,38,20,38,2,135,7
move,"['move', 20, 5, 7]",True,1332,3.1388159501710193,0.0,3.3959612438134856,0.2571452936424662,0.33482828803607845,0.3806142770754253,min_cost_max_flow,94,20,94,5,129,7
move,"['move', 20, 9, 0]",True,1342,2.2358660336782137,0.0,3.0210672272282997,0.7852011935500861,1.6540535440635722,0.9902767714460607,min_cost_max_flow,163,20,163,9,10,0
move,"['move', 20, 3, 5]",True,1342,2.6896049808572258,0.0,3.0210672272282997,0.3883019781210736,0.6622509468561475,0.6933158613750057,min_cost_max_flow,59,20,59,3,91,5
move,"['move', 20, 4, 5]",True,1342,2.712297362094701,0.0,3.0210672272282997,0.308769865133599,0.46363944046606775,0.547465142303859,min_cost_max_flow,80,20,80,4,93,5
move,"['move', 20, 2, 5]",True,1342,2.698733282364905,0.0,3.0210672272282997,0.32233394486339445,0.4971204097455484,0.8336185056425266,min_cost_max_flow,40,20,40,2,94,5
move,"['move', 20, 0, 3]",True,1352,2.3919764669749695,0.0,3.174135033772113,0.7821585667971432,1.6461920284527878,1.1602425903976235,min_cost_max_flow,10,20,10,0,57,3
move,"['move', 20, 5, 3]",True,1352,2.7746462093280058,0.0,3.174135033772113,0.3994888244441072,0.6901243281026836,0.7558055687402861,min_cost_max_flow,91,20,91,5,59,3
move,"['move', 20, 7, 3]",True,1352,2.6694557178370704,0.0,3.174135033772113,0.5046793159350426,0.9521848157655768,1.3662996117037827,min_cost_max_flow,129,20,129,7,66,3
move,"['move', 20, 8, 3]",True,1352,2.522566071677346,0.0,3.174135033772113,0.6515689620947666,1.318941240579079,1.678093335575757,min_cost_max_flow,145,20,145,8,67,3
move,"['move', 20, 7, 8]",True,1362,2.4999768752859053,0.0,3.022578944666396,0.5226020693804905,0.9977179921897914,0.8821044046405995,min_cost_max_flow,135,20,135,7,145,8
move,"['move', 20, 5, 0]",True,1362,2.24179105259731,0.0,3.022578944666396,0.7807878920690857,1.6427161674000672,1.193025412115515,min_cost_max_flow,93,20,93,5,10,0
move,"['move', 20, 3, 0]",True,1362,2.4367613061419613,0.0,3.022578944666396,0.5858176385244349,1.1560453192741988,0.6898349216097397,min_cost_max_flow,57,20,57,3,2,0
move,"['move', 20, 5, 4]",True,1362,2.828770362616691,0.0,3.022578944666396,0.19380858204970522,0.1766039504454966,0.30232001619508136,min_cost_max_flow,94,20,94,5,77,4
move,"['move', 22, 8, 1]",True,1372,2.619736717682769,0.0,2.801824198548523,0.20801047211575383,0.35972245892298815,0.3503914652400021,min_cost_max_flow,150,22,150,8,27,1
move,"['move', 22, 9, 2]",True,1372,2.5938845244399857,0.0,2.801824198548523,0.20793967410853717,0.359427433259043,0.4290785625090396,min_cost_max_flow,167,22,167,9,40,2
move,"['move', 22, 9, 1]",True,1372,2.5660158267683233,0.0,2.801824198548523,0.23580837178019962,0.4292517611720541,0.32735607327237204,min_cost_max_flow,169,22,169,9,28,1
move,"['move', 22, 6, 2]",True,1372,2.5210804887853904,0.0,2.801824198548523,0.2807437097631326,0.5412102792834048,0.5805739705935549,min_cost_max_flow,116,22,116,6,38,2
move,"['move', 1, 0, 5]",True,1382,1.0524731130747123,0.0,1.8268791449020005,0.7744060318272882,1.510033671176643,1.919988720422916,min_cost_max_flow,7,1,7,0,91,5
move,"['move', 1, 1, 5]",True,1382,1.2353032552722079,0.0,1.8268791449020005,0.5915758896297928,1.0531901229369396,1.7654505510664116,min_cost_max_flow,23,1,23,1,93,5
move,"['move', 1, 1, 4]",True,1382,1.3323274980489337,0.0,1.8268791449020005,0.49455164685306685,0.8122777081462118,0.666655783675168,min_cost_max_flow,27,1,27,1,79,4
move,"['move', 1, 2, 5]",True,1382,1.130628586171865,0.0,1.8268791449020005,0.6962505587301354,1.3147553716371476,1.8463999181653359,min_cost_max_flow,48,1,48,2,94,5
move,"['move', 20, 8, 7]",True,1392,2.6529362555473397,0.0,3.1704476836754925,0.5175114281281529,0.984975762117756,0.8925223654348198,min_cost_max_flow,145,20,145,8,135,7
move,"['move', 20, 0, 5]",True,1392,2.472890478387184,0.0,3.1704476836754925,0.7534686526216419,1.5742014563948032,1.3374336698849976,min_cost_max_flow,2,20,2,0,98,5
move,"['move', 20, 4, 7]",True,1392,2.865506685008518,0.0,3.1704476836754925,0.3367334647919748,0.5328181827462686,1.0343030527963601,min_cost_max_flow,77,20,77,4,129,7
move,"['move', 20, 0, 9]",True,1392,2.3853624655574013,0.0,3.1704476836754925,0.7850852181180912,1.6531242398832546,1.4165205049996523,min_cost_max_flow,10,20,10,0,163,9
move,"['move', 20, 1, 4]",True,1402,2.0140043065946744,0.0,2.4986380691092065,0.48463376251453205,0.902238249356742,1.2547548500760053,min_cost_max_flow,34,20,34,1,80,4
move,"['move', 20, 7, 4]",True,1402,1.9839556802684895,0.0,2.4986380691092065,0.514682388840717,0.9773136780440836,1.2855129354900543,min_cost_max_flow,129,20,129,7,81,4
move,"['move', 20, 3, 4]",True,1402,2.1399585323308528,0.0,2.4986380691092065,0.3586795367783539,0.5881673628355202,0.7116363039270813,min_cost_max_flow,59,20,59,3,82,4
move,"['move', 20, 9, 8]",True,1402,2.250966635983775,0.0,2.4986380691092065,0.24767143312543138,0.3113050436586491,0.27300966697033763,min_cost_max_flow,163,20,163,9,145,8
move,"['move', 8, 2, 7]",True,1412,2.40205833028103,0.0,2.722964776367889,0.32090644608685887,0.5861778496710031,0.8737930420423459,min_cost_max_flow,39,8,39,2,129,7
move,"['move', 8, 1, 7]",True,1412,2.465098738573721,0.0,2.722964776367889,0.2822262361691679,0.4900253615141992,0.5084352837601454,min_cost_max_flow,24,8,24,1,130,7
move,"['move', 8, 9, 7]",True,1412,2.373052160117044,0.0,2.722964776367889,0.34991261625084485,0.659126719008782,0.5848304234996895,min_cost_max_flow,177,8,177,9,134,7
move,"['move', 8, 3, 0]",True,1412,2.2727758591370355,0.0,2.722964776367889,0.4501889172308531,0.9097908323674346,0.6025898177448923,min_cost_max_flow,63,8,63,3,10,0
move,"['move', 8, 3, 9]",True,1422,2.0099407620189385,0.0,2.3499483331219224,0.340007571102984,0.6342664188669005,0.6499552716526861,min_cost_max_flow,64,8,64,3,177,9
move,"['move', 8, 5, 6]",True,1422,2.1717457034285443,0.0,2.3499483331219224,0.17820262969337797,0.23047122045500146,0.17185186357538235,min_cost_max_flow,96,8,96,5,116,6
move,"['move', 8, 4, 6]",True,1422,2.076187065629165,0.0,2.3499483331219224,0.273761267492757,0.4689744291808893,0.4341090452817545,min_cost_max_flow,75,8,75,4,117,6
move,"['move', 8, 2, 6]",True,1422,1.9726295853457487,0.0,2.3499483331219224,0.3773187477761737,0.7271720831122366,0.89814023007804,min_cost_max_flow,44,8,44,2,121,6
move,"['move', 15, 6, 4]",True,1432,1.6903227253817625,0.0,2.2030494123625393,0.5127266869807767,0.8383692227798747,0.966993082944799,min_cost_max_flow,115,15,115,6,75,4
move,"['move', 15, 7, 4]",True,1432,1.4060261392435278,0.0,2.2030494123625393,0.8017684449523447,1.559431026373204,1.9953873066716628,min_cost_max_flow,137,15,137,7,77,4
move,"['move', 15, 8, 4]",True,1432,1.64446004482284,0.0,2.2030494123625393,0.5585893675396993,0.9520194735596306,1.6379601613120491,min_cost_max_flow,152,15,152,8,83,4
move,"['move', 15, 9, 4]",True,1432,1.531117691650631,0.0,2.2030494123625393,0.6719317207119083,1.2356141434538586,1.4787688521748774,min_cost_max_flow,176,15,176,9,85,4
move,"['move', 22, 1, 6]",True,1442,1.6963872312284125,0.0,2.052156562945695,0.35576933171728264,0.7289627705595194,0.4549497101005146,min_cost_max_flow,27,22,27,1,115,6
move,"['move', 22, 1, 8]",True,1442,1.6847026551578852,0.0,2.052156562945695,0.36745390778780984,0.7579707306176715,0.5906031222111343,min_cost_max_flow,28,22,28,1,148,8
move,"['move', 22, 3, 8]",True,1442,1.766011305119776,0.0,2.052156562945695,0.28614525782591893,0.5547683326858532,0.5444518069384614,min_cost_max_flow,56,22,56,3,150,8
move,"['move', 22, 4, 8]",True,1442,1.7422171100607748,0.0,2.052156562945695,0.3099394528849203,0.6140156728379225,0.7032168038945832,min_cost_max_flow,73,22,73,4,152,8
move,"['move', 20, 3, 1]",True,1452,2.1923530963734814,0.0,2.5801273925173307,0.3877742961438493,0.6607726173442643,0.7993989072565945,min_cost_max_flow,66,20,66,3,34,1
move,"['move', 20, 2, 1]",True,1452,2.3995256506112708,0.0,2.5801273925173307,0.1806017419060598,0.14375081022444647,0.19301325748612388,min_cost_max_flow,41,20,41,2,23,1
move,"['move', 20, 8, 9]",True,1452,2.1921299123818576,0.0,2.5801273925173307,0.3879974801354733,0.6613849191053305,0.763171052585928,min_cost_max_flow,145,20,145,8,176,9
move,"['move', 20, 6, 0]",True,1452,2.071053327486523,0.0,2.5801273925173307,0.5090740650308079,0.9638783195750875,0.8952122316388533,min_cost_max_flow,114,20,114,6,3,0
move,"['move', 8, 3, 8]",True,1462,2.3224629240262296,0.0,2.7300222184388954,0.4075592944126656,0.8029265066179505,0.7961022870885355,min_cost_max_flow,65,8,65,3,145,8
move,"['move', 8, 9, 8]",True,1462,2.4336799309375814,0.0,2.7300222184388954,0.2963422875013138,0.5253568736698071,0.4808460669312493,min_cost_max_flow,177,8,177,9,153,8
move,"['move', 8, 6, 5]",True,1462,2.498082991443646,0.0,2.7300222184388954,0.23193922699524933,0.36467571330103965,0.26318546933549564,min_cost_max_flow,116,8,116,6,95,5
move,"['move', 8, 0, 8]",True,1462,2.491548076849505,0.0,2.7300222184388954,0.3469359523393907,0.6519126889616018,0.43307726919622824,min_cost_max_flow,10,8,10,0,157,8
move,"['move', 20, 5, 6]",True,1472,2.328705838400714,0.0,2.578411186720536,0.24970534831982197,0.31612944148764655,0.4466031049563228,min_cost_max_flow,98,20,98,5,114,6
move,"['move', 20, 4, 6]",True,1472,2.3270036035748496,0.0,2.578411186720536,0.2514075831456863,0.32031834476401855,0.49105896381547853,min_cost_max_flow,80,20,80,4,116,6
move,"['move', 20, 4, 8]",True,1472,2.126285290109661,0.0,2.578411186720536,0.45212589661087493,0.8208593829367601,1.327555957302139,min_cost_max_flow,81,20,81,4,158,8
move,"['move', 20, 1, 2]",True,1472,2.250841574053925,0.0,2.578411186720536,0.32756961266661067,0.5111166706337826,0.22889091884675983,min_cost_max_flow,23,20,23,1,42,2
move,"['move', 15, 0, 9]",True,1482,1.3219329706690974,0.0,2.1199997847452408,0.7980668140761433,1.5505920754440012,1.7186364658046416,min_cost_max_flow,7,15,7,0,177,9
move,"['move', 15, 1, 9]",True,1482,1.6020414225922455,0.0,2.1199997847452408,0.5179583621529953,0.8514311605649709,0.9784931799115266,min_cost_max_flow,23,15,23,1,163,9
move,"['move', 15, 2, 9]",True,1482,1.5069653191201033,0.0,2.1199997847452408,0.6130344656251375,1.0888930625860667,1.1307309527515261,min_cost_max_flow,37,15,37,2,166,9
move,"['move', 15, 3, 7]",True,1482,1.2156985860618594,0.0,2.1199997847452408,0.9043011986833813,1.8152167565658601,2.359490063295357,min_cost_max_flow,57,15,57,3,135,7
move,"['move', 27, 2, 1]",True,1492,1.5313699231447653,0.0,1.828735402619781,0.29736547947501585,0.5450527114680881,0.49734360209354445,min_cost_max_flow,50,27,50,2,23,1
move,"['move', 27, 3, 1]",True,1492,1.571781183696034,0.0,1.828735402619781,0.25695421892374715,0.4442776232299366,0.32863484208011995,min_cost_max_flow,63,27,63,3,24,1
move,"['move', 27, 4, 1]",True,1492,1.5285897986807977,0.0,1.828735402619781,0.3001456039389833,0.5520625805474992,0.4576383224318753,min_cost_max_flow,86,27,86,4,28,1
move,"['move', 27, 5, 1]",True,1492,1.4804098926045,0.0,1.828735402619781,0.3661058582652811,0.7167044292309583,0.6301630772888119,min_cost_max_flow,107,27,107,5,29,1
move,"['move', 20, 6, 5]",True,1502,1.5131342801197714,0.0,1.8966774604072079,0.3835431802874366,0.6508002980244783,0.3957520264262331,min_cost_max_flow,114,20,114,6,95,5
move,"['move', 20, 9, 0]",True,1502,1.3620369389452445,0.0,1.8966774604072079,0.5346405214619633,1.0276904158072284,0.9645754621372392,min_cost_max_flow,176,20,176,9,7,0
move,"['move', 20, 8, 5]",True,1502,1.3920219774826728,0.0,1.8966774604072079,0.5046554829245352,0.9520530701229291,1.414408355956701,min_cost_max_flow,158,20,158,8,96,5
move,"['move', 20, 2, 0]",True,1502,1.5186469831671436,0.0,1.8966774604072079,0.3780304772400641,0.637150477457908,0.30779399185223977,min_cost_max_flow,42,20,42,2,4,0
move,"['move', 22, 8, 0]",True,1512,2.3929343750570635,0.0,2.577893662456395,0.18495928739933143,0.3022486506142741,0.24762247701210943,min_cost_max_flow,148,22,148,8,7,0
move,"['move', 22, 8, 4]",True,1512,2.3060621006157365,0.0,2.577893662456395,0.2718315618406586,0.5190755256662669,0.4834965112287801,min_cost_max_flow,150,22,150,8,86,4
move,"['move', 22, 9, 4]",True,1512,2.25997758521284,0.0,2.577893662456395,0.31791607724355503,0.634327961355666,0.4560650564566669,min_cost_max_flow,170,22,170,9,73,4
move,"['move', 22, 8, 1]",True,1512,2.343927758351757,0.0,2.577893662456395,0.23396590410463838,0.42467426792245533,0.30823878040286934,min_cost_max_flow,152,22,152,8,23,1
move,"['move', 26, 0, 9]",True,1522,1.470094036350774,0.0,1.9051822279606265,0.4350881916098526,0.617307868640637,0.6652473510057959,min_cost_max_flow,5,26,5,0,170,9
move,"['move', 26, 1, 9]",True,1522,0.9839139526256815,0.0,1.9051822279606265,0.921268275334945,1.8310415350151743,1.8096093098017447,min_cost_max_flow,25,26,25,1,176,9
move,"['move', 26, 2, 9]",True,1522,1.2096140407863052,0.0,1.9051822279606265,0.6955681871743213,1.2660657297274156,2.293332567268087,min_cost_max_flow,49,26,49,2,167,9
move,"['move', 26, 3, 9]",True,1522,1.2523357789013767,0.0,1.9051822279606265,0.6528464490592497,1.160002818218345,1.799043381528821,min_cost_max_flow,55,26,55,3,169,9
move,"['move', 8, 6, 3]",True,1532,1.5875040489093517,0.0,1.904744032259011,0.32481798951632596,0.5965342683866766,0.4887529473718874,min_cost_max_flow,117,8,117,6,57,3
move,"['move', 8, 8, 3]",True,1532,1.6549918426857326,0.0,1.904744032259011,0.33737221757327823,0.6277095755958726,0.6289282361615778,min_cost_max_flow,145,8,145,8,63,3
move,"['move', 8, 6, 0]",True,1532,1.4803472653280745,0.0,1.904744032259011,0.4243967669309366,0.8449889265484671,0.8169431971957387,min_cost_max_flow,121,8,121,6,5,0
move,"['move', 8, 7, 3]",True,1532,1.684827793487704,0.0,1.904744032259011,0.21991623877130692,0.3343692877024296,0.4291554951715655,min_cost_max_flow,129,8,129,7,55,3
move,"['move', 22, 3, 9]",True,1542,1.1319311834366963,0.0,1.4546043313663501,0.3226731479296538,0.6462733643529646,0.4209142017556528,min_cost_max_flow,58,22,58,3,170,9
move,"['move', 22, 4, 9]",True,1542,1.1335712179901853,0.0,1.4546043313663501,0.32103311337616486,0.6417184641595668,0.7241234082059942,min_cost_max_flow,73,22,73,4,172,9
move,"['move', 22, 5, 8]",True,1542,1.2359479363112156,0.0,1.4546043313663501,0.21865639505513454,0.3864740929220716,0.2591736981522945,min_cost_max_flow,97,22,97,5,148,8
move,"['move', 22, 6, 8]",True,1542,1.323482780485197,0.0,1.4546043313663501,0.13112155088115315,0.1677189201418514,0.2045485949967509,min_cost_max_flow,115,22,115,6,150,8
move,"['move', 22, 8, 5]",True,1552,1.4110108817815221,0.0,1.6797302676831274,0.26871938590160527,0.5114191573375138,0.40078216530869815,min_cost_max_flow,148,22,148,8,107,5
move,"['move', 22, 8, 6]",True,1552,1.5170960745673998,0.0,1.6797302676831274,0.16263419311572755,0.24641559388692258,0.261169822573274,min_cost_max_flow,150,22,150,8,114,6
move,"['move', 22, 9, 5]",True,1552,1.4153945316003234,0.0,1.6797302676831274,0.26717131374947056,0.5072613690954313,0.5925207398057722,min_cost_max_flow,170,22,170,9,97,5
move,"['move', 22, 9, 6]",True,1552,1.4616179856577818,0.0,1.6797302676831274,0.21811228202534552,0.38477278799291526,0.4865219346081514,min_cost_max_flow,172,22,172,9,115,6
move,"['move', 22, 5, 9]",True,1562,1.3418941916708054,0.0,1.6020823471299597,0.2601881554591543,0.4899486542108207,0.49573351235242036,min_cost_max_flow,97,22,97,5,170,9
move,"['move', 22, 6, 9]",True,1562,1.4179604426402268,0.0,1.6020823471299597,0.19605201348973286,0.3298431694656756,0.3391533934134873,min_cost_max_flow,115,22,115,6,172,9
move,"['move', 22, 7, 8]",True,1562,1.3645978349901335,0.0,1.6020823471299597,0.2374845121398261,0.4333891426467744,0.3626690228363469,min_cost_max_flow,141,22,141,7,148,8
move,"['move', 22, 4, 3]",True,1562,1.4095767352834572,0.0,1.6020823471299597,0.19250561184650242,0.32115603205602383,0.2199089277972578,min_cost_max_flow,86,22,86,4,56,3
move,"['move', 8, 0, 4]",True,1572,1.9940796453436482,0.0,2.4308401208253096,0.4367604754816614,0.8755758779534517,1.0318231784142002,min_cost_max_flow,5,8,5,0,86,4
move,"['move', 8, 7, 4]",True,1572,2.2315647431098804,0.0,2.4308401208253096,0.1992753777154292,0.2829663390366477,0.29635284589663097,min_cost_max_flow,130,8,130,7,73,4
move,"['move', 8, 8, 4]",True,1572,2.1657040497018247,0.0,2.4308401208253096,0.26513607112348503,0.4471868423443084,0.5838396542157996,min_cost_max_flow,153,8,153,8,80,4
move,"['move', 8, 3, 1]",True,1572,2.176509190015377,0.0,2.4308401208253096,0.2619645109349325,0.4397107360018708,0.2819769015866995,min_cost_max_flow,63,8,63,3,30,1
move,"['move', 8, 1, 9]",True,1582,2.4272140731655485,0.0,2.654011256558275,0.22679718339272684,0.35173234042122203,0.3220280516764563,min_cost_max_flow,30,8,30,1,175,9
move,"['move', 8, 8, 9]",True,1582,2.493998975013121,0.0,2.654011256558275,0.1600122815451545,0.1850181578338379,0.15664669731200564,min_cost_max_flow,157,8,157,8,176,9
move,"['move', 8, 3, 6]",True,1582,2.32088306845161,0.0,2.654011256558275,0.33312818810666506,0.6172207642321155,0.5480867009777928,min_cost_max_flow,55,8,55,3,117,6
move,"['move', 8, 7, 9]",True,1582,2.333203998490786,0.0,2.654011256558275,0.32080725806748883,0.5863748493884486,0.5771465314618834,min_cost_max_flow,134,8,134,7,177,9
move,"['move', 20, 0, 8]",True,1592,1.3853839997901711,0.0,1.7541940291384182,0.368810029348247,0.6136807948496426,0.5868359110006871,min_cost_max_flow,3,20,3,0,150,8
move,"['move', 20, 7, 8]",True,1592,1.4840276817897862,0.0,1.7541940291384182,0.270166347348632,0.3673613913833833,0.39363488914847655,min_cost_max_flow,135,20,135,7,152,8
move,"['move', 20, 3, 8]",True,1592,1.329415106548274,0.0,1.7541940291384182,0.4247789225901441,0.7530273946922534,0.970591419088549,min_cost_max_flow,67,20,67,3,153,8
move,"['move', 20, 0, 2]",True,1592,1.2586307579634406,0.0,1.7541940291384182,0.4955632711749775,0.9299970893789578,0.9647092693413808,min_cost_max_flow,4,20,4,0,44,2
move,"['move', 8, 5, 7]",True,1602,1.8204830413413555,0.0,2.054782980578464,0.23585770548710847,0.3744146350163646,0.30136847888411483,min_cost_max_flow,95,8,95,5,129,7
move,"['move', 8, 4, 7]",True,1602,1.755156027789573,0.0,2.054782980578464,0.2996269527888911,0.5337067396121711,0.3887109179841173,min_cost_max_flow,73,8,73,4,130,7
move,"['move', 8, 4, 1]",True,1602,1.7363657510295551,0.0,2.054782980578464,0.3184172295489089,0.5806519197649322,0.4090520828396237,min_cost_max_flow,80,8,80,4,27,1
move,"['move', 8, 6, 1]",True,1602,1.8262074036634666,0.0,2.054782980578464,0.22857557691499755,0.35621194093073427,0.29961691578617394,min_cost_max_flow,117,8,117,6,30,1
move,"['move', 20, 6, 3]",True,1612,2.2134565593817337,0.0,2.497213429429378,0.2837568700476447,0.4007988195789949,0.7528872570952562,min_cost_max_flow,116,20,116,6,63,3
move,"['move', 20, 2, 3]",True,1612,2.002742673681869,0.0,2.497213429429378,0.494470755747509,0.9268742736931017,1.2257273474644186,min_cost_max_flow,44,20,44,2,55,3
move,"['move', 20, 5, 3]",True,1612,1.9859545077289784,0.0,2.497213429429378,0.5260953889503999,1.0063646939324826,0.9398358593620506,min_cost_max_flow,95,20,95,5,57,3
move,"['move', 20, 4, 3]",True,1612,2.1126215992960162,0.0,2.497213429429378,0.38459183013336173,0.6529914329275925,0.6827451675585625,min_cost_max_flow,82,20,82,4,58,3
move,"['move', 22, 8, 7]",True,1622,2.101678860439179,0.0,2.2757890626965804,0.17411020225740134,0.2751111681754992,0.2574688663118809,min_cost_max_flow,148,22,148,8,134,7
move,"['move', 22, 9, 7]",True,1622,2.107621324595638,0.0,2.2757890626965804,0.16816773810094254,0.2604528806041344,0.12555365312375993,min_cost_max_flow,170,22,170,9,135,7
move,"['move', 22, 9, 2]",True,1622,1.9702842830273533,0.0,2.2757890626965804,0.30550477966922723,0.602974951170836,0.6725758891304459,min_cost_max_flow,172,22,172,9,44,2
move,"['move', 22, 5, 4]",True,1622,2.225737325518656,0.0,2.2757890626965804,0.16349987330292437,0.24882761881417537,0.0959535163994844,min_cost_max_flow,107,22,107,5,73,4
move,"['move', 22, 7, 9]",True,1632,1.97504553127159,0.0,2.1281992618992245,0.15315373062763454,0.2228382888588385,0.17860236114101585,min_cost_max_flow,134,22,134,7,170,9
move,"['move', 22, 3, 5]",True,1632,1.8678874578923212,0.0,2.1281992618992245,0.2603118040069033,0.4904449413079419,0.3709563605199334,min_cost_max_flow,56,22,56,3,97,5
move,"['move', 22, 2, 5]",True,1632,1.8081642100374484,0.0,2.1281992618992245,0.32003505186177605,0.6394216959724872,0.5918663422776297,min_cost_max_flow,38,22,38,2,98,5
move,"['move', 22, 0, 5]",True,1632,1.8882167929294336,0.0,2.1281992618992245,0.23998246896979084,0.43946832310030004,0.4731434370937621,min_cost_max_flow,7,22,7,0,99,5
move,"['move', 20, 0, 6]",True,1642,2.050346800376265,0.0,2.4301242687993123,0.3797774684230475,0.6400962499174057,1.2555976571594427,min_cost_max_flow,7,20,7,0,115,6
move,"['move', 20, 8, 7]",True,1642,2.255889725878594,0.0,2.4301242687993123,0.2154456397957186,0.23060612590234086,0.36263262165449056,min_cost_max_flow,150,20,150,8,134,7
move,"['move', 20, 1, 7]",True,1642,1.8531853628269457,0.0,2.4301242687993123,0.5769389059723667,1.1329241713738156,1.3060459350849227,min_cost_max_flow,34,20,34,1,136,7
move,"['move', 20, 3, 7]",True,1642,1.7565036107586567,0.0,2.4301242687993123,0.6736206580406556,1.3739067048936704,1.7872770356631689,min_cost_max_flow,55,20,55,3,137,7
move,"['move', 5, 3, 4]",True,1652,1.4896295968206428,0.0,1.75142241853376,0.3192333930881171,0.39241050311466097,0.5104963105722129,min_cost_max_flow,60,5,60,3,80,4
move,"['move', 5, 5, 2]",True,1652,1.1117064821107898,0.0,1.75142241853376,0.63971593642297,1.1917390154994791,1.7623936121147172,min_cost_max_flow,106,5,106,5,48,2
move,"['move', 5, 6, 2]",True,1652,1.2029510244395747,0.0,1.75142241853376,0.5726062545941851,1.0237673321280454,1.8940461450958903,min_cost_max_flow,112,5,112,6,37,2
move,"['move', 5, 7, 2]",True,1652,1.2116727035389414,0.0,1.75142241853376,0.5397497149948184,0.9416230180613638,1.8960228572723588,min_cost_max_flow,129,5,129,7,38,2
move,"['move', 27, 1, 0]",True,1662,2.200462815692318,0.0,2.285411396388409,0.1419499018210912,0.15697190742139355,0.19191687668225058,min_cost_max_flow,24,27,24,1,7,0
move,"['move', 27, 1, 2]",True,1662,2.1600067500454085,0.0,2.285411396388409,0.1254046463430006,0.1156807024453883,0.14396106386805158,min_cost_max_flow,23,27,23,1,39,2
move,"['move', 27, 1, 3]",True,1662,1.9730860673078832,0.0,2.285411396388409,0.312325329080526,0.5824069177579076,0.5276220847307485,min_cost_max_flow,28,27,28,1,55,3
move,"['move', 27, 5, 0]",True,1662,1.863586635113794,0.0,2.285411396388409,0.4218247612746151,0.8561561959941173,0.5271569174062154,min_cost_max_flow,103,27,103,5,10,0
move,"['move', 22, 9, 8]",True,1672,1.4366951075197876,0.0,1.6802801051921539,0.24358499767236622,0.44876287289662287,0.2809914105041923,min_cost_max_flow,170,22,170,9,145,8
move,"['move', 22, 2, 0]",True,1672,1.3883223019538882,0.0,1.6802801051921539,0.2919578032382657,0.5696131297918328,0.3354960901967668,min_cost_max_flow,40,22,40,2,2,0
move,"['move', 22, 2, 3]",True,1672,1.4525338843616655,0.0,1.6802801051921539,0.22774622083048832,0.4088651064375881,0.48154098006426066,min_cost_max_flow,44,22,44,2,56,3
move,"['move', 22, 1, 0]",True,1672,1.5704334312509405,0.0,1.6802801051921539,0.10984667394121346,0.11462190005840966,0.14443375072507397,min_cost_max_flow,23,22,23,1,5,0
move,"['move', 20, 7, 1]",True,1682,1.8340302261653565,0.0,2.2768930685313413,0.4428628423659847,0.7978623058043013,1.220516970791036,min_cost_max_flow,134,20,134,7,23,1
move,"['move', 20, 8, 0]",True,1682,1.9808315560467507,0.0,2.2768930685313413,0.2960615124845908,0.4318473023849947,0.5616361146721764,min_cost_max_flow,152,20,152,8,7,0
move,"['move', 20, 3, 2]",True,1682,2.0418136168468823,0.0,2.2768930685313413,0.2350794516844588,0.2797198089756421,0.3431970540206786,min_cost_max_flow,57,20,57,3,40,2
move,"['move', 20, 5, 0]",True,1682,1.763284523045177,0.0,2.2768930685313413,0.5136085454861644,0.9751590882369783,0.9321672159724878,min_cost_max_flow,96,20,96,5,9,0
move,"['move', 22, 8, 9]",True,1692,2.6195501435268738,0.0,2.8796429553043894,0.2600928117775158,0.49001236807816895,0.29435146472274437,min_cost_max_flow,145,22,145,8,170,9
move,"['move', 22, 0, 1]",True,1692,2.678913004605042,0.0,2.8796429553043894,0.25085187619934773,0.4670840241633414,0.1783547776610195,min_cost_max_flow,2,22,2,0,34,1
move,"['move', 22, 0, 9]",True,1692,2.6983241573982033,0.0,2.8796429553043894,0.20632270290618612,0.3556446597103786,0.255975591033577,min_cost_max_flow,5,22,5,0,171,9
move,"['move', 22, 5, 2]",True,1692,2.7455309462265416,0.0,2.8796429553043894,0.13411200907784782,0.17534116065871785,0.10715191157687377,min_cost_max_flow,97,22,97,5,44,2
move,"['move', 8, 1, 0]",True,1702,1.325685830583146,0.0,1.5979119430009097,0.3495881865427636,0.6581789194715384,0.6759806015266536,min_cost_max_flow,30,8,30,1,4,0
move,"['move', 8, 3, 5]",True,1702,1.3308702835451713,0.0,1.5979119430009097,0.26704165945573843,0.452264067123906,0.3750036882398119,min_cost_max_flow,57,8,57,3,106,5
move,"['move', 8, 4, 5]",True,1702,1.4699750184333216,0.0,1.5979119430009097,0.20079598919258818,0.2868974739758414,0.20994868169907285,min_cost_max_flow,86,8,86,4,107,5
move,"['move', 8, 9, 6]",True,1702,1.2071424361358236,0.0,1.5979119430009097,0.3907695068650861,0.7612659008227638,0.5868602379139194,min_cost_max_flow,175,8,175,9,112,6
move,"['move', 20, 0, 4]",True,1712,1.0862961727470561,0.0,1.4584219436087345,0.37212577086167825,0.6218825892174209,0.645208854867198,min_cost_max_flow,7,20,7,0,81,4
move,"['move', 20, 3, 5]",True,1712,1.1462538544603182,0.0,1.4584219436087345,0.3121680891484162,0.4719018924915872,0.7028704833195901,min_cost_max_flow,58,20,58,3,96,5
move,"['move', 20, 7, 5]",True,1712,1.0529091341988586,0.0,1.4584219436087345,0.417856794659876,0.7360565388480609,0.7476154314367235,min_cost_max_flow,137,20,137,7,97,5
move,"['move', 20, 6, 4]",True,1712,1.1703782159432097,0.0,1.4584219436087345,0.2880437276655247,0.41170257700650836,0.628478335219648,min_cost_max_flow,115,20,115,6,82,4
move,"['move', 30, 0, 2]",True,1722,1.464539065966708,0.0,1.9774198781571406,0.5128808121904326,0.7668875938543351,1.4181028281705723,min_cost_max_flow,6,30,6,0,40,2
move,"['move', 30, 0, 7]",True,1722,1.220898255135761,0.0,1.9774198781571406,0.7565216230213797,1.3752674231363926,1.899568025044012,min_cost_max_flow,15,30,15,0,129,7
move,"['move', 30, 0, 5]",True,1722,1.2145476447021246,0.0,1.9774198781571406,0.7628722334550159,1.3916134224127745,1.5865858968494644,min_cost_max_flow,18,30,18,0,103,5
move,"['move', 30, 3, 2]",True,1722,1.5510869938775909,0.0,1.9774198781571406,0.4263328842795497,0.5512805727157684,0.9095704024101603,min_cost_max_flow,59,30,59,3,41,2
move,"['move', 22, 2, 8]",True,1732,2.23210823666717,0.0,2.5032997123727956,0.2711914757056256,0.5177029644873983,0.3317270720861818,min_cost_max_flow,44,22,44,2,145,8
move,"['move', 22, 6, 0]",True,1732,2.1671213692953093,0.0,2.5032997123727956,0.3361783430774864,0.6798182968013862,0.5662844825289002,min_cost_max_flow,114,22,114,6,15,0
move,"['move', 22, 4, 0]",True,1732,2.2224493505014613,0.0,2.5032997123727956,0.28085036187133416,0.5416501221443468,0.4650989103014505,min_cost_max_flow,73,22,73,4,18,0
move,"['move', 22, 5, 0]",True,1732,2.274856434096499,0.0,2.5032997123727956,0.2284432782762966,0.41085633532566135,0.31581746436248365,min_cost_max_flow,98,22,98,5,6,0
move,"['move', 8, 1, 8]",True,1742,1.8339622364311037,0.0,2.1286446956894802,0.29468245925837655,0.5214293912467838,0.33278727738473646,min_cost_max_flow,27,8,27,1,150,8
move,"['move', 8, 6, 4]",True,1742,1.9043844956052527,0.0,2.1286446956894802,0.22426020008422742,0.34516183775122045,0.4740576508451321,min_cost_max_flow,112,8,112,6,73,4
move,"['move', 8, 7, 8]",True,1742,1.895114965142951,0.0,2.1286446956894802,0.23352973054652917,0.36846764973233803,0.3860671006030134,min_cost_max_flow,129,8,129,7,152,8
move,"['move', 8, 9, 4]",True,1742,1.8136322091078345,0.0,2.1286446956894802,0.31501248658164577,0.5718254827916098,0.6187717862827365,min_cost_max_flow,176,8,176,9,84,4
move,"['move', 8, 4, 3]",True,1752,2.4268487043712255,0.0,2.5782290812326636,0.15138037686143802,0.16339429833897157,0.18604522102872384,min_cost_max_flow,73,8,73,4,57,3
move,"['move', 8, 8, 6]",True,1752,2.364022779175296,0.0,2.5782290812326636,0.2142063020573676,0.3203672384734091,0.24729379128637757,min_cost_max_flow,150,8,150,8,112,6
move,"['move', 8, 0, 6]",True,1752,2.272803137335898,0.0,2.5782290812326636,0.30542594389676564,0.5481519062996085,0.42358497281666113,min_cost_max_flow,4,8,4,0,114,6
move,"['move', 8, 8, 1]",True,1752,2.2959207830878365,0.0,2.5782290812326636,0.28230829814482694,0.4903420205009752,0.4340992520077796,min_cost_max_flow,152,8,152,8,23,1
move,"['move', 8, 6, 8]",True,1762,2.1226240219036003,0.0,2.280424546318698,0.15780052441509743,0.17939078566269018,0.22196626131534436,min_cost_max_flow,112,8,112,6,148,8
move,"['move', 8, 4, 8]",True,1762,1.9353169244467117,0.0,2.280424546318698,0.3451076218719862,0.6470501138064719,0.6275765936086075,min_cost_max_flow,84,8,84,4,150,8
move,"['move', 8, 7, 1]",True,1762,2.0499809293346,0.0,2.280424546318698,0.23044361698409757,0.360887417482445,0.29603266314569615,min_cost_max_flow,130,8,130,7,24,1
move,"['move', 8, 9, 8]",True,1762,1.964353668154204,0.0,2.280424546318698,0.31607087816449386,0.5746088891974068,0.5271534871648766,min_cost_max_flow,177,8,177,9,152,8
move,"['move', 22, 8, 4]",True,1772,1.4896811483422814,0.0,1.8245753499627215,0.3348942016204402,0.676717208512855,0.4934409131393102,min_cost_max_flow,145,22,145,8,86,4
move,"['move', 22, 9, 4]",True,1772,1.4848501161559264,0.0,1.8245753499627215,0.339725233806795,0.6885873582141357,0.6317280895434779,min_cost_max_flow,170,22,170,9,73,4
move,"['move', 22, 1, 2]",True,1772,1.5384870838104345,0.0,1.8245753499627215,0.28608826615228694,0.5548348595111747,0.4051144673375162,min_cost_max_flow,34,22,34,1,42,2
move,"['move', 22, 3, 2]",True,1772,1.5157170680409333,0.0,1.8245753499627215,0.3088582819217881,0.6119211062032264,0.29764295513832273,min_cost_max_flow,56,22,56,3,44,2
move,"['move', 22, 9, 1]",True,1782,1.9048211270719573,0.0,2.128479412928054,0.22365828585609668,0.39890140868374147,0.3107811919758976,min_cost_max_flow,171,22,171,9,34,1
move,"['move', 22, 0, 3]",True,1782,1.977148912021173,0.0,2.128479412928054,0.1513305009068811,0.2183111140766414,0.15800268135002907,min_cost_max_flow,6,22,6,0,59,3
move,"['move', 22, 4, 6]",True,1782,1.9519538034558006,0.0,2.128479412928054,0.1765256094722533,0.28107149722927716,0.3095948552131422,min_cost_max_flow,73,22,73,4,112,6
move,"['move', 22, 2, 1]",True,1782,1.9173346619203726,0.0,2.128479412928054,0.21114475100768146,0.36785936731030233,0.1495840269100025,min_cost_max_flow,42,22,42,2,25,1
move,"['move', 8, 8, 7]",True,1792,1.48006000889487,0.0,1.6005100128072831,0.1204500039124131,0.08618078047220479,0.11110221716505607,min_cost_max_flow,148,8,148,8,129,7
move,"['move', 8, 8, 9]",True,1792,1.3955641737920592,0.0,1.6005100128072831,0.20494583901522398,0.2972583398986899,0.21912110419313863,min_cost_max_flow,150,8,150,8,170,9
move,"['move', 8, 1, 9]",True,1792,1.3510347764904451,0.0,1.6005100128072831,0.24947523631683796,0.4083771426230669,0.3555814572984134,min_cost_max_flow,23,8,23,1,171,9
move,"['move', 8, 5, 9]",True,1792,1.298111391068756,0.0,1.6005100128072831,0.315945141738527,0.5742790486510785,0.5374864747723331,min_cost_max_flow,107,8,107,5,172,9
move,"['move', 20, 2, 6]",True,1802,3.131298248261635,0.0,3.551898696276944,0.42060044801530905,0.7428495160165767,0.7917195781479458,min_cost_max_flow,40,20,40,2,115,6
move,"['move', 20, 3, 6]",True,1802,3.2467847849200693,0.0,3.551898696276944,0.30511391135687493,0.4540317085884453,0.859363432845365,min_cost_max_flow,63,20,63,3,116,6
move,"['move', 20, 5, 9]",True,1802,3.048206169494498,0.0,3.551898696276944,0.5036925267824464,0.9496394769303151,1.4185435808846525,min_cost_max_flow,96,20,96,5,175,9
move,"['move', 20, 7, 6]",True,1802,3.3258532423328315,0.0,3.551898696276944,0.2260454539441127,0.2570288399947458,0.4138468073747073,min_cost_max_flow,136,20,136,7,117,6
move,"['move', 20, 9, 3]",True,1812,1.522725781151895,0.0,1.8956961326081574,0.3729703514562623,0.6233622761465085,1.066385226448842,min_cost_max_flow,175,20,175,9,63,3
move,"['move', 20, 0, 3]",True,1812,1.3905608925462576,0.0,1.8956961326081574,0.5051352400618997,0.9535473608812026,1.2178097460484356,min_cost_max_flow,9,20,9,0,56,3
move,"['move', 20, 6, 7]",True,1812,1.5911921470706516,0.0,1.8956961326081574,0.3045039855375057,0.45324496960893157,0.3673130535724797,min_cost_max_flow,115,20,115,6,130,7
move,"['move', 20, 1, 3]",True,1812,1.627654095911514,0.0,1.8956961326081574,0.2680420366966435,0.36200286052917363,0.4254710386408208,min_cost_max_flow,23,20,23,1,57,3
move,"['move', 20, 3, 0]",True,1828,1.3844593041175421,0.0,1.6761668013718025,0.2917074972542604,0.4207154800205899,0.7261589737247416,min_cost_max_flow,56,20,56,3,3,0
move,"['move', 20, 7, 0]",True,1828,1.4317738960866657,0.0,1.6761668013718025,0.24439290528513685,0.30289729588184855,0.4139617843464782,min_cost_max_flow,130,20,130,7,4,0
move,"['move', 20, 6, 2]",True,1828,1.0584766656189875,0.0,1.6761668013718025,0.6176901357528151,1.234920643382793,1.2271142298471942,min_cost_max_flow,116,20,116,6,42,2
move,"['move', 20, 4, 2]",True,1828,1.3248135516399708,0.0,1.6761668013718025,0.35135324973183174,0.5699873774901789,0.6211481232843561,min_cost_max_flow,81,20,81,4,40,2
move,"['move', 22, 7, 9]",True,1838,1.3218300565862253,0.0,1.5267649169709405,0.21667908888471513,0.38139529129330185,0.3495311666330615,min_cost_max_flow,135,22,135,7,175,9
move,"['move', 22, 2, 9]",True,1838,1.192286154163401,0.0,1.5267649169709405,0.3344787628075397,0.6755271664005704,0.5944042998282004,min_cost_max_flow,44,22,44,2,176,9
move,"['move', 22, 1, 9]",True,1838,1.207202408710505,0.0,1.5267649169709405,0.3195625082604353,0.6385635099322826,0.37641770017946585,min_cost_max_flow,25,22,25,1,177,9
move,"['move', 22, 0, 8]",True,1838,1.2906725262325365,0.0,1.5267649169709405,0.23609239073840396,0.42992675786081236,0.3507232111075047,min_cost_max_flow,15,22,15,0,148,8
move,"['move', 16, 0, 6]",True,1848,1.7483947271086415,0.0,1.9022452414041393,0.3265612464204978,0.6661921024024196,0.492452938659444,min_cost_max_flow,2,16,2,0,115,6
move,"['move', 16, 1, 2]",True,1848,1.6861385449130568,0.0,1.9022452414041393,0.21610669649108247,0.39042971275921445,0.2431294851040412,min_cost_max_flow,22,16,22,1,44,2
move,"['move', 16, 1, 6]",True,1848,1.653511457411568,0.0,1.9022452414041393,0.24873378399257132,0.4716625769469829,0.4663658624065167,min_cost_max_flow,26,16,26,1,116,6
move,"['move', 16, 1, 3]",True,1848,1.764927323451355,0.0,1.9022452414041393,0.13731791795278436,0.19346757770472323,0.2365886242680061,min_cost_max_flow,36,16,36,1,56,3
move,"['move', 15, 9, 1]",True,1858,1.830789723344783,0.0,2.1963473673770864,0.42889669390730334,0.6290874691803765,0.7715070268214597,min_cost_max_flow,163,15,163,9,23,1
move,"['move', 15, 9, 0]",True,1858,1.50124193836039,0.0,2.1963473673770864,0.6951054290166964,1.2936072382908606,1.4395528021536659,min_cost_max_flow,166,15,166,9,15,0
move,"['move', 15, 9, 2]",True,1858,1.2256389783306738,0.0,2.1963473673770864,0.9707083890464125,1.9822631464230653,1.673880763543878,min_cost_max_flow,177,15,177,9,42,2
move,"['move', 15, 7, 2]",True,1858,1.358156810321196,0.0,2.1963473673770864,0.8399897428058901,1.6538468103426567,2.753694416279041,min_cost_max_flow,135,15,135,7,44,2
move,"['move', 5, 1, 7]",True,1868,1.0816223778458967,0.0,1.6008720835361403,0.5192497056902438,0.8915108959517966,1.1374220893597027,min_cost_max_flow,31,5,31,1,135,7
move,"['move', 5, 2, 7]",True,1868,1.2742600273045064,0.0,1.6008720835361403,0.41801960598163385,0.6384448939243157,1.1312572599968926,min_cost_max_flow,38,5,38,2,130,7
move,"['move', 5, 2, 0]",True,1868,1.2071656419430716,0.0,1.6008720835361403,0.3937064415930686,0.5782816690443724,0.7181331990171314,min_cost_max_flow,37,5,37,2,5,0
move,"['move', 5, 2, 5]",True,1868,1.0017731769702372,0.0,1.6008720835361403,0.5990989065659033,1.0910440247644146,1.1973376737132213,min_cost_max_flow,48,5,48,2,95,5
move,"['move', 20, 5, 7]",True,1878,1.5003945033045663,0.0,1.7543537120127124,0.2539592087081461,0.32633905087277526,0.729964162077315,min_cost_max_flow,97,20,97,5,134,7
move,"['move', 20, 2, 7]",True,1878,1.0705437201322432,0.0,1.7543537120127124,0.711711670880469,1.4696910826532985,1.4160465956001382,min_cost_max_flow,42,20,42,2,135,7
move,"['move', 20, 4, 7]",True,1878,1.4811239626417052,0.0,1.7543537120127124,0.2732297493710071,0.37476250659892685,0.565228116077942,min_cost_max_flow,82,20,82,4,136,7
move,"['move', 20, 3, 9]",True,1878,1.1373446355125933,0.0,1.7543537120127124,0.6231889636251191,1.2485311047821597,1.3181864174428235,min_cost_max_flow,63,20,63,3,166,9
move,"['move', 8, 1, 4]",True,1888,2.0264500886719032,0.0,2.275239429265158,0.24878934059325464,0.40657712653046474,0.4124326463943266,min_cost_max_flow,24,8,24,1,73,4
move,"['move', 8, 5, 4]",True,1888,1.9577673925221892,0.0,2.275239429265158,0.3174720367429689,0.5779104338835168,0.6613879938832576,min_cost_max_flow,106,8,106,5,81,4
move,"['move', 8, 3, 4]",True,1888,1.9686918016659796,0.0,2.275239429265158,0.3065476275991786,0.5509284360305173,0.4420379895656773,min_cost_max_flow,57,8,57,3,82,4
move,"['move', 8, 2, 4]",True,1888,2.092213702437081,0.0,2.275239429265158,0.18302572682807705,0.2424305978747725,0.23742880822648055,min_cost_max_flow,46,8,46,2,84,4
move,"['move', 20, 9, 4]",True,1898,2.3723519527947037,0.0,3.102822995298613,0.7304710425039095,1.5161976667041017,1.677276600798703,min_cost_max_flow,166,20,166,9,86,4
move,"['move', 20, 2, 5]",True,1898,2.545396433207474,0.0,3.102822995298613,0.5574265620911388,1.0840828946857073,1.3463239251106687,min_cost_max_flow,40,20,40,2,106,5
move,"['move', 20, 0, 5]",True,1898,2.3364850187393147,0.0,3.102822995298613,0.7663379765592986,1.6054050056263804,1.9839407449280364,min_cost_max_flow,3,20,3,0,95,5
move,"['move', 20, 8, 4]",True,1898,2.6719589349894006,0.0,3.102822995298613,0.4308640603092126,0.7682836284839141,0.9416650897622819,min_cost_max_flow,153,20,153,8,87,4
move,"['move', 30, 2, 1]",True,1908,1.4663510138448026,0.0,2.128183659977543,0.6618326461327406,1.140064620263729,0.886475125754489,min_cost_max_flow,40,30,40,2,27,1
move,"['move', 30, 2, 3]",True,1908,1.5828644493983757,0.0,2.128183659977543,0.5453192105791677,0.8484948518744204,1.0772614626718418,min_cost_max_flow,41,30,41,2,63,3
move,"['move', 30, 4, 1]",True,1908,1.3454317686961812,0.0,2.128183659977543,0.8285147916563619,1.5552571076004824,1.8950594406208707,min_cost_max_flow,90,30,90,4,31,1
move,"['move', 30, 5, 1]",True,1908,1.3596639375432664,0.0,2.128183659977543,0.7685197224342769,1.4046226990540163,2.3262164347902545,min_cost_max_flow,103,30,103,5,36,1
move,"['move', 22, 8, 0]",True,1918,1.864098700461992,0.0,2.130656123881738,0.2665574234197459,0.5062662569289387,0.2327783012598403,min_cost_max_flow,148,22,148,8,2,0
move,"['move', 22, 9, 7]",True,1918,1.9270899474115692,0.0,2.130656123881738,0.2131502077201685,0.3727643001511751,0.22205665380655815,min_cost_max_flow,175,22,175,9,137,7
move,"['move', 22, 3, 7]",True,1918,1.821580944032979,0.0,2.130656123881738,0.3480339949737587,0.7094102338269295,0.5977462926204875,min_cost_max_flow,59,22,59,3,138,7
move,"['move', 22, 6, 7]",True,1918,1.870639581312242,0.0,2.130656123881738,0.2600165425694959,0.48973859262332553,0.3497530879185483,min_cost_max_flow,112,22,112,6,140,7
move,"['move', 20, 6, 8]",True,1928,2.9393127784717135,0.0,3.401195847231362,0.4618830687596484,0.8458449009121978,0.9324975549661765,min_cost_max_flow,117,20,117,6,145,8
move,"['move', 20, 5, 8]",True,1928,3.0007822572180505,0.0,3.401195847231362,0.4266552046383115,0.7579179951062542,0.8373278900337184,min_cost_max_flow,95,20,95,5,148,8
move,"['move', 20, 3, 1]",True,1928,3.0794418559784433,0.0,3.401195847231362,0.3217539912529185,0.49596318967451225,0.6385092022066775,min_cost_max_flow,57,20,57,3,22,1
move,"['move', 20, 4, 1]",True,1928,2.86094408260042,0.0,3.401195847231362,0.5402517646309416,1.0413554295737413,1.2066382327591056,min_cost_max_flow,86,20,86,4,23,1
move,"['move', 20, 7, 3]",True,1938,1.5208161901156705,0.0,2.049879235482126,0.5290630453664555,1.0129514497020864,1.4947593730523707,min_cost_max_flow,134,20,134,7,57,3
move,"['move', 20, 8, 3]",True,1938,1.6800007940914514,0.0,2.049879235482126,0.36987844139067455,0.6157747811848822,0.9715317582201464,min_cost_max_flow,145,20,145,8,58,3
move,"['move', 20, 5, 6]",True,1938,1.6175990007361167,0.0,2.049879235482126,0.43228023474600924,0.7721519287442788,0.7230889775135062,min_cost_max_flow,106,20,106,5,117,6
move,"['move', 20, 8, 6]",True,1938,1.5384322189215855,0.0,2.049879235482126,0.5114470165605405,0.9692680088301131,1.2570052778427432,min_cost_max_flow,148,20,148,8,121,6
move,"['move', 20, 1, 8]",True,1948,1.9563821214676635,0.0,2.3510157514632994,0.3946336299956358,0.6775357430087752,1.056204883893574,min_cost_max_flow,22,20,22,1,145,8
move,"['move', 20, 4, 5]",True,1948,2.143906580708551,0.0,2.3510157514632994,0.20710917075474872,0.20974226418184116,0.3777587003711688,min_cost_max_flow,87,20,87,4,106,5
move,"['move', 20, 1, 5]",True,1948,1.896411445695033,0.0,2.3510157514632994,0.4546043057682666,0.8270653130966821,1.3209511130069733,min_cost_max_flow,23,20,23,1,96,5
move,"['move', 20, 6, 8]",True,1948,1.9727126676493905,0.0,2.3510157514632994,0.37830308381390887,0.6370670626565698,0.8177481491522844,min_cost_max_flow,117,20,117,6,148,8
move,"['move', 20, 5, 4]",True,1958,1.5236052361969672,0.0,2.0520386158661803,0.528433379669213,1.0119541421809117,1.110188225097809,min_cost_max_flow,96,20,96,5,90,4
move,"['move', 20, 8, 2]",True,1958,1.5602555703465208,0.0,2.0520386158661803,0.49178304551965957,0.9198352194071049,1.4389131583800239,min_cost_max_flow,145,20,145,8,40,2
move,"['move', 20, 8, 1]",True,1958,1.7087679811853187,0.0,2.0520386158661803,0.3432706346808617,0.5496554757592094,0.7047241923140217,min_cost_max_flow,148,20,148,8,22,1
move,"['move', 20, 0, 1]",True,1958,1.8092309406230649,0.0,2.0520386158661803,0.24280767524311533,0.2990433403465431,0.34121540451422194,min_cost_max_flow,4,20,4,0,23,1
move,"['move', 22, 4, 2]",True,1968,2.3960819444985804,0.0,2.649974391819338,0.2538924473207579,0.47451188521881704,0.29406594302750205,min_cost_max_flow,86,22,86,4,46,2
move,"['move', 22, 7, 2]",True,1968,2.353869566793757,0.0,2.649974391819338,0.29610482502558116,0.579882691930834,0.4008243097216795,min_cost_max_flow,137,22,137,7,48,2
move,"['move', 22, 0, 6]",True,1968,2.288239675069033,0.0,2.649974391819338,0.36173471675030505,0.7438800029231061,0.45243652274671997,min_cost_max_flow,2,22,2,0,117,6
move,"['move', 22, 0, 2]",True,1968,2.5422640072983036,0.0,2.649974391819338,0.10771038452103472,0.10936666904672165,0.08743872488584378,min_cost_max_flow,18,22,18,0,37,2
move,"['move', 8, 9, 5]",True,1978,1.8514525563531623,0.0,2.0566224933383377,0.20516993698517547,0.2976821729680523,0.3100623412039637,min_cost_max_flow,170,8,170,9,96,5
move,"['move', 8, 6, 5]",True,1978,1.9449838574836011,0.0,2.0566224933383377,0.14031829310473667,0.135796318998473,0.14789185352554002,min_cost_max_flow,114,8,114,6,97,5
move,"['move', 8, 4, 3]",True,1978,1.860510762759723,0.0,2.0566224933383377,0.2706878108286145,0.46123704650017316,0.469936392188396,min_cost_max_flow,84,8,84,4,59,3
move,"['move', 8, 9, 3]",True,1978,1.6860397588863887,0.0,2.0566224933383377,0.37058273445194906,0.7105472110815754,0.7546993768111323,min_cost_max_flow,171,8,171,9,57,3
move,"['move', 15, 2, 8]",True,1988,1.1619252249301257,0.0,2.0492055202717654,0.9866691935916395,2.020538950622722,2.7580188724843717,min_cost_max_flow,42,15,42,2,145,8
move,"['move', 15, 4, 3]",True,1988,1.6820018691355176,0.0,2.0492055202717654,0.4012822226362479,0.5601103767294262,0.7321165423625112,min_cost_max_flow,77,15,77,4,59,3
move,"['move', 15, 4, 8]",True,1988,1.5187790867226738,0.0,2.0492055202717654,0.5304264335490915,0.880929842878686,2.09282396426194,min_cost_max_flow,75,15,75,4,148,8
move,"['move', 15, 5, 3]",True,1988,1.5000704651158259,0.0,2.0492055202717654,0.5491350551559395,0.9282163629723073,1.74951324659448,min_cost_max_flow,104,15,104,5,63,3
move,"['move', 8, 5, 2]",True,1998,2.1349672413597474,0.0,2.4312372050913873,0.2962699637316398,0.5250439795854618,0.568902507038033,min_cost_max_flow,96,8,96,5,38,2
move,"['move', 8, 3, 2]",True,1998,2.267910117809848,0.0,2.4312372050913873,0.16332708728153927,0.19324705199687742,0.19539348259358671,min_cost_max_flow,57,8,57,3,40,2
move,"['move', 8, 4, 2]",True,1998,2.2658661352519416,0.0,2.4312372050913873,0.16537106983944558,0.1982825471277465,0.2450343251913815,min_cost_max_flow,73,8,73,4,41,2
move,"['move', 8, 5, 0]",True,1998,2.031675346425403,0.0,2.4312372050913873,0.39956185866598437,0.7828110614391335,0.877339495164514,min_cost_max_flow,97,8,97,5,18,0
move,"['move', 8, 0, 5]",True,2008,1.7057748071334808,0.0,1.976340637920746,0.2705658307872651,0.46117129549384117,0.31047032749402803,min_cost_max_flow,18,8,18,0,107,5
move,"['move', 8, 7, 5]",True,2008,1.688965721706053,0.0,1.976340637920746,0.2873749162146931,0.5028321161189524,0.5517322897998433,min_cost_max_flow,129,8,129,7,96,5
move,"['move', 8, 2, 5]",True,2008,1.6680924391736118,0.0,1.976340637920746,0.3082481987471342,0.5550491499525378,0.5291806214781118,min_cost_max_flow,38,8,38,2,97,5
move,"['move', 8, 2, 1]",True,2008,1.7455532020155544,0.0,1.976340637920746,0.23078743590519157,0.36166392062295927,0.35139543795952166,min_cost_max_flow,40,8,40,2,25,1
move,"['move', 8, 1, 7]",True,2018,2.538873125334211,0.0,2.8010250182141436,0.2621518928799323,0.43983935087089776,0.5085368972350006,min_cost_max_flow,25,8,25,1,129,7
move,"['move', 8, 2, 7]",True,2018,2.4788121610086984,0.0,2.8010250182141436,0.3222128572054453,0.5897229447327845,0.6877481984987993,min_cost_max_flow,41,8,41,2,134,7
move,"['move', 8, 9, 7]",True,2018,2.518593993782763,0.0,2.8010250182141436,0.282431024431381,0.4905732156112208,0.48451298943419613,min_cost_max_flow,172,8,172,9,141,7
move,"['move', 8, 3, 0]",True,2018,2.4060488098914603,0.0,2.8010250182141436,0.39497620832268343,0.7715682351590658,0.7298064430414731,min_cost_max_flow,59,8,59,3,18,0
move,"['move', 8, 0, 1]",True,2028,1.865633568014795,0.0,2.2010285312498734,0.33539496323507834,0.6228360046443413,0.5825516401826842,min_cost_max_flow,18,8,18,0,25,1
move,"['move', 8, 7, 6]",True,2028,2.0448164895814442,0.0,2.2010285312498734,0.15621204166842903,0.17536987395214965,0.25510282389501965,min_cost_max_flow,129,8,129,7,112,6
move,"['move', 8, 5, 6]",True,2028,2.0719107834262442,0.0,2.2010285312498734,0.1291177478236292,0.10790929148060968,0.0716680635886188,min_cost_max_flow,96,8,96,5,114,6
move,"['move', 8, 8, 6]",True,2028,1.9391407000036514,0.0,2.2010285312498734,0.261887831246222,0.4390438883783645,0.5987425027400533,min_cost_max_flow,152,8,152,8,122,6
move,"['move', 20, 1, 0]",True,2038,1.9667683694754943,0.0,2.430827520902561,0.4640591514270668,0.8508341744636709,1.2331196330146261,min_cost_max_flow,22,20,22,1,18,0
move,"['move', 20, 6, 9]",True,2038,1.9183856348977986,0.0,2.430827520902561,0.5124418860047625,0.9723483077104902,0.861588431294741,min_cost_max_flow,121,20,121,6,163,9
move,"['move', 20, 7, 9]",True,2038,2.0359388438088306,0.0,2.430827520902561,0.3948886770937302,0.6788408719403378,0.6111974263424651,min_cost_max_flow,135,20,135,7,170,9
move,"['move', 20, 4, 0]",True,2038,1.8879001355992162,0.0,2.430827520902561,0.5429273853033447,1.0483267037707265,1.0184898887742744,min_cost_max_flow,90,20,90,4,4,0
move,"['move', 20, 2, 6]",True,2048,1.977214616254655,0.0,2.495423311235792,0.5182086949811369,0.9862696038726426,1.1920726171503842,min_cost_max_flow,40,20,40,2,121,6
move,"['move', 20, 3, 6]",True,2048,2.0232605403852135,0.0,2.495423311235792,0.4721627708505785,0.8716492133971769,0.8624593831968483,min_cost_max_flow,57,20,57,3,123,6
move,"['move', 20, 7, 6]",True,2048,1.9845321814573467,0.0,2.495423311235792,0.5108911297784452,0.9674506045303133,1.542130174217184,min_cost_max_flow,136,20,136,7,109,6
move,"['move', 20, 1, 4]",True,2048,1.98927008843369,0.0,2.495423311235792,0.5061532228021018,0.9561480332886276,1.1806660414353423,min_cost_max_flow,23,20,23,1,90,4
move,"['move', 15, 3, 5]",True,2058,1.612151038007576,0.0,2.126426478334717,0.5142754403271411,0.8429069252306363,0.5231136930444386,min_cost_max_flow,59,15,59,3,95,5
move,"['move', 15, 3, 9]",True,2058,1.2297820815553626,0.0,2.126426478334717,0.8966443967793544,1.7970856854553858,1.685534296900053,min_cost_max_flow,63,15,63,3,166,9
move,"['move', 15, 4, 9]",True,2058,1.431556255314122,0.0,2.126426478334717,0.6948702230205953,1.291669265847304,2.3395244376896414,min_cost_max_flow,83,15,83,4,171,9
move,"['move', 15, 6, 5]",True,2058,1.5899092188460149,0.0,2.126426478334717,0.5365172594887022,0.897474049932498,1.2147291610717903,min_cost_max_flow,120,15,120,6,96,5
move,"['move', 8, 6, 2]",True,2068,2.193936105186304,0.0,2.4334153555293634,0.2394792503430592,0.3831913383328356,0.48614102782137336,min_cost_max_flow,112,8,112,6,40,2
move,"['move', 8, 6, 3]",True,2068,2.13131204772073,0.0,2.4334153555293634,0.30210330780863326,0.5397185200672538,0.5081156474991619,min_cost_max_flow,114,8,114,6,57,3
move,"['move', 8, 5, 3]",True,2068,2.169019013083653,0.0,2.4334153555293634,0.26439634244571053,0.4455181542580249,0.46341724878070667,min_cost_max_flow,97,8,97,5,59,3
move,"['move', 8, 1, 3]",True,2068,2.1905097866450696,0.0,2.4334153555293634,0.24290556888429385,0.3923147166642593,0.1144197089299532,min_cost_max_flow,25,8,25,1,60,3
move,"['move', 5, 0, 2]",True,2078,1.329516240027462,0.0,1.8198653870594224,0.49034914703196025,0.8202057945272827,0.5065586085629545,min_cost_max_flow,5,5,5,0,42,2
move,"['move', 5, 3, 6]",True,2078,1.2326275773328175,0.0,1.8198653870594224,0.5872378097266048,1.0613395249456516,1.231842820724485,min_cost_max_flow,62,5,62,3,112,6
move,"['move', 5, 4, 2]",True,2078,1.2943626967241797,0.0,1.8198653870594224,0.5255026903352428,0.906746676122566,1.4018763838448092,min_cost_max_flow,80,5,80,4,38,2
move,"['move', 5, 5, 6]",True,2078,1.431510090437086,0.0,1.8198653870594224,0.3883552966223363,0.5655905653329683,0.2602940553993407,min_cost_max_flow,95,5,95,5,114,6
move,"['move', 20, 9, 7]",True,2088,1.3866199438479718,0.0,1.6718476581899644,0.28522771434199257,0.4045973799547937,0.6719208304758275,min_cost_max_flow,163,20,163,9,129,7
move,"['move', 20, 9, 2]",True,2088,1.1925045112228954,0.0,1.6718476581899644,0.479343146967069,0.8898031517928757,0.7271273135484614,min_cost_max_flow,170,20,170,9,40,2
move,"['move', 20, 0, 7]",True,2088,1.1315182658605552,0.0,1.6718476581899644,0.5403293923294091,1.041783557524468,1.0505990963871195,min_cost_max_flow,4,20,4,0,135,7
move,"['move', 20, 5, 1]",True,2088,1.0965416580444525,0.0,1.6718476581899644,0.5753060001455118,1.1287883848817728,1.341727218355099,min_cost_max_flow,106,20,106,5,22,1
move,"['move', 8, 3, 8]",True,2098,1.5098135152573775,0.0,1.8259097423123969,0.3160962270550193,0.5747316306951689,0.48757397286584797,min_cost_max_flow,57,8,57,3,150,8
move,"['move', 8, 2, 8]",True,2098,1.478466643288446,0.0,1.8259097423123969,0.347443099023951,0.652898430966161,0.6211604070906147,min_cost_max_flow,40,8,40,2,152,8
move,"['move', 8, 6, 8]",True,2098,1.5390995213634973,0.0,1.8259097423123969,0.2868102209488997,0.501372416758386,0.5837064205218048,min_cost_max_flow,122,8,122,6,153,8
move,"['move', 8, 4, 8]",True,2098,1.5618613720441599,0.0,1.8259097423123969,0.2640483702682371,0.4445759509690106,0.511599145667799,min_cost_max_flow,81,8,81,4,157,8
move,"['move', 22, 2, 4]",True,2108,2.99179102403699,0.0,3.175112528250879,0.1833215042138893,0.298126321293239,0.26620338196523763,min_cost_max_flow,37,22,37,2,86,4
move,"['move', 22, 6, 4]",True,2108,2.8966215893436167,0.0,3.175112528250879,0.2784909389072623,0.5358929477297352,0.37084357992271466,min_cost_max_flow,117,22,117,6,73,4
move,"['move', 22, 1, 3]",True,2108,2.9444962967216735,0.0,3.175112528250879,0.23061623152920555,0.41610119873439544,0.44083061338806395,min_cost_max_flow,34,22,34,1,57,3
move,"['move', 22, 7, 0]",True,2108,2.798287183100266,0.0,3.175112528250879,0.37682534515061294,0.7811943529268319,0.7272505207759645,min_cost_max_flow,138,22,138,7,3,0
move,"['move', 28, 4, 5]",True,2118,1.7490141766662433,0.0,2.4208299005148732,0.67181572384863,1.231732006504899,2.015014085029994,min_cost_max_flow,78,28,78,4,106,5
move,"['move', 28, 7, 5]",True,2118,1.8875410562323116,0.0,2.4208299005148732,0.5332888442825616,0.8868384965753648,1.0658880946054674,min_cost_max_flow,133,28,133,7,95,5
move,"['move', 28, 8, 5]",True,2118,1.8284972242822597,0.0,2.4208299005148732,0.5923326762326135,1.0338272360168048,1.4797817170651808,min_cost_max_flow,146,28,146,8,97,5
move,"['move', 28, 8, 6]",True,2118,2.097634614021426,0.0,2.4208299005148732,0.3231952864934475,0.3619779703876702,0.816975904545,min_cost_max_flow,151,28,151,8,117,6
move,"['move', 15, 4, 6]",True,2128,2.037022737789292,0.0,2.3514971615252502,0.3144744237359579,0.34369707163932617,0.3279884352791347,min_cost_max_flow,85,15,85,4,120,6
move,"['move', 15, 5, 6]",True,2128,1.5618161063887022,0.0,2.3514971615252502,0.7896810551365481,1.5292291611658584,1.984314418574564,min_cost_max_flow,95,15,95,5,122,6
move,"['move', 15, 8, 7]",True,2128,1.8949767206771047,0.0,2.3514971615252502,0.5462513648481455,0.9222071148069517,0.9495281771748422,min_cost_max_flow,145,15,145,8,133,7
move,"['move', 15, 8, 3]",True,2128,1.8663684231109845,0.0,2.3514971615252502,0.48512873841426585,0.7689285170272342,1.2642159738537884,min_cost_max_flow,148,15,148,8,57,3
move,"['move', 8, 8, 0]",True,2138,1.7876385557361707,0.0,2.0520237193655047,0.270281621379334,0.46035230670895544,0.38278050419937065,min_cost_max_flow,153,8,153,8,4,0
move,"['move', 8, 3, 6]",True,2138,1.7862653713967367,0.0,2.0520237193655047,0.2657583479687679,0.4490541598861455,0.3760893684625878,min_cost_max_flow,59,8,59,3,110,6
move,"['move', 8, 3, 1]",True,2138,1.7387956529641646,0.0,2.0520237193655047,0.3132280664013401,0.5674537906197656,0.559199600336049,min_cost_max_flow,60,8,60,3,34,1
move,"['move', 8, 8, 1]",True,2138,1.797757918588317,0.0,2.0520237193655047,0.2542658007771877,0.42041101614086074,0.3172732126853671,min_cost_max_flow,150,8,150,8,23,1
move,"['move', 20, 0, 9]",True,2148,2.001005307545881,0.0,2.506750320459571,0.5057450129136902,0.9551423715165583,1.170757408795576,min_cost_max_flow,18,20,18,0,170,9
move,"['move', 20, 2, 8]",True,2148,2.162912342541953,0.0,2.506750320459571,0.3438379779176182,0.5511551347299246,0.6505236064313504,min_cost_max_flow,40,20,40,2,146,8
move,"['move', 20, 4, 9]",True,2148,1.908397781587933,0.0,2.506750320459571,0.7097762551216383,1.4639077156716667,2.045931651970188,min_cost_max_flow,90,20,90,4,172,9
move,"['move', 20, 1, 9]",True,2148,1.939596200516748,0.0,2.506750320459571,0.5671541199428233,1.1076060761079134,1.8767993964472405,min_cost_max_flow,22,20,22,1,175,9
move,"['move', 22, 3, 1]",True,2158,1.5568153360129309,0.0,1.6764386603830244,0.11962332437009347,0.1391256109418464,0.10304387656729906,min_cost_max_flow,57,22,57,3,22,1
move,"['move', 22, 4, 1]",True,2158,1.4533008669392278,0.0,1.6764386603830244,0.22313779344379667,0.39748724297169247,0.3860709795085505,min_cost_max_flow,73,22,73,4,24,1
move,"['move', 22, 4, 8]",True,2158,1.3383055271215567,0.0,1.6764386603830244,0.3381331332614677,0.6847633944016707,0.5275363889747642,min_cost_max_flow,86,22,86,4,148,8
move,"['move', 22, 2, 6]",True,2158,1.4101443249311352,0.0,1.6764386603830244,0.2662943354518891,0.5053084779028723,0.4328177055426603,min_cost_max_flow,46,22,46,2,111,6
move,"['move', 27, 0, 4]",True,2168,1.616214711039306,0.0,1.82981032495013,0.3551167874108241,0.6896693487833545,0.33843195159638956,min_cost_max_flow,10,27,10,0,86,4
move,"['move', 27, 0, 5]",True,2168,1.4301777571422674,0.0,1.82981032495013,0.3996325678078627,0.8006414257652068,0.5500146254258429,min_cost_max_flow,7,27,7,0,95,5
move,"['move', 27, 1, 4]",True,2168,1.5116129392415851,0.0,1.82981032495013,0.31819738570854494,0.5966749674516905,0.8023500022403951,min_cost_max_flow,29,27,29,1,73,4
move,"['move', 27, 2, 4]",True,2168,1.7027051209544912,0.0,1.82981032495013,0.12710520399563877,0.12005892364686588,0.059409683946599415,min_cost_max_flow,39,27,39,2,75,4
move,"['move', 20, 3, 4]",True,2178,2.1517087323943547,0.0,2.429220736705143,0.2775120043107885,0.3858277918443491,0.3254628520987897,min_cost_max_flow,58,20,58,3,77,4
move,"['move', 20, 7, 2]",True,2178,2.0891251477549946,0.0,2.429220736705143,0.3400955889501483,0.5415501589850464,0.816525823900198,min_cost_max_flow,129,20,129,7,40,2
move,"['move', 20, 7, 4]",True,2178,1.926947052447233,0.0,2.429220736705143,0.50227368425791,0.946476566416095,1.1624130494705323,min_cost_max_flow,135,20,135,7,78,4
move,"['move', 20, 8, 4]",True,2178,1.9777272496618274,0.0,2.429220736705143,0.45149348704331566,0.8198448539915262,0.9498926415260068,min_cost_max_flow,146,20,146,8,80,4
move,"['move', 8, 4, 9]",True,2188,2.291092507233901,0.0,2.649253440740719,0.35816093350681805,0.6796553678577766,0.6462599507919506,min_cost_max_flow,82,8,82,4,177,9
move,"['move', 8, 6, 9]",True,2188,2.4450294932910936,0.0,2.649253440740719,0.20422394744962516,0.29536273790654377,0.2797031562924924,min_cost_max_flow,110,8,110,6,180,9
move,"['move', 8, 0, 3]",True,2188,2.230375095358812,0.0,2.649253440740719,0.41887834538190694,0.8314614448136126,0.6378951053827605,min_cost_max_flow,4,8,4,0,59,3
move,"['move', 8, 7, 9]",True,2188,2.2871627305350564,0.0,2.649253440740719,0.3620907102056627,0.6894684927829076,0.6538044987790542,min_cost_max_flow,134,8,134,7,164,9
move,"['move', 20, 9, 5]",True,2198,2.04890629200095,0.0,2.4304380353747326,0.38153174337378243,0.6450619567694957,0.868918006990863,min_cost_max_flow,170,20,170,9,98,5
move,"['move', 20, 2, 5]",True,2198,1.9296239169524148,0.0,2.4304380353747326,0.5008141184223177,0.9427094782695349,1.2411954211903105,min_cost_max_flow,40,20,40,2,103,5
move,"['move', 20, 6, 0]",True,2198,1.8056316645917452,0.0,2.4304380353747326,0.6644847399079874,1.351465257750533,1.5217115766410296,min_cost_max_flow,109,20,109,6,7,0
move,"['move', 20, 4, 5]",True,2198,1.931488539738936,0.0,2.4304380353747326,0.4989494956357965,0.938056969022,1.235163608678143,min_cost_max_flow,77,20,77,4,104,5
move,"['move', 20, 9, 1]",True,2208,2.2033593881610636,0.0,2.573188565191144,0.36982917703008045,0.6166194917313987,0.3262841262189891,min_cost_max_flow,172,20,172,9,27,1
move,"['move', 20, 5, 2]",True,2208,2.0888044008831073,0.0,2.573188565191144,0.484384164308037,0.9016361343383323,1.2401678515241221,min_cost_max_flow,98,20,98,5,40,2
move,"['move', 20, 6, 1]",True,2208,2.1608714292321456,0.0,2.573188565191144,0.41231713595899855,0.7223036663417588,0.6834326008423643,min_cost_max_flow,121,20,121,6,29,1
move,"['move', 20, 4, 1]",True,2208,2.0932512378967334,0.0,2.573188565191144,0.48149509354441056,0.8947994484478841,0.9828405057788443,min_cost_max_flow,78,20,78,4,30,1
move,"['move', 20, 6, 3]",True,2218,1.9561522571455339,0.0,2.50563597168217,0.5494837145366362,1.063870559897623,1.5831345263290728,min_cost_max_flow,123,20,123,6,57,3
move,"['move', 20, 2, 3]",True,2218,2.3299847972771053,0.0,2.50563597168217,0.17565117440506473,0.1313085980109463,0.2368755648277819,min_cost_max_flow,40,20,40,2,58,3
move,"['move', 20, 5, 3]",True,2218,2.024509610451231,0.0,2.50563597168217,0.4811263612309392,0.8937932821136201,1.0390642061692572,min_cost_max_flow,103,20,103,5,60,3
move,"['move', 20, 5, 8]",True,2218,2.0635402799113693,0.0,2.50563597168217,0.44209569177080055,0.7959351006575162,1.2267360766741668,min_cost_max_flow,104,20,104,5,145,8
move,"['move', 20, 1, 2]",True,2228,2.3844350345824723,0.0,2.8019191579757003,0.41748412339322793,0.7354208601464052,0.5502824547938392,min_cost_max_flow,27,20,27,1,40,2
move,"['move', 20, 8, 7]",True,2228,2.5338959058953594,0.0,2.8019191579757003,0.26802325208034083,0.3619752301128756,0.412583622335072,min_cost_max_flow,145,20,145,8,129,7
move,"['move', 20, 9, 7]",True,2228,2.5019034976248586,0.0,2.8019191579757003,0.3278110258508414,0.5108154309673409,0.8320726701923633,min_cost_max_flow,175,20,175,9,134,7
move,"['move', 20, 0, 5]",True,2228,2.303193315727473,0.0,2.8019191579757003,0.4987258422482277,0.9371289538139536,1.481084768094418,min_cost_max_flow,7,20,7,0,98,5
move,"['move', 20, 4, 6]",True,2238,2.3098114507093293,0.0,2.7308087736336706,0.42099732292434155,0.743933070138155,0.7308083454832097,min_cost_max_flow,80,20,80,4,121,6
move,"['move', 20, 1, 6]",True,2238,2.1686451631093924,0.0,2.7308087736336706,0.5621636105242784,1.095497743695887,1.6315053068900296,min_cost_max_flow,29,20,29,1,123,6
move,"['move', 20, 2, 6]",True,2238,2.3523836174833557,0.0,2.7308087736336706,0.378425156150315,0.6372633310056699,0.8903564770957705,min_cost_max_flow,40,20,40,2,109,6
move,"['move', 20, 1, 8]",True,2238,2.3208239643549913,0.0,2.7308087736336706,0.40998480927867936,0.7159705961712461,1.018268247318849,min_cost_max_flow,30,20,30,1,145,8
move,"['move', 8, 7, 4]",True,2248,1.9052667289780856,0.0,2.1915174086685205,0.2862506796904349,0.5004227714853187,0.28423450512535736,min_cost_max_flow,141,8,141,7,90,4
move,"['move', 8, 8, 4]",True,2248,1.9303444119825344,0.0,2.1915174086685205,0.2611729966859861,0.4372089830430923,0.6306217925283869,min_cost_max_flow,152,8,152,8,77,4
move,"['move', 8, 8, 2]",True,2248,1.8053714571350252,0.0,2.1915174086685205,0.38614595153349524,0.7494784495975182,0.7392355020929317,min_cost_max_flow,157,8,157,8,40,2
move,"['move', 8, 9, 2]",True,2248,1.7686368288873293,0.0,2.1915174086685205,0.4228805797811912,0.8414356805733405,0.6587952643712239,min_cost_max_flow,164,8,164,9,46,2
move,"['move', 8, 3, 7]",True,2258,1.5688297637280668,0.0,1.8348208972575577,0.26599113352949083,0.44969493311145925,0.3368831527916389,min_cost_max_flow,59,8,59,3,135,7
move,"['move', 8, 2, 0]",True,2258,1.483258030626289,0.0,1.8348208972575577,0.35156286663126873,0.6635234063760436,0.4041228126984822,min_cost_max_flow,40,8,40,2,2,0
move,"['move', 8, 5, 7]",True,2258,1.571831157958366,0.0,1.8348208972575577,0.36984544654919177,0.7091227942801197,0.4754974065194285,min_cost_max_flow,107,8,107,5,136,7
move,"['move', 8, 4, 7]",True,2258,1.4680734082334805,0.0,1.8348208972575577,0.3667474890240771,0.7013868237991119,0.46954851866683534,min_cost_max_flow,77,8,77,4,137,7
move,"['move', 22, 8, 3]",True,2268,2.915496569244171,0.0,3.1820651156317323,0.26656854638756117,0.5058723521142383,0.5139197907521066,min_cost_max_flow,148,22,148,8,59,3
move,"['move', 22, 6, 3]",True,2268,2.9497411286277404,0.0,3.1820651156317323,0.23232398700399173,0.4204032945635845,0.41902585190563063,min_cost_max_flow,111,22,111,6,62,3
move,"['move', 22, 1, 4]",True,2268,3.007149842599713,0.0,3.1820651156317323,0.23191659415701935,0.41937175198836485,0.427732823764809,min_cost_max_flow,24,22,24,1,77,4
move,"['move', 22, 7, 3]",True,2268,2.8578385899660255,0.0,3.1820651156317323,0.32422652566570676,0.649826171938912,0.6413387045456256,min_cost_max_flow,140,22,140,7,63,3
move,"['move', 22, 5, 7]",True,2278,2.186377607066939,0.0,2.424935761340784,0.23855815427384483,0.4360913977761811,0.35056915992978777,min_cost_max_flow,99,22,99,5,138,7
move,"['move', 22, 0, 7]",True,2278,2.1803940366366787,0.0,2.424935761340784,0.31650346282910535,0.6308001926154247,0.4535535258680643,min_cost_max_flow,3,22,3,0,140,7
move,"['move', 22, 1, 7]",True,2278,2.113822793362818,0.0,2.424935761340784,0.31111296797796567,0.6170941799755383,0.6067372005596003,min_cost_max_flow,22,22,22,1,141,7
move,"['move', 22, 4, 7]",True,2278,2.1119656062509153,0.0,2.424935761340784,0.3129701550898686,0.6220259157271357,0.41422521933285783,min_cost_max_flow,77,22,77,4,142,7
move,"['move', 22, 7, 5]",True,2288,1.3715110318626536,0.0,1.6093155509277242,0.23780451906507064,0.4342082516886876,0.34994120363508874,min_cost_max_flow,138,22,138,7,99,5
move,"['move', 22, 3, 0]",True,2288,1.3982843539437413,0.0,1.6093155509277242,0.2110311969839828,0.3673454853633302,0.3029152853936121,min_cost_max_flow,59,22,59,3,7,0
move,"['move', 22, 3, 6]",True,2288,1.3751372762278256,0.0,1.6093155509277242,0.23417827469989858,0.42509706282726256,0.3803265026316992,min_cost_max_flow,62,22,62,3,111,6
move,"['move', 22, 7, 6]",True,2288,1.313882294041657,0.0,1.6093155509277242,0.2954332568860672,0.5782860655817785,0.345961643235356,min_cost_max_flow,140,22,140,7,112,6
add,"['add', 13, None, 7]",True,2298,1.0243051820596216,0.0,1.6272828277632454,0.6029776457036239,1.0869102703145472,1.6210986418519235,min_cost_max_flow,97,13,,,138,7
move,"['move', 20, 3, 1]",True,2298,1.224022982242579,0.0,1.6098322268461147,0.4298919134785357,0.7661589223716874,0.7378911134518931,min_cost_max_flow,60,20,60,3,22,1
move,"['move', 20, 7, 1]",True,2298,1.1493181919927766,0.0,1.6098322268461147,0.46051403485333803,0.8418721684538468,1.2992626833494716,min_cost_max_flow,129,20,129,7,25,1
move,"['move', 20, 8, 0]",True,2298,0.7605289529048753,0.0,1.6098322268461147,0.8493032739412394,1.8143137678780477,0.9869282137179904,min_cost_max_flow,145,20,145,8,10,0
move,"['move', 20, 5, 4]",True,2308,1.898503782316123,0.0,2.134410464072439,0.2359066817563161,0.28183377237292007,0.3126049089308498,min_cost_max_flow,98,20,98,5,78,4
move,"['move', 20, 0, 8]",True,2308,1.3184328964079601,0.0,2.134410464072439,0.8159775676644789,1.7310792981552368,0.9337309009909532,min_cost_max_flow,10,20,10,0,145,8
move,"['move', 20, 3, 2]",True,2308,1.8904479918976904,0.0,2.134410464072439,0.24396247217474865,0.30183476439196966,0.40492759361873076,min_cost_max_flow,57,20,57,3,40,2
move,"['move', 20, 7, 8]",True,2308,1.7636835373066369,0.0,2.134410464072439,0.3707269267658023,0.6183395216066856,0.6758471022309019,min_cost_max_flow,134,20,134,7,146,8
move,"['move', 20, 1, 7]",True,2318,1.394810734110652,0.0,1.9050683638881831,0.5102576297775313,0.9652053809440986,1.9831125635039266,min_cost_max_flow,22,20,22,1,129,7
move,"['move', 20, 6, 5]",True,2318,1.5037641543042342,0.0,1.9050683638881831,0.4013042095839491,0.6951057048645453,0.4605296272356699,min_cost_max_flow,109,20,109,6,107,5
move,"['move', 20, 1, 0]",True,2318,1.3382856666641127,0.0,1.9050683638881831,0.5667826972240704,1.108861964847165,0.42050237235800614,min_cost_max_flow,25,20,25,1,10,0
move,"['move', 20, 3, 7]",True,2318,1.511063991043498,0.0,1.9050683638881831,0.39400437284468526,0.6761218141982681,0.9500621726473628,min_cost_max_flow,58,20,58,3,134,7
move,"['move', 20, 2, 1]",True,2328,2.2484057915527447,0.0,2.429198105811173,0.1807923142584286,0.14404216635011835,0.3163964276528559,min_cost_max_flow,40,20,40,2,22,1
move,"['move', 20, 5, 9]",True,2328,1.888557019650894,0.0,2.429198105811173,0.5406410861602791,1.0427421244348807,0.9310442075620269,min_cost_max_flow,107,20,107,5,163,9
move,"['move', 20, 8, 9]",True,2328,1.929753862626998,0.0,2.429198105811173,0.4994442431841749,0.9399423238646705,0.8028396275285778,min_cost_max_flow,145,20,145,8,170,9
move,"['move', 20, 4, 3]",True,2328,2.2007513784642705,0.0,2.429198105811173,0.22844672734690283,0.2632528934555012,0.2666001715213968,min_cost_max_flow,78,20,78,4,59,3
move,"['move', 20, 9, 4]",True,2338,1.3513716210650264,0.0,1.9087650312035518,0.5573934101385254,1.0841691631103458,1.233558387662398,min_cost_max_flow,163,20,163,9,78,4
move,"['move', 20, 1, 2]",True,2338,1.7285402133332264,0.0,1.9087650312035518,0.1802248178703254,0.14262916844381834,0.31256771834753055,min_cost_max_flow,22,20,22,1,40,2
move,"['move', 20, 8, 5]",True,2338,1.2278284319188515,0.0,1.9087650312035518,0.6809365992847003,1.3931391023143078,1.158914161979372,min_cost_max_flow,146,20,146,8,107,5
move,"['move', 20, 3, 4]",True,2338,1.6041691210470734,0.0,1.9087650312035518,0.3045959101564783,0.45337835427199025,0.431597643154385,min_cost_max_flow,59,20,59,3,80,4
move,"['move', 20, 9, 8]",True,2348,2.544701228073436,0.0,3.029713758538219,0.48501253046478315,0.903942667744559,0.7497558419499352,min_cost_max_flow,170,20,170,9,145,8
move,"['move', 20, 4, 8]",True,2348,2.566375530096563,0.0,3.029713758538219,0.46333822844165595,0.8483964174847642,1.656752643267782,min_cost_max_flow,78,20,78,4,146,8
move,"['move', 20, 7, 3]",True,2348,2.60364534666318,0.0,3.029713758538219,0.4260684118750391,0.7555499096379208,1.4380635968019062,min_cost_max_flow,129,20,129,7,59,3
move,"['move', 20, 2, 1]",True,2348,2.8509717823316985,0.0,3.029713758538219,0.1787419762065207,0.13893708997784415,0.3025505893224701,min_cost_max_flow,40,20,40,2,22,1
move,"['move', 5, 6, 0]",True,2358,2.2388740838156505,0.0,2.7288024704699128,0.48992838665426214,0.8175625129661057,1.567479019850704,min_cost_max_flow,112,5,112,6,18,0
move,"['move', 5, 6, 5]",True,2358,2.4470797972910843,0.0,2.7288024704699128,0.2817226731788285,0.29886575300770346,0.3557965330628809,min_cost_max_flow,114,5,114,6,98,5
move,"['move', 5, 7, 0]",True,2358,2.2518167726785014,0.0,2.7288024704699128,0.47698569779141115,0.785621711431304,1.2901986049668999,min_cost_max_flow,130,5,130,7,4,0
move,"['move', 5, 7, 5]",True,2358,2.145706939588474,0.0,2.7288024704699128,0.5830955308814391,1.051103236128256,1.1522372903787301,min_cost_max_flow,135,5,135,7,103,5
move,"['move', 20, 5, 7]",True,2368,1.7448332152241879,0.0,2.205992855850302,0.4611596406261141,0.8433197480917443,1.4102192127113022,min_cost_max_flow,107,20,107,5,129,7
move,"['move', 20, 6, 7]",True,2368,1.6556385169632724,0.0,2.205992855850302,0.5503543388870296,1.0669225454512343,0.9995180745772095,min_cost_max_flow,121,20,121,6,130,7
move,"['move', 20, 8, 7]",True,2368,1.673776646929161,0.0,2.205992855850302,0.5322162089211407,1.021846135819942,0.8202412189572983,min_cost_max_flow,145,20,145,8,135,7
move,"['move', 20, 6, 9]",True,2368,1.6158081222556053,0.0,2.205992855850302,0.5901847335946966,1.1660707583760086,1.2847006375059618,min_cost_max_flow,123,20,123,6,163,9
move,"['move', 15, 3, 8]",True,2378,0.7478476951544417,0.0,1.459182410818559,0.7113347156641172,1.332672066615487,2.4451449981040874,min_cost_max_flow,57,15,57,3,145,8
move,"['move', 15, 5, 8]",True,2378,0.815500671936393,0.0,1.459182410818559,0.643681738882166,1.1646363874751842,1.713969788387256,min_cost_max_flow,96,15,96,5,148,8
move,"['move', 15, 6, 8]",True,2378,0.7004471663681517,0.0,1.459182410818559,0.7587352444504072,1.4526129439436772,1.4854414231273112,min_cost_max_flow,120,15,120,6,150,8
move,"['move', 15, 7, 8]",True,2378,0.8447380843571334,0.0,1.459182410818559,0.6144443264614255,1.093042288091965,0.7143486759659318,min_cost_max_flow,133,15,133,7,151,8
move,"['move', 20, 9, 6]",True,2388,2.4706102359103426,0.0,2.880066176329631,0.40945594041928857,0.714758442602033,0.9449225278096406,min_cost_max_flow,163,20,163,9,114,6
move,"['move', 20, 0, 6]",True,2388,2.326143376610847,0.0,2.880066176329631,0.6897951328437839,1.4151438518056239,1.253303766241416,min_cost_max_flow,10,20,10,0,120,6
move,"['move', 20, 4, 6]",True,2388,2.509079548926308,0.0,2.880066176329631,0.37098662740332317,0.6186016824030958,0.9339076338254491,min_cost_max_flow,80,20,80,4,121,6
move,"['move', 20, 3, 6]",True,2388,2.3659766501367447,0.0,2.880066176329631,0.5140895261928865,0.9753505713742925,1.6061463022999236,min_cost_max_flow,59,20,59,3,123,6
move,"['move', 20, 6, 3]",True,2398,2.169917357132857,0.0,2.5834486482445067,0.4135312911116496,0.7252500636423065,0.7427596548957085,min_cost_max_flow,114,20,114,6,57,3
move,"['move', 20, 1, 3]",True,2398,2.352379833381875,0.0,2.5834486482445067,0.2310688148626316,0.2696797462122049,0.35217752660012114,min_cost_max_flow,22,20,22,1,59,3
move,"['move', 20, 8, 3]",True,2398,2.178509482658846,0.0,2.5834486482445067,0.4049391655856609,0.7030824261346424,1.200975450023905,min_cost_max_flow,146,20,146,8,58,3
move,"['move', 20, 7, 3]",True,2398,2.071127270009699,0.0,2.5834486482445067,0.5125323677348078,0.9717902745542233,1.3844134188815154,min_cost_max_flow,135,20,135,7,60,3
move,"['move', 30, 1, 2]",True,2408,1.748173021527514,0.0,2.3517971952445462,0.6759058952170324,1.1751193333329866,0.9720815534024019,min_cost_max_flow,27,30,27,1,40,2
move,"['move', 30, 1, 5]",True,2408,1.6634953766312377,0.0,2.3517971952445462,0.7293012842383083,1.3065787026716862,2.324817029729238,min_cost_max_flow,31,30,31,1,96,5
move,"['move', 30, 3, 0]",True,2408,1.5700218522226348,0.0,2.3517971952445462,0.7817753430219115,1.4382248355032061,2.0174931147213315,min_cost_max_flow,63,30,63,3,3,0
move,"['move', 30, 6, 0]",True,2408,1.8386081840320532,0.0,2.3517971952445462,0.6352193342124931,1.0720878616521077,1.8487943330895986,min_cost_max_flow,109,30,109,6,5,0
move,"['move', 20, 6, 1]",True,2418,1.3754875990054494,0.0,1.9786200081161045,0.6031324091106552,1.1984382125156117,1.2858570710349266,min_cost_max_flow,120,20,120,6,22,1
move,"['move', 20, 3, 5]",True,2418,1.4645969980250073,0.0,1.9786200081161045,0.5140230100910971,0.976066088063817,1.018275006301094,min_cost_max_flow,57,20,57,3,104,5
move,"['move', 20, 7, 0]",True,2418,1.6555081963886904,0.0,1.9786200081161045,0.32311181172741404,0.4993457903183298,0.6464762304875695,min_cost_max_flow,129,20,129,7,6,0
move,"['move', 20, 3, 0]",True,2418,1.6515971771090436,0.0,1.9786200081161045,0.327022831007061,0.5091133894566156,0.6531089377086808,min_cost_max_flow,58,20,58,3,7,0
add,"['add', 18, None, 7]",True,2434,1.3748254605287973,0.0,1.7394184414881573,0.36459298095936005,0.5259333250542113,0.7253023975665686,min_cost_max_flow,180,18,,,129,7
add,"['add', 18, None, 5]",True,2434,1.4353879654506676,0.0,1.7394184414881573,0.30403047603748967,0.3749547359366261,0.4401869395061141,min_cost_max_flow,67,18,,,105,5
add,"['add', 18, None, 6]",True,2434,1.3811405778856432,0.0,1.7394184414881573,0.358277863602514,0.510348458577937,0.5900177870061195,min_cost_max_flow,129,18,,,114,6
move,"['move', 5, 0, 7]",True,2434,1.205559598165433,0.0,1.6719305130522526,0.46637091488681953,0.759740898713062,0.8527689094755573,min_cost_max_flow,4,5,4,0,133,7
move,"['move', 20, 1, 4]",True,2444,2.288232826508844,0.0,2.655607160398679,0.36737433388983526,0.6097566640200967,0.8100973666784012,min_cost_max_flow,22,20,22,1,77,4
move,"['move', 20, 3, 8]",True,2444,2.211067807465983,0.0,2.655607160398679,0.4445393529326962,0.8026506562891882,0.8224675920521747,min_cost_max_flow,59,20,59,3,146,8
move,"['move', 20, 6, 8]",True,2444,2.2089260770519292,0.0,2.655607160398679,0.44668108334674983,0.8076608480077994,1.0518904697341418,min_cost_max_flow,121,20,121,6,152,8
move,"['move', 20, 5, 8]",True,2444,2.244228994571245,0.0,2.655607160398679,0.4113781658274339,0.7201077302270278,0.5824397913887059,min_cost_max_flow,104,20,104,5,155,8
move,"['move', 20, 0, 2]",True,2454,1.7736483870998196,0.0,2.1300513107335313,0.3564029236337116,0.5824466124322498,0.7311146650368265,min_cost_max_flow,6,20,6,0,37,2
move,"['move', 20, 7, 2]",True,2454,1.8138686513753792,0.0,2.1300513107335313,0.31618265935815193,0.48218885683309054,0.5358446052102428,min_cost_max_flow,130,20,130,7,39,2
move,"['move', 20, 4, 1]",True,2454,1.6660277286953216,0.0,2.1300513107335313,0.4640235820382097,0.8513780634530121,0.8112446586920781,min_cost_max_flow,77,20,77,4,27,1
move,"['move', 20, 0, 1]",True,2454,1.6713965408703488,0.0,2.1300513107335313,0.45865476986318243,0.8370664434442006,1.404304372854371,min_cost_max_flow,7,20,7,0,31,1
move,"['move', 22, 3, 4]",True,2464,2.600066017507793,0.0,2.7248957542794026,0.13806007502160975,0.18510830284139956,0.17583369605899057,min_cost_max_flow,63,22,63,3,77,4
move,"['move', 22, 5, 1]",True,2464,2.442047699828985,0.0,2.7248957542794026,0.28284805445041744,0.546761250236159,0.38716781423212504,min_cost_max_flow,99,22,99,5,22,1
move,"['move', 22, 9, 8]",True,2464,2.586098124341823,0.0,2.7248957542794026,0.1387976299375795,0.1870354323182255,0.12033890479127497,min_cost_max_flow,176,22,176,9,157,8
move,"['move', 22, 7, 8]",True,2464,2.7400027155256383,0.0,2.7248957542794026,0.10036056525376406,0.09100279715130455,0.08032120971282841,min_cost_max_flow,142,22,142,7,158,8
move,"['move', 8, 2, 3]",True,2474,2.1771297080304493,0.0,2.499574414625741,0.32244470659529134,0.5906190323912597,0.47677207592539067,min_cost_max_flow,46,8,46,2,57,3
move,"['move', 8, 1, 5]",True,2474,2.1249086022164967,0.0,2.499574414625741,0.37466581240924407,0.7210743900104717,0.5417100197052679,min_cost_max_flow,23,8,23,1,107,5
move,"['move', 8, 0, 6]",True,2474,2.1203687292800946,0.0,2.499574414625741,0.5254293660956463,1.0974789817228157,0.8779050221463419,min_cost_max_flow,2,8,2,0,120,6
move,"['move', 8, 4, 6]",True,2474,2.283949920552626,0.0,2.499574414625741,0.32141943994811506,0.5882788086346409,0.32814350171081014,min_cost_max_flow,90,8,90,4,121,6
move,"['move', 15, 6, 3]",True,2484,1.3654321035941988,0.0,2.2050628819722564,0.8396307783780577,1.65323893664754,2.560669499969418,min_cost_max_flow,122,15,122,6,59,3
move,"['move', 15, 9, 3]",True,2484,1.4042644178499797,0.0,2.2050628819722564,0.8658238039972768,1.718583626079635,2.6525859106046226,min_cost_max_flow,171,15,171,9,57,3
move,"['move', 15, 9, 7]",True,2484,1.6825454219819482,0.0,2.2050628819722564,0.5225174599903082,0.8630701341244276,0.8176738691286157,min_cost_max_flow,166,15,166,9,130,7
move,"['move', 15, 8, 7]",True,2484,1.488149864573281,0.0,2.2050628819722564,0.7787459863989754,1.5026270709349774,1.493926676540637,min_cost_max_flow,145,15,145,8,135,7
move,"['move', 20, 2, 4]",True,2494,2.183743367445031,0.0,2.510564321324403,0.326820953879372,0.5086033181869425,0.6566945713423277,min_cost_max_flow,37,20,37,2,78,4
move,"['move', 20, 2, 0]",True,2494,2.079573070238462,0.0,2.510564321324403,0.43099125108594116,0.768852567027352,0.7743573553511667,min_cost_max_flow,39,20,39,2,4,0
move,"['move', 20, 1, 5]",True,2494,1.9683443893706591,0.0,2.510564321324403,0.543653023453744,1.0496203484217403,1.3654570387637843,min_cost_max_flow,27,20,27,1,99,5
move,"['move', 20, 6, 4]",True,2494,2.0439469407790423,0.0,2.510564321324403,0.46661738054536095,0.8574185461038724,1.1072537367039808,min_cost_max_flow,123,20,123,6,80,4
move,"['move', 15, 3, 6]",True,2504,1.449921379887508,0.0,2.2077639660961625,0.7695336865836546,1.4786682682606624,2.1126287672160804,min_cost_max_flow,59,15,59,3,122,6
move,"['move', 15, 8, 5]",True,2504,1.4050489577507814,0.0,2.2077639660961625,0.8027150083453811,1.561940174058691,1.900227838074547,min_cost_max_flow,148,15,148,8,104,5
move,"['move', 15, 3, 4]",True,2504,1.6080433927234403,0.0,2.2077639660961625,0.5997205733727222,1.0553568658797303,1.2983750029502363,min_cost_max_flow,57,15,57,3,81,4
move,"['move', 15, 8, 4]",True,2504,1.6805668482657299,0.0,2.2077639660961625,0.5271971178304327,0.8739458396157715,1.3666332751067802,min_cost_max_flow,150,15,150,8,82,4
move,"['move', 20, 7, 6]",True,2514,2.374060320769041,0.0,2.808574447627141,0.4345141268580998,0.7773745296435663,0.9645085648061129,min_cost_max_flow,134,20,134,7,123,6
move,"['move', 20, 0, 9]",True,2514,2.4019086569875503,0.0,2.808574447627141,0.4066657906395904,0.7086251652835927,0.38352444060624763,min_cost_max_flow,4,20,4,0,163,9
move,"['move', 20, 1, 6]",True,2514,2.253760325366868,0.0,2.808574447627141,0.5548141222602728,1.0771331815085432,1.6253996584432864,min_cost_max_flow,31,20,31,1,110,6
move,"['move', 20, 5, 6]",True,2514,2.496089707293797,0.0,2.808574447627141,0.31248474033334384,0.4727877368859481,0.6400595286250429,min_cost_max_flow,99,20,99,5,112,6
move,"['move', 20, 9, 1]",True,2524,2.0460328102135295,0.0,2.6585169839972007,0.6124841737836713,1.221837924025749,1.272323852636781,min_cost_max_flow,163,20,163,9,27,1
move,"['move', 20, 4, 0]",True,2524,2.0404661754421776,0.0,2.6585169839972007,0.6414301163883563,1.2946135061429231,0.9985067823292095,min_cost_max_flow,78,20,78,4,2,0
move,"['move', 20, 8, 1]",True,2524,2.199901104716467,0.0,2.6585169839972007,0.45861587928073366,0.8373279669394833,1.1651377385845239,min_cost_max_flow,146,20,146,8,31,1
move,"['move', 20, 8, 2]",True,2524,2.299619611675784,0.0,2.6585169839972007,0.35889737232141655,0.5887989348011615,0.6536475652706062,min_cost_max_flow,152,20,152,8,46,2
move,"['move', 20, 2, 9]",True,2534,1.7580587873523625,0.0,2.3496400758497753,0.5915812884974128,1.1690062860034232,1.6552737237566117,min_cost_max_flow,46,20,46,2,163,9
move,"['move', 20, 4, 7]",True,2534,2.0507201561793202,0.0,2.3496400758497753,0.29891991967045484,0.4387607140815817,0.716706960054297,min_cost_max_flow,80,20,80,4,134,7
move,"['move', 20, 8, 9]",True,2534,1.796804336489493,0.0,2.3496400758497753,0.5528357393602824,1.073246926178399,0.918931711888779,min_cost_max_flow,155,20,155,8,166,9
move,"['move', 20, 1, 9]",True,2534,1.9305403853853735,0.0,2.3496400758497753,0.4190996904644018,0.739700212590833,0.3899926104651218,min_cost_max_flow,27,20,27,1,170,9
move,"['move', 15, 5, 9]",True,2544,0.9569296534073547,0.0,1.6066853322408718,0.6497556788335171,1.179599982464424,1.8614730478125652,min_cost_max_flow,104,15,104,5,171,9
move,"['move', 15, 6, 9]",True,2544,1.0509839426449354,0.0,1.6066853322408718,0.5557013895959363,0.9452398988723871,1.3443800465357976,min_cost_max_flow,122,15,122,6,172,9
move,"['move', 15, 7, 9]",True,2544,0.8464602624592783,0.0,1.6066853322408718,0.7602250697815935,1.4554990689102851,2.0444003306993013,min_cost_max_flow,130,15,130,7,176,9
move,"['move', 15, 8, 9]",True,2544,1.10886679659645,0.0,1.6066853322408718,0.4978185356444219,0.8010173693328397,1.0213098203767486,min_cost_max_flow,151,15,151,8,163,9
move,"['move', 28, 0, 3]",True,2554,1.3477242449091875,0.0,1.9794116982965249,0.6316874533873372,1.1322354915100732,1.4655733127591681,min_cost_max_flow,8,28,8,0,63,3
move,"['move', 28, 1, 4]",True,2554,1.2362396081608886,0.0,1.9794116982965249,0.7431720901356362,1.4100606767606223,2.056511059557862,min_cost_max_flow,26,28,26,1,90,4
move,"['move', 28, 5, 2]",True,2554,1.187227476048099,0.0,1.9794116982965249,0.8152173017484259,1.5915750147578365,1.1223050827312657,min_cost_max_flow,95,28,95,5,46,2
move,"['move', 28, 5, 4]",True,2554,1.653199234782974,0.0,1.9794116982965249,0.3262124635135508,0.3698598577393568,0.591012703592831,min_cost_max_flow,97,28,97,5,78,4
move,"['move', 5, 0, 6]",True,2564,1.1077755184517446,0.0,1.6857481145034796,0.577972596051735,1.0374695631799113,1.7031278731016994,min_cost_max_flow,18,5,18,0,109,6
move,"['move', 5, 2, 6]",True,2564,0.9056867089617239,0.0,1.6857481145034796,0.8948606946667558,1.8290746291022515,2.1132482832428217,min_cost_max_flow,42,5,42,2,122,6
move,"['move', 5, 7, 1]",True,2564,1.165681329844562,0.0,1.6857481145034796,0.5200667846589176,0.8925847140235419,1.7833416559856803,min_cost_max_flow,133,5,133,7,26,1
move,"['move', 5, 8, 1]",True,2564,1.014658294432184,0.0,1.6857481145034796,0.6710898200712956,1.2702872588852188,1.686704102164363,min_cost_max_flow,147,5,147,8,27,1
move,"['move', 28, 1, 0]",True,2574,1.3984149237851407,0.0,2.128430866141325,0.7300159423561845,1.3796746188527322,0.3869700323985774,min_cost_max_flow,28,28,28,1,10,0
move,"['move', 28, 2, 7]",True,2574,1.2328750304962333,0.0,2.128430866141325,0.8955558356450919,1.7904163170824177,2.458993360787261,min_cost_max_flow,46,28,46,2,130,7
move,"['move', 28, 3, 0]",True,2574,1.5818503262050512,0.0,2.128430866141325,0.546580539936274,0.9190193005088076,1.7648448951642406,min_cost_max_flow,63,28,63,3,18,0
move,"['move', 28, 4, 7]",True,2574,1.725088768724215,0.0,2.128430866141325,0.40334209741711013,0.561787860639015,1.1884006097529,min_cost_max_flow,78,28,78,4,133,7
move,"['move', 15, 9, 5]",True,2584,1.638814688779166,0.0,2.2712698888756537,0.6324552000964878,1.1360767753467371,2.0428132312217278,min_cost_max_flow,163,15,163,9,97,5
move,"['move', 15, 9, 6]",True,2584,1.520320152929806,0.0,2.2712698888756537,0.7509497359458478,1.4330399228201713,1.558274664532111,min_cost_max_flow,171,15,171,9,109,6
move,"['move', 15, 4, 6]",True,2584,1.9163237127078823,0.0,2.2712698888756537,0.35494617616777147,0.4444697490653198,0.5991242043060041,min_cost_max_flow,81,15,81,4,115,6
move,"['move', 15, 4, 3]",True,2584,1.7549523741025204,0.0,2.2712698888756537,0.5163175147731333,0.84740077052993,0.9306742368355325,min_cost_max_flow,82,15,82,4,59,3
move,"['move', 8, 1, 8]",True,2594,1.8990344314994172,0.0,2.204568096682122,0.3055336651827048,0.5484178072983923,0.42585311685948934,min_cost_max_flow,34,8,34,1,145,8
move,"['move', 8, 7, 8]",True,2594,1.894595294856008,0.0,2.204568096682122,0.3099728018261138,0.5595212188381993,0.4221398293364548,min_cost_max_flow,135,8,135,7,146,8
move,"['move', 8, 6, 2]",True,2594,1.8119013947525415,0.0,2.204568096682122,0.3926667019295803,0.7662007708458987,0.45893866331432737,min_cost_max_flow,120,8,120,6,46,2
move,"['move', 8, 5, 8]",True,2594,1.9160212253681215,0.0,2.204568096682122,0.3698129971890005,0.708707483332546,0.6982891045831079,min_cost_max_flow,107,8,107,5,147,8
move,"['move', 20, 9, 5]",True,2604,2.660103004398014,0.0,3.253615023834798,0.6435244688117844,1.2996312904651859,1.143904606534005,min_cost_max_flow,166,20,166,9,107,5
move,"['move', 20, 7, 4]",True,2604,2.970696826910088,0.0,3.253615023834798,0.28291819692471004,0.39895602318210877,0.5836296501282812,min_cost_max_flow,134,20,134,7,78,4
move,"['move', 20, 0, 4]",True,2604,2.628544378789277,0.0,3.253615023834798,0.6809820923788544,1.3935398429493944,0.9675755621785708,min_cost_max_flow,2,20,2,0,80,4
move,"['move', 20, 9, 2]",True,2604,2.8495106492585065,0.0,3.253615023834798,0.40410437457629145,0.701695197752997,0.7344760221716505,min_cost_max_flow,163,20,163,9,37,2
move,"['move', 8, 9, 1]",True,2614,1.7575213990169964,0.0,2.057375536722913,0.2998541377059167,0.5341912941476039,0.4443160894048297,min_cost_max_flow,177,8,177,9,28,1
move,"['move', 8, 7, 0]",True,2614,1.675087580814685,0.0,2.057375536722913,0.3861690329082282,0.749813029422512,0.5546512433185667,min_cost_max_flow,137,8,137,7,4,0
move,"['move', 8, 8, 5]",True,2614,1.7453738233175464,0.0,2.057375536722913,0.31200171340536675,0.5643764105516311,0.5668646524701273,min_cost_max_flow,145,8,145,8,99,5
move,"['move', 8, 7, 1]",True,2614,1.7030766024909143,0.0,2.057375536722913,0.35429893423199876,0.6699793634361413,0.660264107183366,min_cost_max_flow,136,8,136,7,34,1
move,"['move', 22, 8, 3]",True,2624,1.97673304587665,0.0,2.281359993340623,0.30462694746397273,0.6006743685356923,0.7432439704687409,min_cost_max_flow,157,22,157,8,63,3
move,"['move', 22, 4, 5]",True,2624,2.032886481729789,0.0,2.281359993340623,0.26903799611083384,0.5121411562249705,0.45046658905176973,min_cost_max_flow,77,22,77,4,104,5
move,"['move', 22, 1, 5]",True,2624,2.0560002918985045,0.0,2.281359993340623,0.22535970144211823,0.40309416717718705,0.3513015063814342,min_cost_max_flow,22,22,22,1,106,5
move,"['move', 22, 9, 5]",True,2624,2.056805989196512,0.0,2.281359993340623,0.22455400414411072,0.4013096860035148,0.1981267921504386,min_cost_max_flow,177,22,177,9,107,5
move,"['move', 20, 9, 8]",True,2634,1.4867822727680104,0.0,1.983944885815823,0.4971626130478127,0.9342499653794221,0.7950283904237397,min_cost_max_flow,170,20,170,9,145,8
move,"['move', 20, 4, 8]",True,2634,1.632285348168168,0.0,1.983944885815823,0.351659537647655,0.5707524166209623,0.6216018958007868,min_cost_max_flow,78,20,78,4,150,8
move,"['move', 20, 2, 8]",True,2634,1.632411956704407,0.0,1.983944885815823,0.4754554526114158,0.8791584661412344,1.3440938218874992,min_cost_max_flow,37,20,37,2,151,8
move,"['move', 20, 5, 0]",True,2634,1.4512985955907691,0.0,1.983944885815823,0.532646290225054,1.0219146558338252,1.4913633828906938,min_cost_max_flow,107,20,107,5,6,0
move,"['move', 20, 0, 5]",True,2644,2.094008495671112,0.0,2.730920298727001,0.6369118030558896,1.2832353543235513,1.0534191077990658,min_cost_max_flow,6,20,6,0,95,5
move,"['move', 20, 4, 5]",True,2644,2.2503842017660944,0.0,2.730920298727001,0.4805360969609069,0.8925168230416602,0.906263137421961,min_cost_max_flow,80,20,80,4,107,5
move,"['move', 20, 3, 2]",True,2644,2.3794438371262263,0.0,2.730920298727001,0.35147646160077506,0.5710167032229947,0.1402840829793853,min_cost_max_flow,60,20,60,3,42,2
move,"['move', 20, 6, 2]",True,2644,2.387933044155514,0.0,2.730920298727001,0.4249000726964872,0.7527644766450976,1.3477869610976356,min_cost_max_flow,110,20,110,6,39,2
move,"['move', 15, 9, 8]",True,2654,1.24304698823945,0.0,1.758057402056882,0.5679674449424321,0.9758672318566823,1.369583634498753,min_cost_max_flow,172,15,172,9,148,8
move,"['move', 15, 7, 0]",True,2654,1.073362652740255,0.0,1.758057402056882,0.6846947493166269,1.267701940083498,1.3586187736129458,min_cost_max_flow,135,15,135,7,6,0
move,"['move', 15, 5, 4]",True,2654,1.459564669892536,0.0,1.758057402056882,0.2984927321643461,0.30356403081532335,0.4471963652613439,min_cost_max_flow,97,15,97,5,77,4
move,"['move', 15, 2, 0]",True,2654,0.8290975683281072,0.0,1.758057402056882,0.9289598337287748,1.8791331570209877,0.846281502199411,min_cost_max_flow,44,15,44,2,7,0
move,"['move', 20, 5, 9]",True,2664,1.3401940068512652,0.0,1.9771350148877933,0.6369410080365281,1.282444091833895,1.6296024019675348,min_cost_max_flow,95,20,95,5,177,9
move,"['move', 20, 2, 9]",True,2664,1.605879224275479,0.0,1.9771350148877933,0.3712557906123143,0.6192902355360275,0.9234775601895797,min_cost_max_flow,39,20,39,2,163,9
move,"['move', 20, 2, 7]",True,2664,1.3870311407735745,0.0,1.9771350148877933,0.5901038741142188,1.1664264186874789,0.9128279623960619,min_cost_max_flow,42,20,42,2,135,7
move,"['move', 20, 6, 0]",True,2664,1.4771995173365453,0.0,1.9771350148877933,0.499935497551248,0.941179374440253,0.796896522261987,min_cost_max_flow,112,20,112,6,8,0
move,"['move', 15, 8, 2]",True,2674,0.8392338901321549,0.0,1.447593866722765,0.6083599765906101,1.0779344330403546,0.6456689256806293,min_cost_max_flow,148,15,148,8,42,2
move,"['move', 15, 9, 7]",True,2674,0.6919954399026311,0.0,1.447593866722765,0.7555984268201339,1.4443546615912055,1.7629336076528492,min_cost_max_flow,176,15,176,9,134,7
move,"['move', 15, 4, 5]",True,2674,1.023239040900086,0.0,1.447593866722765,0.424354825822679,0.6185833466006443,0.2044752722688902,min_cost_max_flow,77,15,77,4,95,5
move,"['move', 15, 3, 5]",True,2674,0.916546134104318,0.0,1.447593866722765,0.5310477326184471,0.8835091177897993,1.4088058057789044,min_cost_max_flow,59,15,59,3,97,5
move,"['move', 20, 9, 3]",True,2684,1.5650475487322897,0.0,2.0572265020857166,0.492178953353427,0.9215754560100322,0.9386018127075323,min_cost_max_flow,163,20,163,9,59,3
move,"['move', 20, 5, 3]",True,2684,1.5835013154884223,0.0,2.0572265020857166,0.4737251865972943,0.875426701415563,0.9481602821324406,min_cost_max_flow,107,20,107,5,57,3
move,"['move', 20, 0, 3]",True,2684,1.6364337086483303,0.0,2.0572265020857166,0.4207927934373863,0.7431862666235247,0.8877948769780472,min_cost_max_flow,8,20,8,0,58,3
move,"['move', 20, 8, 4]",True,2684,1.5938550848568482,0.0,2.0572265020857166,0.4633714172288684,0.8487049912801012,1.5063514250637753,min_cost_max_flow,145,20,145,8,77,4
move,"['move', 20, 9, 0]",True,2694,2.433651039408732,0.0,2.949126489656466,0.515475450247734,0.9798592721781461,0.9102191911432884,min_cost_max_flow,177,20,177,9,8,0
move,"['move', 20, 4, 2]",True,2694,2.6332749295769924,0.0,2.949126489656466,0.3158515600794738,0.4810110056278063,0.7692466109361831,min_cost_max_flow,77,20,77,4,37,2
move,"['move', 20, 7, 5]",True,2694,2.2768611075181946,0.0,2.949126489656466,0.6722653821382715,1.3714867574744858,1.1417821444793947,min_cost_max_flow,135,20,135,7,107,5
move,"['move', 20, 1, 2]",True,2694,2.6187470503991106,0.0,2.949126489656466,0.39245088225735586,0.6719745564842015,1.1257496698094014,min_cost_max_flow,31,20,31,1,39,2
move,"['move', 8, 0, 7]",True,2704,2.2624812069820113,0.0,2.6564672651089514,0.3939860581269401,0.7693297074874863,0.5719078978555828,min_cost_max_flow,4,8,4,0,136,7
move,"['move', 8, 6, 7]",True,2704,2.510968331683368,0.0,2.6564672651089514,0.14549893342558348,0.1488011691835709,0.11239226487160656,min_cost_max_flow,121,8,121,6,140,7
move,"['move', 8, 5, 1]",True,2704,2.3358346584794507,0.0,2.6564672651089514,0.3206326066295005,0.5860434548922058,0.5069904656432499,min_cost_max_flow,99,8,99,5,22,1
move,"['move', 8, 1, 7]",True,2704,2.317859366356822,0.0,2.6564672651089514,0.33860789875212916,0.6305427178740501,0.7996353487948277,min_cost_max_flow,22,8,22,1,143,7
move,"['move', 22, 8, 9]",True,2714,2.342140388940701,0.0,2.5092755144762897,0.16713512553558854,0.2578540258873545,0.13710252205368015,min_cost_max_flow,158,22,158,8,177,9
move,"['move', 22, 6, 9]",True,2714,2.3565369867241466,0.0,2.5092755144762897,0.15273852775214294,0.2218161719647469,0.16800883138275371,min_cost_max_flow,111,22,111,6,166,9
move,"['move', 22, 5, 9]",True,2714,2.229003340725542,0.0,2.5092755144762897,0.3117996677507479,0.6190643139270833,0.4378141875000899,min_cost_max_flow,107,22,107,5,170,9
move,"['move', 22, 6, 1]",True,2714,2.3439043315795707,0.0,2.5092755144762897,0.16537118289671907,0.2533096184488386,0.22680308294852744,min_cost_max_flow,112,22,112,6,22,1
add,"['add', 23, None, 5]",True,2724,1.3260406792931396,0.0,1.5393200843172847,0.21327940502414508,0.20882845065716538,0.4969895112273829,min_cost_max_flow,118,23,,,99,5
add,"['add', 23, None, 2]",True,2724,1.2808700148164092,0.0,1.5393200843172847,0.2584500695008757,0.3217941699549556,0.4709507739183173,min_cost_max_flow,78,23,,,40,2
move,"['move', 15, 6, 8]",True,2724,1.1523426745442822,0.0,1.3838483839758409,0.32276270780655864,0.36370257342787227,0.80479402724967,min_cost_max_flow,109,15,109,6,148,8
move,"['move', 16, 5, 4]",True,2724,1.1338789860800729,0.0,1.228463212598601,0.09458422651852827,0.08689587974367896,0.06156820787068819,min_cost_max_flow,94,16,94,5,77,4
move,"['move', 8, 1, 6]",True,2734,1.5893780069083931,0.0,1.9062023321497772,0.39501992336638403,0.7720598594387411,0.4749153294255023,min_cost_max_flow,28,8,28,1,112,6
move,"['move', 8, 2, 6]",True,2734,1.6264980655174965,0.0,1.9062023321497772,0.2797042666322806,0.48373457258639974,0.49901200748082314,min_cost_max_flow,46,8,46,2,120,6
move,"['move', 8, 9, 0]",True,2734,1.71745798655421,0.0,1.9062023321497772,0.18874434559556738,0.25677910807644366,0.20278661959628536,min_cost_max_flow,180,8,180,9,4,0
move,"['move', 8, 1, 0]",True,2734,1.531432183783017,0.0,1.9062023321497772,0.37477014836676026,0.721351676285849,0.5307457653140855,min_cost_max_flow,34,8,34,1,9,0
move,"['move', 8, 3, 2]",True,2744,1.9484784591055064,0.0,2.2840675367323144,0.33558907762680806,0.6233163138131204,0.5858695138795462,min_cost_max_flow,57,8,57,3,46,2
move,"['move', 8, 0, 5]",True,2744,2.0832028846198987,0.0,2.2840675367323144,0.20086465211241583,0.28694769226785866,0.29090802006703775,min_cost_max_flow,4,8,4,0,94,5
move,"['move', 8, 0, 2]",True,2744,1.9993250086426104,0.0,2.2840675367323144,0.2847425280897039,0.49644345947308466,0.42352317872979833,min_cost_max_flow,9,8,9,0,41,2
move,"['move', 8, 6, 5]",True,2744,2.0906571036297295,0.0,2.2840675367323144,0.1934104331025848,0.2684366818575654,0.2078832772108057,min_cost_max_flow,112,8,112,6,91,5
move,"['move', 20, 2, 4]",True,2754,2.0454925890102222,0.0,2.4246223743305615,0.3791297853203395,0.6389933877071599,0.9113672928098705,min_cost_max_flow,37,20,37,2,78,4
move,"['move', 20, 2, 1]",True,2754,2.0465748352374975,0.0,2.4246223743305615,0.37804753909306377,0.6360259683424374,1.085903157165348,min_cost_max_flow,39,20,39,2,31,1
move,"['move', 20, 5, 4]",True,2754,1.9239717829750427,0.0,2.4246223743305615,0.5006505913555188,0.9426999647184857,0.9749926772249187,min_cost_max_flow,107,20,107,5,80,4
move,"['move', 20, 3, 1]",True,2754,2.0572798273348956,0.0,2.4246223743305615,0.36734254699566604,0.6095338119812368,0.905687235636259,min_cost_max_flow,57,20,57,3,34,1
move,"['move', 8, 8, 3]",True,2764,1.4694576710814113,0.0,1.6788260971474296,0.20936842606601816,0.3082672325472231,0.2508377564946109,min_cost_max_flow,146,8,146,8,57,3
move,"['move', 8, 7, 3]",True,2764,1.346557584952281,0.0,1.6788260971474296,0.3322685121951486,0.6146529004872718,0.8272026783460221,min_cost_max_flow,136,8,136,7,59,3
move,"['move', 8, 2, 3]",True,2764,1.4212674717398184,0.0,1.6788260971474296,0.2575586254076112,0.42867812207259703,0.2939103089004146,min_cost_max_flow,41,8,41,2,60,3
move,"['move', 8, 6, 3]",True,2764,1.466055806133999,0.0,1.6788260971474296,0.21277029101343067,0.31668939414885244,0.3058382677625724,min_cost_max_flow,120,8,120,6,62,3
move,"['move', 15, 8, 3]",True,2774,1.2413395370201228,0.0,1.7542803697095062,0.5129408326893834,0.8389987336013291,0.9042287163196949,min_cost_max_flow,148,15,148,8,57,3
move,"['move', 15, 1, 9]",True,2774,1.0439632315426175,0.0,1.7542803697095062,0.7103171381668887,1.3308291432804253,1.9777980594309938,min_cost_max_flow,23,15,23,1,172,9
move,"['move', 15, 2, 9]",True,2774,0.864838343995277,0.0,1.7542803697095062,0.8967367099642292,1.7968906240203069,1.9694305617440113,min_cost_max_flow,42,15,42,2,175,9
move,"['move', 15, 0, 9]",True,2774,1.132460369523904,0.0,1.7542803697095062,0.6218200001856024,1.109533125993039,2.013246282211301,min_cost_max_flow,6,15,6,0,176,9
move,"['move', 8, 3, 0]",True,2784,2.132783399766937,0.0,2.4340708026314397,0.3012874028645026,0.5378260317229433,0.4099329701551315,min_cost_max_flow,57,8,57,3,4,0
move,"['move', 8, 5, 0]",True,2784,2.118917001237969,0.0,2.4340708026314397,0.31515380139347077,0.5724651698365051,0.42783844272749605,min_cost_max_flow,91,8,91,5,6,0
move,"['move', 8, 7, 6]",True,2784,2.3284434725630354,0.0,2.4340708026314397,0.24622299344340437,0.4001916879460623,0.3921464529121658,min_cost_max_flow,143,8,143,7,112,6
move,"['move', 8, 5, 1]",True,2784,2.1500292467280175,0.0,2.4340708026314397,0.2840415559034221,0.49468736489870935,0.42596591784361887,min_cost_max_flow,94,8,94,5,23,1
move,"['move', 8, 3, 9]",True,2794,1.207586443465486,0.0,1.6070180169186008,0.3994315734531149,0.7827039917610819,0.7315772590832276,min_cost_max_flow,59,8,59,3,177,9
move,"['move', 8, 0, 9]",True,2794,1.2602861548827573,0.0,1.6070180169186008,0.3467318620358435,0.6515095601353096,0.3616793141457097,min_cost_max_flow,4,8,4,0,180,9
move,"['move', 8, 2, 9]",True,2794,1.1881989414434362,0.0,1.6070180169186008,0.4188190754751646,0.8311800497722288,0.7267086217347306,min_cost_max_flow,46,8,46,2,164,9
move,"['move', 8, 0, 4]",True,2794,1.2824364499317178,0.0,1.6070180169186008,0.3245815669868829,0.5954114833402855,0.8432387625607747,min_cost_max_flow,6,8,6,0,81,4
move,"['move', 20, 4, 7]",True,2804,1.5048035696823563,0.0,1.980069533786808,0.4752659641044516,0.8792103265586775,0.9937060319849399,min_cost_max_flow,78,20,78,4,135,7
move,"['move', 20, 0, 7]",True,2804,1.4368036939459863,0.0,1.980069533786808,0.5516806479658217,1.0701512040504895,1.0575941397272302,min_cost_max_flow,8,20,8,0,136,7
move,"['move', 20, 4, 2]",True,2804,1.6709003262965698,0.0,1.980069533786808,0.3091692074902381,0.4645334872730018,0.6170045320796039,min_cost_max_flow,80,20,80,4,46,2
move,"['move', 20, 1, 5]",True,2804,1.5163017633604312,0.0,1.980069533786808,0.46376777042637674,0.8500919524703932,1.242299294049838,min_cost_max_flow,31,20,31,1,94,5
move,"['move', 22, 3, 8]",True,2814,2.193903971147835,0.0,2.5024462684881286,0.3085422973402933,0.6106958222808316,0.5878579342434959,min_cost_max_flow,63,22,63,3,146,8
move,"['move', 22, 1, 6]",True,2814,2.1903293860218405,0.0,2.5024462684881286,0.31211688246628827,0.6197822552603611,0.48787782454878303,min_cost_max_flow,22,22,22,1,120,6
move,"['move', 22, 5, 6]",True,2814,2.4188488937551154,0.0,2.5024462684881286,0.08359737473301304,0.04913757612303016,0.051817693977395586,min_cost_max_flow,104,22,104,5,121,6
move,"['move', 22, 9, 6]",True,2814,2.2218649733283695,0.0,2.5024462684881286,0.28058129515975905,0.5410906147408241,0.38965932669138414,min_cost_max_flow,166,22,166,9,110,6
move,"['move', 20, 7, 9]",True,2824,2.0709290921987367,0.0,2.5763200647508837,0.505390972552147,0.9543664702759997,1.097957633262552,min_cost_max_flow,135,20,135,7,163,9
move,"['move', 20, 7, 4]",True,2824,2.3081126239174767,0.0,2.5763200647508837,0.26820744083340703,0.36225916645344114,0.5302739837350292,min_cost_max_flow,136,20,136,7,80,4
move,"['move', 20, 3, 9]",True,2824,2.106446517052257,0.0,2.5763200647508837,0.5063142660736268,0.9569894441483484,0.8881309208298328,min_cost_max_flow,59,20,59,3,166,9
move,"['move', 20, 1, 4]",True,2824,2.1754417609004606,0.0,2.5763200647508837,0.40087830385042317,0.6934455092996359,0.8574837812986352,min_cost_max_flow,34,20,34,1,82,4
move,"['move', 20, 9, 7]",True,2834,1.84460791338855,0.0,2.352776855496403,0.508168942107853,0.9612851151214272,1.1154769958208446,min_cost_max_flow,163,20,163,9,135,7
move,"['move', 20, 9, 0]",True,2834,1.7639652536578694,0.0,2.352776855496403,0.5888116018385336,1.1640622648046701,0.335143424793437,min_cost_max_flow,166,20,166,9,2,0
move,"['move', 20, 2, 1]",True,2834,2.1510115022693492,0.0,2.352776855496403,0.20176535322705375,0.1968195316621859,0.08655116731639767,min_cost_max_flow,46,20,46,2,28,1
move,"['move', 20, 5, 7]",True,2834,1.7606212856992913,0.0,2.352776855496403,0.5921555697971118,1.171390670901019,1.0228192915244634,min_cost_max_flow,94,20,94,5,136,7
move,"['move', 20, 4, 9]",True,2844,1.522416532466818,0.0,2.062979941647724,0.5405634091809062,1.0419596787869523,1.3232130072262576,min_cost_max_flow,80,20,80,4,163,9
move,"['move', 20, 0, 9]",True,2844,1.2993005350901266,0.0,2.062979941647724,0.7636794065575977,1.5999274970017723,1.2046631584986462,min_cost_max_flow,2,20,2,0,171,9
move,"['move', 20, 7, 9]",True,2844,1.6277540961797943,0.0,2.062979941647724,0.4352258454679299,0.7794844655363704,0.7440823193203141,min_cost_max_flow,135,20,135,7,165,9
move,"['move', 20, 6, 5]",True,2844,1.618369407290451,0.0,2.062979941647724,0.44461053435727294,0.8023945367531269,1.111849657054283,min_cost_max_flow,123,20,123,6,94,5
move,"['move', 1, 3, 1]",True,2854,1.2738427691058543,0.0,1.6111368726807966,0.3372941035749424,0.418754225691373,0.9197386233602229,min_cost_max_flow,64,1,64,3,31,1
move,"['move', 1, 3, 2]",True,2854,0.8510146880811675,0.0,1.6111368726807966,0.7601221845996291,1.4747568409366067,1.6314635010154936,min_cost_max_flow,71,1,71,3,46,2
move,"['move', 1, 4, 1]",True,2854,1.0598205592060048,0.0,1.6111368726807966,0.5513163134747918,0.9527441223945061,1.6301573210204023,min_cost_max_flow,79,1,79,4,34,1
move,"['move', 1, 5, 1]",True,2854,1.031051916562847,0.0,1.6111368726807966,0.5800849561179497,1.024699136192794,1.6078858607583766,min_cost_max_flow,91,1,91,5,22,1
move,"['move', 5, 5, 0]",True,2864,1.1186883284703453,0.0,2.053014417230778,0.9343260887604329,1.928289104031137,1.7459218201143343,min_cost_max_flow,98,5,98,5,2,0
move,"['move', 5, 5, 7]",True,2864,1.6842186352298998,0.0,2.053014417230778,0.36879578200087815,0.5161793807601498,0.6018927348480441,min_cost_max_flow,103,5,103,5,135,7
move,"['move', 5, 6, 3]",True,2864,1.6165649246694875,0.0,2.053014417230778,0.43644949256129045,0.6847115801683685,1.0032773967227429,min_cost_max_flow,109,5,109,6,59,3
move,"['move', 5, 6, 7]",True,2864,1.6642811886929139,0.0,2.053014417230778,0.38873322853786424,0.5661134024630883,0.5416224945325163,min_cost_max_flow,122,5,122,6,137,7
move,"['move', 8, 4, 0]",True,2874,1.8942219166493728,0.0,2.3590453729239425,0.4648234562745698,0.9461445685337821,0.7576641130411332,min_cost_max_flow,81,8,81,4,2,0
move,"['move', 8, 6, 0]",True,2874,2.0461285422218616,0.0,2.3590453729239425,0.3437404603270809,0.6432344468521478,0.8927519883159135,min_cost_max_flow,112,8,112,6,6,0
move,"['move', 8, 1, 2]",True,2874,2.1915154876551886,0.0,2.3590453729239425,0.16752988526875406,0.20368429724112502,0.24189329845315724,min_cost_max_flow,23,8,23,1,37,2
move,"['move', 8, 9, 5]",True,2874,2.070662354370325,0.0,2.3590453729239425,0.28838301855361753,0.5053167340556683,0.5754908968632891,min_cost_max_flow,164,8,164,9,91,5
move,"['move', 8, 9, 4]",True,2884,1.4612007914199763,0.0,1.9082416450215747,0.4470408536015984,0.9018102232730598,0.6762231652370346,min_cost_max_flow,177,8,177,9,78,4
move,"['move', 8, 3, 4]",True,2884,1.8084515707455315,0.0,1.9082416450215747,0.15396556615104312,0.1698933723018854,0.16197806176136406,min_cost_max_flow,60,8,60,3,79,4
move,"['move', 8, 5, 4]",True,2884,1.6387164176917546,0.0,1.9082416450215747,0.26952522732982004,0.4584785627594101,0.3712863880397235,min_cost_max_flow,91,8,91,5,80,4
move,"['move', 8, 2, 4]",True,2884,1.5748495356622014,0.0,1.9082416450215747,0.33339210935937325,0.6178344741019828,0.5788155422465108,min_cost_max_flow,37,8,37,2,81,4
move,"['move', 20, 9, 6]",True,2894,1.5744824126091381,0.0,1.9052017603903122,0.33071934778117407,0.5182993568414531,0.6899919713387015,min_cost_max_flow,163,20,163,9,109,6
move,"['move', 20, 5, 2]",True,2894,1.458922853621047,0.0,1.9052017603903122,0.4462789067692653,0.8064917788360617,1.160975621751694,min_cost_max_flow,94,20,94,5,37,2
move,"['move', 20, 4, 6]",True,2894,1.472194136906083,0.0,1.9052017603903122,0.4330076234842293,0.7739482668694109,0.7378447911256206,min_cost_max_flow,82,20,82,4,112,6
move,"['move', 20, 3, 6]",True,2894,1.3296694022107443,0.0,1.9052017603903122,0.5755323581795678,1.1293896969800699,1.318115876250497,min_cost_max_flow,58,20,58,3,122,6
move,"['move', 20, 2, 3]",True,2904,2.8677417298911148,0.0,3.330606163752231,0.4628644338611161,0.8479623264320253,1.1564890441939215,min_cost_max_flow,37,20,37,2,63,3
move,"['move', 20, 9, 3]",True,2904,2.8078204914039495,0.0,3.330606163752231,0.5227856723482813,0.9975886174470361,1.2743591794622275,min_cost_max_flow,165,20,165,9,64,3
move,"['move', 20, 6, 3]",True,2904,2.9487083646409373,0.0,3.330606163752231,0.38189779911129357,0.6459491369241732,0.8875574663911446,min_cost_max_flow,109,20,109,6,71,3
move,"['move', 20, 1, 3]",True,2904,2.742767938095854,0.0,3.330606163752231,0.5878382256563769,1.1602900275574939,1.2276746193163093,min_cost_max_flow,28,20,28,1,57,3
move,"['move', 20, 9, 5]",True,2914,1.8126486111378735,0.0,2.425856514642283,0.6132079035044095,1.2234638943809841,1.3945598170436868,min_cost_max_flow,171,20,171,9,107,5
move,"['move', 20, 8, 1]",True,2914,2.079967548315965,0.0,2.425856514642283,0.345888966326318,0.5559753423985967,0.8553658418162807,min_cost_max_flow,150,20,150,8,23,1
move,"['move', 20, 8, 2]",True,2914,1.969439227062609,0.0,2.425856514642283,0.45641728757967387,0.8317159354337491,1.2421725739743292,min_cost_max_flow,151,20,151,8,39,2
move,"['move', 20, 3, 1]",True,2914,1.8432248512472857,0.0,2.425856514642283,0.5826316633949972,1.1471068173414096,1.3388776610729396,min_cost_max_flow,57,20,57,3,28,1
move,"['move', 20, 1, 8]",True,2924,2.1941214463755383,0.0,2.731639256302685,0.5375178099271464,1.03455041961206,1.1867203675546136,min_cost_max_flow,23,20,23,1,145,8
move,"['move', 20, 2, 4]",True,2924,2.204068273611303,0.0,2.731639256302685,0.5275709826913821,1.009562447983626,1.2673227269036071,min_cost_max_flow,39,20,39,2,82,4
move,"['move', 20, 6, 8]",True,2924,2.3899677975444744,0.0,2.731639256302685,0.3416714587582105,0.5459239923584391,0.5270865884087729,min_cost_max_flow,112,20,112,6,150,8
move,"['move', 20, 3, 8]",True,2924,2.429699903607328,0.0,2.731639256302685,0.3019393526953567,0.4464872225507861,0.5980896887544781,min_cost_max_flow,63,20,63,3,151,8
move,"['move', 20, 4, 0]",True,2934,1.7994259311615592,0.0,2.2727297793234316,0.4733038481618724,0.8744050505738414,0.9270301175769505,min_cost_max_flow,82,20,82,4,4,0
move,"['move', 20, 6, 9]",True,2934,1.7392895922707594,0.0,2.2727297793234316,0.533440187052672,1.0245079925880418,1.0856335927763512,min_cost_max_flow,122,20,122,6,163,9
move,"['move', 20, 1, 2]",True,2934,1.7378410042501482,0.0,2.2727297793234316,0.5348887750732833,1.0280080747252214,1.1665588690086035,min_cost_max_flow,28,20,28,1,39,2
move,"['move', 20, 8, 9]",True,2934,1.7810227316459035,0.0,2.2727297793234316,0.49170704767752804,0.9202922910844791,1.0075356365780774,min_cost_max_flow,145,20,145,8,171,9
move,"['move', 22, 0, 4]",True,2944,1.8468778578421337,0.0,2.0490605398791932,0.20218268203705955,0.3452930820385518,0.2569925903737905,min_cost_max_flow,7,22,7,0,82,4
move,"['move', 22, 2, 4]",True,2944,1.8967977523671935,0.0,2.0490605398791932,0.15226278751199965,0.22049688451443217,0.2546333980204013,min_cost_max_flow,48,22,48,2,83,4
move,"['move', 22, 7, 1]",True,2944,1.7266904251845872,0.0,2.0490605398791932,0.32237011469460597,0.6453339884210436,0.5421094312898813,min_cost_max_flow,141,22,141,7,23,1
move,"['move', 22, 6, 4]",True,2944,1.8525283830214216,0.0,2.0490605398791932,0.2771562608577717,0.5323577678245783,0.5031667675430146,min_cost_max_flow,110,22,110,6,85,4
move,"['move', 22, 8, 7]",True,2954,1.5508904480224823,0.0,1.829025369141534,0.2781349211190516,0.5350241503838333,0.35667883017277513,min_cost_max_flow,146,22,146,8,135,7
move,"['move', 22, 9, 3]",True,2954,1.522995741241068,0.0,1.829025369141534,0.30602962790046595,0.6045588891065563,0.49136431738147746,min_cost_max_flow,170,22,170,9,63,3
move,"['move', 22, 6, 3]",True,2954,1.5057833505674643,0.0,1.829025369141534,0.3232420185740696,0.6476706947287312,0.43747835860419354,min_cost_max_flow,120,22,120,6,57,3
move,"['move', 22, 5, 2]",True,2954,1.5168422504484986,0.0,1.829025369141534,0.3121831186930352,0.6200207114561636,0.43930073859207447,min_cost_max_flow,106,22,106,5,42,2
move,"['move', 22, 1, 8]",True,2964,2.142243997006835,0.0,2.4315378978473183,0.2892939008404834,0.5625497022847412,0.6046104319539225,min_cost_max_flow,23,22,23,1,145,8
move,"['move', 22, 6, 8]",True,2964,2.1258283927037063,0.0,2.4315378978473183,0.30570950514361184,0.6036289820694947,0.5777644139990105,min_cost_max_flow,121,22,121,6,146,8
move,"['move', 22, 9, 0]",True,2964,2.120282704222392,0.0,2.4315378978473183,0.31125519362492615,0.6176993437184137,0.4403374502435182,min_cost_max_flow,177,22,177,9,7,0
move,"['move', 22, 3, 5]",True,2964,2.25222567610202,0.0,2.4315378978473183,0.17931222174529848,0.28814671375221224,0.23713762833174817,min_cost_max_flow,57,22,57,3,91,5
move,"['move', 8, 4, 2]",True,2974,2.238032547556655,0.0,2.5100815146326463,0.272048967075991,0.4646100263380504,0.4898769125645123,min_cost_max_flow,78,8,78,4,48,2
move,"['move', 8, 4, 1]",True,2974,2.2626542234576537,0.0,2.5100815146326463,0.24742729117499265,0.40334404664463364,0.2977368731784152,min_cost_max_flow,79,8,79,4,23,1
move,"['move', 8, 7, 2]",True,2974,2.1093421165846067,0.0,2.5100815146326463,0.4007393980480394,0.7859687657255563,0.7347689409743252,min_cost_max_flow,140,8,140,7,41,2
move,"['move', 8, 0, 1]",True,2974,2.1774970695128775,0.0,2.5100815146326463,0.43467890561976874,0.8711162010622502,0.5356580027273427,min_cost_max_flow,2,8,2,0,28,1
move,"['move', 8, 2, 7]",True,2984,1.3795251437642895,0.0,1.759425100556227,0.3798999567919374,0.7339240129476821,0.69886869938722,min_cost_max_flow,41,8,41,2,140,7
move,"['move', 8, 9, 7]",True,2984,1.439912746953046,0.0,1.759425100556227,0.31951235360318103,0.5833485514303902,0.43650439632125126,min_cost_max_flow,180,8,180,9,141,7
move,"['move', 8, 0, 7]",True,2984,1.4105001515718962,0.0,1.759425100556227,0.3489249489843308,0.6565812975895824,0.6356659254426761,min_cost_max_flow,6,8,6,0,142,7
move,"['move', 8, 8, 7]",True,2984,1.5169220950734872,0.0,1.759425100556227,0.24250300548273976,0.39070987277591485,0.5133766319027993,min_cost_max_flow,147,8,147,8,143,7
move,"['move', 20, 0, 6]",True,2994,2.104481800862943,0.0,2.506744690746685,0.4022628898837422,0.69643108281889,1.1747448239943505,min_cost_max_flow,4,20,4,0,109,6
move,"['move', 20, 2, 6]",True,2994,2.154102941178519,0.0,2.506744690746685,0.35264174956816585,0.5728730448208808,0.8448696300399638,min_cost_max_flow,39,20,39,2,112,6
move,"['move', 20, 8, 6]",True,2994,2.1439006840397132,0.0,2.506744690746685,0.36284400670697164,0.5986338706679817,0.6747476299823668,min_cost_max_flow,150,20,150,8,120,6
move,"['move', 20, 7, 6]",True,2994,2.1019344316546507,0.0,2.506744690746685,0.40481025909203444,0.7038814094412373,0.4534757562497964,min_cost_max_flow,136,20,136,7,121,6
move,"['move', 16, 2, 5]",True,3004,1.5347342303890903,0.0,1.8266748731858171,0.29194064279672693,0.5799337195385306,0.29703547496736915,min_cost_max_flow,44,16,44,2,94,5
move,"['move', 16, 4, 5]",True,3004,1.6687608439387378,0.0,1.8266748731858171,0.15791402924707937,0.24506540707079694,0.16488787071056166,min_cost_max_flow,77,16,77,4,98,5
move,"['move', 16, 6, 1]",True,3004,1.5907370704413994,0.0,1.8266748731858171,0.23593780274441775,0.4399600124124845,0.27477347181614264,min_cost_max_flow,115,16,115,6,23,1
move,"['move', 16, 6, 0]",True,3004,1.577554881104208,0.0,1.8266748731858171,0.24911999208160918,0.4727488067255763,0.38589282507396705,min_cost_max_flow,116,16,116,6,4,0
move,"['move', 15, 7, 1]",True,3014,1.751009298576229,0.0,2.499527391745418,0.7485180931691889,1.4257586374187667,2.3597269710372313,min_cost_max_flow,134,15,134,7,24,1
move,"['move', 15, 3, 1]",True,3014,1.9619032551438926,0.0,2.499527391745418,0.5376241366015254,0.9006883641886816,0.9166481783214366,min_cost_max_flow,57,15,57,3,25,1
move,"['move', 15, 9, 1]",True,3014,2.1159124179349416,0.0,2.499527391745418,0.3836149738104763,0.5157419688039226,0.8656404497455212,min_cost_max_flow,172,15,172,9,26,1
move,"['move', 15, 6, 2]",True,3014,1.9791906896925537,0.0,2.499527391745418,0.5203367020528643,0.8563651208460215,1.6530861589929948,min_cost_max_flow,115,15,115,6,44,2
move,"['move', 8, 4, 9]",True,3024,1.9760221387810906,0.0,2.3500480395209546,0.3740259007398641,0.7193992213615275,0.5919696700348329,min_cost_max_flow,80,8,80,4,177,9
move,"['move', 8, 4, 5]",True,3024,2.15243049021919,0.0,2.3500480395209546,0.19761754930176453,0.278817987171351,0.29887339998665535,min_cost_max_flow,81,8,81,4,103,5
move,"['move', 8, 1, 9]",True,3024,1.918128848363514,0.0,2.3500480395209546,0.44560468449077395,0.8979574940349266,0.8510941392851324,min_cost_max_flow,28,8,28,1,166,9
move,"['move', 8, 3, 5]",True,3024,2.1102265358404972,0.0,2.3500480395209546,0.23982150368045763,0.38402190166380024,0.5028543695090062,min_cost_max_flow,62,8,62,3,104,5
move,"['move', 5, 0, 5]",True,3040,1.1056350818111749,0.0,1.9048156852906648,0.98507601160449,2.054718506435165,2.0428582908574056,min_cost_max_flow,2,5,2,0,106,5
move,"['move', 5, 1, 6]",True,3040,1.2497130833648882,0.0,1.9048156852906648,0.6551026019257765,1.2304994237674691,1.5665639381322716,min_cost_max_flow,26,5,26,1,115,6
move,"['move', 5, 1, 8]",True,3040,1.238656743428602,0.0,1.9048156852906648,0.6661589418620628,1.2588960196517291,1.062733242436107,min_cost_max_flow,27,5,27,1,147,8
move,"['move', 5, 2, 8]",True,3040,1.589998051418582,0.0,1.9048156852906648,0.4203516822470827,0.6446182787840371,0.9024611292640934,min_cost_max_flow,38,5,38,2,148,8
move,"['move', 20, 9, 1]",True,3050,1.6035290925756722,0.0,1.9819007591132745,0.4562373771626022,0.8319103454050492,0.8127152313216065,min_cost_max_flow,171,20,171,9,27,1
move,"['move', 20, 8, 7]",True,3050,1.8234389902987382,0.0,1.9819007591132745,0.15846176881453614,0.08830124529777095,0.2594347227303657,min_cost_max_flow,151,20,151,8,134,7
move,"['move', 20, 6, 7]",True,3050,1.5522716403371783,0.0,1.9819007591132745,0.5174654717760961,0.9841863692345214,1.3421903674966842,min_cost_max_flow,109,20,109,6,136,7
move,"['move', 20, 3, 7]",True,3050,1.5940272354560796,0.0,1.9819007591132745,0.3878735236571949,0.6606850947537168,1.0231264898643342,min_cost_max_flow,64,20,64,3,129,7
move,"['move', 8, 5, 3]",True,3060,1.2598943908777724,0.0,1.6055853639698205,0.345690973092048,0.6484448234623414,0.6700221897986244,min_cost_max_flow,103,8,103,5,57,3
move,"['move', 8, 1, 3]",True,3060,1.2497898184408671,0.0,1.6055853639698205,0.3557955455289535,0.6737528600206133,0.6389518791266029,min_cost_max_flow,23,8,23,1,64,3
move,"['move', 8, 9, 6]",True,3060,1.3638168921593645,0.0,1.6055853639698205,0.2417684718104561,0.38913287188552204,0.3404877716918744,min_cost_max_flow,166,8,166,9,116,6
move,"['move', 8, 9, 3]",True,3060,1.211344252296895,0.0,1.6055853639698205,0.3942411116729257,0.7699541730762576,0.5806867486506171,min_cost_max_flow,177,8,177,9,58,3
move,"['move', 5, 6, 1]",True,3070,0.9126350881496431,0.0,1.5263729198370297,0.6137378316873866,1.126337239111308,2.0667366449232594,min_cost_max_flow,115,5,115,6,23,1
move,"['move', 5, 8, 0]",True,3070,1.075859565602944,0.0,1.5263729198370297,0.45051335423408573,0.7198167468741303,1.0396023808736499,min_cost_max_flow,147,5,147,8,6,0
move,"['move', 5, 8, 2]",True,3070,1.019886326209773,0.0,1.5263729198370297,0.5064865936272568,0.8596738321393786,1.0902778593266098,min_cost_max_flow,148,5,148,8,37,2
move,"['move', 5, 9, 1]",True,3070,0.9941526490171034,0.0,1.5263729198370297,0.5322202708199263,0.9242239127815992,0.946352752295282,min_cost_max_flow,164,5,164,9,26,1
move,"['move', 20, 9, 2]",True,3080,2.608359955508114,0.0,2.805077658594212,0.24942904008609748,0.31564341744524427,0.3101054103503194,min_cost_max_flow,163,20,163,9,39,2
move,"['move', 20, 5, 8]",True,3080,2.3382989660359295,0.0,2.805077658594212,0.46677869255828264,0.8581437736283988,0.8926220752225595,min_cost_max_flow,107,20,107,5,147,8
move,"['move', 20, 7, 8]",True,3080,2.541331140713945,0.0,2.805077658594212,0.26374651788026715,0.3513162904018827,0.3906530962074636,min_cost_max_flow,129,20,129,7,148,8
move,"['move', 20, 1, 8]",True,3080,2.270885402017368,0.0,2.805077658594212,0.5461805839518438,1.0563430234869884,1.0962744920979743,min_cost_max_flow,27,20,27,1,150,8
move,"['move', 20, 2, 0]",True,3090,2.7955184689933175,0.0,3.2540563429419307,0.45853787394861306,0.8378074085048866,0.7155011414480913,min_cost_max_flow,39,20,39,2,8,0
move,"['move', 20, 3, 9]",True,3090,2.741993243062015,0.0,3.2540563429419307,0.512063099879916,0.970443606711342,1.5000788893162424,min_cost_max_flow,71,20,71,3,177,9
move,"['move', 20, 7, 1]",True,3090,2.8580161958661994,0.0,3.2540563429419307,0.3960401470757312,0.681210206108517,0.9507579508913159,min_cost_max_flow,134,20,134,7,29,1
move,"['move', 20, 7, 0]",True,3090,2.7678932282910123,0.0,3.2540563429419307,0.4861631146509183,0.9066990324317885,0.829819694022182,min_cost_max_flow,136,20,136,7,9,0
move,"['move', 20, 6, 3]",True,3100,1.548558552461877,0.0,1.9061206404715212,0.3575620880096441,0.5853863445881871,0.7032338542994759,min_cost_max_flow,112,20,112,6,71,3
move,"['move', 20, 8, 3]",True,3100,1.4907730205543286,0.0,1.9061206404715212,0.41534761991719255,0.7296037312480621,0.8675292602968769,min_cost_max_flow,147,20,147,8,57,3
move,"['move', 20, 9, 3]",True,3100,1.29784765252372,0.0,1.9061206404715212,0.6082729879478013,1.2111169873423933,1.400971915090777,min_cost_max_flow,177,20,177,9,59,3
move,"['move', 20, 1, 3]",True,3100,1.4928242282730415,0.0,1.9061206404715212,0.41329641219847973,0.724764653321472,0.6749016801688899,min_cost_max_flow,29,20,29,1,60,3
move,"['move', 15, 0, 7]",True,3110,1.2051087095587585,0.0,1.8254636869988476,0.620354977440089,1.1063436785589147,1.6978399957720425,min_cost_max_flow,7,15,7,0,134,7
move,"['move', 15, 5, 6]",True,3110,1.424896346785462,0.0,1.8254636869988476,0.40056734021338547,0.5591453715169337,0.18398264592011887,min_cost_max_flow,95,15,95,5,112,6
move,"['move', 15, 9, 6]",True,3110,1.3671497628534188,0.0,1.8254636869988476,0.4583139241454288,0.7017083598257159,1.386296993470878,min_cost_max_flow,175,15,175,9,122,6
move,"['move', 15, 5, 7]",True,3110,1.476569575384611,0.0,1.8254636869988476,0.34889411161423656,0.42898483281896915,0.8356274459815967,min_cost_max_flow,97,15,97,5,136,7
move,"['move', 15, 9, 5]",True,3120,1.710050985349676,0.0,2.279120537145574,0.5690695517958982,0.9782907179578615,1.5907709894896263,min_cost_max_flow,176,15,176,9,97,5
move,"['move', 15, 6, 5]",True,3120,1.49592175904349,0.0,2.279120537145574,0.783198778102084,1.512793742102076,2.137465403656004,min_cost_max_flow,112,15,112,6,103,5
move,"['move', 15, 0, 5]",True,3120,1.634384445078398,0.0,2.279120537145574,0.6447360920671762,1.1674465563155536,1.5977792031580391,min_cost_max_flow,15,15,15,0,91,5
move,"['move', 15, 2, 5]",True,3120,1.6761777864310774,0.0,2.279120537145574,0.6029427507144967,1.0628872203960782,1.6484342283423432,min_cost_max_flow,44,15,44,2,92,5
move,"['move', 22, 8, 6]",True,3130,2.1324020606494587,0.0,2.2803102733968417,0.1479082127473829,0.20971276213094825,0.18642371264843027,min_cost_max_flow,145,22,145,8,109,6
move,"['move', 22, 4, 9]",True,3130,1.9579530758491943,0.0,2.2803102733968417,0.35502639288098076,0.7270142536326603,0.5157296008368297,min_cost_max_flow,85,22,85,4,177,9
move,"['move', 22, 3, 9]",True,3130,1.9726575325555107,0.0,2.2803102733968417,0.3076527408413311,0.6084474876042805,0.6041535536739134,min_cost_max_flow,63,22,63,3,163,9
move,"['move', 22, 8, 9]",True,3130,2.1442441778398793,0.0,2.2803102733968417,0.1360660955569625,0.18016318469744874,0.14928001761411444,min_cost_max_flow,146,22,146,8,164,9
move,"['move', 22, 5, 8]",True,3140,2.3082386792968164,0.0,2.5083138436281107,0.20007516433129421,0.34003902223776095,0.24716961462553147,min_cost_max_flow,91,22,91,5,145,8
move,"['move', 22, 0, 1]",True,3140,2.35900248439934,0.0,2.5083138436281107,0.1493113592287705,0.21321444195200456,0.1905479675902385,min_cost_max_flow,7,22,7,0,27,1
move,"['move', 22, 9, 1]",True,3140,2.2122696221691522,0.0,2.5083138436281107,0.2960442214589586,0.5796820620525978,0.4335716175082617,min_cost_max_flow,163,22,163,9,28,1
move,"['move', 22, 2, 8]",True,3140,2.266957291960068,0.0,2.5083138436281107,0.3042098255013762,0.600155283606,0.39409731926941205,min_cost_max_flow,42,22,42,2,146,8
move,"['move', 22, 8, 2]",True,3150,2.2554308062840147,0.0,2.577598213971616,0.3221674076876013,0.6446883737917233,0.6346741724957397,min_cost_max_flow,145,22,145,8,44,2
move,"['move', 22, 8, 3]",True,3150,2.2931351696613897,0.0,2.577598213971616,0.28446304431022634,0.550627140859433,0.501557165064335,min_cost_max_flow,146,22,146,8,63,3
move,"['move', 22, 6, 2]",True,3150,2.3839741477166485,0.0,2.577598213971616,0.19362406625496767,0.3239159520016983,0.2440529781230514,min_cost_max_flow,109,22,109,6,38,2
move,"['move', 22, 9, 2]",True,3150,2.3923078666642077,0.0,2.577598213971616,0.18529034730740815,0.30312182456691517,0.21727302204594337,min_cost_max_flow,164,22,164,9,39,2
move,"['move', 20, 0, 5]",True,3160,1.3688413104481643,0.0,1.975413410439338,0.6065720999911736,1.2072204797696031,1.163830369237856,min_cost_max_flow,8,20,8,0,108,5
move,"['move', 20, 3, 2]",True,3160,1.8110922598662476,0.0,1.975413410439338,0.22116088232309042,0.24493386154063046,0.3362130750811367,min_cost_max_flow,59,20,59,3,41,2
move,"['move', 20, 0, 2]",True,3160,1.5721348280432745,0.0,1.975413410439338,0.4032785823960635,0.7000622700761596,0.4467741730167244,min_cost_max_flow,9,20,9,0,44,2
move,"['move', 20, 6, 2]",True,3160,1.5346585896940854,0.0,1.975413410439338,0.4407548207452524,0.7934156040864764,0.6716154147870653,min_cost_max_flow,120,20,120,6,45,2
move,"['move', 15, 6, 0]",True,3170,0.7838344786404245,0.0,1.8995067656123876,1.115672286971963,2.3441715308799758,2.0081210015213045,min_cost_max_flow,122,15,122,6,2,0
move,"['move', 15, 1, 0]",True,3170,1.6391225874067135,0.0,1.8995067656123876,0.31783671958067417,0.35169713136929204,0.5984416898289876,min_cost_max_flow,24,15,24,1,7,0
move,"['move', 15, 1, 2]",True,3170,1.27502716909154,0.0,1.8995067656123876,0.6244795965208476,1.1180729972111294,0.7526593622265554,min_cost_max_flow,25,15,25,1,46,2
move,"['move', 15, 5, 0]",True,3170,1.01283019203354,0.0,1.8995067656123876,0.8866765735788475,1.7728339146706276,1.2403428192275208,min_cost_max_flow,91,15,91,5,15,0
move,"['move', 8, 6, 1]",True,3180,1.781550283880411,0.0,2.049318405081304,0.26776812120089305,0.45370412986085285,0.6257314388661894,min_cost_max_flow,116,8,116,6,25,1
move,"['move', 8, 3, 8]",True,3180,1.728955822626644,0.0,2.049318405081304,0.32036258245466015,0.5851936526742065,0.6234849862422144,min_cost_max_flow,57,8,57,3,145,8
move,"['move', 8, 2, 1]",True,3180,1.8227978016106496,0.0,2.049318405081304,0.2265206034706543,0.3512054227248882,0.2123399791114901,min_cost_max_flow,48,8,48,2,27,1
move,"['move', 8, 7, 8]",True,3180,1.8831870348055457,0.0,2.049318405081304,0.2649587116507583,0.447316796737141,0.20160427111625953,min_cost_max_flow,143,8,143,7,146,8
move,"['move', 22, 7, 0]",True,3190,2.5979967008396687,0.0,2.9503138205811226,0.3523171197414538,0.7204355235553521,0.38609441983068266,min_cost_max_flow,135,22,135,7,2,0
move,"['move', 22, 4, 0]",True,3190,2.727137450882246,0.0,2.9503138205811226,0.22317636969887658,0.39766661323665176,0.3307845613355201,min_cost_max_flow,82,22,82,4,7,0
move,"['move', 22, 2, 5]",True,3190,2.731222563638972,0.0,2.9503138205811226,0.21909125694215018,0.3873466090517468,0.4022660900615557,min_cost_max_flow,38,22,38,2,91,5
move,"['move', 22, 4, 5]",True,3190,2.7058624969551563,0.0,2.9503138205811226,0.2444513236259663,0.450830213358131,0.34664102549895626,min_cost_max_flow,83,22,83,4,93,5
move,"['move', 22, 2, 7]",True,3200,1.5681126584497556,0.0,1.9067078089509608,0.3385951505012053,0.6860387593551422,0.44732181955636846,min_cost_max_flow,39,22,39,2,135,7
move,"['move', 22, 5, 4]",True,3200,1.7304958015108536,0.0,1.9067078089509608,0.1762120074401073,0.28043540925864363,0.21098344872550862,min_cost_max_flow,91,22,91,5,78,4
move,"['move', 22, 3, 4]",True,3200,1.7826641857210108,0.0,1.9067078089509608,0.12404362322995004,0.15017644044201006,0.10298897621909517,min_cost_max_flow,63,22,63,3,79,4
move,"['move', 22, 1, 4]",True,3200,1.7394598803250603,0.0,1.9067078089509608,0.16724792862590046,0.25813600020774174,0.13712479231538527,min_cost_max_flow,27,22,27,1,80,4
move,"['move', 20, 2, 0]",True,3210,1.237686835793526,0.0,1.6779731176092452,0.4402862818157192,0.7918624101803289,0.9261798029967331,min_cost_max_flow,41,20,41,2,8,0
move,"['move', 20, 5, 1]",True,3210,1.004711917901635,0.0,1.6779731176092452,0.6732611997076102,1.3739096354947833,1.1862260798455724,min_cost_max_flow,108,20,108,5,27,1
move,"['move', 20, 2, 1]",True,3210,1.3425477522335532,0.0,1.6779731176092452,0.33542536537569206,0.5306963628499943,0.26868395650794985,min_cost_max_flow,44,20,44,2,28,1
move,"['move', 20, 3, 0]",True,3210,1.3052722543016542,0.0,1.6779731176092452,0.414879954307591,0.7289656938191911,0.5134448635416242,min_cost_max_flow,60,20,60,3,9,0
move,"['move', 15, 2, 6]",True,3220,1.6005601292921294,0.0,2.50153923548496,0.9009791061928307,1.8071890771752805,2.174455506097408,min_cost_max_flow,46,15,46,2,109,6
move,"['move', 15, 1, 6]",True,3220,1.8266217217318492,0.0,2.50153923548496,0.674917513753111,1.243750634675962,1.0307631061106082,min_cost_max_flow,26,15,26,1,112,6
move,"['move', 15, 7, 6]",True,3220,2.2753010788235075,0.0,2.50153923548496,0.22623815666145275,0.12315776933610323,0.2937448465859065,min_cost_max_flow,134,15,134,7,115,6
move,"['move', 15, 0, 6]",True,3220,1.556623178087803,0.0,2.50153923548496,1.000745930522157,2.0573199488389946,1.698581612498961,min_cost_max_flow,2,15,2,0,116,6
move,"['move', 8, 5, 2]",True,3230,2.2102538507668674,0.0,2.497289162699899,0.28703531193303194,0.5018828958345694,0.6185386766199665,min_cost_max_flow,104,8,104,5,48,2
move,"['move', 8, 8, 0]",True,3230,2.0089135330502677,0.0,2.497289162699899,0.4883756296496317,1.005241256847512,0.6134941956577572,min_cost_max_flow,145,8,145,8,10,0
move,"['move', 8, 8, 6]",True,3230,2.1589258545156946,0.0,2.497289162699899,0.33836330818420446,0.6305842709043645,0.3642823820440501,min_cost_max_flow,146,8,146,8,122,6
move,"['move', 8, 3, 6]",True,3230,2.1621238435853805,0.0,2.497289162699899,0.33516531911451886,0.6221426273987163,0.6620629363335687,min_cost_max_flow,58,8,58,3,123,6
move,"['move', 20, 2, 5]",True,3240,1.9539891828969596,0.0,2.5781252975462428,0.6241361146492832,1.2511817708873423,1.129660720927779,min_cost_max_flow,45,20,45,2,107,5
move,"['move', 20, 0, 4]",True,3240,2.1488178855710647,0.0,2.5781252975462428,0.42930741197517797,0.7648945605906192,0.6066297952343913,min_cost_max_flow,8,20,8,0,81,4
move,"['move', 20, 6, 4]",True,3240,2.23319201946044,0.0,2.5781252975462428,0.34493327808580243,0.5535019024391659,0.9115120805775162,min_cost_max_flow,121,20,121,6,82,4
move,"['move', 20, 1, 7]",True,3240,1.9308560938170727,0.0,2.5781252975462428,0.64726920372917,1.3090428406176216,1.110762700552976,min_cost_max_flow,27,20,27,1,134,7
move,"['move', 20, 5, 6]",True,3250,1.5026816906484446,0.0,1.9009976583569717,0.398315967708527,0.6874259471260302,0.5999649938755987,min_cost_max_flow,107,20,107,5,120,6
move,"['move', 20, 1, 6]",True,3250,1.3147070423552039,0.0,1.9009976583569717,0.5862906160017678,1.1562573306182458,1.3367898211332208,min_cost_max_flow,28,20,28,1,121,6
move,"['move', 20, 0, 6]",True,3250,1.2783575735763724,0.0,1.9009976583569717,0.6226400847805993,1.24697229076628,1.4425976871629143,min_cost_max_flow,9,20,9,0,109,6
move,"['move', 20, 7, 6]",True,3250,1.3897751968313223,0.0,1.9009976583569717,0.5112224615256493,0.969383779221971,0.805566625118869,min_cost_max_flow,134,20,134,7,111,6
move,"['move', 27, 3, 2]",True,3260,1.5804185591650814,0.0,1.8329174793149239,0.2524989201498425,0.43314312772417907,0.3261338894106577,min_cost_max_flow,55,27,55,3,42,2
move,"['move', 27, 4, 2]",True,3260,1.6240014753832706,0.0,1.8329174793149239,0.2563363981816534,0.44266149861505255,0.3763500151798246,min_cost_max_flow,86,27,86,4,38,2
move,"['move', 27, 4, 8]",True,3260,1.5548997557809645,0.0,1.8329174793149239,0.27801772353395937,0.4962428815597377,0.7909703058996029,min_cost_max_flow,73,27,73,4,145,8
move,"['move', 27, 5, 2]",True,3260,1.543857912221706,0.0,1.8329174793149239,0.2890595670932179,0.5242081035466981,0.5505615800235945,min_cost_max_flow,95,27,95,5,39,2
move,"['move', 22, 1, 3]",True,3270,1.730852283011851,0.0,1.9126678959781183,0.18181561296626744,0.2944729259215819,0.1919815503669014,min_cost_max_flow,28,22,28,1,63,3
move,"['move', 22, 0, 3]",True,3270,1.794321883440666,0.0,1.9126678959781183,0.27477911253745246,0.5266931634469074,0.31765581879153937,min_cost_max_flow,2,22,2,0,55,3
move,"['move', 22, 7, 3]",True,3270,1.58239441821605,0.0,1.9126678959781183,0.33027347776206817,0.6651713978935732,0.4894415620405179,min_cost_max_flow,135,22,135,7,57,3
move,"['move', 22, 0, 6]",True,3270,1.7004133461888702,0.0,1.9126678959781183,0.212254549789248,0.37046844900396536,0.2598608670788637,min_cost_max_flow,7,22,7,0,112,6
move,"['move', 20, 4, 5]",True,3280,1.7934457833670578,0.0,2.1268950562495346,0.3334492728824768,0.5255489665360074,0.40679401047373853,min_cost_max_flow,81,20,81,4,95,5
move,"['move', 20, 4, 1]",True,3280,1.6214248263978446,0.0,2.1268950562495346,0.5054702298516901,0.9547512129647657,0.9735580066571226,min_cost_max_flow,82,20,82,4,28,1
move,"['move', 20, 8, 5]",True,3280,1.6093400259051018,0.0,2.1268950562495346,0.5175550303444327,0.9838601174124051,1.7089558628018187,min_cost_max_flow,148,20,148,8,107,5
move,"['move', 20, 3, 5]",True,3280,1.7641096824871108,0.0,2.1268950562495346,0.36278537376242387,0.5984414011109038,0.7053390937879458,min_cost_max_flow,57,20,57,3,91,5
move,"['move', 20, 3, 4]",True,3290,2.4068220684080703,0.0,2.8657057703857225,0.458883701977652,0.8389571632797015,0.5253780066362512,min_cost_max_flow,71,20,71,3,86,4
move,"['move', 20, 1, 0]",True,3290,2.333764988235105,0.0,2.8657057703857225,0.5319407821506177,1.021645641849318,0.49485924850143215,min_cost_max_flow,28,20,28,1,7,0
move,"['move', 20, 5, 4]",True,3290,2.6052591722182896,0.0,2.8657057703857225,0.2604465981674328,0.3431378662789939,0.34306965674280365,min_cost_max_flow,91,20,91,5,73,4
move,"['move', 20, 5, 0]",True,3290,2.36734752054121,0.0,2.8657057703857225,0.4983582498445128,0.9375737941809348,0.5718705172489217,min_cost_max_flow,95,20,95,5,8,0
move,"['move', 20, 4, 3]",True,3300,1.6350065061711305,0.0,1.9826427249546483,0.3476362187835179,0.560564710496692,0.7078745384191933,min_cost_max_flow,73,20,73,4,71,3
move,"['move', 20, 5, 3]",True,3300,1.5328965586419205,0.0,1.9826427249546483,0.44974616631272774,0.8155794275007793,0.8813090843773588,min_cost_max_flow,107,20,107,5,57,3
move,"['move', 20, 0, 3]",True,3300,1.6767570958388072,0.0,1.9826427249546483,0.30588562911584116,0.456198539948673,0.7010054576373193,min_cost_max_flow,7,20,7,0,58,3
move,"['move', 20, 0, 1]",True,3300,1.5390080920255114,0.0,1.9826427249546483,0.4436346329291369,0.8009838894358836,0.4257788216564731,min_cost_max_flow,8,20,8,0,28,1
move,"['move', 22, 5, 7]",True,3310,1.6125101858563997,0.0,1.8375746491591967,0.22506446330279692,0.40227310064801713,0.40661562695926257,min_cost_max_flow,93,22,93,5,134,7
move,"['move', 22, 6, 0]",True,3310,1.5969342647547349,0.0,1.8375746491591967,0.2406403844044617,0.4412418954598252,0.38728758852846307,min_cost_max_flow,112,22,112,6,7,0
move,"['move', 22, 9, 7]",True,3310,1.5902890169877184,0.0,1.8375746491591967,0.24728563217147823,0.4580326850627898,0.2688407982463016,min_cost_max_flow,177,22,177,9,143,7
move,"['move', 22, 4, 7]",True,3310,1.6539484843179586,0.0,1.8375746491591967,0.18362616484123812,0.29878887467930326,0.3322688368371269,min_cost_max_flow,78,22,78,4,129,7
move,"['move', 8, 0, 8]",True,3320,1.890365152827201,0.0,2.2916611407327214,0.49906021223885394,1.0316645091952523,0.8056302792012383,min_cost_max_flow,10,8,10,0,146,8
move,"['move', 8, 6, 9]",True,3320,2.047405985055784,0.0,2.2916611407327214,0.2442551556769375,0.3954410431033466,0.27951340394453245,min_cost_max_flow,122,8,122,6,177,9
move,"['move', 8, 7, 9]",True,3320,2.1198624203047274,0.0,2.2916611407327214,0.3135351184279939,0.5680661637888988,0.662704198670261,min_cost_max_flow,142,8,142,7,164,9
move,"['move', 8, 1, 5]",True,3320,1.9590410099261253,0.0,2.2916611407327214,0.40594329905659604,0.7993091706812265,0.5143339847885948,min_cost_max_flow,27,8,27,1,95,5
move,"['move', 15, 0, 2]",True,3330,1.6038869739967228,0.0,2.0507309644224954,0.4468439904257726,0.6736527847242542,0.9734575283516443,min_cost_max_flow,7,15,7,0,41,2
move,"['move', 15, 5, 2]",True,3330,1.4133280817800427,0.0,2.0507309644224954,0.6374028826424528,1.149942701740656,1.044999878550731,min_cost_max_flow,92,15,92,5,42,2
move,"['move', 15, 5, 1]",True,3330,1.341526794691132,0.0,2.0507309644224954,0.7092041697313635,1.3285460590486764,1.6449068213883156,min_cost_max_flow,97,15,97,5,24,1
move,"['move', 15, 6, 1]",True,3330,1.4063600271198142,0.0,2.0507309644224954,0.7356279356776811,1.3941518927240395,1.9472942816756404,min_cost_max_flow,109,15,109,6,26,1
move,"['move', 22, 0, 5]",True,3340,1.8591919869266118,0.0,2.126019092174956,0.2668271052483442,0.5066744502109941,0.410119160886659,min_cost_max_flow,7,22,7,0,91,5
move,"['move', 22, 4, 6]",True,3340,1.883444822693773,0.0,2.126019092174956,0.24257426948118296,0.4460219218817656,0.4237451017703101,min_cost_max_flow,79,22,79,4,122,6
move,"['move', 22, 2, 1]",True,3340,1.964348132120903,0.0,2.126019092174956,0.161670960054053,0.24419995761854807,0.13287223203201015,min_cost_max_flow,44,22,44,2,27,1
move,"['move', 22, 3, 1]",True,3340,1.8722809312047275,0.0,2.126019092174956,0.25373816097022844,0.47377761452662526,0.5264358202729832,min_cost_max_flow,55,22,55,3,29,1
move,"['move', 5, 0, 4]",True,3350,1.456029330006716,0.0,1.9788368472369018,0.5228075172301858,0.8997188860957976,1.5951145599288263,min_cost_max_flow,6,5,6,0,73,4
move,"['move', 5, 2, 4]",True,3350,1.5191025978907091,0.0,1.9788368472369018,0.4597342493461926,0.7423677110637072,1.3737847746672058,min_cost_max_flow,37,5,37,2,77,4
move,"['move', 5, 3, 8]",True,3350,1.5803462860838908,0.0,1.9788368472369018,0.398490561153011,0.5904164439853048,0.6018158382994329,min_cost_max_flow,59,5,59,3,147,8
move,"['move', 5, 5, 4]",True,3350,1.416253392625137,0.0,1.9788368472369018,0.5625834546117648,0.9989892487574252,1.7081017548087254,min_cost_max_flow,106,5,106,5,78,4
move,"['move', 8, 6, 4]",True,3360,1.4146213656395084,0.0,1.7533922845535503,0.338770918914042,0.6312776168051641,0.5814029979068775,min_cost_max_flow,123,8,123,6,79,4
move,"['move', 8, 1, 4]",True,3360,1.4620682344105997,0.0,1.7533922845535503,0.2913240501429506,0.5127179257688113,0.5430824036564164,min_cost_max_flow,25,8,25,1,81,4
move,"['move', 8, 7, 4]",True,3360,1.4845958781232982,0.0,1.7533922845535503,0.26879640643025204,0.4567168888679589,0.3310341497271586,min_cost_max_flow,140,8,140,7,82,4
move,"['move', 8, 8, 4]",True,3360,1.382014478874342,0.0,1.7533922845535503,0.37137780567920836,0.712554845122213,0.7413953951515855,min_cost_max_flow,146,8,146,8,84,4
move,"['move', 16, 0, 4]",True,3370,2.0257719728271613,0.0,2.360683564866682,0.3349115920395209,0.6869266564026475,0.5866596368793445,min_cost_max_flow,4,16,4,0,85,4
move,"['move', 16, 3, 6]",True,3370,2.131514285469547,0.0,2.360683564866682,0.22916927939713558,0.4229766298594768,0.3161562616842951,min_cost_max_flow,56,16,56,3,123,6
move,"['move', 16, 5, 2]",True,3370,2.156827904894379,0.0,2.360683564866682,0.20385565997230343,0.3597148325643502,0.30132208371514146,min_cost_max_flow,94,16,94,5,44,2
move,"['move', 16, 5, 6]",True,3370,2.19180876677312,0.0,2.360683564866682,0.16887479809356212,0.2724194908005302,0.1967801283596344,min_cost_max_flow,98,16,98,5,110,6
move,"['move', 8, 4, 6]",True,3380,2.0916905577256437,0.0,2.273664803875138,0.18197424614949437,0.23982733183220262,0.2204717056352833,min_cost_max_flow,79,8,79,4,112,6
move,"['move', 8, 5, 6]",True,3380,2.094273105693588,0.0,2.273664803875138,0.17939169818155024,0.2335342505684821,0.11161260154206917,min_cost_max_flow,95,8,95,5,113,6
move,"['move', 8, 4, 0]",True,3380,1.9199548945600846,0.0,2.273664803875138,0.3537099093150536,0.6680698528216453,0.9515629886053075,min_cost_max_flow,81,8,81,4,7,0
move,"['move', 8, 3, 0]",True,3380,1.933170518848149,0.0,2.273664803875138,0.3404942850269891,0.635654452496965,0.535789391618086,min_cost_max_flow,64,8,64,3,4,0
move,"['move', 16, 2, 3]",True,3390,2.13231211424283,0.0,2.27994808251287,0.1476359682700401,0.2193612705304986,0.17087726917734988,min_cost_max_flow,44,16,44,2,59,3
move,"['move', 16, 6, 3]",True,3390,2.0419449847152844,0.0,2.27994808251287,0.23800309779758544,0.4450212691735942,0.3427607196891672,min_cost_max_flow,110,16,110,6,64,3
move,"['move', 16, 7, 3]",True,3390,1.9692281096134923,0.0,2.27994808251287,0.3107199728993776,0.626614417124074,0.4754539223562707,min_cost_max_flow,137,16,137,7,55,3
move,"['move', 16, 8, 3]",True,3390,2.0408585681177476,0.0,2.27994808251287,0.23908951439512224,0.44781201550358674,0.29295749558880857,min_cost_max_flow,150,16,150,8,56,3
move,"['move', 20, 1, 0]",True,3400,1.9107142341211814,0.0,2.3554723142024603,0.5013789993312788,0.9450549842731562,0.6189929337113207,min_cost_max_flow,28,20,28,1,6,0
move,"['move', 20, 6, 0]",True,3400,1.893884797687655,0.0,2.3554723142024603,0.5181655631398054,0.9859672860184219,1.3217314510784473,min_cost_max_flow,109,20,109,6,7,0
move,"['move', 20, 4, 5]",True,3400,1.7965922974827018,0.0,2.3554723142024603,0.5588800167197585,1.088151437936176,1.0563861391641813,min_cost_max_flow,86,20,86,4,95,5
move,"['move', 20, 8, 0]",True,3400,1.8926044218053897,0.0,2.3554723142024603,0.4628678923970705,0.8483364286075812,0.9128518204140839,min_cost_max_flow,150,20,150,8,9,0
move,"['move', 8, 9, 8]",True,3410,1.6956463411143219,0.0,1.9798886127763025,0.28424227166198063,0.49529697291291086,0.354086839306827,min_cost_max_flow,164,8,164,9,150,8
move,"['move', 8, 0, 8]",True,3410,1.6634293603179011,0.0,1.9798886127763025,0.31645925245840123,0.5756945040193386,0.4507007623892631,min_cost_max_flow,4,8,4,0,146,8
move,"['move', 8, 7, 5]",True,3410,1.5803025428334603,0.0,1.9798886127763025,0.39958606994284224,0.7828402489758446,0.8982332654536499,min_cost_max_flow,141,8,141,7,94,5
move,"['move', 8, 2, 5]",True,3410,1.5909252237435594,0.0,1.9798886127763025,0.38896338903274313,0.7568276059537311,0.5355270966974004,min_cost_max_flow,48,8,48,2,95,5
move,"['move', 15, 6, 4]",True,3420,1.027132022890579,0.0,1.7510100183491581,0.7238779954585792,1.3648110560825444,1.924618344169237,min_cost_max_flow,112,15,112,6,86,4
move,"['move', 15, 1, 3]",True,3420,1.2148073410827858,0.0,1.7510100183491581,0.5386649530163724,0.9027761591278249,1.259478910304102,min_cost_max_flow,26,15,26,1,60,3
move,"['move', 15, 5, 3]",True,3420,1.157824139021411,0.0,1.7510100183491581,0.5931858793277471,1.0390050375572173,1.3084371430004849,min_cost_max_flow,103,15,103,5,62,3
move,"['move', 15, 2, 4]",True,3420,1.050619861810206,0.0,1.7510100183491581,0.7762534956639521,1.4967365226548281,1.2668076382681372,min_cost_max_flow,42,15,42,2,79,4
move,"['move', 5, 4, 0]",True,3430,1.0795836322472934,0.0,1.8986432963833755,0.8388416204694152,1.6900868981610984,1.4066119151106256,min_cost_max_flow,78,5,78,4,2,0
move,"['move', 5, 4, 5]",True,3430,1.3419878302813741,0.0,1.8986432963833755,0.5566554661020013,0.984877843533468,1.2357243878411797,min_cost_max_flow,73,5,73,4,97,5
move,"['move', 5, 8, 5]",True,3430,1.4943333566992432,0.0,1.8986432963833755,0.40430993968413226,0.604356309690047,1.0075362536733612,min_cost_max_flow,147,5,147,8,98,5
move,"['move', 5, 9, 2]",True,3430,1.1517435235389697,0.0,1.8986432963833755,0.7468997728444057,1.4586355295978137,2.4711115822845717,min_cost_max_flow,165,5,165,9,44,2
move,"['move', 15, 4, 8]",True,3440,1.3402345359945769,0.0,1.9053668164057083,0.5651322804111314,0.9687069610299659,1.417823300141789,min_cost_max_flow,79,15,79,4,147,8
move,"['move', 15, 4, 9]",True,3440,1.1561577695896936,0.0,1.9053668164057083,0.7492090468160146,1.4283852590160677,1.7602353175459324,min_cost_max_flow,86,15,86,4,163,9
move,"['move', 15, 3, 9]",True,3440,1.2376965533713582,0.0,1.9053668164057083,0.6676702630343502,1.2241059343723464,2.048478777252762,min_cost_max_flow,60,15,60,3,164,9
move,"['move', 15, 1, 5]",True,3440,1.02524145923172,0.0,1.9053668164057083,0.8801253571739882,1.754833160630369,2.322151504634345,min_cost_max_flow,24,15,24,1,103,5
move,"['move', 8, 6, 7]",True,3450,1.937235024667133,0.0,2.2069027039040523,0.27237834473691913,0.4656347228519735,0.3557086714959367,min_cost_max_flow,112,8,112,6,135,7
move,"['move', 8, 5, 2]",True,3450,1.8881720454488744,0.0,2.2069027039040523,0.35293013520517785,0.6666717237167177,0.5840255420976004,min_cost_max_flow,95,8,95,5,48,2
move,"['move', 8, 4, 2]",True,3450,1.8641446598569034,0.0,2.2069027039040523,0.3427580440471488,0.6410659051325638,0.7010860014851008,min_cost_max_flow,82,8,82,4,37,2
move,"['move', 8, 6, 2]",True,3450,1.9063420612951378,0.0,2.2069027039040523,0.3005606426089144,0.5357017137939692,0.6148778301574425,min_cost_max_flow,113,8,113,6,44,2
move,"['move', 22, 4, 2]",True,3460,1.5184956704705732,0.0,1.6741367992651985,0.1556411287946253,0.2291468126277323,0.11858346019643114,min_cost_max_flow,80,22,80,4,45,2
move,"['move', 22, 7, 2]",True,3460,1.4308080409704003,0.0,1.6741367992651985,0.35230383266979837,0.7202441692716093,0.4915188229001955,min_cost_max_flow,143,22,143,7,46,2
move,"['move', 22, 7, 8]",True,3460,1.556280647688841,0.0,1.6741367992651985,0.11785615157635769,0.13465293635090347,0.13953894763627112,min_cost_max_flow,129,22,129,7,148,8
move,"['move', 22, 5, 0]",True,3460,1.3891610502002378,0.0,1.6741367992651985,0.2849757490649608,0.5523552118465886,0.20401776485130702,min_cost_max_flow,91,22,91,5,2,0
move,"['move', 5, 0, 8]",True,3470,1.1797862806042345,0.0,1.9763863721001989,0.7966000914959643,1.585074940121558,1.012035652386132,min_cost_max_flow,2,5,2,0,151,8
move,"['move', 5, 4, 6]",True,3470,1.6557594632224832,0.0,1.9763863721001989,0.32062690887771556,0.3957033819024218,0.6377701013956759,min_cost_max_flow,77,5,77,4,109,6
move,"['move', 5, 5, 8]",True,3470,1.6811907482626134,0.0,1.9763863721001989,0.2951956238375855,0.33177839402196696,0.8689536214822091,min_cost_max_flow,97,5,97,5,152,8
move,"['move', 5, 7, 6]",True,3470,1.4012045664499209,0.0,1.9763863721001989,0.575181805650278,1.0315255576715572,1.0144808762427306,min_cost_max_flow,135,5,135,7,110,6
move,"['move', 8, 0, 3]",True,3480,1.8488590761943113,0.0,2.1233403419397407,0.2744812657454294,0.4704893858288415,0.6241350344343508,min_cost_max_flow,7,8,7,0,59,3
move,"['move', 8, 4, 3]",True,3480,2.006399738354638,0.0,2.1233403419397407,0.17463302508510284,0.2214278624378494,0.2514161945515384,min_cost_max_flow,84,8,84,4,63,3
move,"['move', 8, 8, 1]",True,3480,1.857124651773508,0.0,2.1233403419397407,0.3008338960412328,0.5368792412191397,0.28528193390781065,min_cost_max_flow,150,8,150,8,28,1
move,"['move', 8, 9, 1]",True,3480,1.7492535353139702,0.0,2.1233403419397407,0.3740868066257706,0.7191803387686377,0.8394012084720983,min_cost_max_flow,177,8,177,9,25,1
move,"['move', 22, 8, 5]",True,3490,2.4152699205800885,0.0,2.6562817917482064,0.2410118711681178,0.44210418478178326,0.43157264664997713,min_cost_max_flow,148,22,148,8,91,5
move,"['move', 22, 6, 5]",True,3490,2.4171619475285877,0.0,2.6562817917482064,0.2391198442196186,0.4373236669562175,0.4652062828617887,min_cost_max_flow,122,22,122,6,97,5
move,"['move', 22, 7, 4]",True,3490,2.4454706766116643,0.0,2.6562817917482064,0.2108111151365423,0.36676561354397563,0.3226934192292363,min_cost_max_flow,134,22,134,7,86,4
move,"['move', 22, 0, 9]",True,3490,2.3975134283589115,0.0,2.6562817917482064,0.2587683633892948,0.4868878281849902,0.16996407980697467,min_cost_max_flow,2,22,2,0,177,9
move,"['move', 30, 0, 4]",True,3500,1.5462869340985623,0.0,2.28310045295928,0.8203963216107178,1.5344834049101337,2.2134111581131894,min_cost_max_flow,3,30,3,0,73,4
move,"['move', 30, 0, 3]",True,3500,1.7192726566147223,0.0,2.28310045295928,0.5638277963445578,0.8939486899835174,1.6223456655909836,min_cost_max_flow,5,30,5,0,64,3
move,"['move', 30, 1, 4]",True,3500,1.3736863141996776,0.0,2.28310045295928,0.9094141387596025,1.7563745145016583,2.649033345237978,min_cost_max_flow,36,30,36,1,78,4
move,"['move', 30, 2, 4]",True,3500,1.54884458347696,0.0,2.28310045295928,0.7342558694823199,1.3195454430315294,1.937965529853009,min_cost_max_flow,40,30,40,2,79,4
move,"['move', 20, 6, 8]",True,3510,1.857467442031616,0.0,2.1402447589491502,0.2827773169175344,0.398245081283676,0.8227909037906355,min_cost_max_flow,111,20,111,6,148,8
move,"['move', 20, 3, 8]",True,3510,1.6041684930047948,0.0,2.1402447589491502,0.5360762659443555,1.0303321286628488,1.596341029044031,min_cost_max_flow,57,20,57,3,153,8
move,"['move', 20, 0, 8]",True,3510,1.7053295553752617,0.0,2.1402447589491502,0.43491520357388846,0.7784840848544263,0.8932662838805844,min_cost_max_flow,6,20,6,0,155,8
move,"['move', 20, 5, 8]",True,3510,1.5822106930918438,0.0,2.1402447589491502,0.6220924281073065,1.246022241684841,1.1632026193008465,min_cost_max_flow,95,20,95,5,157,8
move,"['move', 20, 6, 1]",True,3520,1.5099644474133584,0.0,1.9807459487404344,0.47131682082707593,0.8694919058980304,0.8907476767902479,min_cost_max_flow,120,20,120,6,36,1
move,"['move', 20, 8, 7]",True,3520,1.7081804388133444,0.0,1.9807459487404344,0.29742432792709,0.4353765880150604,0.4801380987938258,min_cost_max_flow,148,20,148,8,134,7
move,"['move', 20, 8, 1]",True,3520,1.6247371398290227,0.0,1.9807459487404344,0.35600880891141173,0.5813620022381656,0.7973302572598489,min_cost_max_flow,153,20,153,8,26,1
move,"['move', 20, 3, 1]",True,3520,1.4897365604184367,0.0,1.9807459487404344,0.4910093883219977,0.9190363889720174,0.682038119001806,min_cost_max_flow,58,20,58,3,27,1
move,"['move', 22, 9, 8]",True,3530,1.9948580787895138,0.0,2.280847182850322,0.28598910406080813,0.554592945278273,0.4011204701406077,min_cost_max_flow,177,22,177,9,150,8
move,"['move', 22, 1, 7]",True,3530,2.008592328899047,0.0,2.280847182850322,0.27225485395127524,0.5203716678079218,0.32488860115328044,min_cost_max_flow,27,22,27,1,135,7
move,"['move', 22, 3, 8]",True,3530,1.9983939224125058,0.0,2.280847182850322,0.2824532604378163,0.5456806850270368,0.4495545993117327,min_cost_max_flow,57,22,57,3,153,8
move,"['move', 22, 3, 7]",True,3530,1.9844054309928447,0.0,2.280847182850322,0.2964417518574773,0.5803323274521972,0.6626120153063689,min_cost_max_flow,63,22,63,3,140,7
move,"['move', 8, 8, 9]",True,3540,1.900642781411932,0.0,2.1322259815327116,0.2315832001207796,0.36378283588419436,0.2650589564495019,min_cost_max_flow,146,8,146,8,177,9
move,"['move', 8, 5, 9]",True,3540,1.8180776691669454,0.0,2.1322259815327116,0.3141483123657663,0.5692224022495793,0.9138684545039357,min_cost_max_flow,94,8,94,5,165,9
move,"['move', 8, 3, 9]",True,3540,1.8333626881159715,0.0,2.1322259815327116,0.2988632934167401,0.5317923118491308,0.39223047309268244,min_cost_max_flow,59,8,59,3,170,9
move,"['move', 8, 2, 0]",True,3540,2.0319988711499617,0.0,2.1322259815327116,0.22202879388275013,0.3397039208939532,0.3936585532278334,min_cost_max_flow,37,8,37,2,4,0
move,"['move', 8, 0, 6]",True,3550,1.60132038043375,0.0,1.9034559952187493,0.3021356147849994,0.5395544377097394,0.6713488464523383,min_cost_max_flow,4,8,4,0,112,6
move,"['move', 8, 9, 5]",True,3550,1.4881884768702798,0.0,1.9034559952187493,0.4152675183484695,0.8220638589773444,0.8849072738325301,min_cost_max_flow,165,8,165,9,107,5
move,"['move', 8, 7, 6]",True,3550,1.6287936422315341,0.0,1.9034559952187493,0.27466235298721525,0.4710639878103393,0.5428791164122717,min_cost_max_flow,135,8,135,7,122,6
move,"['move', 8, 1, 6]",True,3550,1.5965694034197444,0.0,1.9034559952187493,0.3068865917990049,0.5515322698047385,0.604422473128867,min_cost_max_flow,25,8,25,1,109,6
move,"['move', 22, 8, 0]",True,3560,2.20635854284586,0.0,2.355437619866461,0.1490790770206008,0.2126883450036985,0.1541422528447864,min_cost_max_flow,150,22,150,8,4,0
move,"['move', 22, 5, 6]",True,3560,2.0606769794948088,0.0,2.355437619866461,0.2947606403716522,0.576460405231046,0.44204101969873033,min_cost_max_flow,91,22,91,5,120,6
move,"['move', 22, 1, 6]",True,3560,2.0235202567461017,0.0,2.355437619866461,0.33191736312035924,0.6689753258178825,0.6932985429861364,min_cost_max_flow,29,22,29,1,111,6
move,"['move', 22, 4, 3]",True,3560,2.1643576283918313,0.0,2.355437619866461,0.24127846522462984,0.44297570647177054,0.2948816141784709,min_cost_max_flow,86,22,86,4,57,3
move,"['move', 8, 1, 7]",True,3570,2.3732249356157227,0.0,2.806469306121627,0.4332443705059043,0.8673636780367815,0.646448163265777,min_cost_max_flow,28,8,28,1,135,7
move,"['move', 8, 3, 7]",True,3570,2.511157722699389,0.0,2.806469306121627,0.29531158342223796,0.5224000562011497,0.7342175809097291,min_cost_max_flow,63,8,63,3,141,7
move,"['move', 8, 6, 7]",True,3570,2.6446401732856932,0.0,2.806469306121627,0.16182913283593395,0.1895701566754724,0.150066287521402,min_cost_max_flow,109,8,109,6,142,7
move,"['move', 8, 5, 7]",True,3570,2.567148427083586,0.0,2.806469306121627,0.23932087903804122,0.38313109750743024,0.26234940306160065,min_cost_max_flow,107,8,107,5,143,7
move,"['move', 8, 6, 0]",True,3580,2.214970259475371,0.0,2.5029315834952706,0.2879613240198995,0.504057854792336,0.7119195162214219,min_cost_max_flow,112,8,112,6,3,0
move,"['move', 8, 7, 0]",True,3580,2.197691140911236,0.0,2.5029315834952706,0.30524044258403477,0.5477744949894259,0.3660236583870136,min_cost_max_flow,135,8,135,7,5,0
move,"['move', 8, 7, 1]",True,3580,2.129745009599503,0.0,2.5029315834952706,0.3731865738957676,0.7174477702137665,0.4940590283813519,min_cost_max_flow,141,8,141,7,28,1
move,"['move', 8, 2, 3]",True,3580,2.2559424438586424,0.0,2.5029315834952706,0.24698913963662802,0.40240177539817523,0.1956651402096552,min_cost_max_flow,44,8,44,2,63,3
move,"['move', 22, 8, 1]",True,3590,1.4806155597505926,0.0,1.6854529218062382,0.20483736205564565,0.3519884060442564,0.21790995088093917,min_cost_max_flow,153,22,153,8,24,1
move,"['move', 22, 5, 1]",True,3590,1.3685268403925877,0.0,1.6854529218062382,0.31692608141365064,0.6319242918980308,0.40851831170623554,min_cost_max_flow,97,22,97,5,25,1
move,"['move', 22, 6, 9]",True,3590,1.541477761542237,0.0,1.6854529218062382,0.14397516026400117,0.19970190206367988,0.3052429518578026,min_cost_max_flow,111,22,111,6,165,9
move,"['move', 22, 6, 1]",True,3590,1.363267084084376,0.0,1.6854529218062382,0.32218583772186216,0.6449886752307066,0.46518993694155075,min_cost_max_flow,120,22,120,6,28,1
move,"['move', 20, 7, 4]",True,3600,1.4509351024567798,0.0,1.906795891408256,0.4558607889514761,0.8309425400657346,0.8302717723210489,min_cost_max_flow,134,20,134,7,86,4
move,"['move', 20, 1, 4]",True,3600,1.4489114635201814,0.0,1.906795891408256,0.5177715613880745,0.985929878501338,0.6900002095828572,min_cost_max_flow,27,20,27,1,77,4
move,"['move', 20, 0, 4]",True,3600,1.4379461119915002,0.0,1.906795891408256,0.4688497794167556,0.8633003601717064,0.9067091438057067,min_cost_max_flow,7,20,7,0,80,4
move,"['move', 20, 8, 4]",True,3600,1.4431366639163972,0.0,1.906795891408256,0.4889125888668586,0.9129988705753931,1.2123846248529622,min_cost_max_flow,155,20,155,8,81,4
move,"['move', 8, 1, 8]",True,3610,1.6999133266004371,0.0,2.126551350800811,0.42663802420037406,0.850677438735147,0.7600305218050012,min_cost_max_flow,28,8,28,1,150,8
move,"['move', 8, 2, 8]",True,3610,1.7436379086835134,0.0,2.126551350800811,0.38291344211729766,0.7412750310177216,0.8206655282946231,min_cost_max_flow,48,8,48,2,146,8
move,"['move', 8, 0, 5]",True,3610,1.8404578923157835,0.0,2.126551350800811,0.28609345848502765,0.5000236817650148,0.28825897631589903,min_cost_max_flow,3,8,3,0,95,5
move,"['move', 8, 6, 8]",True,3610,1.7608713080092673,0.0,2.126551350800811,0.36568004279154387,0.6985591983320774,0.5755551091344395,min_cost_max_flow,122,8,122,6,148,8
move,"['move', 20, 4, 7]",True,3620,2.0999503252579506,0.0,2.509849335966754,0.4098990107088036,0.7157981879790896,0.9902094256302236,min_cost_max_flow,77,20,77,4,134,7
move,"['move', 20, 8, 2]",True,3620,2.1882262627059355,0.0,2.509849335966754,0.3216230732608183,0.4957436760159908,0.5666549877206122,min_cost_max_flow,157,20,157,8,48,2
move,"['move', 20, 1, 7]",True,3620,2.013822368187658,0.0,2.509849335966754,0.496026967779096,0.9306712234465522,1.288114231142511,min_cost_max_flow,26,20,26,1,135,7
move,"['move', 20, 4, 2]",True,3620,2.1025223632329477,0.0,2.509849335966754,0.40732697273380614,0.7094214599128463,0.9546315114633387,min_cost_max_flow,80,20,80,4,37,2
move,"['move', 8, 3, 2]",True,3630,1.9716229922003825,0.0,2.204931714011958,0.2333087218115757,0.36803435257752426,0.3065839788897244,min_cost_max_flow,63,8,63,3,40,2
move,"['move', 8, 8, 2]",True,3630,1.865591995821062,0.0,2.204931714011958,0.33933971819089614,0.632931544285384,0.4267834725172243,min_cost_max_flow,146,8,146,8,42,2
move,"['move', 8, 0, 2]",True,3630,1.8928809842671555,0.0,2.204931714011958,0.3120507297448028,0.5646703127640649,0.4526237432411047,min_cost_max_flow,5,8,5,0,44,2
move,"['move', 8, 9, 2]",True,3630,1.8804798061666923,0.0,2.204931714011958,0.324451907845266,0.5955182594698272,0.5559561068381732,min_cost_max_flow,170,8,170,9,47,2
move,"['move', 8, 5, 0]",True,3646,1.5838750884496768,0.0,1.8942560376444035,0.31038094919472664,0.5606048616100452,0.37995692912722984,min_cost_max_flow,95,8,95,5,7,0
move,"['move', 8, 8, 3]",True,3646,1.5989432279603402,0.0,1.8942560376444035,0.29531280968406337,0.5226531324879033,0.5675438261163586,min_cost_max_flow,148,8,148,8,63,3
move,"['move', 8, 9, 0]",True,3646,1.6177390167965735,0.0,1.8942560376444035,0.27651702084783,0.4759875518284389,0.35161620537032656,min_cost_max_flow,177,8,177,9,3,0
move,"['move', 8, 8, 0]",True,3646,1.6598188029521201,0.0,1.8942560376444035,0.2344372346922833,0.3707944622001378,0.34736569832673236,min_cost_max_flow,150,8,150,8,5,0
move,"['move', 20, 4, 8]",True,3656,2.6119860333540403,0.0,2.9545913102235772,0.3426052768695369,0.5474623283516848,1.0578927784556218,min_cost_max_flow,81,20,81,4,150,8
move,"['move', 20, 2, 8]",True,3656,2.6027356424393973,0.0,2.9545913102235772,0.3518556677841801,0.5711898601948633,0.6568564074086247,min_cost_max_flow,37,20,37,2,146,8
move,"['move', 20, 7, 5]",True,3656,2.437903594340614,0.0,2.9545913102235772,0.5284319443829635,1.0119979002556647,1.0786240315133875,min_cost_max_flow,135,20,135,7,95,5
move,"['move', 20, 2, 5]",True,3656,2.4114281534756468,0.0,2.9545913102235772,0.5431631567479304,1.0484216367913177,1.3481536160227476,min_cost_max_flow,48,20,48,2,91,5
move,"['move', 20, 7, 2]",True,3666,1.620135523945212,0.0,2.0523733456208006,0.4322378216755887,0.7711830912303412,1.2982922027709698,min_cost_max_flow,134,20,134,7,48,2
move,"['move', 20, 1, 9]",True,3666,1.6882339617425146,0.0,2.0523733456208006,0.36413938387828604,0.601955620557419,0.6192096558814058,min_cost_max_flow,36,20,36,1,177,9
move,"['move', 20, 5, 9]",True,3666,1.6373402395529384,0.0,2.0523733456208006,0.41503310606786226,0.7292776338508702,0.5607377762076176,min_cost_max_flow,91,20,91,5,166,9
move,"['move', 20, 5, 2]",True,3666,1.5912275615900806,0.0,2.0523733456208006,0.4611457840307201,0.84407342634222,0.8846727200708256,min_cost_max_flow,95,20,95,5,37,2
move,"['move', 20, 9, 7]",True,3676,1.9952056732454833,0.0,2.3556119763940755,0.3604063031485923,0.5924560619459953,0.7304475140076023,min_cost_max_flow,166,20,166,9,134,7
move,"['move', 20, 9, 5]",True,3676,1.670871475305696,0.0,2.3556119763940755,0.6847405010883796,1.4022913436274393,1.3972562926903473,min_cost_max_flow,177,20,177,9,95,5
move,"['move', 20, 2, 5]",True,3676,1.82685957896041,0.0,2.3556119763940755,0.5287523974336654,1.0126569740095874,1.1733299467348102,min_cost_max_flow,37,20,37,2,107,5
move,"['move', 20, 2, 7]",True,3676,1.9075064381742015,0.0,2.3556119763940755,0.44810553821987403,0.8120489482098492,0.500581790241283,min_cost_max_flow,48,20,48,2,137,7
move,"['move', 8, 3, 1]",True,3686,1.3995269664734067,0.0,1.6810142217675366,0.29244570329413,0.5155697468362632,0.5112902773208085,min_cost_max_flow,63,8,63,3,36,1
move,"['move', 8, 7, 9]",True,3686,1.5583769244333148,0.0,1.6810142217675366,0.23860986795922184,0.3813587211698177,0.2589151634376712,min_cost_max_flow,142,8,142,7,177,9
move,"['move', 8, 0, 9]",True,3686,1.4930377508175336,0.0,1.6810142217675366,0.187976470950003,0.25495287307421677,0.14048554514024952,min_cost_max_flow,3,8,3,0,166,9
move,"['move', 8, 2, 9]",True,3686,1.3161622554420962,0.0,1.6810142217675366,0.3770108360754403,0.727112205393496,0.4248725413494644,min_cost_max_flow,42,8,42,2,170,9
move,"['move', 28, 4, 3]",True,3696,1.5265862245680981,0.0,1.9821673727945015,0.5536920878514033,0.9383673132761032,0.7187495755158924,min_cost_max_flow,90,28,90,4,57,3
move,"['move', 28, 6, 3]",True,3696,1.2842877924606897,0.0,1.9821673727945015,0.6978795803338118,1.29680988517066,2.0695224498255245,min_cost_max_flow,117,28,117,6,58,3
move,"['move', 28, 7, 1]",True,3696,1.2671085331483891,0.0,1.9821673727945015,0.7150588396461124,1.34010187509557,1.8402946870532357,min_cost_max_flow,130,28,130,7,26,1
move,"['move', 28, 7, 3]",True,3696,1.2865881160656722,0.0,1.9821673727945015,0.6955792567288293,1.2903186771509354,2.5631217880043105,min_cost_max_flow,133,28,133,7,59,3
move,"['move', 5, 6, 4]",True,3706,1.3564862383522713,0.0,1.6786371557114372,0.37509927948416594,0.5317626449032105,0.7188791116205964,min_cost_max_flow,109,5,109,6,77,4
move,"['move', 5, 7, 4]",True,3706,1.214021729770718,0.0,1.6786371557114372,0.4646154259407191,0.755048213279224,1.0554109552001296,min_cost_max_flow,137,5,137,7,80,4
move,"['move', 5, 8, 4]",True,3706,1.2017587765626094,0.0,1.6786371557114372,0.47687837914882786,0.7850370222804486,1.501126967898244,min_cost_max_flow,151,5,151,8,81,4
move,"['move', 5, 8, 3]",True,3706,1.1627330112888004,0.0,1.6786371557114372,0.515904144422637,0.8822450326551916,1.7387288410850419,min_cost_max_flow,152,5,152,8,63,3
move,"['move', 22, 1, 5]",True,3716,2.0597895984992998,0.0,2.2802172837015946,0.2835101807022949,0.5484314231798635,0.3772629382248688,min_cost_max_flow,25,22,25,1,91,5
move,"['move', 22, 9, 4]",True,3716,1.9133442985460656,0.0,2.2802172837015946,0.3668729851555291,0.7564729295190773,0.6209328008059288,min_cost_max_flow,165,22,165,9,82,4
move,"['move', 22, 7, 4]",True,3716,2.08734700884791,0.0,2.2802172837015946,0.1928702748536846,0.32207659025880275,0.21397513791493877,min_cost_max_flow,135,22,135,7,83,4
move,"['move', 22, 2, 4]",True,3716,2.0936708985372583,0.0,2.2802172837015946,0.18654638516433622,0.30630490501062013,0.18861582112271574,min_cost_max_flow,45,22,45,2,84,4
move,"['move', 8, 1, 4]",True,3726,2.0732064180245313,0.0,2.3539990457870066,0.28079262776247516,0.4864437001015176,0.5068622143931792,min_cost_max_flow,36,8,36,1,86,4
move,"['move', 8, 0, 4]",True,3726,1.9922407318004831,0.0,2.3539990457870066,0.3617583139865235,0.6885994561962434,0.679168524656556,min_cost_max_flow,5,8,5,0,87,4
move,"['move', 8, 2, 6]",True,3726,2.017463079565616,0.0,2.3539990457870066,0.3365359662213904,0.6257671558923903,0.5301224520034128,min_cost_max_flow,40,8,40,2,112,6
move,"['move', 8, 2, 4]",True,3726,1.9492633183077734,0.0,2.3539990457870066,0.40473572747923314,0.7960638921649661,0.6652337000241368,min_cost_max_flow,44,8,44,2,89,4
move,"['move', 30, 3, 1]",True,3736,1.4644055366566517,0.0,2.053508569008323,0.5891030323516713,0.9587616707503912,0.5390851661974971,min_cost_max_flow,64,30,64,3,27,1
move,"['move', 30, 4, 2]",True,3736,1.234097928702127,0.0,2.053508569008323,0.8427899481395292,1.5905409734041314,2.164409710133995,min_cost_max_flow,78,30,78,4,48,2
move,"['move', 30, 5, 0]",True,3736,0.8834395875472294,0.0,2.053508569008323,1.1700689814610936,2.408559149240318,2.284014688616841,min_cost_max_flow,96,30,96,5,2,0
move,"['move', 30, 6, 1]",True,3736,1.467449855361051,0.0,2.053508569008323,0.5860587136472718,0.9502509337471565,1.139045327688288,min_cost_max_flow,110,30,110,6,36,1
move,"['move', 20, 7, 1]",True,3746,2.1352871083718354,0.0,2.581824842079916,0.44653773370808064,0.8067519598407671,1.4188998499737169,min_cost_max_flow,134,20,134,7,25,1
move,"['move', 20, 4, 9]",True,3746,1.9777599564317037,0.0,2.581824842079916,0.6040648856482125,1.2001242806582013,1.7159392052372444,min_cost_max_flow,86,20,86,4,165,9
move,"['move', 20, 3, 9]",True,3746,1.9431274349768985,0.0,2.581824842079916,0.6386974071030176,1.2869366487211664,1.5618962546025157,min_cost_max_flow,71,20,71,3,171,9
move,"['move', 20, 0, 9]",True,3746,2.236730992560492,0.0,2.581824842079916,0.3450938495194239,0.5546772181114648,0.3955873550807263,min_cost_max_flow,9,20,9,0,172,9
move,"['move', 20, 7, 3]",True,3756,1.649907698123382,0.0,2.203678197598523,0.5537704994751408,1.0750261606590357,1.2907089162282488,min_cost_max_flow,137,20,137,7,71,3
move,"['move', 20, 9, 4]",True,3756,1.6640039008482121,0.0,2.203678197598523,0.5396742967503108,1.0404465590618202,0.8501054396552356,min_cost_max_flow,165,20,165,9,90,4
move,"['move', 20, 9, 0]",True,3756,1.4412570065512849,0.0,2.203678197598523,0.762421191047238,1.5967881768738152,1.2005173932038822,min_cost_max_flow,171,20,171,9,2,0
move,"['move', 20, 6, 4]",True,3756,1.9259571864683291,0.0,2.203678197598523,0.27772101113019376,0.38587138166622026,0.6447476698601015,min_cost_max_flow,121,20,121,6,86,4
move,"['move', 22, 1, 8]",True,3766,1.5375844779603007,0.0,1.7609583560343802,0.2233738780740794,0.39820339055586373,0.30211364053223067,min_cost_max_flow,24,22,24,1,148,8
move,"['move', 22, 5, 9]",True,3766,1.5345746628219694,0.0,1.7609583560343802,0.22638369321241084,0.4058101753544179,0.2472823387152257,min_cost_max_flow,91,22,91,5,165,9
move,"['move', 22, 0, 9]",True,3766,1.5097174053446876,0.0,1.7609583560343802,0.2512409506896927,0.46779539588897023,0.3525644444834259,min_cost_max_flow,4,22,4,0,171,9
move,"['move', 22, 7, 9]",True,3766,1.5443456381541665,0.0,1.7609583560343802,0.21661271788021366,0.3813764485530555,0.25147465262818336,min_cost_max_flow,140,22,140,7,176,9
move,"['move', 5, 3, 7]",True,3776,1.314921048353644,0.0,1.7575361163861438,0.4426150680324998,0.7003579416850698,0.8483288376040264,min_cost_max_flow,63,5,63,3,135,7
move,"['move', 5, 4, 7]",True,3776,1.0258374613647474,0.0,1.7575361163861438,0.7316986550213965,1.4224654522549827,1.2493001058233304,min_cost_max_flow,77,5,77,4,137,7
move,"['move', 5, 4, 8]",True,3776,1.3801920731669621,0.0,1.7575361163861438,0.37734404321918175,0.5370718494450557,0.9206823087501315,min_cost_max_flow,80,5,80,4,151,8
move,"['move', 5, 6, 8]",True,3776,1.2433769791746774,0.0,1.7575361163861438,0.5141591372114663,0.8787379613495432,1.168431026232881,min_cost_max_flow,110,5,110,6,152,8
move,"['move', 15, 8, 1]",True,3786,1.639743374497248,0.0,2.351171220218957,0.7114278457217091,1.3348615250943112,1.1407227748744866,min_cost_max_flow,147,15,147,8,27,1
move,"['move', 15, 9, 4]",True,3786,1.7302602992494829,0.0,2.351171220218957,0.6209109209694742,1.107081872112758,2.1322835088518297,min_cost_max_flow,163,15,163,9,77,4
move,"['move', 15, 2, 1]",True,3786,1.6202465890096245,0.0,2.351171220218957,0.7309246312093327,1.3821939779591048,2.080396677717922,min_cost_max_flow,41,15,41,2,28,1
move,"['move', 15, 7, 5]",True,3786,1.3615471808404958,0.0,2.351171220218957,0.9896240393784616,2.0284905754815554,2.381678611298978,min_cost_max_flow,136,15,136,7,91,5
move,"['move', 20, 9, 2]",True,3796,1.98967361387291,0.0,2.50553725695512,0.5158636430822101,0.9800789032451576,1.4107865372624455,min_cost_max_flow,172,20,172,9,37,2
move,"['move', 20, 8, 6]",True,3796,2.1121765086131146,0.0,2.50553725695512,0.4192837395920055,0.739056832389906,1.125661290422514,min_cost_max_flow,150,20,150,8,109,6
move,"['move', 20, 4, 6]",True,3796,1.923616332686008,0.0,2.50553725695512,0.5819209242691122,1.1452659580681939,1.3815519667418328,min_cost_max_flow,86,20,86,4,110,6
move,"['move', 20, 3, 6]",True,3796,1.9920241361729882,0.0,2.50553725695512,0.5135131207821321,0.9744380863194237,1.2537939876216468,min_cost_max_flow,71,20,71,3,117,6
move,"['move', 15, 4, 2]",True,3806,1.5964082406449653,0.0,2.12429579390468,0.5619661247597146,0.9607931394857587,1.4167782439186885,min_cost_max_flow,77,15,77,4,40,2
move,"['move', 15, 6, 7]",True,3806,1.6036352289146638,0.0,2.12429579390468,0.520660564990016,0.858245150091534,0.9395048905707056,min_cost_max_flow,115,15,115,6,130,7
move,"['move', 15, 3, 2]",True,3806,1.542731419003346,0.0,2.12429579390468,0.5815643749013338,1.0104908159846673,0.9487441473449183,min_cost_max_flow,62,15,62,3,41,2
move,"['move', 15, 9, 8]",True,3806,1.9064162158233675,0.0,2.12429579390468,0.23983587558131228,0.15708557373000076,0.3380734504200693,min_cost_max_flow,164,15,164,9,147,8
move,"['move', 22, 8, 5]",True,3816,1.2818326265820585,0.0,1.4559930399245373,0.20743675067581221,0.35827934330154676,0.35626614629829595,min_cost_max_flow,148,22,148,8,94,5
move,"['move', 22, 9, 6]",True,3816,1.2313723169385313,0.0,1.4559930399245373,0.22462072298600597,0.4012359257831122,0.3584983422442673,min_cost_max_flow,165,22,165,9,115,6
move,"['move', 22, 9, 5]",True,3816,1.2363276847356515,0.0,1.4559930399245373,0.21966535518888589,0.3889664524103864,0.2792009288613042,min_cost_max_flow,171,22,171,9,96,5
move,"['move', 22, 2, 7]",True,3816,1.184648496575457,0.0,1.4559930399245373,0.27134454334908037,0.5181349015547312,0.2988817662888813,min_cost_max_flow,46,22,46,2,133,7
move,"['move', 20, 2, 3]",True,3826,3.1860979111662666,0.0,3.552775669122193,0.46667778845592617,0.8574549951008521,1.1836342563262248,min_cost_max_flow,37,20,37,2,63,3
move,"['move', 20, 4, 3]",True,3826,3.147902331056089,0.0,3.552775669122193,0.4048733380661037,0.7039455828635255,0.5158250981732567,min_cost_max_flow,90,20,90,4,71,3
move,"['move', 20, 6, 3]",True,3826,3.179359243150817,0.0,3.552775669122193,0.42988859822137576,0.7654728773850366,1.1897290092858401,min_cost_max_flow,110,20,110,6,62,3
move,"['move', 20, 5, 7]",True,3826,3.2669171807128943,0.0,3.552775669122193,0.3386867844092982,0.5385261246192385,0.48454116635540817,min_cost_max_flow,95,20,95,5,134,7
move,"['move', 16, 1, 7]",True,3836,2.325221522275779,0.0,2.580517636302281,0.25529611402650176,0.4882026438426692,0.3768713218329456,min_cost_max_flow,23,16,23,1,135,7
move,"['move', 16, 3, 7]",True,3836,2.300268907496923,0.0,2.580517636302281,0.2802487288053582,0.550482044724049,0.44496203234049597,min_cost_max_flow,55,16,55,3,136,7
move,"['move', 16, 4, 7]",True,3836,2.402903747475844,0.0,2.580517636302281,0.1776138888264368,0.29403472110425355,0.3517778140018839,min_cost_max_flow,85,16,85,4,140,7
move,"['move', 16, 6, 7]",True,3836,2.4993648212411745,0.0,2.580517636302281,0.0811528150611066,0.053328292022342794,0.05427425972534483,min_cost_max_flow,123,16,123,6,141,7
move,"['move', 20, 3, 4]",True,3846,1.7419748243558335,0.0,2.2798989433767924,0.5379241190209589,1.036073508003028,0.8485099299302895,min_cost_max_flow,62,20,62,3,90,4
move,"['move', 20, 5, 4]",True,3846,1.8877773108864395,0.0,2.2798989433767924,0.39212163249035303,0.6718154104819405,0.6830973929787119,min_cost_max_flow,107,20,107,5,78,4
move,"['move', 20, 7, 9]",True,3846,1.6532469997442731,0.0,2.2798989433767924,0.6266519436325193,1.2575941783288727,1.0477707319677663,min_cost_max_flow,134,20,134,7,163,9
move,"['move', 20, 1, 2]",True,3846,2.0725477096315754,0.0,2.2798989433767924,0.20735123374521702,0.21064396003930597,0.18006644617515496,min_cost_max_flow,25,20,25,1,44,2
move,"['move', 20, 9, 1]",True,3856,3.1246095633214903,0.0,3.55779423599291,0.4331846726714198,0.7741923605572083,0.8701976445781658,min_cost_max_flow,163,20,163,9,23,1
move,"['move', 20, 6, 5]",True,3856,3.2014609468683144,0.0,3.55779423599291,0.3563332891245954,0.5825734852114692,0.5304752970301883,min_cost_max_flow,109,20,109,6,95,5
move,"['move', 20, 3, 7]",True,3856,2.9524042960844907,0.0,3.55779423599291,0.6053899399084192,1.2045040523371426,1.0045151862875175,min_cost_max_flow,63,20,63,3,134,7
move,"['move', 20, 6, 7]",True,3856,3.1439728763505537,0.0,3.55779423599291,0.41382135964235656,0.7259105269549764,0.7858983309606992,min_cost_max_flow,117,20,117,6,142,7
move,"['move', 28, 0, 7]",True,3866,1.5366347859688276,0.0,2.4376291286730076,0.95395137382918,1.9372210202927818,1.915088194024582,min_cost_max_flow,10,28,10,0,129,7
move,"['move', 28, 1, 7]",True,3866,1.7366025877073927,0.0,2.4376291286730076,0.7010265409656149,1.305695883682347,1.390457828372728,min_cost_max_flow,26,28,26,1,130,7
move,"['move', 28, 3, 6]",True,3866,1.8716073037024572,0.0,2.4376291286730076,0.5660218249705504,0.9677839119613054,1.657245650626347,min_cost_max_flow,57,28,57,3,109,6
move,"['move', 28, 5, 6]",True,3866,1.8626025827070753,0.0,2.4376291286730076,0.5750265459659323,0.9901587642452796,1.7485457869466194,min_cost_max_flow,106,28,106,5,117,6
move,"['move', 22, 1, 0]",True,3876,1.759627760671425,0.0,2.0485699409390317,0.2889421802676066,0.5621389451189316,0.2922475876989599,min_cost_max_flow,28,22,28,1,3,0
move,"['move', 22, 5, 8]",True,3876,1.8279752923776624,0.0,2.0485699409390317,0.22059464856136915,0.39101539785042405,0.4620595896416081,min_cost_max_flow,94,22,94,5,150,8
move,"['move', 22, 3, 2]",True,3876,1.8453329595879593,0.0,2.0485699409390317,0.20323698135107246,0.3479974652946112,0.21123594302240245,min_cost_max_flow,57,22,57,3,42,2
move,"['move', 22, 6, 8]",True,3876,1.8613242487784936,0.0,2.0485699409390317,0.18724569216053813,0.30796355809434317,0.2483587589771769,min_cost_max_flow,115,22,115,6,148,8
move,"['move', 20, 2, 6]",True,3886,2.6660347306985805,0.0,3.1829633194576887,0.5169285887591083,0.9833186191608547,1.0258853882948022,min_cost_max_flow,44,20,44,2,115,6
move,"['move', 20, 5, 6]",True,3886,2.6694260697761236,0.0,3.1829633194576887,0.5135372496815652,0.9750202124560019,0.9059247289581575,min_cost_max_flow,95,20,95,5,120,6
move,"['move', 20, 7, 0]",True,3886,2.6019195861161735,0.0,3.1829633194576887,0.5810437333415153,1.1434822381779668,1.1087136808983105,min_cost_max_flow,134,20,134,7,4,0
move,"['move', 20, 8, 6]",True,3886,2.5683765322313747,0.0,3.1829633194576887,0.6145867872263139,1.2267498746950878,1.5020458108153079,min_cost_max_flow,146,20,146,8,121,6
move,"['move', 22, 2, 3]",True,3896,2.078107211632566,0.0,2.2781596238298296,0.2000524121972637,0.34006456397037255,0.19222156950023073,min_cost_max_flow,42,22,42,2,57,3
move,"['move', 22, 8, 6]",True,3896,2.142286777704042,0.0,2.2781596238298296,0.13587284612578765,0.1795449025084963,0.23938575829098066,min_cost_max_flow,148,22,148,8,110,6
move,"['move', 22, 0, 1]",True,3896,2.1121680840406425,0.0,2.2781596238298296,0.1659915397891871,0.254957754710631,0.161973729200303,min_cost_max_flow,3,22,3,0,24,1
move,"['move', 22, 5, 3]",True,3896,2.1164014451093633,0.0,2.2781596238298296,0.16175817872046624,0.24424312660266878,0.24945735330702742,min_cost_max_flow,96,22,96,5,63,3
move,"['move', 20, 4, 8]",True,3906,1.8200057423292884,0.0,2.3509318062201174,0.5725459713908291,1.1217807361827,1.4134450932658777,min_cost_max_flow,90,20,90,4,146,8
move,"['move', 20, 7, 8]",True,3906,2.0760388977806006,0.0,2.3509318062201174,0.4015821494395172,0.6947361318598269,1.17014472299475,min_cost_max_flow,142,20,142,7,148,8
move,"['move', 20, 1, 8]",True,3906,1.8807772248413226,0.0,2.3509318062201174,0.47015458137879473,0.8664818667602958,0.9603746881447045,min_cost_max_flow,23,20,23,1,150,8
move,"['move', 20, 6, 5]",True,3906,2.03210250342949,0.0,2.3509318062201174,0.3188293027906272,0.48921504443569575,0.2627919242655425,min_cost_max_flow,115,20,115,6,95,5
move,"['move', 20, 5, 7]",True,3916,1.5069089941472316,0.0,1.9067891567162982,0.3998801625690666,0.6911462064672378,0.7267835339698412,min_cost_max_flow,95,20,95,5,134,7
move,"['move', 20, 6, 7]",True,3916,1.3706702828943595,0.0,1.9067891567162982,0.5361188738219386,1.0311023235408356,1.1538909063579301,min_cost_max_flow,120,20,120,6,131,7
move,"['move', 20, 3, 2]",True,3916,1.6955193848638233,0.0,1.9067891567162982,0.2112697718524749,0.22014494389441097,0.37697405486823965,min_cost_max_flow,71,20,71,3,37,2
move,"['move', 20, 4, 1]",True,3916,1.6454792967164016,0.0,1.9067891567162982,0.26130985999989675,0.34536082003614865,0.2998702060795175,min_cost_max_flow,78,20,78,4,23,1
move,"['move', 15, 8, 9]",True,3926,1.6446082593662703,0.0,1.89943176038916,0.2548235010228896,0.1944279521194403,0.422530260089175,min_cost_max_flow,147,15,147,8,164,9
move,"['move', 15, 6, 9]",True,3926,1.35231193410797,0.0,1.89943176038916,0.5471198262811902,0.9235214383006678,1.520748236438496,min_cost_max_flow,116,15,116,6,165,9
move,"['move', 15, 5, 9]",True,3926,1.0160454323285073,0.0,1.89943176038916,0.8833863280606525,1.7623174195032334,2.767597067165332,min_cost_max_flow,91,15,91,5,171,9
move,"['move', 15, 7, 9]",True,3926,1.308141122039926,0.0,1.89943176038916,0.591290638349234,1.0339239768436528,1.5370759878548705,min_cost_max_flow,130,15,130,7,172,9
move,"['move', 8, 4, 1]",True,3936,1.9860305885085814,0.0,2.3528495420737547,0.36681895356517347,0.701232682542468,0.6914169249234835,min_cost_max_flow,86,8,86,4,25,1
move,"['move', 8, 6, 5]",True,3936,2.175469984396731,0.0,2.3528495420737547,0.17737955767702362,0.2285382523696171,0.08871055990773637,min_cost_max_flow,112,8,112,6,95,5
move,"['move', 8, 4, 5]",True,3936,2.1174035630649928,0.0,2.3528495420737547,0.23544597900876207,0.3733959028904792,0.2943124322303798,min_cost_max_flow,87,8,87,4,106,5
move,"['move', 8, 4, 3]",True,3936,2.1732154815847946,0.0,2.3528495420737547,0.17963406048896016,0.2341160419746302,0.1276888431265741,min_cost_max_flow,89,8,89,4,71,3
move,"['move', 20, 2, 3]",True,3946,2.3332040159878025,0.0,2.5091955218257156,0.17599150583791315,0.13204119409056148,0.31569723316504933,min_cost_max_flow,37,20,37,2,55,3
move,"['move', 20, 7, 3]",True,3946,2.160888869204723,0.0,2.5091955218257156,0.3483066526209927,0.5621201352696517,0.7883144189040725,min_cost_max_flow,131,20,131,7,57,3
move,"['move', 20, 6, 3]",True,3946,2.1377347993029225,0.0,2.5091955218257156,0.37146072252279316,0.619604153711407,1.0557519607346837,min_cost_max_flow,121,20,121,6,60,3
move,"['move', 20, 7, 5]",True,3946,2.015312398456918,0.0,2.5091955218257156,0.49388312336879747,0.9255835701696924,1.1068090652182532,min_cost_max_flow,134,20,134,7,91,5
move,"['move', 22, 8, 2]",True,3956,1.5038009914456913,0.0,1.7537274496143138,0.2499264581686225,0.46454943819117034,0.32571537456634503,min_cost_max_flow,150,22,150,8,37,2
move,"['move', 22, 6, 5]",True,3956,1.641151762929479,0.0,1.7537274496143138,0.11257568668483482,0.12148901191540062,0.11471375210004407,min_cost_max_flow,110,22,110,6,94,5
move,"['move', 22, 1, 2]",True,3956,1.5954622390797417,0.0,1.7537274496143138,0.15826521053457213,0.2357782020480954,0.07112674653240081,min_cost_max_flow,24,22,24,1,42,2
move,"['move', 22, 9, 2]",True,3956,1.4173030690102226,0.0,1.7537274496143138,0.33642438060409124,0.6803789451005287,0.6025814941086736,min_cost_max_flow,176,22,176,9,44,2
move,"['move', 22, 2, 0]",True,3966,2.070491584476344,0.0,2.208806630956996,0.13831504648065224,0.18575756769132568,0.1679428945123929,min_cost_max_flow,37,22,37,2,3,0
move,"['move', 22, 4, 0]",True,3966,1.9849489130581721,0.0,2.208806630956996,0.31145365727382396,0.6177356861444423,0.746881914387484,min_cost_max_flow,83,22,83,4,5,0
move,"['move', 22, 4, 1]",True,3966,1.9210100351581632,0.0,2.208806630956996,0.2877965957988329,0.559012529134634,0.46721746260788755,min_cost_max_flow,82,22,82,4,24,1
move,"['move', 22, 7, 0]",True,3966,2.070634264165578,0.0,2.208806630956996,0.13817236679141826,0.18527855003776494,0.24948851482954992,min_cost_max_flow,133,22,133,7,6,0
move,"['move', 22, 0, 7]",True,3976,2.2962360467551095,0.0,2.502537272996099,0.20630122624098943,0.3553923460203805,0.38839027570443063,min_cost_max_flow,3,22,3,0,133,7
move,"['move', 22, 2, 6]",True,3976,2.2472932567571364,0.0,2.502537272996099,0.2552440162389622,0.47795117622445105,0.25382013627868755,min_cost_max_flow,42,22,42,2,110,6
move,"['move', 22, 0, 8]",True,3976,2.3134266478334062,0.0,2.502537272996099,0.18911062516269248,0.3127032043848885,0.19681623553754723,min_cost_max_flow,5,22,5,0,147,8
move,"['move', 22, 4, 8]",True,3976,2.258257893289836,0.0,2.502537272996099,0.24427937970626304,0.45034737793321256,0.3819581092724103,min_cost_max_flow,84,22,84,4,150,8
move,"['move', 28, 3, 5]",True,3986,0.9482378323954557,0.0,1.677363746413723,0.7291259140182673,1.3765791347905179,0.9672455106796529,min_cost_max_flow,58,28,58,3,107,5
move,"['move', 28, 6, 4]",True,3986,1.0814102905697724,0.0,1.677363746413723,0.6719801538439506,1.2328313165926374,1.5561906854052872,min_cost_max_flow,109,28,109,6,86,4
move,"['move', 28, 6, 5]",True,3986,1.1021799280019609,0.0,1.677363746413723,0.5751838184117621,0.9914727266441332,1.1346915974274367,min_cost_max_flow,117,28,117,6,95,5
move,"['move', 28, 7, 4]",True,3986,1.2305648895710497,0.0,1.677363746413723,0.44679885684267334,0.6705814236556762,1.0872909745841781,min_cost_max_flow,129,28,129,7,77,4
move,"['move', 20, 5, 6]",True,3996,1.914776841375046,0.0,2.2013221421794595,0.28654530080441365,0.4083166198252002,0.38840502090668216,min_cost_max_flow,91,20,91,5,112,6
move,"['move', 20, 0, 6]",True,3996,1.6265242689316741,0.0,2.2013221421794595,0.7050021742477856,1.4525673404496047,1.6493803435900978,min_cost_max_flow,2,20,2,0,116,6
move,"['move', 20, 1, 6]",True,3996,1.8038875231332727,0.0,2.2013221421794595,0.39743461904618693,0.6840227318170946,1.399860762599111,min_cost_max_flow,23,20,23,1,117,6
move,"['move', 20, 3, 7]",True,3996,1.6796063844797744,0.0,2.2013221421794595,0.521715757699685,0.994852007002919,1.3155750612130521,min_cost_max_flow,55,20,55,3,134,7
move,"['move', 22, 8, 4]",True,4006,1.902809318162412,0.0,2.129533832709933,0.22672451454752088,0.4066146892073448,0.2789753286140654,min_cost_max_flow,147,22,147,8,78,4
move,"['move', 22, 8, 9]",True,4006,1.9238116232987195,0.0,2.129533832709933,0.20572220941121336,0.3540704673505388,0.3046146726387958,min_cost_max_flow,150,22,150,8,175,9
move,"['move', 22, 6, 4]",True,4006,1.9129914578729907,0.0,2.129533832709933,0.21654237483694225,0.3811690376678598,0.2725101706396475,min_cost_max_flow,110,22,110,6,80,4
move,"['move', 22, 3, 0]",True,4006,1.7673392840340088,0.0,2.129533832709933,0.36291837392592413,0.7462808172349469,0.8246556075512932,min_cost_max_flow,63,22,63,3,3,0
move,"['move', 20, 7, 4]",True,4016,1.731945164323311,0.0,2.0552232007566054,0.3232780364332942,0.49956739646586357,0.7757799752653428,min_cost_max_flow,134,20,134,7,82,4
move,"['move', 20, 6, 4]",True,4016,1.634097346672105,0.0,2.0552232007566054,0.4211258540845005,0.7439340866476414,0.9443492727572117,min_cost_max_flow,112,20,112,6,83,4
move,"['move', 20, 0, 5]",True,4016,1.4336048263024534,0.0,2.0552232007566054,0.6216183744541519,1.2447813011458493,1.2004068900377531,min_cost_max_flow,4,20,4,0,91,5
move,"['move', 20, 3, 4]",True,4016,1.5882707482828877,0.0,2.0552232007566054,0.4669524524737177,0.8585035643409356,0.9423614592564833,min_cost_max_flow,57,20,57,3,84,4
move,"['move', 8, 5, 8]",True,4026,1.5408283243021892,0.0,1.835127294832468,0.29585673678027874,0.5242147479366395,0.4330120206511896,min_cost_max_flow,95,8,95,5,147,8
move,"['move', 8, 3, 4]",True,4026,1.610198694401749,0.0,1.835127294832468,0.22492860043071888,0.34714753121807007,0.26426258376448386,min_cost_max_flow,71,8,71,3,85,4
move,"['move', 8, 9, 8]",True,4026,1.6262054912300012,0.0,1.835127294832468,0.20892180360246668,0.3072437655937392,0.18877828623138138,min_cost_max_flow,166,8,166,9,150,8
move,"['move', 8, 5, 6]",True,4026,1.575578201836046,0.0,1.835127294832468,0.2595490929964219,0.4336355177438236,0.3064258427672239,min_cost_max_flow,106,8,106,5,110,6
move,"['move', 8, 8, 5]",True,4036,1.8836293766859136,0.0,2.201074979641024,0.31744560295511054,0.5778583965075086,0.6520232647914994,min_cost_max_flow,147,8,147,8,106,5
move,"['move', 8, 0, 3]",True,4036,1.8648966765228463,0.0,2.201074979641024,0.3361783031181777,0.6247665886912728,0.6010620807272314,min_cost_max_flow,7,8,7,0,63,3
move,"['move', 8, 6, 3]",True,4036,1.9498081649109276,0.0,2.201074979641024,0.2512668147300964,0.4129646713117836,0.28319302025129633,min_cost_max_flow,110,8,110,6,71,3
move,"['move', 8, 1, 5]",True,4036,1.9259295321763874,0.0,2.201074979641024,0.34994501429797,0.6589637715514982,0.7474588068973723,min_cost_max_flow,25,8,25,1,96,5
move,"['move', 20, 5, 0]",True,4046,2.5241455843683847,0.0,2.957499464647977,0.43335388027959226,0.7744043466009316,1.0108862957167404,min_cost_max_flow,91,20,91,5,7,0
move,"['move', 20, 4, 0]",True,4046,2.462588730800834,0.0,2.957499464647977,0.4949107338471431,0.9293182078981772,0.32973471013778083,min_cost_max_flow,82,20,82,4,10,0
move,"['move', 20, 4, 7]",True,4046,2.637828321519787,0.0,2.957499464647977,0.3196711431281898,0.49074342600943055,0.64693810438,min_cost_max_flow,83,20,83,4,134,7
move,"['move', 20, 6, 0]",True,4046,2.1786038394501337,0.0,2.957499464647977,0.7788956251978433,1.6379198749054922,1.2367756230946312,min_cost_max_flow,116,20,116,6,2,0
move,"['move', 22, 7, 5]",True,4056,2.221402827004853,0.0,2.4991983340320902,0.2777955070272372,0.5340949998717406,0.41042235187730725,min_cost_max_flow,133,22,133,7,91,5
move,"['move', 22, 2, 5]",True,4056,2.3091464442408167,0.0,2.4991983340320902,0.19005188979127366,0.31490450092678657,0.29805958857420056,min_cost_max_flow,44,22,44,2,97,5
move,"['move', 22, 4, 5]",True,4056,2.2763501302089306,0.0,2.4991983340320902,0.2641281766564928,0.49998459650669247,0.37180731066875083,min_cost_max_flow,78,22,78,4,104,5
move,"['move', 22, 3, 5]",True,4056,2.247225607129061,0.0,2.4991983340320902,0.2519727269030292,0.46954257846664404,0.4074030815950213,min_cost_max_flow,57,22,57,3,106,5
move,"['move', 8, 5, 1]",True,4066,1.60323737192396,0.0,1.9043316015836043,0.30109422965964405,0.5369617385949823,0.6641730473648105,min_cost_max_flow,96,8,96,5,23,1
move,"['move', 8, 4, 6]",True,4066,1.6259816786708794,0.0,1.9043316015836043,0.337885767662725,0.6292305631868658,0.47085332457737256,min_cost_max_flow,85,8,85,4,109,6
move,"['move', 8, 8, 6]",True,4066,1.656470127931643,0.0,1.9043316015836043,0.28907257052696117,0.5071851784377941,0.4791145976855574,min_cost_max_flow,150,8,150,8,110,6
move,"['move', 8, 3, 6]",True,4066,1.7189484643553747,0.0,1.9043316015836043,0.18538313722822947,0.24823086746619083,0.2995997475349909,min_cost_max_flow,63,8,63,3,115,6
move,"['move', 22, 0, 7]",True,4076,2.0761129789531374,0.0,2.2801895280725097,0.2040765491193722,0.349922748588142,0.3269933611681747,min_cost_max_flow,3,22,3,0,133,7
move,"['move', 22, 1, 3]",True,4076,2.189451193653322,0.0,2.2801895280725097,0.1673110144191877,0.2582171869362355,0.18814329546488373,min_cost_max_flow,24,22,24,1,57,3
move,"['move', 22, 5, 6]",True,4076,2.0207562232931933,0.0,2.2801895280725097,0.2594333047793165,0.48831699191214284,0.325423911741285,min_cost_max_flow,91,22,91,5,116,6
move,"['move', 22, 4, 3]",True,4076,2.1781799485802753,0.0,2.2801895280725097,0.10200957949223442,0.09514740350277862,0.06560737284739,min_cost_max_flow,80,22,80,4,63,3
move,"['move', 22, 0, 2]",True,4086,1.8991086610492418,0.0,2.05578094789497,0.1566722868457283,0.23148982801649254,0.2751699528612347,min_cost_max_flow,6,22,6,0,37,2
move,"['move', 22, 6, 2]",True,4086,1.8872668706813143,0.0,2.05578094789497,0.16851407721365577,0.2611912367428886,0.21054808180965892,min_cost_max_flow,116,22,116,6,44,2
move,"['move', 22, 9, 1]",True,4086,1.8843857012385683,0.0,2.05578094789497,0.26862431815640164,0.5110937313511386,0.4592865808861319,min_cost_max_flow,175,22,175,9,25,1
move,"['move', 22, 3, 4]",True,4086,1.8906870417723671,0.0,2.05578094789497,0.16509390612260286,0.2527621073895716,0.1296824989328174,min_cost_max_flow,57,22,57,3,90,4
move,"['move', 20, 7, 1]",True,4096,1.8554750299298626,0.0,2.212910181923031,0.3574351519931682,0.5851196663425071,0.669459323959634,min_cost_max_flow,134,20,134,7,26,1
move,"['move', 20, 0, 2]",True,4096,1.4408778082928337,0.0,2.212910181923031,0.772032373630197,1.6209989780545584,1.0786209109734322,min_cost_max_flow,2,20,2,0,45,2
move,"['move', 20, 8, 2]",True,4096,1.6691096933756409,0.0,2.212910181923031,0.5718145289223899,1.1202786067442503,1.1957939381670606,min_cost_max_flow,150,20,150,8,46,2
move,"['move', 20, 6, 2]",True,4096,1.8139417603929764,0.0,2.212910181923031,0.3989684215300543,0.6887128993403167,0.8294198868966841,min_cost_max_flow,117,20,117,6,48,2
move,"['move', 15, 9, 3]",True,4106,0.6641542234452248,0.0,2.426021554061022,1.7775039813657971,1.4986877912233467,2.050104762330641,min_cost_max_flow,164,15,164,9,57,3
move,"['move', 15, 9, 8]",True,4106,1.077765546505621,0.0,2.426021554061022,1.3482560075554009,0.42791743742418475,0.4837176111116064,min_cost_max_flow,165,15,165,9,147,8
move,"['move', 15, 1, 6]",True,4106,0.5567450691747979,0.0,2.426021554061022,1.869276484886224,1.7290521062241169,1.4280672958617093,min_cost_max_flow,27,15,27,1,112,6
move,"['move', 15, 2, 6]",True,4106,0.6679825191472071,0.0,2.426021554061022,1.7580390349138149,1.449561089000781,2.3596621574039673,min_cost_max_flow,40,15,40,2,116,6
move,"['move', 16, 7, 6]",True,4116,1.6696290561617453,0.0,1.8235413820831958,0.1539123259214505,0.23510032958438387,0.1387673189378324,min_cost_max_flow,135,16,135,7,117,6
move,"['move', 16, 7, 5]",True,4116,1.5478056626353438,0.0,1.8235413820831958,0.27573571944785197,0.5393545260667452,0.3416255413660856,min_cost_max_flow,136,16,136,7,91,5
move,"['move', 16, 7, 0]",True,4116,1.5107864146108607,0.0,1.8235413820831958,0.3127549674723351,0.6317793948983308,0.42379302778093303,min_cost_max_flow,140,16,140,7,4,0
move,"['move', 16, 8, 6]",True,4116,1.6018417911967189,0.0,1.8235413820831958,0.22169959088647687,0.40430623805877985,0.3136032777177576,min_cost_max_flow,153,16,153,8,120,6
move,"['move', 8, 6, 4]",True,4126,2.1324048757695757,0.0,2.278304941685271,0.19878505616569517,0.28161290808202466,0.3814375660885873,min_cost_max_flow,110,8,110,6,78,4
move,"['move', 8, 5, 4]",True,4126,1.9744130368278359,0.0,2.278304941685271,0.30389190485743517,0.5442617448788951,0.4602941877414689,min_cost_max_flow,106,8,106,5,80,4
move,"['move', 8, 9, 4]",True,4126,1.977755640455823,0.0,2.278304941685271,0.300549301229448,0.5358360569443903,0.5064134307660911,min_cost_max_flow,170,8,170,9,82,4
move,"['move', 8, 1, 0]",True,4126,2.1239752985775757,0.0,2.278304941685271,0.1543296431076952,0.17073162249289453,0.20993952884208733,min_cost_max_flow,23,8,23,1,6,0
move,"['move', 20, 2, 6]",True,4136,1.8757999237978253,0.0,2.5062480236042144,0.630448099806389,1.265994151661289,1.7747154668065317,min_cost_max_flow,45,20,45,2,121,6
move,"['move', 20, 4, 6]",True,4136,2.327449627453486,0.0,2.5062480236042144,0.30764205631739455,0.4603993399432511,0.8278507971742035,min_cost_max_flow,84,20,84,4,122,6
move,"['move', 20, 1, 5]",True,4136,2.135297468242843,0.0,2.5062480236042144,0.370950555361371,0.618667199567426,0.8301094543517566,min_cost_max_flow,26,20,26,1,96,5
move,"['move', 20, 8, 6]",True,4136,2.0841795018384386,0.0,2.5062480236042144,0.44497733226577607,0.803662446072849,0.8779066247448081,min_cost_max_flow,148,20,148,8,123,6
move,"['move', 15, 2, 7]",True,4146,0.9665219437270987,0.0,1.9763151526364613,1.0097932089093626,2.07877097032906,2.47669793113096,min_cost_max_flow,41,15,41,2,134,7
move,"['move', 15, 3, 7]",True,4146,1.125786311930156,0.0,1.9763151526364613,0.8505288407063051,1.6814617217460182,1.9089166480631854,min_cost_max_flow,57,15,57,3,135,7
move,"['move', 15, 1, 7]",True,4146,1.2677498971432053,0.0,1.9763151526364613,0.7085652554932559,1.3272657370689558,1.433597744356071,min_cost_max_flow,28,15,28,1,136,7
move,"['move', 15, 8, 7]",True,4146,1.236142561688531,0.0,1.9763151526364613,0.7401725909479302,1.4047304820123827,2.4693268731952553,min_cost_max_flow,147,15,147,8,140,7
move,"['move', 20, 2, 9]",True,4156,1.671431856525295,0.0,2.200683081792952,0.5292512252676571,1.013849173737981,1.2099098511252433,min_cost_max_flow,46,20,46,2,163,9
move,"['move', 20, 8, 9]",True,4156,1.9693753106956968,0.0,2.200683081792952,0.23130777109725534,0.270184167457046,0.41415708774567705,min_cost_max_flow,146,20,146,8,165,9
move,"['move', 20, 6, 9]",True,4156,1.7269404511664308,0.0,2.200683081792952,0.47374263062652144,0.8747302301053423,1.4415478709914837,min_cost_max_flow,121,20,121,6,170,9
move,"['move', 20, 0, 9]",True,4156,1.7389128825882345,0.0,2.200683081792952,0.5099671602047176,0.9666147246680339,0.5594341261906548,min_cost_max_flow,10,20,10,0,175,9
move,"['move', 8, 4, 8]",True,4166,1.4967725258315532,0.0,1.7554650129442302,0.25869248711267706,0.43169225071324036,0.17426072358128386,min_cost_max_flow,78,8,78,4,150,8
move,"['move', 8, 3, 5]",True,4166,1.4036815612495575,0.0,1.7554650129442302,0.35178345169467273,0.6637296210756176,0.6342881186558191,min_cost_max_flow,71,8,71,3,95,5
move,"['move', 8, 0, 1]",True,4166,1.459084414271256,0.0,1.7554650129442302,0.29638059867297417,0.525767745457415,0.27078349462659745,min_cost_max_flow,6,8,6,0,28,1
move,"['move', 8, 6, 1]",True,4166,1.423252078527709,0.0,1.7554650129442302,0.3322129344165212,0.6144043667227379,0.9002622236563684,min_cost_max_flow,109,8,109,6,23,1
move,"['move', 5, 7, 3]",True,4176,1.4332016894146762,0.0,2.27595180430455,0.8701095122232072,1.7673999582548277,1.9777247756111445,min_cost_max_flow,137,5,137,7,57,3
move,"['move', 5, 8, 6]",True,4176,1.7570531149170092,0.0,2.27595180430455,0.518898689387541,0.890005250206741,1.5561587482253605,min_cost_max_flow,151,5,151,8,109,6
move,"['move', 5, 9, 0]",True,4176,1.791831160035383,0.0,2.27595180430455,0.5442196752691671,0.9543801964973682,0.841171023850749,min_cost_max_flow,172,5,172,9,5,0
move,"['move', 5, 7, 0]",True,4176,1.6932453332674007,0.0,2.27595180430455,0.5827064710371495,1.050532264795038,0.8844517720413699,min_cost_max_flow,135,5,135,7,6,0
move,"['move', 8, 5, 3]",True,4186,1.5447931620405908,0.0,1.900122401979254,0.3553292399386632,0.6725614517417853,0.6560480811947891,min_cost_max_flow,95,8,95,5,71,3
move,"['move', 8, 7, 3]",True,4186,1.5668659733388477,0.0,1.900122401979254,0.3332564286404062,0.6172329313340015,0.7537095226223766,min_cost_max_flow,143,8,143,7,57,3
move,"['move', 8, 1, 8]",True,4186,1.6127852007156567,0.0,1.900122401979254,0.2873372012635972,0.5029061761524645,0.4395006822986379,min_cost_max_flow,23,8,23,1,153,8
move,"['move', 8, 4, 0]",True,4186,1.5401102310445336,0.0,1.900122401979254,0.36001217093472043,0.6840044959317311,0.8322369479929593,min_cost_max_flow,80,8,80,4,3,0
move,"['move', 20, 9, 8]",True,4196,1.6964806745305514,0.0,1.976967068393109,0.28048639386255764,0.3930469896076829,0.4699802628247958,min_cost_max_flow,163,20,163,9,146,8
move,"['move', 20, 2, 8]",True,4196,1.4261153434281262,0.0,1.976967068393109,0.550851724964983,1.0673032322301879,1.5747036851972886,min_cost_max_flow,48,20,48,2,147,8
move,"['move', 20, 9, 1]",True,4196,1.6576036060873036,0.0,1.976967068393109,0.3193634623058054,0.4901879154640483,0.5044770973275626,min_cost_max_flow,165,20,165,9,23,1
move,"['move', 20, 9, 7]",True,4196,1.5806719580555533,0.0,1.976967068393109,0.39629511033755577,0.6824655463569798,0.5388032216237467,min_cost_max_flow,170,20,170,9,135,7
move,"['move', 8, 1, 7]",True,4206,1.5027347495790788,0.0,1.9063331174915823,0.40359836791250353,0.793350514381018,0.5785529447734823,min_cost_max_flow,28,8,28,1,142,7
move,"['move', 8, 9, 7]",True,4206,1.600077020012274,0.0,1.9063331174915823,0.30625609747930826,0.5503062342904741,0.37095561647737285,min_cost_max_flow,177,8,177,9,143,7
move,"['move', 8, 2, 7]",True,4206,1.478502077344478,0.0,1.9063331174915823,0.42783104014710444,0.853429203540145,0.9138805630236574,min_cost_max_flow,47,8,47,2,129,7
move,"['move', 8, 4, 7]",True,4206,1.6197678899475287,0.0,1.9063331174915823,0.2865652275440536,0.5009463614333072,0.4594209624975497,min_cost_max_flow,82,8,82,4,130,7
move,"['move', 8, 6, 9]",True,4216,1.364446841828628,0.0,1.7582794698694442,0.3938326280408162,0.7689286840686691,0.5835400335271826,min_cost_max_flow,115,8,115,6,177,9
move,"['move', 8, 8, 9]",True,4216,1.547082871420413,0.0,1.7582794698694442,0.21119659844903124,0.3127507331810193,0.3087913056522966,min_cost_max_flow,150,8,150,8,164,9
move,"['move', 8, 0, 5]",True,4216,1.4721860113844165,0.0,1.7582794698694442,0.28609345848502765,0.5000236817650148,0.28825897631589903,min_cost_max_flow,3,8,3,0,95,5
move,"['move', 8, 7, 5]",True,4216,1.5936677957230878,0.0,1.7582794698694442,0.2983256371463563,0.5303794886276592,0.43801883676735387,min_cost_max_flow,142,8,142,7,106,5
move,"['move', 8, 3, 0]",True,4226,1.8228100956420588,0.0,2.055843836419454,0.2330337407773952,0.3672357069226564,0.38071269183416023,min_cost_max_flow,57,8,57,3,3,0
move,"['move', 8, 9, 6]",True,4226,1.8621485744165092,0.0,2.055843836419454,0.19369526200294485,0.2688679501443403,0.3950859199609916,min_cost_max_flow,164,8,164,9,110,6
move,"['move', 8, 7, 0]",True,4226,1.8098510686561444,0.0,2.055843836419454,0.2459927677633096,0.3995607882097829,0.42903681027385954,min_cost_max_flow,129,8,129,7,7,0
move,"['move', 8, 8, 1]",True,4226,1.7580235403874167,0.0,2.055843836419454,0.2978202960320374,0.5288779026741395,0.5968409485823356,min_cost_max_flow,153,8,153,8,24,1
move,"['move', 20, 9, 2]",True,4236,2.157749735138327,0.0,2.733748964586455,0.575999229448128,1.1304071863705758,1.4179083968467838,min_cost_max_flow,175,20,175,9,40,2
move,"['move', 20, 1, 4]",True,4236,2.4309075081196863,0.0,2.733748964586455,0.30284145646676897,0.448704967078811,0.6230996224249415,min_cost_max_flow,23,20,23,1,78,4
move,"['move', 20, 5, 4]",True,4236,2.5177143354453793,0.0,2.733748964586455,0.21603462914107577,0.2322443271696102,0.25214735240357944,min_cost_max_flow,96,20,96,5,80,4
move,"['move', 20, 7, 2]",True,4236,2.1633660454137336,0.0,2.733748964586455,0.5703829191727214,1.1166569312117645,1.2242280437102,min_cost_max_flow,135,20,135,7,41,2
move,"['move', 8, 1, 2]",True,4252,2.085916306653618,0.0,2.354335713847053,0.26841940719343454,0.4559107135501108,0.2401523002633938,min_cost_max_flow,24,8,24,1,42,2
move,"['move', 8, 7, 2]",True,4252,2.022242664079293,0.0,2.354335713847053,0.3320930497677595,0.6146288648451446,0.5507890607824245,min_cost_max_flow,130,8,130,7,45,2
move,"['move', 8, 0, 8]",True,4252,2.110965086064037,0.0,2.354335713847053,0.24337062778301566,0.393115939143172,0.35536955419118665,min_cost_max_flow,3,8,3,0,150,8
move,"['move', 8, 5, 2]",True,4252,2.0260347542251154,0.0,2.354335713847053,0.3283009596219373,0.6052853504661471,0.4596484037437564,min_cost_max_flow,95,8,95,5,46,2
move,"['move', 22, 3, 6]",True,4262,1.5458813146623656,0.0,1.7527806474224912,0.20689933276012554,0.3569751988397911,0.3299992613242509,min_cost_max_flow,63,22,63,3,115,6
move,"['move', 22, 2, 8]",True,4262,1.5564024531902516,0.0,1.7527806474224912,0.1963781942322396,0.3308010165274027,0.24422325643992723,min_cost_max_flow,37,22,37,2,148,8
move,"['move', 22, 7, 6]",True,4262,1.5493869427310338,0.0,1.7527806474224912,0.20339370469145743,0.3482934873463819,0.27509347581689086,min_cost_max_flow,133,22,133,7,121,6
move,"['move', 22, 1, 6]",True,4262,1.5110525721173238,0.0,1.7527806474224912,0.2417280753051673,0.4441043661281583,0.2917919774823863,min_cost_max_flow,25,22,25,1,110,6
move,"['move', 30, 0, 9]",True,4272,1.1887129350810284,0.0,1.759304152412573,0.7433019494565448,1.3444460569298826,0.4143562213257259,min_cost_max_flow,2,30,2,0,164,9
move,"['move', 30, 1, 3]",True,4272,1.0333753210018588,0.0,1.759304152412573,0.7259288314107143,1.2996069727523718,1.351882263282234,min_cost_max_flow,27,30,27,1,63,3
move,"['move', 30, 1, 9]",True,4272,1.167032628803657,0.0,1.759304152412573,0.5922715236089161,0.9646520610913285,1.892977034313952,min_cost_max_flow,36,30,36,1,165,9
move,"['move', 30, 2, 5]",True,4272,0.9027460488475217,0.0,1.759304152412573,0.8565581035650512,1.6255328695187927,1.7834046762296571,min_cost_max_flow,48,30,48,2,95,5
move,"['move', 20, 2, 1]",True,4282,1.8667376456387454,0.0,2.1293529542932195,0.262615308654474,0.3480691249933443,0.6700813255779301,min_cost_max_flow,40,20,40,2,36,1
move,"['move', 20, 0, 7]",True,4282,1.6663714112492145,0.0,2.1293529542932195,0.46298154304400496,0.8483592729244265,1.0870400207412039,min_cost_max_flow,7,20,7,0,137,7
move,"['move', 20, 2, 5]",True,4282,1.7195104740546685,0.0,2.1293529542932195,0.40984248023855097,0.7160051501487033,0.7580171954668118,min_cost_max_flow,41,20,41,2,96,5
move,"['move', 20, 6, 5]",True,4282,1.8646360735324659,0.0,2.1293529542932195,0.2647168807607536,0.3537344480791944,0.395819445477089,min_cost_max_flow,122,20,122,6,107,5
move,"['move', 20, 7, 0]",True,4292,1.9486278420988055,0.0,2.505463308558583,0.5568354664597776,1.0826574846723815,1.3114378817256624,min_cost_max_flow,137,20,137,7,3,0
move,"['move', 20, 5, 0]",True,4292,1.9637236502902384,0.0,2.505463308558583,0.5417396582683444,1.0441298403238761,1.8368537950072221,min_cost_max_flow,96,20,96,5,7,0
move,"['move', 20, 1, 9]",True,4292,2.054879535220878,0.0,2.505463308558583,0.4505837733377048,0.8175595824577613,0.9572174880176935,min_cost_max_flow,36,20,36,1,166,9
move,"['move', 20, 3, 9]",True,4292,2.0101817984143358,0.0,2.505463308558583,0.49528151014424737,0.929016947025957,1.1485357867915988,min_cost_max_flow,60,20,60,3,170,9
move,"['move', 5, 1, 9]",True,4302,1.4465241347464661,0.0,1.9045729377215803,0.45804880297511413,0.7380764073823229,1.425576610459229,min_cost_max_flow,23,5,23,1,172,9
move,"['move', 5, 3, 9]",True,4302,1.166276736601028,0.0,1.9045729377215803,0.7382962011205522,1.4378921449242625,1.9607484915626407,min_cost_max_flow,57,5,57,3,175,9
move,"['move', 5, 4, 9]",True,4302,1.2976234637057287,0.0,1.9045729377215803,0.6069494740158515,1.1094573712834972,2.006052410905261,min_cost_max_flow,81,5,81,4,176,9
move,"['move', 5, 5, 9]",True,4302,1.2196872851015463,0.0,1.9045729377215803,0.6848856526200341,1.3044817749760114,1.8834142895334063,min_cost_max_flow,98,5,98,5,177,9
move,"['move', 15, 9, 2]",True,4312,1.8095366099386034,0.0,2.358983939113376,0.6068458326747723,1.073914601103752,0.8019836903527348,min_cost_max_flow,171,15,171,9,48,2
move,"['move', 15, 0, 1]",True,4312,1.5719451765046193,0.0,2.358983939113376,0.7870387626087564,1.5221865102430456,2.2755941541303453,min_cost_max_flow,15,15,15,0,23,1
move,"['move', 15, 7, 1]",True,4312,1.5970332673987848,0.0,2.358983939113376,0.761950671714591,1.4590284694495494,2.567469859518753,min_cost_max_flow,134,15,134,7,36,1
move,"['move', 15, 7, 2]",True,4312,1.5294103357074997,0.0,2.358983939113376,0.829573603405876,1.6285506083004293,2.2575967777405856,min_cost_max_flow,135,15,135,7,37,2
move,"['move', 5, 8, 7]",True,4322,1.5447564681966726,0.0,1.898089163826732,0.35333269563005953,0.4776252287265379,0.5328501392249788,min_cost_max_flow,152,5,152,8,135,7
move,"['move', 5, 9, 3]",True,4322,1.2174182253881853,0.0,1.898089163826732,0.6806709384385466,1.2939420033653732,1.8854050608131063,min_cost_max_flow,172,5,172,9,57,3
move,"['move', 5, 9, 7]",True,4322,1.4220380370300911,0.0,1.898089163826732,0.4760511267966409,0.7839979620839586,0.8150798452467235,min_cost_max_flow,175,5,175,9,137,7
move,"['move', 5, 9, 5]",True,4322,1.3123252112457435,0.0,1.898089163826732,0.5857639525809885,1.0569768011409906,1.6838967811379615,min_cost_max_flow,176,5,176,9,96,5
move,"['move', 20, 4, 3]",True,4332,1.5983630218265104,0.0,1.904414175244002,0.31136503379249153,0.47003832504560705,0.6068231874319141,min_cost_max_flow,78,20,78,4,55,3
move,"['move', 20, 5, 3]",True,4332,1.5473109077123717,0.0,1.904414175244002,0.47217096503163036,0.8720406152351643,0.6151817929583443,min_cost_max_flow,107,20,107,5,57,3
move,"['move', 20, 8, 3]",True,4332,1.4451331149609539,0.0,1.904414175244002,0.45928106028304816,0.8387656916384003,1.3152896098307274,min_cost_max_flow,146,20,146,8,58,3
move,"['move', 20, 9, 3]",True,4332,1.3720130571703772,0.0,1.904414175244002,0.5324011180736248,1.0221849188019405,0.9025678184317634,min_cost_max_flow,166,20,166,9,60,3
move,"['move', 22, 6, 7]",True,4342,1.9977957962406374,0.0,2.199690254212388,0.2018944579717505,0.34451088384957984,0.29808460750672405,min_cost_max_flow,110,22,110,6,133,7
move,"['move', 22, 8, 7]",True,4342,2.0251684614663623,0.0,2.199690254212388,0.1745217927460258,0.27613501937594265,0.26088554705702566,min_cost_max_flow,148,22,148,8,134,7
move,"['move', 22, 2, 1]",True,4342,2.0512423744941852,0.0,2.199690254212388,0.14844787971820275,0.21112382349383552,0.14516108875669825,min_cost_max_flow,44,22,44,2,27,1
move,"['move', 22, 5, 7]",True,4342,1.917513475056656,0.0,2.199690254212388,0.2821767791557319,0.5450679374989704,0.3972508145486363,min_cost_max_flow,94,22,94,5,135,7
move,"['move', 8, 2, 1]",True,4352,1.463869372842803,0.0,1.7576685678158295,0.35665246880635987,0.6762336305619101,0.4133103139393294,min_cost_max_flow,42,8,42,2,28,1
move,"['move', 8, 2, 0]",True,4352,1.2726662517828295,0.0,1.7576685678158295,0.4850023160329999,0.9967471498021041,0.6540428648767662,min_cost_max_flow,45,8,45,2,2,0
move,"['move', 8, 6, 0]",True,4352,1.3053427714209414,0.0,1.7576685678158295,0.45232579639488807,0.9150080802646698,0.6858898263132225,min_cost_max_flow,110,8,110,6,10,0
move,"['move', 8, 7, 4]",True,4352,1.5163892852345835,0.0,1.7576685678158295,0.3539181114562461,0.6690844705735799,0.6221547226364761,min_cost_max_flow,143,8,143,7,81,4
move,"['move', 20, 9, 5]",True,4362,2.169967120743707,0.0,2.730414008074204,0.5604468873304972,1.091714334776043,1.2925725971506439,min_cost_max_flow,170,20,170,9,94,5
move,"['move', 20, 4, 5]",True,4362,2.524236255430039,0.0,2.730414008074204,0.20617775264416494,0.20765006329747848,0.22019577230667078,min_cost_max_flow,80,20,80,4,98,5
move,"['move', 20, 8, 7]",True,4362,2.099562409893497,0.0,2.730414008074204,0.6308515981807069,1.2675576911206008,1.4048531177952026,min_cost_max_flow,147,20,147,8,137,7
move,"['move', 20, 0, 1]",True,4362,2.4624016575929764,0.0,2.730414008074204,0.26801235048122757,0.36199205305456417,0.38319899602056,min_cost_max_flow,3,20,3,0,23,1
move,"['move', 20, 6, 8]",True,4372,2.558023753360371,0.0,2.9581162111687633,0.40009245780839225,0.691402739197656,0.9095871125670815,min_cost_max_flow,123,20,123,6,153,8
move,"['move', 20, 7, 8]",True,4372,2.380209422982629,0.0,2.9581162111687633,0.5779067881861344,1.1353669334275764,1.2906749221903664,min_cost_max_flow,137,20,137,7,146,8
move,"['move', 20, 5, 8]",True,4372,2.6242147125240787,0.0,2.9581162111687633,0.33390149864468455,0.5261995499604382,0.7267813311995055,min_cost_max_flow,94,20,94,5,147,8
move,"['move', 20, 3, 8]",True,4372,2.5228665719076644,0.0,2.9581162111687633,0.4352496392610991,0.7790408598521026,1.0794757641141512,min_cost_max_flow,55,20,55,3,148,8
move,"['move', 8, 3, 7]",True,4382,1.4605308467685245,0.0,1.8416392179555654,0.38110837118704094,0.7368657969345804,0.7517033666275724,min_cost_max_flow,71,8,71,3,137,7
move,"['move', 8, 0, 7]",True,4382,1.443999234761444,0.0,1.8416392179555654,0.3976399831941213,0.7786660208221292,0.43757412006228097,min_cost_max_flow,2,8,2,0,142,7
move,"['move', 8, 5, 7]",True,4382,1.5550536035517841,0.0,1.8416392179555654,0.28658561440378133,0.5011100959090982,0.3842427448497184,min_cost_max_flow,106,8,106,5,129,7
move,"['move', 8, 8, 7]",True,4382,1.6837219854447378,0.0,1.8416392179555654,0.19593140713582757,0.2746571128809592,0.26255265035293324,min_cost_max_flow,150,8,150,8,130,7
move,"['move', 15, 9, 0]",True,4392,1.66752635540383,0.0,2.799944129065793,1.1324177736619632,2.3863492023810977,1.798817817439989,min_cost_max_flow,172,15,172,9,2,0
move,"['move', 15, 7, 0]",True,4392,1.7473912454201967,0.0,2.799944129065793,1.0525528836455964,2.184779750328744,3.0703024917312813,min_cost_max_flow,136,15,136,7,15,0
move,"['move', 15, 1, 0]",True,4392,2.3836826072693427,0.0,2.799944129065793,0.4162615217964506,0.5973303633436444,0.8842907332215391,min_cost_max_flow,23,15,23,1,3,0
move,"['move', 15, 2, 0]",True,4392,2.2511510694547727,0.0,2.799944129065793,0.5487930596110203,0.927768044261029,1.4783998125812738,min_cost_max_flow,37,15,37,2,8,0
move,"['move', 20, 3, 6]",True,4402,2.587378065235548,0.0,2.8822692905097727,0.3482218656492251,0.5617539602462784,0.8911194815402518,min_cost_max_flow,60,20,60,3,110,6
move,"['move', 20, 5, 9]",True,4402,2.554589465822871,0.0,2.8822692905097727,0.32767982468690193,0.510978425052599,0.5047413401212626,min_cost_max_flow,98,20,98,5,172,9
move,"['move', 20, 1, 7]",True,4402,2.2364034586783994,0.0,2.8822692905097727,0.6458658318313732,1.304859687181306,1.5605784951020314,min_cost_max_flow,23,20,23,1,136,7
move,"['move', 20, 8, 9]",True,4402,2.6267333947349085,0.0,2.8822692905097727,0.25553589577486396,0.33080245042947354,0.38217623547496243,min_cost_max_flow,146,20,146,8,163,9
move,"['move', 16, 6, 2]",True,4412,1.7406754925694226,0.0,2.0558934608795676,0.3152179683101451,0.6379449815576663,0.41840331790713736,min_cost_max_flow,117,16,117,6,37,2
move,"['move', 16, 6, 4]",True,4412,1.836448753671569,0.0,2.0558934608795676,0.2194447072079987,0.39877204439108027,0.24492625872052357,min_cost_max_flow,120,16,120,6,78,4
move,"['move', 16, 7, 1]",True,4412,1.7478418429489473,0.0,2.0558934608795676,0.30805161793062036,0.619820098640048,0.5577412971115222,min_cost_max_flow,141,16,141,7,23,1
move,"['move', 16, 8, 1]",True,4412,1.7432621834928899,0.0,2.0558934608795676,0.3126312773866776,0.6313719280151417,0.4892874738110475,min_cost_max_flow,160,16,160,8,25,1
move,"['move', 20, 9, 2]",True,4422,1.877275399915502,0.0,2.3542669021706244,0.47699150225512227,0.883472340159642,1.0282605491264252,min_cost_max_flow,163,20,163,9,40,2
move,"['move', 20, 7, 5]",True,4422,1.8199637759893994,0.0,2.3542669021706244,0.5343031261812249,1.0264777960837819,1.210663143204353,min_cost_max_flow,136,20,136,7,94,5
move,"['move', 20, 9, 1]",True,4422,1.853682926966198,0.0,2.3542669021706244,0.5005839752044262,0.9423531394058955,1.0951826337974282,min_cost_max_flow,172,20,172,9,23,1
move,"['move', 20, 3, 5]",True,4422,1.9158022631874587,0.0,2.3542669021706244,0.43846463898316573,0.7871703357595834,1.0181580292379635,min_cost_max_flow,57,20,57,3,98,5
move,"['move', 22, 1, 9]",True,4432,1.7066441155488004,0.0,1.9056620645075573,0.19901794895875688,0.3375001544118277,0.17772254435214435,min_cost_max_flow,27,22,27,1,172,9
move,"['move', 22, 4, 9]",True,4432,1.5805924544537233,0.0,1.9056620645075573,0.32506961005383395,0.6523692571863648,0.3510891864557664,min_cost_max_flow,90,22,90,4,163,9
move,"['move', 22, 6, 3]",True,4432,1.6108309436223198,0.0,1.9056620645075573,0.29483112088523755,0.5766220106379478,0.45177160440646225,min_cost_max_flow,115,22,115,6,71,3
move,"['move', 22, 7, 3]",True,4432,1.6371863624833791,0.0,1.9056620645075573,0.2684757020241782,0.5107920122973155,0.41273906306236835,min_cost_max_flow,133,22,133,7,55,3
move,"['move', 20, 2, 4]",True,4442,1.968301373683903,0.0,2.3527722275277556,0.38447085384385254,0.6528191559627885,0.5959693282459357,min_cost_max_flow,40,20,40,2,90,4
move,"['move', 20, 5, 7]",True,4442,1.9830295718828403,0.0,2.3527722275277556,0.36974265564491526,0.6156459512421861,0.8311088104187727,min_cost_max_flow,94,20,94,5,133,7
move,"['move', 20, 5, 4]",True,4442,2.125705812096034,0.0,2.3527722275277556,0.22706641543172149,0.2597852886246983,0.2778168667543691,min_cost_max_flow,98,20,98,5,80,4
move,"['move', 20, 0, 4]",True,4442,1.956704938977079,0.0,2.3527722275277556,0.3960672885506765,0.681391172183794,0.8753496922822683,min_cost_max_flow,7,20,7,0,82,4
move,"['move', 8, 4, 5]",True,4452,2.252622319913213,0.0,2.5065397516905463,0.2539174317773332,0.41940223462006543,0.40917922679152513,min_cost_max_flow,81,8,81,4,94,5
move,"['move', 8, 2, 8]",True,4452,2.191536167300318,0.0,2.5065397516905463,0.3150035843902281,0.5722112721778103,0.3467418764528922,min_cost_max_flow,46,8,46,2,150,8
move,"['move', 8, 7, 8]",True,4452,2.2312775887662597,0.0,2.5065397516905463,0.29760480554928653,0.5286291704614996,0.4035116190908275,min_cost_max_flow,137,8,137,7,160,8
move,"['move', 8, 0, 6]",True,4452,2.0756618307533916,0.0,2.5065397516905463,0.4600922732704878,0.9345285498784506,0.6163715431255261,min_cost_max_flow,10,8,10,0,115,6
move,"['move', 15, 6, 3]",True,4462,1.5052889414376307,0.0,2.1298084873202985,0.6245195458826677,1.116977831494296,1.549352109815629,min_cost_max_flow,112,15,112,6,57,3
move,"['move', 15, 2, 3]",True,4462,1.6386021729114246,0.0,2.1298084873202985,0.49120631440887386,0.7841814523126232,1.2248857746076705,min_cost_max_flow,48,15,48,2,60,3
move,"['move', 15, 7, 4]",True,4462,1.4278121862616988,0.0,2.1298084873202985,0.7019963010585996,1.3097911821314483,2.1350436449337997,min_cost_max_flow,140,15,140,7,81,4
move,"['move', 15, 6, 8]",True,4462,1.4642057208865311,0.0,2.1298084873202985,0.6656027664337673,1.2195028372079832,1.6713825525233712,min_cost_max_flow,116,15,116,6,146,8
move,"['move', 20, 4, 0]",True,4472,1.1669652840043945,0.0,1.7608546576578394,0.5938893736534451,1.1745607257253141,1.7991225025497994,min_cost_max_flow,80,20,80,4,7,0
move,"['move', 20, 1, 0]",True,4472,1.333159423276099,0.0,1.7608546576578394,0.42769523438174045,0.7608376486678026,0.6242750880497242,min_cost_max_flow,23,20,23,1,9,0
move,"['move', 20, 4, 2]",True,4472,1.3272007063126372,0.0,1.7608546576578394,0.4336539513452023,0.7751677392443526,1.0020763094527485,min_cost_max_flow,82,20,82,4,48,2
move,"['move', 20, 8, 0]",True,4472,1.1805474443679294,0.0,1.7608546576578394,0.58030721328991,1.1412477751509869,1.3708222795428036,min_cost_max_flow,147,20,147,8,11,0
move,"['move', 22, 9, 0]",True,4482,2.3760798511377494,0.0,2.5803587159078156,0.26640327714506584,0.5055532555343234,0.45120210653656245,min_cost_max_flow,172,22,172,9,12,0
move,"['move', 22, 7, 1]",True,4482,2.2714067410756775,0.0,2.5803587159078156,0.3089519748321381,0.6119296058022883,0.44813140634704046,min_cost_max_flow,134,22,134,7,23,1
move,"['move', 22, 5, 2]",True,4482,2.3841970281381877,0.0,2.5803587159078156,0.19616168776962803,0.3301229391727247,0.33543072187268247,min_cost_max_flow,97,22,97,5,40,2
move,"['move', 22, 6, 0]",True,4482,2.3501423835901587,0.0,2.5803587159078156,0.23021633231765673,0.41533371946570696,0.28598477326568106,min_cost_max_flow,121,22,121,6,14,0
move,"['move', 22, 0, 4]",True,4492,1.9132179180308848,0.0,2.1353063026512045,0.22208838462031974,0.39488998768501915,0.3685597981625509,min_cost_max_flow,12,22,12,0,80,4
move,"['move', 22, 5, 4]",True,4492,1.9740397284099074,0.0,2.1353063026512045,0.16126657424129706,0.24300040270463796,0.2585991533788835,min_cost_max_flow,104,22,104,5,82,4
move,"['move', 22, 1, 4]",True,4492,1.8370092156176128,0.0,2.1353063026512045,0.29829708703359176,0.5851815360510955,0.5220315762316737,min_cost_max_flow,23,22,23,1,83,4
move,"['move', 22, 9, 8]",True,4492,2.003716120378217,0.0,2.1353063026512045,0.13159018227298733,0.1689309828725527,0.1775590942528465,min_cost_max_flow,163,22,163,9,147,8
move,"['move', 20, 4, 9]",True,4502,1.132929469486704,0.0,1.7551750434025426,0.6540631885408387,1.3248980858770665,1.8639072137042825,min_cost_max_flow,90,20,90,4,163,9
move,"['move', 20, 8, 5]",True,4502,1.324853067163137,0.0,1.7551750434025426,0.43032197623940543,0.7668458582629682,0.9967051207141632,min_cost_max_flow,148,20,148,8,97,5
move,"['move', 20, 2, 9]",True,4502,1.1408787053308127,0.0,1.7551750434025426,0.61429633807173,1.2261563549400307,1.4136437232135195,min_cost_max_flow,48,20,48,2,166,9
move,"['move', 20, 8, 1]",True,4502,1.3596211276069528,0.0,1.7551750434025426,0.39555391579558974,0.6802859126910334,0.7565680956446115,min_cost_max_flow,153,20,153,8,23,1
move,"['move', 15, 3, 6]",True,4512,1.648583181037996,0.0,2.1300901790224245,0.4815069979844284,0.7603311486673192,0.959560830734749,min_cost_max_flow,57,15,57,3,112,6
move,"['move', 15, 4, 7]",True,4512,1.7764744167254123,0.0,2.1300901790224245,0.3536157622970121,0.4405289551068563,1.0089637253493529,min_cost_max_flow,81,15,81,4,134,7
move,"['move', 15, 8, 6]",True,4512,1.585445790922846,0.0,2.1300901790224245,0.5446443880995784,0.9177794965580688,1.2229790954849304,min_cost_max_flow,146,15,146,8,116,6
move,"['move', 15, 0, 2]",True,4512,1.329763717701749,0.0,2.1300901790224245,0.9120595853206758,1.8357689631884568,1.5886633770551277,min_cost_max_flow,2,15,2,0,48,2
move,"['move', 8, 6, 2]",True,4522,1.7801176252881057,0.0,2.0591325813542634,0.2790149560661577,0.4821963841241086,0.3756200388034945,min_cost_max_flow,115,8,115,6,41,2
move,"['move', 8, 1, 2]",True,4522,1.7190601621427621,0.0,2.0591325813542634,0.34007241921150133,0.6350447792283376,0.23912854489015056,min_cost_max_flow,28,8,28,1,42,2
move,"['move', 8, 8, 2]",True,4522,1.6273276387806768,0.0,2.0591325813542634,0.4318049425735866,0.8635891046869801,0.7637838426038134,min_cost_max_flow,150,8,150,8,44,2
move,"['move', 8, 0, 2]",True,4522,1.6958088543686158,0.0,2.0591325813542634,0.3633237269856476,0.6928414306748891,0.4602072040994994,min_cost_max_flow,7,8,7,0,45,2
move,"['move', 20, 9, 8]",True,4532,1.9423511029778733,0.0,2.2093837750320686,0.35105590255419533,0.5691809144118452,0.663211546112807,min_cost_max_flow,163,20,163,9,150,8
move,"['move', 20, 9, 4]",True,4532,1.7066613400209678,0.0,2.2093837750320686,0.5027224350111009,0.9479572912168805,0.9231811042651753,min_cost_max_flow,166,20,166,9,81,4
move,"['move', 20, 6, 8]",True,4532,1.8070049615184283,0.0,2.2093837750320686,0.4023788135136404,0.6970368890397367,0.9640800599268625,min_cost_max_flow,110,20,110,6,153,8
move,"['move', 20, 0, 8]",True,4532,1.8396415457215216,0.0,2.2093837750320686,0.36974222931054707,0.6157990134670399,0.7283567699025282,min_cost_max_flow,7,20,7,0,146,8
move,"['move', 20, 7, 6]",True,4542,2.2331644639749824,0.0,2.5755666138454445,0.3424021498704623,0.5474775683032931,0.7091878122591077,min_cost_max_flow,133,20,133,7,110,6
move,"['move', 20, 4, 6]",True,4542,2.36114133108402,0.0,2.5755666138454445,0.21442528276142428,0.22794744931889,0.43448862013123396,min_cost_max_flow,81,20,81,4,115,6
move,"['move', 20, 3, 6]",True,4542,2.1548057022924287,0.0,2.5755666138454445,0.42076091155301576,0.7433238970115781,0.7429048109915337,min_cost_max_flow,58,20,58,3,117,6
move,"['move', 20, 5, 6]",True,4542,2.24130003572941,0.0,2.5755666138454445,0.3342665781160346,0.5269949499124778,0.8049804820898852,min_cost_max_flow,97,20,97,5,120,6
move,"['move', 20, 1, 5]",True,4552,1.7973584555162883,0.0,2.1937840435832934,0.396425588067005,0.6823824573002639,0.8116588085164358,min_cost_max_flow,23,20,23,1,97,5
move,"['move', 20, 8, 9]",True,4552,1.7216098209564297,0.0,2.1937840435832934,0.47217422262686376,0.8713533430345706,1.0787925854098943,min_cost_max_flow,146,20,146,8,172,9
move,"['move', 20, 0, 9]",True,4552,1.6265001243813442,0.0,2.1937840435832934,0.5672839192019492,1.1097100462793605,0.6904847140256721,min_cost_max_flow,9,20,9,0,166,9
move,"['move', 20, 6, 9]",True,4552,1.6973951607789082,0.0,2.1937840435832934,0.4963888828043851,0.9318561714826501,1.1013405825590992,min_cost_max_flow,110,20,110,6,170,9
move,"['move', 22, 2, 9]",True,4562,1.2599761681605157,0.0,1.5298855090027268,0.26990934084221097,0.5145000978882308,0.3300800325068005,min_cost_max_flow,40,22,40,2,172,9
move,"['move', 22, 3, 9]",True,4562,1.2151822927551925,0.0,1.5298855090027268,0.31470321624753433,0.6259543826090521,0.6836825608315084,min_cost_max_flow,55,22,55,3,175,9
move,"['move', 22, 8, 1]",True,4562,1.270327094157293,0.0,1.5298855090027268,0.2595584148454337,0.4887177415585029,0.2667742576965854,min_cost_max_flow,147,22,147,8,27,1
move,"['move', 22, 0, 1]",True,4562,1.2405609455228908,0.0,1.5298855090027268,0.28932456347983604,0.5629205614022794,0.4084754191827894,min_cost_max_flow,14,22,14,0,23,1
move,"['move', 8, 7, 1]",True,4572,2.076363772389341,0.0,2.3536437078327554,0.39176315006841433,0.7636154069696204,0.676594812223179,min_cost_max_flow,142,8,142,7,24,1
move,"['move', 8, 2, 6]",True,4572,2.0434841540274236,0.0,2.3536437078327554,0.3256060458053322,0.5984373355095158,0.5334686804894119,min_cost_max_flow,45,8,45,2,110,6
move,"['move', 8, 9, 1]",True,4572,1.9503854062247432,0.0,2.3536437078327554,0.4032583016080123,0.7926024995322223,0.5104523364852349,min_cost_max_flow,177,8,177,9,26,1
move,"['move', 8, 7, 6]",True,4572,1.9842149250929566,0.0,2.3536437078327554,0.3694287827397989,0.707683876826195,0.7403360268144661,min_cost_max_flow,129,8,129,7,121,6
move,"['move', 20, 8, 4]",True,4582,2.3446228435429965,0.0,2.7247421590895753,0.38147460154657886,0.6443583258223953,1.2427689263852977,min_cost_max_flow,153,20,153,8,81,4
move,"['move', 20, 9, 7]",True,4582,2.38999661296158,0.0,2.7247421590895753,0.3375811237946618,0.5352641845965991,0.8164001570543287,min_cost_max_flow,170,20,170,9,133,7
move,"['move', 20, 0, 1]",True,4582,2.5151961015322497,0.0,2.7247421590895753,0.2095460575573254,0.21609251358313486,0.20573710380317392,min_cost_max_flow,11,20,11,0,29,1
move,"['move', 20, 6, 1]",True,4582,2.3302892414727436,0.0,2.7247421590895753,0.39729436686683145,0.6847535656270338,0.678884590380527,min_cost_max_flow,117,20,117,6,30,1
move,"['move', 20, 1, 3]",True,4592,2.378490753259913,0.0,2.797348919380273,0.4188581661203605,0.7377332387914066,1.2987679033470503,min_cost_max_flow,29,20,29,1,55,3
move,"['move', 20, 6, 3]",True,4592,2.333240905369805,0.0,2.797348919380273,0.47603812301046833,0.8812848664165358,0.8976109701073371,min_cost_max_flow,115,20,115,6,57,3
move,"['move', 20, 7, 3]",True,4592,2.2291637243486875,0.0,2.797348919380273,0.5681851950315855,1.1109706694405759,1.3521956559427035,min_cost_max_flow,133,20,133,7,58,3
move,"['move', 20, 4, 3]",True,4592,2.5905904749113446,0.0,2.797348919380273,0.20675844446892874,0.20882077921851305,0.4075381995566111,min_cost_max_flow,81,20,81,4,62,3
move,"['move', 20, 1, 4]",True,4602,1.554665429962884,0.0,1.9802278143538552,0.4255623843909713,0.7544574787243619,1.322971732394965,min_cost_max_flow,30,20,30,1,81,4
move,"['move', 20, 9, 0]",True,4602,1.6561993126214578,0.0,1.9802278143538552,0.3240285017323974,0.5020274365670048,0.3865287396765156,min_cost_max_flow,166,20,166,9,7,0
move,"['move', 20, 5, 0]",True,4602,1.3527761451272997,0.0,1.9802278143538552,0.6274516692265555,1.2583023018960375,1.9085643439182474,min_cost_max_flow,97,20,97,5,9,0
move,"['move', 20, 9, 4]",True,4602,1.557863936379481,0.0,1.9802278143538552,0.4223638779743742,0.7467593148976448,1.1242369225444753,min_cost_max_flow,172,20,172,9,84,4
move,"['move', 15, 3, 8]",True,4612,1.7024215746652973,0.0,2.344567651011457,0.6421460763461596,1.1598648697327008,2.3355440566990016,min_cost_max_flow,60,15,60,3,153,8
move,"['move', 15, 1, 9]",True,4612,1.6835884414238398,0.0,2.344567651011457,0.660979209587617,1.2082758733959054,1.4500970169916005,min_cost_max_flow,36,15,36,1,166,9
move,"['move', 15, 0, 9]",True,4612,1.7772279399862043,0.0,2.344567651011457,0.5699722251919194,0.9815012696417398,0.9548588602725184,min_cost_max_flow,8,15,8,0,170,9
move,"['move', 15, 6, 9]",True,4612,1.7133909189405494,0.0,2.344567651011457,0.6311767320709073,1.1329840078687994,1.9738781738794229,min_cost_max_flow,112,15,112,6,172,9
move,"['move', 15, 8, 1]",True,4622,1.2042744099667118,0.0,1.8255199496813523,0.6212455397146406,1.1086230796063319,1.6625097550798813,min_cost_max_flow,153,15,153,8,36,1
move,"['move', 15, 9, 1]",True,4622,0.9337598680390262,0.0,1.8255199496813523,0.8917600816423261,1.7853110789510538,1.3947467380743057,min_cost_max_flow,166,15,166,9,27,1
move,"['move', 15, 9, 4]",True,4622,1.1472223340878576,0.0,1.8255199496813523,0.6782976155934948,1.2511538063554326,1.7288183871030336,min_cost_max_flow,170,15,170,9,85,4
move,"['move', 15, 2, 1]",True,4622,1.4221412677649017,0.0,1.8255199496813523,0.4033786819164507,0.5660413557125139,0.2722293539753614,min_cost_max_flow,48,15,48,2,29,1
move,"['move', 20, 4, 7]",True,4632,1.7479766532473588,0.0,2.0587465416288775,0.3107698883815187,0.46797907792642945,0.9877455819288372,min_cost_max_flow,81,20,81,4,133,7
move,"['move', 20, 3, 1]",True,4632,1.693282046640069,0.0,2.0587465416288775,0.36546449498880834,0.6047493810183369,0.9652211994733604,min_cost_max_flow,55,20,55,3,30,1
move,"['move', 20, 3, 2]",True,4632,1.5964266177294546,0.0,2.0587465416288775,0.4623199238994229,0.8465894535038387,1.1642210601630567,min_cost_max_flow,57,20,57,3,48,2
move,"['move', 20, 3, 7]",True,4632,1.577458653536334,0.0,2.0587465416288775,0.4812878880925435,0.8939073733708938,1.2322148039940708,min_cost_max_flow,58,20,58,3,136,7
move,"['move', 15, 6, 2]",True,4642,1.079039689169261,0.0,1.820977933505167,0.7419382443359059,1.4093973466806347,2.3008394076534135,min_cost_max_flow,116,15,116,6,40,2
move,"['move', 15, 4, 3]",True,4642,1.2297307203762085,0.0,1.820977933505167,0.6169896354622918,1.0987506689925794,1.1509430770000364,min_cost_max_flow,85,15,85,4,55,3
move,"['move', 15, 9, 2]",True,4642,1.212270571767143,0.0,1.820977933505167,0.6087073617380241,1.0782588474903605,1.0083678713666202,min_cost_max_flow,172,15,172,9,45,2
move,"['move', 15, 1, 2]",True,4642,1.3577607362542061,0.0,1.820977933505167,0.4632171972509609,0.715549584965629,0.33093540941565047,min_cost_max_flow,27,15,27,1,46,2
move,"['move', 20, 4, 8]",True,4652,2.01364281885022,0.0,2.4283061516809217,0.41466333283070167,0.7275888477452099,1.070306451380167,min_cost_max_flow,84,20,84,4,153,8
move,"['move', 20, 1, 8]",True,4652,1.9566539659214586,0.0,2.4283061516809217,0.4716521857594631,0.8698703080517589,1.1974211282832667,min_cost_max_flow,30,20,30,1,146,8
move,"['move', 20, 7, 8]",True,4652,2.103226504789726,0.0,2.4283061516809217,0.3250796468911956,0.5041959884547396,0.6927360791837297,min_cost_max_flow,133,20,133,7,147,8
move,"['move', 20, 3, 8]",True,4652,1.9493193303370782,0.0,2.4283061516809217,0.47898682134384357,0.8878525405525579,1.4336587683846622,min_cost_max_flow,62,20,62,3,148,8
move,"['move', 15, 3, 4]",True,4662,1.515341592383101,0.0,2.0507537605549437,0.5354121681718426,0.8959896397209377,0.3625171073459359,min_cost_max_flow,55,15,55,3,90,4
move,"['move', 15, 7, 6]",True,4662,1.8057449318452379,0.0,2.0507537605549437,0.2450088287097059,0.16981040145765292,0.4764435126413319,min_cost_max_flow,134,15,134,7,115,6
move,"['move', 15, 5, 6]",True,4662,1.5372151133858785,0.0,2.0507537605549437,0.5135386471690653,0.8406344183822512,0.8101296618414594,min_cost_max_flow,103,15,103,5,116,6
move,"['move', 15, 0, 6]",True,4662,1.2494832002077474,0.0,2.0507537605549437,0.8012705603471962,1.5569525791652268,2.8178777700758992,min_cost_max_flow,3,15,3,0,117,6
move,"['move', 8, 1, 9]",True,4672,1.9155055140938377,0.0,2.2083538490625267,0.292848334968689,0.5167318635576521,0.40759858732660026,min_cost_max_flow,24,8,24,1,163,9
move,"['move', 8, 5, 9]",True,4672,1.857704254087391,0.0,2.2083538490625267,0.35064959497513576,0.6609649371530395,0.5876495344795529,min_cost_max_flow,94,8,94,5,170,9
move,"['move', 8, 1, 3]",True,4672,1.9068919521883065,0.0,2.2083538490625267,0.30146189687422015,0.537774700562295,0.734977093449876,min_cost_max_flow,26,8,26,1,55,3
move,"['move', 8, 2, 3]",True,4672,2.0479646596409355,0.0,2.2083538490625267,0.23507249492159105,0.37257606071216287,0.2184004058229193,min_cost_max_flow,42,8,42,2,57,3
move,"['move', 8, 6, 5]",True,4682,1.9367115643711346,0.0,2.0595015393816762,0.1227899750105416,0.09205027218558826,0.09805957179022683,min_cost_max_flow,110,8,110,6,94,5
move,"['move', 8, 2, 5]",True,4682,1.7898867493886768,0.0,2.0595015393816762,0.2696147899929995,0.4583855180826504,0.5825872778452318,min_cost_max_flow,41,8,41,2,97,5
move,"['move', 8, 8, 5]",True,4682,1.6600703631578817,0.0,2.0595015393816762,0.39943117622379454,0.7824939288911992,0.8709571234710305,min_cost_max_flow,160,8,160,8,98,5
move,"['move', 8, 9, 5]",True,4682,1.661454536150774,0.0,2.0595015393816762,0.3980470032309022,0.7792117587669054,0.7521155515129166,min_cost_max_flow,163,8,163,9,103,5
move,"['move', 15, 4, 7]",True,4692,1.1180924786095523,0.0,1.9749837371681958,0.8568912585586435,1.6959027125194552,2.8856192196689068,min_cost_max_flow,90,15,90,4,133,7
move,"['move', 15, 0, 5]",True,4692,1.3121511949263511,0.0,1.9749837371681958,0.6628325422418445,1.211397089449747,2.4581740714762645,min_cost_max_flow,15,15,15,0,104,5
move,"['move', 15, 6, 5]",True,4692,1.4266454933833952,0.0,1.9749837371681958,0.5483382437848006,0.9267457012028899,1.401935474307677,min_cost_max_flow,115,15,115,6,106,5
move,"['move', 15, 6, 7]",True,4692,1.7699004482198617,0.0,1.9749837371681958,0.20508328894833402,0.07044065221998608,0.18037673546612765,min_cost_max_flow,116,15,116,6,134,7
move,"['move', 16, 0, 8]",True,4702,1.5222461696759413,0.0,1.7497287631907323,0.24089106463979096,0.45227728841564385,0.3186926286652256,min_cost_max_flow,4,16,4,0,160,8
move,"['move', 16, 1, 8]",True,4702,1.5359725691535226,0.0,1.7497287631907323,0.21375619403720963,0.384309543944255,0.40573793862225965,min_cost_max_flow,23,16,23,1,151,8
move,"['move', 16, 2, 8]",True,4702,1.4926267429252034,0.0,1.7497287631907323,0.2571020202655289,0.4925199143544887,0.508534712331911,min_cost_max_flow,37,16,37,2,152,8
move,"['move', 16, 3, 8]",True,4702,1.4843712861894565,0.0,1.7497287631907323,0.2653574770012758,0.5130970687387162,0.5495263490917595,min_cost_max_flow,56,16,56,3,153,8
move,"['move', 8, 6, 4]",True,4712,1.7234849722072063,0.0,2.057287338514542,0.33380236630733545,0.6190869209021912,0.42761258871123103,min_cost_max_flow,121,8,121,6,90,4
move,"['move', 8, 5, 0]",True,4712,1.4971044759933014,0.0,2.057287338514542,0.5601828625212403,1.1846346815655124,0.6965991696718902,min_cost_max_flow,94,8,94,5,10,0
move,"['move', 8, 5, 4]",True,4712,1.9011857335219304,0.0,2.057287338514542,0.1561016049926113,0.17526508527225815,0.14090081745981553,min_cost_max_flow,97,8,97,5,81,4
move,"['move', 8, 3, 1]",True,4712,1.7039475741874326,0.0,2.057287338514542,0.3533397643271092,0.6677390671247849,0.5551784732715722,min_cost_max_flow,55,8,55,3,28,1
move,"['move', 20, 2, 3]",True,4722,1.6955642934319572,0.0,2.126795931627786,0.4312316381958287,0.7694811589535675,0.7559412543535177,min_cost_max_flow,48,20,48,2,55,3
move,"['move', 20, 0, 3]",True,4722,1.7560334075360828,0.0,2.126795931627786,0.3707625240917032,0.6178583043365506,1.0559874921555634,min_cost_max_flow,7,20,7,0,56,3
move,"['move', 20, 6, 3]",True,4722,1.5648015381705271,0.0,2.126795931627786,0.5619943934572589,1.0951987961816485,1.5487752046831968,min_cost_max_flow,120,20,120,6,58,3
move,"['move', 20, 7, 3]",True,4722,1.744640175928048,0.0,2.126795931627786,0.38215575569973803,0.6466311450640205,0.8628130205670423,min_cost_max_flow,136,20,136,7,62,3
move,"['move', 16, 4, 6]",True,4732,1.7958983101164945,0.0,1.9826766347436262,0.18677832462713176,0.3169966676068725,0.3178731467475182,min_cost_max_flow,78,16,78,4,112,6
move,"['move', 16, 8, 0]",True,4732,1.8594973971775437,0.0,1.9826766347436262,0.12317923756608243,0.15830062261375133,0.11675804041271699,min_cost_max_flow,151,16,151,8,7,0
move,"['move', 16, 8, 2]",True,4732,0.5794271322139184,0.0,1.9826766347436262,1.4032495025297078,0.857928432560584,0.48199301523310684,min_cost_max_flow,152,16,152,8,48,2
move,"['move', 16, 9, 0]",True,4732,0.5078844266252072,0.0,1.9826766347436262,1.474792208118419,1.0366119722966687,0.5974758390290167,min_cost_max_flow,168,16,168,9,15,0
move,"['move', 20, 8, 6]",True,4742,1.790562787734055,0.0,2.0594567953421636,0.2918028181081085,0.4213993009470869,0.42914644580690786,min_cost_max_flow,148,20,148,8,115,6
move,"['move', 20, 0, 6]",True,4742,1.5839904187532934,0.0,2.0594567953421636,0.47546637658887025,0.8801208434815635,0.7207155574253774,min_cost_max_flow,9,20,9,0,116,6
move,"['move', 20, 3, 6]",True,4742,1.65190135214894,0.0,2.0594567953421636,0.4075554431932236,0.7101440910846577,0.853661495951584,min_cost_max_flow,55,20,55,3,121,6
move,"['move', 20, 8, 7]",True,4742,1.5336896679883023,0.0,2.0594567953421636,0.5257671273538614,1.0051625759151648,1.1941452100098506,min_cost_max_flow,146,20,146,8,136,7
move,"['move', 22, 3, 8]",True,4752,2.215096382630647,0.0,2.504913876035173,0.2898174934045257,0.5641945164607023,0.38072192138364075,min_cost_max_flow,71,22,71,3,146,8
move,"['move', 22, 4, 6]",True,4752,2.257384587243976,0.0,2.504913876035173,0.24752928879119698,0.45837031807604944,0.4498464889377861,min_cost_max_flow,80,22,80,4,122,6
move,"['move', 22, 7, 8]",True,4752,2.3240413755896925,0.0,2.504913876035173,0.18087250044548034,0.29211981403204845,0.18886860874405764,min_cost_max_flow,135,22,135,7,150,8
move,"['move', 22, 9, 0]",True,4752,2.255164913725322,0.0,2.504913876035173,0.26594240980985123,0.5044453886512201,0.42166780324770853,min_cost_max_flow,172,22,172,9,4,0
move,"['move', 28, 4, 6]",True,4762,1.4544243984832392,0.0,1.761068997615451,0.3657976982572117,0.4689756531006424,0.4892070355039818,min_cost_max_flow,86,28,86,4,123,6
move,"['move', 28, 4, 2]",True,4762,1.3367318357130304,0.0,1.761068997615451,0.4248309294024207,0.615554506337503,1.1586901196118087,min_cost_max_flow,77,28,77,4,41,2
move,"['move', 28, 7, 6]",True,4762,1.3304548506574296,0.0,1.761068997615451,0.4306141469580213,0.6304909753598622,0.8397400307066594,min_cost_max_flow,130,28,130,7,109,6
move,"['move', 28, 8, 1]",True,4762,1.0096536637178894,0.0,1.761068997615451,0.7514153338975615,1.4311475107751903,1.7373613197216626,min_cost_max_flow,156,28,156,8,23,1
move,"['move', 20, 7, 0]",True,4772,1.6788229861968778,0.0,1.9793839121698116,0.3005609259729338,0.4430509999219794,0.5915269039208473,min_cost_max_flow,136,20,136,7,7,0
move,"['move', 20, 8, 4]",True,4772,1.5918436122820125,0.0,1.9793839121698116,0.3875402998877989,0.6591951336013153,1.4610609758053341,min_cost_max_flow,147,20,147,8,77,4
move,"['move', 20, 3, 9]",True,4772,1.6078729509115863,0.0,1.9793839121698116,0.37151096125822536,0.6199056275654584,0.9385006170873127,min_cost_max_flow,56,20,56,3,163,9
move,"['move', 20, 3, 0]",True,4772,1.5009282402920845,0.0,1.9793839121698116,0.47845567187772714,0.8868282824696507,1.2312483801287006,min_cost_max_flow,58,20,58,3,8,0
move,"['move', 15, 6, 0]",True,4782,1.2567440617352017,0.0,1.8288891078308707,0.5721450460956689,0.9857162510888884,1.766239401755974,min_cost_max_flow,117,15,117,6,9,0
move,"['move', 15, 1, 0]",True,4782,1.2195214194668962,0.0,1.8288891078308707,0.6093676883639745,1.0806391439691652,0.5220479287473571,min_cost_max_flow,29,15,29,1,11,0
move,"['move', 15, 5, 0]",True,4782,1.001695643512937,0.0,1.8288891078308707,0.8271934643179337,1.622302796713484,2.45590602246702,min_cost_max_flow,104,15,104,5,12,0
move,"['move', 15, 7, 0]",True,4782,0.9679054188755434,0.0,1.8288891078308707,0.8609836889553273,1.7069078376880498,2.3695864350789804,min_cost_max_flow,133,15,133,7,14,0
move,"['move', 8, 3, 8]",True,4792,2.0541811953109024,0.0,2.360874079263095,0.30669288395219285,0.550691221607849,0.8422748597017164,min_cost_max_flow,57,8,57,3,147,8
move,"['move', 8, 4, 3]",True,4792,2.103531158491517,0.0,2.360874079263095,0.2713291462715781,0.4630220823455602,0.3488049002030785,min_cost_max_flow,90,8,90,4,71,3
move,"['move', 8, 9, 3]",True,4792,1.9613039342260474,0.0,2.360874079263095,0.39957014503704763,0.7828813196101692,0.8443113329129077,min_cost_max_flow,170,8,170,9,56,3
move,"['move', 8, 0, 8]",True,4792,2.0512471031751667,0.0,2.360874079263095,0.41261680746292867,0.8159294081706321,0.5566896690726796,min_cost_max_flow,10,8,10,0,148,8
move,"['move', 20, 4, 5]",True,4802,2.144106436393256,0.0,2.353400996581848,0.20929456018859163,0.21530864063242916,0.3091567897174,min_cost_max_flow,77,20,77,4,94,5
move,"['move', 20, 9, 5]",True,4802,1.7765173679240192,0.0,2.353400996581848,0.5768836286578287,1.132397155612125,1.5652609186484818,min_cost_max_flow,163,20,163,9,97,5
move,"['move', 20, 6, 7]",True,4802,2.099236019550722,0.0,2.353400996581848,0.25416497703112617,0.32727485625218833,0.4490411141020665,min_cost_max_flow,115,20,115,6,133,7
move,"['move', 20, 0, 1]",True,4802,2.168442442943306,0.0,2.353400996581848,0.18495855363854216,0.1546995798125863,0.15518641953016252,min_cost_max_flow,7,20,7,0,24,1
move,"['move', 22, 8, 3]",True,4812,2.2464597066647314,0.0,2.507464113459506,0.26100440679477455,0.49187800929212244,0.5699156841850282,min_cost_max_flow,146,22,146,8,57,3
move,"['move', 22, 0, 2]",True,4812,2.309177971812205,0.0,2.507464113459506,0.19828614164730082,0.3357012251362903,0.15732987561700817,min_cost_max_flow,4,22,4,0,42,2
move,"['move', 22, 1, 7]",True,4812,2.271714554805497,0.0,2.507464113459506,0.29563669215400923,0.5786310150215286,0.4550541299720483,min_cost_max_flow,27,22,27,1,135,7
move,"['move', 22, 4, 2]",True,4812,2.4220825342347445,0.0,2.507464113459506,0.18725550072476163,0.3079349625913892,0.28377003465234596,min_cost_max_flow,83,22,83,4,47,2
move,"['move', 8, 4, 9]",True,4822,1.4802232335614012,0.0,1.827422506634755,0.3471992730733538,0.6521214355016127,0.7327807991274787,min_cost_max_flow,81,8,81,4,172,9
move,"['move', 8, 3, 9]",True,4822,1.5448094197271915,0.0,1.827422506634755,0.2826130869075634,0.4910795660689473,0.4503834779205086,min_cost_max_flow,56,8,56,3,166,9
move,"['move', 8, 7, 9]",True,4822,1.5532800193084044,0.0,1.827422506634755,0.2741424873263505,0.4700081683622557,0.38031598036002445,min_cost_max_flow,130,8,130,7,168,9
move,"['move', 8, 1, 9]",True,4822,1.5198192910549175,0.0,1.827422506634755,0.3076032155798374,0.5534190988400951,0.5409094176118626,min_cost_max_flow,28,8,28,1,170,9
move,"['move', 15, 7, 6]",True,4832,1.7582297881363231,0.0,2.278325757078067,0.5200959689417439,0.8560561405174667,1.4578511928288282,min_cost_max_flow,134,15,134,7,110,6
move,"['move', 15, 0, 3]",True,4832,1.5955467406545594,0.0,2.278325757078067,0.6827790164235077,1.2622953557220171,1.7701201927348362,min_cost_max_flow,9,15,9,0,56,3
move,"['move', 15, 5, 6]",True,4832,1.6184686264136263,0.0,2.278325757078067,0.6598571306644407,1.2046862040515407,1.9730783746075646,min_cost_max_flow,106,15,106,5,115,6
move,"['move', 15, 1, 4]",True,4832,1.6991912618700284,0.0,2.278325757078067,0.5791344952080386,1.0037313222273951,1.4052738300342935,min_cost_max_flow,36,15,36,1,86,4
move,"['move', 28, 0, 8]",True,4842,1.4896123824982515,0.0,1.9824089176381308,0.49279653513987937,0.7853279767659842,1.2523860630554562,min_cost_max_flow,18,28,18,0,146,8
move,"['move', 28, 1, 8]",True,4842,1.4109781683612352,0.0,1.9824089176381308,0.5714307492768954,0.9820346424749005,1.171632485471284,min_cost_max_flow,23,28,23,1,151,8
move,"['move', 28, 2, 8]",True,4842,1.364047534185946,0.0,1.9824089176381308,0.6183613834521849,1.099101433006581,1.3448290898335422,min_cost_max_flow,41,28,41,2,152,8
move,"['move', 28, 3, 8]",True,4842,1.2880705275631108,0.0,1.9824089176381308,0.69433839007502,1.2878557299627573,2.1369754904409244,min_cost_max_flow,59,28,59,3,156,8
move,"['move', 22, 8, 0]",True,4858,2.172208002309128,0.0,2.433761005650713,0.26155300334158493,0.49348683960852213,0.41168971793584214,min_cost_max_flow,150,22,150,8,18,0
move,"['move', 22, 6, 7]",True,4858,2.1466235023522837,0.0,2.433761005650713,0.28713750329842924,0.5573227973945905,0.49521778863084226,min_cost_max_flow,122,22,122,6,130,7
move,"['move', 22, 3, 7]",True,4858,2.155347543468146,0.0,2.433761005650713,0.27841346218256713,0.5355879699782236,0.44503420643859215,min_cost_max_flow,57,22,57,3,134,7
move,"['move', 22, 2, 0]",True,4858,2.2244468582176924,0.0,2.433761005650713,0.20931414743302065,0.36325148538162466,0.17049935492707097,min_cost_max_flow,42,22,42,2,3,0
move,"['move', 8, 8, 4]",True,4868,2.3068493663856966,0.0,2.504815806266797,0.19796643988110055,0.27967824057122925,0.3068554322945107,min_cost_max_flow,147,8,147,8,77,4
move,"['move', 8, 2, 4]",True,4868,2.3543746198161863,0.0,2.504815806266797,0.1504411864506106,0.16107241665304173,0.1686489936029549,min_cost_max_flow,44,8,44,2,78,4
move,"['move', 8, 3, 4]",True,4868,2.174517339681077,0.0,2.504815806266797,0.3302984665857202,0.610061421575665,0.6047792703700341,min_cost_max_flow,71,8,71,3,80,4
move,"['move', 8, 9, 4]",True,4868,2.153326736508406,0.0,2.504815806266797,0.35148906975839106,0.662700169486925,0.8299526173147072,min_cost_max_flow,166,8,166,9,81,4
move,"['move', 5, 7, 8]",True,4878,1.5212781589432969,0.0,2.0521377004512416,0.5401874480079447,0.9439747783981147,1.0577376546490114,min_cost_max_flow,135,5,135,7,147,8
move,"['move', 5, 9, 4]",True,4878,1.4753995157816866,0.0,2.0521377004512416,0.576738184669555,1.0350163821858587,1.281229565503341,min_cost_max_flow,177,5,177,9,84,4
move,"['move', 5, 5, 8]",True,4878,1.5995533103485688,0.0,2.0521377004512416,0.45258439010267265,0.7244416412941064,1.4080658818678502,min_cost_max_flow,96,5,96,5,150,8
move,"['move', 5, 2, 8]",True,4878,1.3354171042223766,0.0,2.0521377004512416,0.716720596228865,1.3843857881147414,1.6723115450981905,min_cost_max_flow,44,5,44,2,155,8
move,"['move', 22, 0, 3]",True,4888,2.0161368177434986,0.0,2.2099665278940788,0.19382971015058018,0.32437613388174213,0.2800048841147088,min_cost_max_flow,3,22,3,0,71,3
move,"['move', 22, 2, 3]",True,4888,1.9177210176173283,0.0,2.2099665278940788,0.29224551027675055,0.5700436047845869,0.5280244925020433,min_cost_max_flow,47,22,47,2,55,3
move,"['move', 22, 9, 3]",True,4888,1.8788079269099027,0.0,2.2099665278940788,0.33115860098417604,0.667205918347463,0.6082999629603539,min_cost_max_flow,175,22,175,9,57,3
move,"['move', 22, 0, 6]",True,4888,1.9417625861943875,0.0,2.2099665278940788,0.26820394169969125,0.5101787783714826,0.3686278061394184,min_cost_max_flow,18,22,18,0,120,6
move,"['move', 8, 4, 2]",True,4898,1.9402417943138583,0.0,2.1254163457323796,0.18517455141852127,0.24777712863578927,0.2544492849556832,min_cost_max_flow,77,8,77,4,44,2
move,"['move', 8, 4, 1]",True,4898,1.8386221811545587,0.0,2.1254163457323796,0.28679416457782086,0.5013436156223179,0.5761465594358574,min_cost_max_flow,78,8,78,4,36,1
move,"['move', 8, 9, 2]",True,4898,1.871024846972554,0.0,2.1254163457323796,0.2543914987598257,0.42059344552399125,0.4051502616617596,min_cost_max_flow,168,8,168,9,37,2
move,"['move', 8, 5, 2]",True,4898,1.7520993945255334,0.0,2.1254163457323796,0.37331695120684605,0.7174130108760437,0.7345274386605145,min_cost_max_flow,98,8,98,5,41,2
move,"['move', 15, 4, 1]",True,4908,0.8335229811471746,0.0,1.6735262791206789,0.8400032979735043,1.655087735824054,1.9490027080376164,min_cost_max_flow,86,15,86,4,23,1
move,"['move', 15, 3, 1]",True,4908,1.1282925511660051,0.0,1.6735262791206789,0.5452337279546737,0.9193994233501144,1.1252609926132817,min_cost_max_flow,56,15,56,3,26,1
move,"['move', 15, 2, 5]",True,4908,0.9490327438993104,0.0,1.6735262791206789,0.7387593205963685,1.4025817620859016,1.5463562382465876,min_cost_max_flow,45,15,45,2,96,5
move,"['move', 15, 0, 7]",True,4908,1.1533785793508078,0.0,1.6735262791206789,0.5201476997698711,0.8570442207346787,0.885349094899394,min_cost_max_flow,11,15,11,0,135,7
move,"['move', 22, 7, 2]",True,4918,1.7719816736218799,0.0,2.0511046200303147,0.27912294640843494,0.5371744169533486,0.569876599468262,min_cost_max_flow,130,22,130,7,44,2
move,"['move', 22, 6, 2]",True,4918,1.817823315199943,0.0,2.0511046200303147,0.23328130483037166,0.422986873825721,0.2921693877812088,min_cost_max_flow,120,22,120,6,47,2
move,"['move', 22, 5, 0]",True,4918,1.7548652309494481,0.0,2.0511046200303147,0.2962393890808666,0.5798451044029207,0.6501560871396241,min_cost_max_flow,106,22,106,5,18,0
move,"['move', 22, 4, 0]",True,4918,1.7290823340498933,0.0,2.0511046200303147,0.32202228598042143,0.6443133188149659,0.6428413117008279,min_cost_max_flow,82,22,82,4,3,0
move,"['move', 5, 6, 9]",True,4928,1.574767351923629,0.0,2.1299831776324223,0.5894357728337934,1.0665897429280449,1.3949693444434312,min_cost_max_flow,109,5,109,6,177,9
move,"['move', 5, 7, 9]",True,4928,1.3249670556531181,0.0,2.1299831776324223,0.8050161219793042,1.6045017719006864,2.0875319385334814,min_cost_max_flow,137,5,137,7,163,9
move,"['move', 5, 8, 9]",True,4928,1.6461225444518819,0.0,2.1299831776324223,0.48386063318054034,0.8040334267352591,0.47394738421223365,min_cost_max_flow,147,5,147,8,166,9
move,"['move', 5, 3, 2]",True,4928,1.4102429515233599,0.0,2.1299831776324223,0.7197402261090625,1.3925895582942758,1.2358478924045901,min_cost_max_flow,57,5,57,3,45,2
move,"['move', 5, 9, 6]",True,4938,1.2735756350285357,0.0,1.9775299837806921,0.7039543487521565,1.3520039762806846,1.983106973288672,min_cost_max_flow,163,5,163,9,117,6
move,"['move', 5, 8, 6]",True,4938,1.5030202455423296,0.0,1.9775299837806921,0.47450973823836246,0.779816365451552,1.0338300030536942,min_cost_max_flow,150,5,150,8,120,6
move,"['move', 5, 4, 6]",True,4938,1.5354163179018416,0.0,1.9775299837806921,0.4421136658788504,0.6989921235071961,0.9232040334376435,min_cost_max_flow,84,5,84,4,122,6
move,"['move', 5, 8, 7]",True,4938,1.5368346138654823,0.0,1.9775299837806921,0.4406953699152098,0.6962663618251099,0.3765518820939995,min_cost_max_flow,155,5,155,8,137,7
move,"['move', 20, 1, 2]",True,4948,2.5762327765113664,0.0,3.107297258366035,0.5310644818546686,1.0181579791678814,1.3594672095441735,min_cost_max_flow,24,20,24,1,48,2
move,"['move', 20, 5, 2]",True,4948,2.5824666078133363,0.0,3.107297258366035,0.5248306505526991,1.002578432300652,1.3561129510811036,min_cost_max_flow,94,20,94,5,49,2
move,"['move', 20, 5, 9]",True,4948,2.6988358709679026,0.0,3.107297258366035,0.4084613873981327,0.7120984227949521,1.0606806972704723,min_cost_max_flow,97,20,97,5,163,9
move,"['move', 20, 7, 4]",True,4948,2.655281255088364,0.0,3.107297258366035,0.4520160032776711,0.8209364570502657,1.0930176596253123,min_cost_max_flow,133,20,133,7,86,4
move,"['move', 20, 2, 7]",True,4958,1.9353065262189473,0.0,2.507175138315502,0.5718686120965547,1.1200044868310215,1.4686791705941566,min_cost_max_flow,48,20,48,2,130,7
move,"['move', 20, 2, 1]",True,4958,2.101241016727419,0.0,2.507175138315502,0.405934121588083,0.7063859835616313,0.6568638360681246,min_cost_max_flow,49,20,49,2,27,1
move,"['move', 20, 9, 7]",True,4958,2.1160498045099367,0.0,2.507175138315502,0.39112533380556497,0.6689645910228137,0.923145891083142,min_cost_max_flow,163,20,163,9,133,7
move,"['move', 20, 4, 1]",True,4958,2.103141307626447,0.0,2.507175138315502,0.40403383068905485,0.7017093088070396,0.6074955074157361,min_cost_max_flow,86,20,86,4,28,1
move,"['move', 22, 0, 5]",True,4968,1.635671712892851,0.0,1.9870038708462383,0.35133215795338724,0.717595140056801,0.6380804387537364,min_cost_max_flow,3,22,3,0,106,5
move,"['move', 22, 1, 5]",True,4968,1.780300954723876,0.0,1.9870038708462383,0.20670291612236244,0.3564537490965449,0.35027136054991975,min_cost_max_flow,23,22,23,1,94,5
move,"['move', 22, 2, 4]",True,4968,1.7468026172508493,0.0,1.9870038708462383,0.240201253595389,0.4401929152372759,0.35472305510682434,min_cost_max_flow,44,22,44,2,86,4
move,"['move', 22, 2, 5]",True,4968,1.7289553202095636,0.0,1.9870038708462383,0.2580485506366747,0.4847646004782291,0.38576129661417957,min_cost_max_flow,47,22,47,2,97,5
move,"['move', 22, 5, 1]",True,4978,2.73829298346619,0.0,2.9540910072337567,0.21579802376756638,0.379124464954657,0.3949735304817146,min_cost_max_flow,94,22,94,5,23,1
move,"['move', 22, 3, 2]",True,4978,2.662529642253185,0.0,2.9540910072337567,0.29156136498057184,0.5681990587763721,0.6174796710140371,min_cost_max_flow,55,22,55,3,44,2
move,"['move', 22, 5, 2]",True,4978,2.6983040737674817,0.0,2.9540910072337567,0.25578693346627485,0.47912665335752536,0.37503075975022715,min_cost_max_flow,97,22,97,5,47,2
move,"['move', 22, 3, 1]",True,4978,2.7926032335117257,0.0,2.9540910072337567,0.16148777372203105,0.24368254987348337,0.1725001753719484,min_cost_max_flow,57,22,57,3,24,1
move,"['move', 22, 0, 8]",True,4988,2.1142649717581676,0.0,2.281639540009132,0.16737456825096433,0.25836427836475195,0.1960053960816956,min_cost_max_flow,18,22,18,0,147,8
move,"['move', 22, 5, 8]",True,4988,2.0804002470969807,0.0,2.281639540009132,0.201239292912151,0.34283706486894516,0.32202216193071387,min_cost_max_flow,106,22,106,5,155,8
move,"['move', 22, 2, 6]",True,4988,2.0179544867975636,0.0,2.281639540009132,0.263685053211568,0.4987259431509301,0.4723704729690063,min_cost_max_flow,44,22,44,2,109,6
move,"['move', 22, 1, 8]",True,4988,2.0217401656405274,0.0,2.281639540009132,0.3173519157436046,0.6327689651952824,0.555126663461841,min_cost_max_flow,24,22,24,1,157,8
move,"['move', 20, 1, 2]",True,4998,2.3103537679125923,0.0,2.5798642121111515,0.26951044419855935,0.36592638853471726,0.2571315381381364,min_cost_max_flow,27,20,27,1,44,2
move,"['move', 20, 7, 2]",True,4998,2.0014955506566134,0.0,2.5798642121111515,0.578368661454538,1.1361683973154868,1.5261544442562598,min_cost_max_flow,130,20,130,7,48,2
move,"['move', 20, 7, 4]",True,4998,1.9629105413724943,0.0,2.5798642121111515,0.6169536707386571,1.2327900852833409,1.4200446058853013,min_cost_max_flow,133,20,133,7,90,4
move,"['move', 20, 6, 4]",True,4998,2.2671347590734086,0.0,2.5798642121111515,0.31272945303774274,0.473133124090964,0.8176558992792908,min_cost_max_flow,116,20,116,6,77,4
move,"['move', 15, 2, 9]",True,5008,1.6319165397311515,0.0,2.2787702125624048,0.6468536728312533,1.1723377839152818,1.8662620768010623,min_cost_max_flow,40,15,40,2,163,9
move,"['move', 15, 7, 9]",True,5008,1.737585895913408,0.0,2.2787702125624048,0.5411843166489966,0.90950799483835,0.9705278243277884,min_cost_max_flow,135,15,135,7,168,9
move,"['move', 15, 5, 9]",True,5008,1.7781937895120914,0.0,2.2787702125624048,0.5005764230503134,0.8078019978056545,1.094703181652669,min_cost_max_flow,96,15,96,5,171,9
move,"['move', 15, 1, 9]",True,5008,1.5710164534959534,0.0,2.2787702125624048,0.7077537590664514,1.3245171039015986,1.9135258112532587,min_cost_max_flow,23,15,23,1,172,9
move,"['move', 8, 1, 7]",True,5018,2.3962939319079624,0.0,2.732787150107466,0.3364932181995038,0.6255109537669341,0.6296771658298673,min_cost_max_flow,36,8,36,1,130,7
move,"['move', 8, 9, 7]",True,5018,2.55192660829305,0.0,2.732787150107466,0.180860541814416,0.23709263700584415,0.1874276980769498,min_cost_max_flow,170,8,170,9,133,7
move,"['move', 8, 2, 7]",True,5018,2.306144269402186,0.0,2.732787150107466,0.42664288070528006,0.8506340721360175,0.7970357627347101,min_cost_max_flow,37,8,37,2,135,7
move,"['move', 8, 4, 7]",True,5018,2.521852015738435,0.0,2.732787150107466,0.21093513436903116,0.31215458599763224,0.27044929457684025,min_cost_max_flow,80,8,80,4,136,7
move,"['move', 8, 5, 1]",True,5028,1.7586872503500808,0.0,2.135273110593708,0.37658586024362734,0.7256019057458616,0.7234459200840937,min_cost_max_flow,103,8,103,5,27,1
move,"['move', 8, 9, 0]",True,5028,1.8630327336566441,0.0,2.135273110593708,0.272240376937064,0.46555246346542845,0.1806019294340523,min_cost_max_flow,172,8,172,9,10,0
move,"['move', 8, 8, 3]",True,5028,1.8052979230721775,0.0,2.135273110593708,0.3632515248548639,0.6920735511230305,0.851790020699124,min_cost_max_flow,148,8,148,8,57,3
move,"['move', 8, 4, 3]",True,5028,1.82199736900045,0.0,2.135273110593708,0.3132757415932581,0.5676604536929517,0.5008828714086739,min_cost_max_flow,81,8,81,4,55,3
add,"['add', 23, None, 3]",True,5038,2.0305849257034283,0.0,2.2349012974545484,0.20431637175111994,0.1865984093019506,0.37862829299537554,min_cost_max_flow,40,23,,,56,3
add,"['add', 23, None, 8]",True,5038,1.9427229269238153,0.0,2.2349012974545484,0.29217837053073303,0.40579864501341945,0.6818024513713028,min_cost_max_flow,99,23,,,150,8
add,"['add', 23, None, 1]",True,5038,1.8795506254308514,0.0,2.2349012974545484,0.355350672023697,0.5639098079118412,0.5615296740301339,min_cost_max_flow,124,23,,,36,1
move,"['move', 8, 1, 4]",True,5038,1.9232286958752502,0.0,2.211504986394707,0.28827629051945663,0.5053897572288406,0.3489287244802613,min_cost_max_flow,27,8,27,1,78,4
move,"['move', 15, 9, 5]",True,5048,1.7436529573641963,0.0,2.423455403675653,0.6798024463114566,1.2553852384517086,1.4159148528553722,min_cost_max_flow,163,15,163,9,106,5
move,"['move', 15, 1, 7]",True,5048,1.5123470963131114,0.0,2.423455403675653,0.9111083073625418,1.8307329459203174,3.3605449589246237,min_cost_max_flow,26,15,26,1,140,7
move,"['move', 15, 9, 7]",True,5048,1.6695164067226966,0.0,2.423455403675653,0.7539389969529563,1.438746679436008,2.735871932488549,min_cost_max_flow,168,15,168,9,141,7
move,"['move', 15, 2, 7]",True,5048,1.7225496343500797,0.0,2.423455403675653,0.7009057693255734,1.307594555488322,1.781908518641019,min_cost_max_flow,46,15,46,2,142,7
move,"['move', 20, 1, 9]",True,5058,2.4213389054659062,0.0,2.957587549970339,0.5362486445044328,1.0314826796311536,1.1166046503029827,min_cost_max_flow,28,20,28,1,163,9
move,"['move', 20, 6, 5]",True,5058,2.5070594147866734,0.0,2.957587549970339,0.4505281351836656,0.8170192725738161,1.2246938205825164,min_cost_max_flow,121,20,121,6,94,5
move,"['move', 20, 4, 5]",True,5058,2.7734336106666446,0.0,2.957587549970339,0.19475276592869392,0.17904529433872085,0.2483972190267303,min_cost_max_flow,77,20,77,4,96,5
move,"['move', 20, 2, 5]",True,5058,2.6951943930999387,0.0,2.957587549970339,0.26239315687040027,0.3480756718563498,0.29546377678457775,min_cost_max_flow,44,20,44,2,97,5
move,"['move', 8, 4, 5]",True,5068,1.6042086451208362,0.0,1.7552326553444717,0.15102401022363554,0.16253997664171038,0.16164862286540654,min_cost_max_flow,78,8,78,4,98,5
move,"['move', 8, 0, 1]",True,5068,1.46123534901739,0.0,1.7552326553444717,0.34750192199374863,0.6536848423857009,0.1949244103933372,min_cost_max_flow,10,8,10,0,27,1
move,"['move', 8, 3, 6]",True,5068,1.4037045053671497,0.0,1.7552326553444717,0.3515281499773219,0.6630992609352688,0.6290253499701998,min_cost_max_flow,55,8,55,3,116,6
move,"['move', 8, 3, 5]",True,5068,1.41078835286541,0.0,1.7552326553444717,0.3444443024790618,0.6455403842992382,0.5285306102238561,min_cost_max_flow,57,8,57,3,103,5
move,"['move', 5, 6, 5]",True,5078,1.2299515918686679,0.0,1.67494000136466,0.4449884094959922,0.7054505973428604,1.4087941715644154,min_cost_max_flow,117,5,117,6,104,5
move,"['move', 5, 7, 5]",True,5078,1.1433223140306652,0.0,1.67494000136466,0.5509524075006614,0.9707514445617562,1.1482260334157404,min_cost_max_flow,137,5,137,7,106,5
move,"['move', 5, 0, 3]",True,5078,1.1710839207328507,0.0,1.67494000136466,0.5038560806318094,0.8526367456142907,1.3974805503063545,min_cost_max_flow,5,5,5,0,57,3
move,"['move', 5, 6, 3]",True,5078,1.032285769999156,0.0,1.67494000136466,0.6426542313655039,1.1997574480701587,1.313930135884923,min_cost_max_flow,120,5,120,6,55,3
move,"['move', 8, 6, 3]",True,5088,1.6869635728195473,0.0,1.982480045251132,0.2955164724315845,0.5232331392398919,0.520310570659243,min_cost_max_flow,116,8,116,6,57,3
move,"['move', 8, 1, 0]",True,5088,1.6478982093984462,0.0,1.982480045251132,0.36306549301935237,0.6920251431001816,0.5740089767458886,min_cost_max_flow,27,8,27,1,18,0
move,"['move', 8, 2, 3]",True,5088,1.8452498024382176,0.0,1.982480045251132,0.1372302428129145,0.1280119381553959,0.19072859587327393,min_cost_max_flow,41,8,41,2,58,3
move,"['move', 8, 5, 3]",True,5088,1.784165793572039,0.0,1.982480045251132,0.19831425167909308,0.28067460087913787,0.22230155700962484,min_cost_max_flow,98,8,98,5,59,3
move,"['move', 15, 5, 2]",True,5098,1.031816784770267,0.0,1.7540648811563666,0.7222480963860995,1.3606210541111068,2.001454537661348,min_cost_max_flow,106,15,106,5,40,2
move,"['move', 15, 7, 1]",True,5098,1.0533945739672002,0.0,1.7540648811563666,0.7006703071891665,1.3077158566666185,1.3086041724316946,min_cost_max_flow,140,15,140,7,28,1
move,"['move', 15, 6, 1]",True,5098,1.248018691856008,0.0,1.7540648811563666,0.6275057359670252,1.1238778370607179,1.9263318727968568,min_cost_max_flow,110,15,110,6,23,1
move,"['move', 15, 7, 2]",True,5098,0.9350583874561099,0.0,1.7540648811563666,0.8190064937002567,1.6010486750747077,2.980369418856142,min_cost_max_flow,141,15,141,7,41,2
move,"['move', 8, 0, 4]",True,5108,1.8837440400184673,0.0,2.211719957635798,0.32797591761733086,0.604055457355571,0.7378404697837977,min_cost_max_flow,18,8,18,0,77,4
move,"['move', 8, 5, 6]",True,5108,1.8840759942251581,0.0,2.211719957635798,0.3276439634106401,0.6036210972015397,0.4741568946533942,min_cost_max_flow,103,8,103,5,110,6
move,"['move', 8, 2, 4]",True,5108,1.8918677400586503,0.0,2.211719957635798,0.31985221757714777,0.5843569917196874,0.33065082673429796,min_cost_max_flow,44,8,44,2,78,4
move,"['move', 8, 7, 1]",True,5108,1.9487738416934077,0.0,2.211719957635798,0.2629461159423904,0.4420995877808309,0.32541739470987996,min_cost_max_flow,130,8,130,7,24,1
move,"['move', 8, 3, 2]",True,5118,1.158221006255977,0.0,1.5308537925257966,0.37263278626981955,0.716237017113599,0.37824838524624427,min_cost_max_flow,57,8,57,3,44,2
move,"['move', 8, 7, 2]",True,5118,1.1292217066725967,0.0,1.5308537925257966,0.40163208585319976,0.7879892421915429,0.8755976389172417,min_cost_max_flow,133,8,133,7,37,2
move,"['move', 8, 1, 5]",True,5118,1.1934008763745565,0.0,1.5308537925257966,0.33745291615124,0.6281324601441156,0.4815028339359525,min_cost_max_flow,24,8,24,1,98,5
move,"['move', 8, 4, 2]",True,5118,1.2913437866600508,0.0,1.5308537925257966,0.23951000586574572,0.3837873071897775,0.1400876610042806,min_cost_max_flow,77,8,77,4,42,2
move,"['move', 22, 8, 9]",True,5128,1.5112549505896986,0.0,1.6813193249587037,0.18998512074400506,0.3148874035687186,0.1981760818385081,min_cost_max_flow,155,22,155,8,168,9
move,"['move', 22, 4, 5]",True,5128,1.5832872359545753,0.0,1.6813193249587037,0.09803208900412842,0.0852183143797447,0.055849308026659356,min_cost_max_flow,86,22,86,4,103,5
move,"['move', 22, 7, 5]",True,5128,1.365875750517986,0.0,1.6813193249587037,0.3174468850657177,0.633203339028114,0.42382631176253865,min_cost_max_flow,135,22,135,7,106,5
move,"['move', 22, 7, 0]",True,5128,1.3973246725697277,0.0,1.6813193249587037,0.2839946523889761,0.5494973663371638,0.4740869778267057,min_cost_max_flow,134,22,134,7,18,0
move,"['move', 20, 9, 6]",True,5138,1.1567388718093516,0.0,1.5325949970786255,0.4597957721442738,0.8402612030913588,1.1761350765678416,min_cost_max_flow,163,20,163,9,116,6
move,"['move', 20, 2, 6]",True,5138,1.0880104454091597,0.0,1.5325949970786255,0.4445845516694658,0.8020261916099116,1.314108606185958,min_cost_max_flow,48,20,48,2,117,6
move,"['move', 20, 4, 6]",True,5138,1.023907461663362,0.0,1.5325949970786255,0.5952235454152635,1.1795096479036147,0.7234606533799248,min_cost_max_flow,90,20,90,4,120,6
move,"['move', 20, 5, 6]",True,5138,1.014282195421873,0.0,1.5325949970786255,0.5183128016567524,0.9859927075740416,1.5501812755770998,min_cost_max_flow,94,20,94,5,121,6
move,"['move', 20, 5, 7]",True,5148,1.2765684731273137,0.0,1.6753453726649745,0.39877689953766077,0.6883838928624755,0.729554218134911,min_cost_max_flow,96,20,96,5,130,7
move,"['move', 20, 5, 4]",True,5148,1.2893435693242572,0.0,1.6753453726649745,0.38600180334071743,0.6562638135656016,0.8511134211452709,min_cost_max_flow,97,20,97,5,86,4
move,"['move', 20, 0, 4]",True,5148,1.1968553618229971,0.0,1.6753453726649745,0.4784900108419773,0.8873820685839746,0.9192892443297879,min_cost_max_flow,8,20,8,0,77,4
move,"['move', 20, 3, 4]",True,5148,1.4525082386448558,0.0,1.6753453726649745,0.22283713402011865,0.24925423914100975,0.24971416987533313,min_cost_max_flow,62,20,62,3,80,4
move,"['move', 15, 7, 5]",True,5158,1.13977129685589,0.0,1.600360407287786,0.5723084266818961,0.9865986844306462,1.4502514842961145,min_cost_max_flow,142,15,142,7,94,5
move,"['move', 15, 1, 5]",True,5158,0.8914977838693297,0.0,1.600360407287786,0.7870582215434563,1.5228006801917218,1.8985790795126505,min_cost_max_flow,28,15,28,1,96,5
move,"['move', 15, 9, 5]",True,5158,1.070252831110919,0.0,1.600360407287786,0.6342603923435337,1.1398674543743255,2.5243476245725796,min_cost_max_flow,171,15,171,9,97,5
move,"['move', 15, 9, 3]",True,5158,0.7761009251259893,0.0,1.600360407287786,0.8242594821617967,1.6161305458954303,1.6807696409409234,min_cost_max_flow,172,15,172,9,57,3
move,"['move', 20, 7, 9]",True,5168,1.2908895709183512,0.0,1.7585265904177245,0.46763701949937336,0.8598974185442785,1.154070366453898,min_cost_max_flow,130,20,130,7,172,9
move,"['move', 20, 6, 0]",True,5168,1.2886092608302862,0.0,1.7585265904177245,0.47749533575410497,0.8845597748513683,1.1430265862800977,min_cost_max_flow,117,20,117,6,3,0
move,"['move', 20, 6, 1]",True,5168,1.1412783558649742,0.0,1.7585265904177245,0.6172482345527505,1.2335145195247605,1.4280281350945012,min_cost_max_flow,116,20,116,6,27,1
move,"['move', 20, 4, 0]",True,5168,1.4164928244313058,0.0,1.7585265904177245,0.3420337659864188,0.5464368580942391,0.7890214782226559,min_cost_max_flow,77,20,77,4,4,0
move,"['move', 8, 4, 9]",True,5178,2.053278288768178,0.0,2.434363726217069,0.3810854374488911,0.7369954738096567,0.6270292196603758,min_cost_max_flow,78,8,78,4,170,9
move,"['move', 8, 6, 9]",True,5178,2.106009089528454,0.0,2.434363726217069,0.32835463668861503,0.6052023532974999,0.6044416273047039,min_cost_max_flow,110,8,110,6,172,9
move,"['move', 8, 5, 9]",True,5178,2.1362089096639574,0.0,2.434363726217069,0.2981548165531116,0.5298644532522303,0.49667476497876273,min_cost_max_flow,98,8,98,5,175,9
move,"['move', 8, 3, 0]",True,5178,2.1517753921870977,0.0,2.434363726217069,0.28258833402997136,0.49112833195977146,0.3766180880509753,min_cost_max_flow,58,8,58,3,5,0
move,"['move', 22, 8, 4]",True,5188,1.4635472268214351,0.0,1.6733741429101163,0.2098269160886813,0.3643947857999592,0.2629135021384837,min_cost_max_flow,147,22,147,8,77,4
move,"['move', 22, 8, 7]",True,5188,1.4861324580555144,0.0,1.6733741429101163,0.187241684854602,0.3081423457406345,0.12248815155608464,min_cost_max_flow,157,22,157,8,137,7
move,"['move', 22, 9, 7]",True,5188,1.4342176504656339,0.0,1.6733741429101163,0.23915649244448248,0.4373825129587203,0.4870559892997095,min_cost_max_flow,168,22,168,9,130,7
move,"['move', 22, 6, 4]",True,5188,1.5770672660135705,0.0,1.6733741429101163,0.17797756002154588,0.2848208762079594,0.22992645157933767,min_cost_max_flow,109,22,109,6,78,4
move,"['move', 5, 9, 8]",True,5198,1.376514898736368,0.0,1.8329783912593416,0.4564634925229735,0.7354555050987983,0.5306607125746389,min_cost_max_flow,166,5,166,9,147,8
move,"['move', 5, 5, 7]",True,5198,1.1947239659834192,0.0,1.8329783912593416,0.6382544252759224,1.1884376587695442,1.5274461869919875,min_cost_max_flow,104,5,104,5,133,7
move,"['move', 5, 6, 7]",True,5198,1.2822555660595736,0.0,1.8329783912593416,0.5507228251997679,0.9698552206464228,1.3630714754822904,min_cost_max_flow,122,5,122,6,134,7
move,"['move', 5, 3, 8]",True,5198,1.316939196200274,0.0,1.8329783912593416,0.5160391950590675,0.883404211846937,1.1910271073054723,min_cost_max_flow,55,5,55,3,148,8
move,"['move', 22, 0, 9]",True,5208,1.4615852115865207,0.0,1.6827132986753637,0.22112808708884304,0.39262801440781914,0.27604609716811207,min_cost_max_flow,18,22,18,0,166,9
move,"['move', 22, 4, 8]",True,5208,1.3861148906132668,0.0,1.6827132986753637,0.296598408062097,0.580917986415443,0.5332663808419829,min_cost_max_flow,77,22,77,4,155,8
move,"['move', 22, 5, 9]",True,5208,1.3343983140827698,0.0,1.6827132986753637,0.34831498459259397,0.7100783768473775,0.620633643713957,min_cost_max_flow,103,22,103,5,168,9
move,"['move', 22, 3, 8]",True,5208,1.3789791870983026,0.0,1.6827132986753637,0.30373411157706115,0.5987524106021738,0.536489447961805,min_cost_max_flow,71,22,71,3,157,8
move,"['move', 8, 0, 5]",True,5218,1.7761942608831,0.0,2.0561140819887154,0.2799198211056153,0.483752749467385,0.8461515423818319,min_cost_max_flow,5,8,5,0,98,5
move,"['move', 8, 2, 5]",True,5218,1.654360781220549,0.0,2.0561140819887154,0.4384552982681664,0.8802807301544817,0.7199596885690951,min_cost_max_flow,42,8,42,2,103,5
move,"['move', 8, 2, 1]",True,5218,1.8500040371776239,0.0,2.0561140819887154,0.20611004481109152,0.3000884604480234,0.27271706441667154,min_cost_max_flow,37,8,37,2,24,1
move,"['move', 8, 3, 4]",True,5218,1.905721442873448,0.0,2.0561140819887154,0.15039263911526754,0.16100606102554593,0.1319738530283729,min_cost_max_flow,59,8,59,3,77,4
move,"['move', 20, 1, 3]",True,5228,1.6798109610072747,0.0,2.2742314547145757,0.594420493707301,1.1769065099142608,1.120466466345073,min_cost_max_flow,27,20,27,1,71,3
move,"['move', 20, 4, 3]",True,5228,1.8917969866983295,0.0,2.2742314547145757,0.3824344680162461,0.6475022961312789,0.7465661699082383,min_cost_max_flow,80,20,80,4,55,3
move,"['move', 20, 9, 3]",True,5228,1.7174136821976975,0.0,2.2742314547145757,0.5568177725168783,1.0822322087187786,1.565465279295439,min_cost_max_flow,172,20,172,9,58,3
move,"['move', 20, 8, 3]",True,5228,1.7427076738446816,0.0,2.2742314547145757,0.5315237808698942,1.018859965253796,1.6569748443102053,min_cost_max_flow,150,20,150,8,60,3
move,"['move', 20, 4, 7]",True,5238,1.6710369126330984,0.0,2.1310039130475205,0.4599670004144222,0.8412473897187738,0.8040577752050897,min_cost_max_flow,86,20,86,4,135,7
move,"['move', 20, 0, 5]",True,5238,1.454588546921266,0.0,2.1310039130475205,0.6764153661262544,1.380956733628409,1.7451046885022172,min_cost_max_flow,3,20,3,0,104,5
move,"['move', 20, 3, 5]",True,5238,1.8899377713016343,0.0,2.1310039130475205,0.24106614174588614,0.29484337054600473,0.23863944282450827,min_cost_max_flow,55,20,55,3,91,5
move,"['move', 20, 0, 7]",True,5238,1.5286819804304876,0.0,2.1310039130475205,0.6023219326170329,1.196653648163192,1.1247724832776496,min_cost_max_flow,4,20,4,0,137,7
move,"['move', 8, 1, 6]",True,5248,1.3403102600800332,0.0,1.6795602705150086,0.3392500104349753,0.6325928041915176,0.5030972752267033,min_cost_max_flow,24,8,24,1,110,6
move,"['move', 8, 4, 6]",True,5248,1.4411426225446196,0.0,1.6795602705150086,0.23841764797038903,0.3805560482578585,0.4736637900225027,min_cost_max_flow,77,8,77,4,116,6
move,"['move', 8, 9, 6]",True,5248,1.4680001353378394,0.0,1.6795602705150086,0.21376351505216928,0.3191879299483844,0.29552113263897223,min_cost_max_flow,175,8,175,9,117,6
move,"['move', 8, 7, 0]",True,5248,1.1533463657235337,0.0,1.6795602705150086,0.5262139047914749,1.099660048064834,0.7314252871818046,min_cost_max_flow,135,8,135,7,2,0
move,"['move', 8, 0, 3]",True,5258,1.8591370179251339,0.0,2.135881480635357,0.27674446271022335,0.4768072320584906,0.18423248932486858,min_cost_max_flow,2,8,2,0,55,3
move,"['move', 8, 6, 1]",True,5258,1.7400729705554019,0.0,2.135881480635357,0.3958085100799552,0.7737308375508292,0.6752411106521736,min_cost_max_flow,110,8,110,6,27,1
move,"['move', 8, 9, 3]",True,5258,1.7971324867079999,0.0,2.135881480635357,0.33874899392735736,0.6309135067422176,0.7876013953967564,min_cost_max_flow,170,8,170,9,62,3
move,"['move', 8, 7, 3]",True,5258,1.8426174703597316,0.0,2.135881480635357,0.2932640102756257,0.517844850102847,0.3583997354245235,min_cost_max_flow,136,8,136,7,63,3
move,"['move', 8, 6, 7]",True,5268,1.9665330666022363,0.0,2.1308436529505586,0.16431058634832224,0.1957631610930548,0.15715252978026714,min_cost_max_flow,116,8,116,6,135,7
move,"['move', 8, 3, 7]",True,5268,1.6613541802187966,0.0,2.1308436529505586,0.469489472731762,0.9575352655301685,0.9405602107705474,min_cost_max_flow,55,8,55,3,136,7
move,"['move', 8, 9, 7]",True,5268,1.884249451451421,0.0,2.1308436529505586,0.24659420149913763,0.4012437810742995,0.30943112697618214,min_cost_max_flow,172,8,172,9,140,7
move,"['move', 8, 1, 7]",True,5268,1.6755615887592286,0.0,2.1308436529505586,0.45528206419133,0.9219987609685631,0.9525490177874768,min_cost_max_flow,27,8,27,1,141,7
move,"['move', 22, 8, 3]",True,5278,2.1572201987416744,0.0,2.5036003945566514,0.346380195814977,0.7053572776349029,0.5433851560020988,min_cost_max_flow,155,22,155,8,55,3
move,"['move', 22, 8, 6]",True,5278,2.2245735701167364,0.0,2.5036003945566514,0.2790268244399149,0.5371880045204307,0.4006149405467684,min_cost_max_flow,157,22,157,8,110,6
move,"['move', 22, 5, 3]",True,5278,2.2376187930304368,0.0,2.5036003945566514,0.2659816015262147,0.5045796201302437,0.39749967783773055,min_cost_max_flow,106,22,106,5,64,3
move,"['move', 22, 1, 0]",True,5278,2.2498783552989012,0.0,2.5036003945566514,0.25372203925775005,0.47424776059779106,0.18613558536508323,min_cost_max_flow,23,22,23,1,2,0
move,"['move', 8, 6, 4]",True,5288,1.7003025683215816,0.0,1.9061067572618522,0.2058041889402707,0.2992995860404335,0.28887355144189275,min_cost_max_flow,117,8,117,6,86,4
move,"['move', 8, 7, 4]",True,5288,1.4823291594894257,0.0,1.9061067572618522,0.4237775977724265,0.8438451491529122,0.5475128633822982,min_cost_max_flow,135,8,135,7,90,4
move,"['move', 8, 5, 4]",True,5288,1.7121395915965862,0.0,1.9061067572618522,0.19396716566526587,0.26967385211901274,0.3109907073810458,min_cost_max_flow,98,8,98,5,77,4
move,"['move', 8, 3, 0]",True,5288,1.5104423142854497,0.0,1.9061067572618522,0.39566444297640246,0.7738557358316029,0.3518637508817157,min_cost_max_flow,62,8,62,3,10,0
move,"['move', 15, 5, 7]",True,5298,1.482808408506489,0.0,2.196853370393555,0.7140449618870658,1.3399907672719564,2.0830882653719422,min_cost_max_flow,94,15,94,5,135,7
move,"['move', 15, 3, 9]",True,5298,1.380332355697666,0.0,2.196853370393555,0.8165210146958888,1.595802217379969,2.3355428747353293,min_cost_max_flow,57,15,57,3,172,9
move,"['move', 15, 6, 7]",True,5298,1.5177491245759576,0.0,2.196853370393555,0.6791042458175973,1.2526177549007116,2.0972363970877446,min_cost_max_flow,115,15,115,6,142,7
move,"['move', 15, 5, 4]",True,5298,1.8631384983240897,0.0,2.196853370393555,0.33371487206946504,0.3915151103065,0.5167098796751416,min_cost_max_flow,96,15,96,5,80,4
move,"['move', 20, 5, 2]",True,5308,1.709728785215085,0.0,2.129388501801718,0.4196597165866328,0.7399427433920209,1.1616822800581053,min_cost_max_flow,91,20,91,5,37,2
move,"['move', 20, 7, 1]",True,5308,1.7341590112228635,0.0,2.129388501801718,0.3952294905788545,0.6800611591970664,0.3656950637304594,min_cost_max_flow,135,20,135,7,27,1
move,"['move', 20, 5, 1]",True,5308,1.5599152253087079,0.0,2.129388501801718,0.56947327649301,1.1137108815892134,1.6721899925585009,min_cost_max_flow,104,20,104,5,28,1
move,"['move', 20, 6, 2]",True,5308,1.6807318019940958,0.0,2.129388501801718,0.4486566998076222,0.8129221881536068,0.8370244739830316,min_cost_max_flow,120,20,120,6,44,2
move,"['move', 8, 5, 8]",True,5318,1.6342356473271538,0.0,1.901919387899287,0.2676837405721333,0.45366869375720853,0.5087211266962309,min_cost_max_flow,103,8,103,5,155,8
move,"['move', 8, 4, 8]",True,5318,1.6470405186860213,0.0,1.901919387899287,0.3300897702132657,0.6095722928585019,0.5830377943878884,min_cost_max_flow,86,8,86,4,157,8
move,"['move', 8, 7, 8]",True,5318,1.5597190006651476,0.0,1.901919387899287,0.3422003872341395,0.6395873853762168,0.7573378173675421,min_cost_max_flow,136,8,136,7,158,8
move,"['move', 8, 2, 8]",True,5318,1.4904717015265512,0.0,1.901919387899287,0.41144768637273593,0.8129669169939007,0.5831486365723728,min_cost_max_flow,44,8,44,2,159,8
move,"['move', 15, 4, 6]",True,5328,2.2979137132301135,0.0,2.577932945948021,0.2800192327179073,0.25737295088765677,0.4520839063077242,min_cost_max_flow,80,15,80,4,115,6
move,"['move', 15, 9, 6]",True,5328,2.0133626763856696,0.0,2.577932945948021,0.5645702695623515,0.9676982634337037,1.1536036163500905,min_cost_max_flow,172,15,172,9,116,6
move,"['move', 15, 7, 6]",True,5328,2.1320763061612467,0.0,2.577932945948021,0.44585663978677426,0.6716858088038862,0.6391904102664139,min_cost_max_flow,135,15,135,7,117,6
move,"['move', 15, 2, 8]",True,5328,1.9811026267961442,0.0,2.577932945948021,0.5968303191518768,1.0480687496019527,1.3400288200595443,min_cost_max_flow,40,15,40,2,160,8
move,"['move', 22, 6, 5]",True,5338,1.5506981163639644,0.0,1.6021197369709856,0.10430661085702116,0.10080043820926221,0.12530317650287645,min_cost_max_flow,110,22,110,6,94,5
move,"['move', 22, 3, 5]",True,5338,1.3789433158258413,0.0,1.6021197369709856,0.22317642114514427,0.39764780976838665,0.3434059506251483,min_cost_max_flow,55,22,55,3,96,5
move,"['move', 22, 9, 1]",True,5338,1.4228352857017665,0.0,1.6021197369709856,0.2285825931442191,0.411192030805978,0.32421192402232485,min_cost_max_flow,166,22,166,9,23,1
move,"['move', 22, 7, 1]",True,5338,1.308996057900814,0.0,1.6021197369709856,0.2936589985701717,0.5737827482589637,0.3910759986193899,min_cost_max_flow,137,22,137,7,26,1
move,"['move', 20, 2, 4]",True,5348,2.1341375675009053,0.0,2.50053817356781,0.47752433090023816,0.8845994974617497,1.164870089581139,min_cost_max_flow,37,20,37,2,80,4
move,"['move', 20, 2, 0]",True,5348,1.8829559877937516,0.0,2.50053817356781,0.6175821857740585,1.2343439550386393,1.4316564946888182,min_cost_max_flow,44,20,44,2,18,0
move,"['move', 20, 7, 5]",True,5348,2.068924466821769,0.0,2.50053817356781,0.44395769199604124,0.8011619327662629,0.8455150462440929,min_cost_max_flow,137,20,137,7,98,5
move,"['move', 20, 1, 4]",True,5348,2.026517027981008,0.0,2.50053817356781,0.474021145586802,0.876518419405329,0.7136132714678838,min_cost_max_flow,27,20,27,1,81,4
move,"['move', 22, 4, 1]",True,5358,2.518660977892743,0.0,2.72806535185667,0.2094043739639269,0.36343494243192254,0.19857220623886668,min_cost_max_flow,78,22,78,4,27,1
move,"['move', 22, 5, 1]",True,5358,2.4041364299866057,0.0,2.72806535185667,0.32392892187006406,0.6494082892022561,0.4239208695783979,min_cost_max_flow,94,22,94,5,28,1
move,"['move', 22, 9, 6]",True,5358,2.4542590833325737,0.0,2.72806535185667,0.27380626852409623,0.5238824955158634,0.5700277505605092,min_cost_max_flow,168,22,168,9,122,6
move,"['move', 22, 3, 1]",True,5358,2.5242938861680417,0.0,2.72806535185667,0.20377146568862817,0.34910743736691074,0.3620617907488836,min_cost_max_flow,64,22,64,3,29,1
move,"['move', 5, 3, 4]",True,5368,1.7229451970619365,0.0,2.1278677162505026,0.4049225191885661,0.6061679546619416,0.8207387798000845,min_cost_max_flow,57,5,57,3,78,4
move,"['move', 5, 2, 4]",True,5368,1.6585015062990451,0.0,2.1278677162505026,0.46936620995145745,0.7674846362424432,0.6824356642846161,min_cost_max_flow,45,5,45,2,82,4
move,"['move', 5, 9, 4]",True,5368,1.4802999418030702,0.0,2.1278677162505026,0.6475677744474325,1.211526659921219,1.6570273717256465,min_cost_max_flow,177,5,177,9,83,4
move,"['move', 5, 5, 6]",True,5368,1.6391129727223042,0.0,2.1278677162505026,0.48875474352819853,0.8154349171381909,1.0298043616879706,min_cost_max_flow,106,5,106,5,109,6
move,"['move', 20, 5, 9]",True,5378,2.3582603717969004,0.0,2.885070269938753,0.5268098981418523,1.0072229232318932,1.5585316455091203,min_cost_max_flow,98,20,98,5,177,9
move,"['move', 20, 1, 7]",True,5378,2.2037917357280468,0.0,2.885070269938753,0.6812785342107062,1.3938511552114505,1.2541037738941627,min_cost_max_flow,28,20,28,1,135,7
move,"['move', 20, 8, 2]",True,5378,2.1122365444037174,0.0,2.885070269938753,0.7728337255350356,1.6220833202751237,1.691312605327508,min_cost_max_flow,153,20,153,8,44,2
move,"['move', 20, 0, 2]",True,5378,2.5681495095577267,0.0,2.885070269938753,0.31692076038102635,0.4836218067648588,0.810713022155394,min_cost_max_flow,18,20,18,0,40,2
move,"['move', 8, 8, 9]",True,5388,2.1383249656152525,0.0,2.5114422599190327,0.3731172943037801,0.7170317086129216,0.6559674422986549,min_cost_max_flow,155,8,155,8,163,9
move,"['move', 8, 0, 9]",True,5388,2.152752520812411,0.0,2.5114422599190327,0.4343804443566216,0.8706267059897073,0.36455261251079074,min_cost_max_flow,10,8,10,0,166,9
move,"['move', 8, 8, 6]",True,5388,2.3201849174238145,0.0,2.5114422599190327,0.19125734249521842,0.26291541902173776,0.3002408221519422,min_cost_max_flow,157,8,157,8,120,6
move,"['move', 8, 4, 9]",True,5388,2.1924562379857067,0.0,2.5114422599190327,0.31898602193332604,0.5820382905803854,0.43279217989949276,min_cost_max_flow,77,8,77,4,168,9
move,"['move', 20, 2, 0]",True,5398,2.7699072055178102,0.0,3.103060341387655,0.333153135869845,0.5240237467442057,0.9300455172885338,min_cost_max_flow,40,20,40,2,18,0
move,"['move', 20, 9, 1]",True,5398,2.487881157777128,0.0,3.103060341387655,0.615179183610527,1.2287559692631476,1.1519767391306308,min_cost_max_flow,177,20,177,9,24,1
move,"['move', 20, 4, 5]",True,5398,2.654268350759072,0.0,3.103060341387655,0.4487919906285832,0.8128811071655946,1.0898965009263306,min_cost_max_flow,80,20,80,4,106,5
move,"['move', 20, 2, 1]",True,5398,2.6991443574845784,0.0,3.103060341387655,0.40391598390307704,0.7019135125374305,0.27494837719203,min_cost_max_flow,44,20,44,2,28,1
move,"['move', 15, 8, 4]",True,5408,1.4560857448385929,0.0,2.049100661418543,0.5930149165799503,1.0391996714897687,0.8937432749715106,min_cost_max_flow,160,15,160,8,86,4
move,"['move', 15, 0, 9]",True,5408,1.5087495095066603,0.0,2.049100661418543,0.5403511519118829,0.9072377237753244,1.0954339711553553,min_cost_max_flow,12,15,12,0,177,9
move,"['move', 15, 7, 3]",True,5408,1.2867170973402893,0.0,2.049100661418543,0.7623835640782539,1.460358806696604,2.4020656342538107,min_cost_max_flow,142,15,142,7,57,3
move,"['move', 15, 6, 9]",True,5408,1.32607122946386,0.0,2.049100661418543,0.7230294319546833,1.3638640920253238,1.1416552091562835,min_cost_max_flow,115,15,115,6,170,9
move,"['move', 20, 5, 8]",True,5418,1.1300334913630952,0.0,1.681858121232625,0.5518246298695296,1.0703885101611377,1.1393599054749943,min_cost_max_flow,106,20,106,5,150,8
move,"['move', 20, 4, 8]",True,5418,1.295575296429705,0.0,1.681858121232625,0.38628282480292,0.6567186320098699,1.0162702286373728,min_cost_max_flow,81,20,81,4,153,8
move,"['move', 20, 6, 8]",True,5418,1.4826582637090555,0.0,1.681858121232625,0.19919985752356933,0.19007153704296798,0.30938807432099336,min_cost_max_flow,121,20,121,6,157,8
move,"['move', 20, 7, 8]",True,5418,1.0432334252964894,0.0,1.681858121232625,0.6386246959361356,1.2874834210815607,1.0761960695362436,min_cost_max_flow,135,20,135,7,160,8
move,"['move', 22, 7, 4]",True,5428,2.19651235362071,0.0,2.356009815696125,0.1594974620754154,0.23867768448690185,0.19189102206687791,min_cost_max_flow,130,22,130,7,77,4
move,"['move', 22, 6, 9]",True,5428,2.165486079912446,0.0,2.356009815696125,0.19052373578367923,0.3161135695190751,0.2784238477244353,min_cost_max_flow,122,22,122,6,172,9
move,"['move', 22, 1, 3]",True,5428,2.156014218192319,0.0,2.356009815696125,0.2671031373788058,0.5075114479404874,0.3121742253271784,min_cost_max_flow,27,22,27,1,57,3
move,"['move', 22, 5, 4]",True,5428,2.250370748991978,0.0,2.356009815696125,0.10563906670414706,0.10421083579421975,0.07246453174104953,min_cost_max_flow,96,22,96,5,80,4
move,"['move', 8, 6, 5]",True,5438,2.6621909869532585,0.0,2.8738473905528643,0.21165640359960602,0.3139790138156968,0.2562794668252527,min_cost_max_flow,120,8,120,6,106,5
move,"['move', 8, 8, 0]",True,5438,2.437175824267247,0.0,2.8738473905528643,0.4366715662856173,0.8754442652862053,0.9713829631715623,min_cost_max_flow,158,8,158,8,3,0
move,"['move', 8, 3, 2]",True,5438,2.7256466089213363,0.0,2.8738473905528643,0.14820078163152792,0.15549307453329675,0.15420237496175535,min_cost_max_flow,63,8,63,3,44,2
move,"['move', 8, 4, 0]",True,5438,2.6021340455826496,0.0,2.8738473905528643,0.3526396330952148,0.6660761993480264,0.4968716046199753,min_cost_max_flow,90,8,90,4,4,0
move,"['move', 5, 4, 3]",True,5448,1.5201580608094594,0.0,1.975558204588399,0.5544024027789396,0.9793966278230073,1.1347626563787672,min_cost_max_flow,83,5,83,4,55,3
move,"['move', 5, 8, 5]",True,5448,1.676305075652739,0.0,1.975558204588399,0.2992531289356601,0.3425709250586806,0.4364414271307682,min_cost_max_flow,147,5,147,8,94,5
move,"['move', 5, 1, 3]",True,5448,1.5100183213151583,0.0,1.975558204588399,0.46553988327324075,0.7578110650210874,0.7542720148272539,min_cost_max_flow,26,5,26,1,59,3
move,"['move', 5, 7, 3]",True,5448,1.4731736946166478,0.0,1.975558204588399,0.5023845099717513,0.8491409162234049,1.2754157108000372,min_cost_max_flow,133,5,133,7,62,3
move,"['move', 5, 8, 9]",True,5464,1.6959084679300935,0.0,2.2041351677360033,0.5082266998059096,0.8638571706105722,1.2015625096189435,min_cost_max_flow,148,5,148,8,172,9
move,"['move', 5, 6, 9]",True,5464,1.5828020766952748,0.0,2.2041351677360033,0.7112026234157286,1.3707889386132592,1.5402565241923751,min_cost_max_flow,109,5,109,6,175,9
move,"['move', 5, 5, 1]",True,5464,1.5778636273296256,0.0,2.2041351677360033,0.6262715404063777,1.1592250840985798,1.0310211850604316,min_cost_max_flow,94,5,94,5,27,1
move,"['move', 5, 0, 9]",True,5464,1.5611908374513441,0.0,2.2041351677360033,0.6429443302846592,1.2005414624436526,1.27475208548132,min_cost_max_flow,6,5,6,0,176,9
move,"['move', 8, 0, 6]",True,5474,1.7798765465689053,0.0,1.9849999210733782,0.205123374504473,0.29755173668672796,0.3194157275827763,min_cost_max_flow,3,8,3,0,110,6
move,"['move', 8, 8, 4]",True,5474,1.6279086595627899,0.0,1.9849999210733782,0.3570912615105884,0.6771892956967349,0.5075213977702843,min_cost_max_flow,159,8,159,8,81,4
move,"['move', 8, 2, 6]",True,5474,1.7045689832883313,0.0,1.9849999210733782,0.28043093778504696,0.4855381287561613,0.5077598155837666,min_cost_max_flow,44,8,44,2,115,6
move,"['move', 8, 0, 4]",True,5474,1.5977832253642306,0.0,1.9849999210733782,0.3872166957091475,0.7520518712772173,0.8081946750473226,min_cost_max_flow,4,8,4,0,84,4
move,"['move', 15, 3, 0]",True,5484,1.3921186802616932,0.0,1.7525805353837627,0.36046185512206963,0.458347375933954,0.5401712157134797,min_cost_max_flow,57,15,57,3,3,0
move,"['move', 15, 4, 0]",True,5484,0.9993392377939563,0.0,1.7525805353837627,0.7532412975898064,1.4382635814981768,1.8951049524596761,min_cost_max_flow,86,15,86,4,4,0
move,"['move', 15, 9, 0]",True,5484,1.3476824769511686,0.0,1.7525805353837627,0.4048980584325942,0.5693079434277024,0.6267984040888603,min_cost_max_flow,170,15,170,9,5,0
move,"['move', 15, 2, 0]",True,5484,1.254393973971716,0.0,1.7525805353837627,0.49818656141204676,0.8017635247524595,1.1372491533383267,min_cost_max_flow,41,15,41,2,6,0
move,"['move', 20, 1, 2]",True,5494,2.1992548903160167,0.0,2.5801019675062444,0.453897247815228,0.8264478716882877,0.5541487968721497,min_cost_max_flow,28,20,28,1,44,2
move,"['move', 20, 1, 5]",True,5494,2.182882492544358,0.0,2.5801019675062444,0.3972194749618866,0.6845485646190355,0.6907320874713294,min_cost_max_flow,24,20,24,1,94,5
move,"['move', 20, 0, 2]",True,5494,2.341868493385258,0.0,2.5801019675062444,0.23823347412098678,0.2871275856741704,0.6613833158817881,min_cost_max_flow,18,20,18,0,37,2
move,"['move', 20, 3, 2]",True,5494,2.3297618752761418,0.0,2.5801019675062444,0.2503400922301026,0.3179745997331338,0.2744041250991673,min_cost_max_flow,58,20,58,3,40,2
move,"['move', 20, 2, 4]",True,5504,2.3618548073621217,0.0,2.7319350426674496,0.3700802353053279,0.6165219637769042,0.8097332212943931,min_cost_max_flow,37,20,37,2,86,4
move,"['move', 20, 2, 0]",True,5504,2.426237971817108,0.0,2.7319350426674496,0.30569707085034137,0.4554125669237692,0.9107236984068945,min_cost_max_flow,40,20,40,2,18,0
move,"['move', 20, 2, 7]",True,5504,2.146658464563244,0.0,2.7319350426674496,0.5852765781042059,1.1531482071441133,1.719475641284893,min_cost_max_flow,44,20,44,2,135,7
move,"['move', 20, 8, 4]",True,5504,2.2131136354404024,0.0,2.7319350426674496,0.5188214072270474,0.9875257693129242,1.3758160668135866,min_cost_max_flow,150,20,150,8,85,4
move,"['move', 28, 5, 7]",True,5514,1.3975169195334611,0.0,1.9871296109486285,0.7056384180401674,1.317538686635089,1.1817176507986997,min_cost_max_flow,107,28,107,5,137,7
move,"['move', 28, 6, 0]",True,5514,1.516513218417719,0.0,1.9871296109486285,0.5361663364059094,0.8940092069533421,1.0812347148668975,min_cost_max_flow,109,28,109,6,7,0
move,"['move', 28, 6, 7]",True,5514,1.300192166857777,0.0,1.9871296109486285,0.6869374440908516,1.2695947243337287,1.9760692695125228,min_cost_max_flow,123,28,123,6,130,7
move,"['move', 28, 8, 2]",True,5514,1.3141976413153942,0.0,1.9871296109486285,0.6729319696332342,1.235035449913994,1.6731281199735961,min_cost_max_flow,146,28,146,8,44,2
move,"['move', 8, 6, 2]",True,5524,2.5487748302566176,0.0,2.8104062968714785,0.3074714619481946,0.5531750890586409,0.48399321917666616,min_cost_max_flow,115,8,115,6,37,2
move,"['move', 8, 4, 1]",True,5524,2.4967536215380592,0.0,2.8104062968714785,0.3136526753334194,0.5684342036256567,0.6132724832074715,min_cost_max_flow,81,8,81,4,24,1
move,"['move', 8, 9, 2]",True,5524,2.575462998564303,0.0,2.8104062968714785,0.24948726030717505,0.40815859456779435,0.5213201447086223,min_cost_max_flow,163,8,163,9,40,2
move,"['move', 8, 9, 1]",True,5524,2.4865941203264343,0.0,2.8104062968714785,0.3238121765450442,0.5941745952877682,0.38551339450785127,min_cost_max_flow,166,8,166,9,26,1
move,"['move', 8, 6, 8]",True,5534,1.8860041688227593,0.0,2.1329975569869686,0.2469933881642093,0.40207627550989855,0.4197459450295172,min_cost_max_flow,110,8,110,6,146,8
move,"['move', 8, 9, 8]",True,5534,1.8832350886465967,0.0,2.1329975569869686,0.24976246834037197,0.4091357358774985,0.3285726602340028,min_cost_max_flow,168,8,168,9,147,8
move,"['move', 8, 1, 8]",True,5534,1.749510986506537,0.0,2.1329975569869686,0.38748395710543165,0.7530383319754037,0.5959898700632223,min_cost_max_flow,26,8,26,1,148,8
move,"['move', 8, 1, 3]",True,5534,1.9386765107253177,0.0,2.1329975569869686,0.19432104626165098,0.2707438672223361,0.18744829914064134,min_cost_max_flow,24,8,24,1,57,3
move,"['move', 8, 8, 1]",True,5544,2.008419793128728,0.0,2.3528277402502615,0.34440794712153355,0.6452401491478668,0.6680951152576688,min_cost_max_flow,146,8,146,8,24,1
move,"['move', 8, 8, 0]",True,5544,1.9667588588826124,0.0,2.3528277402502615,0.3860688813676492,0.7495432331415941,0.5675961962989322,min_cost_max_flow,147,8,147,8,9,0
move,"['move', 8, 7, 6]",True,5544,2.073531142145384,0.0,2.3528277402502615,0.27929659810487745,0.4828678585981834,0.3973737872864955,min_cost_max_flow,140,8,140,7,110,6
move,"['move', 8, 8, 6]",True,5544,2.123764123782231,0.0,2.3528277402502615,0.22906361646803022,0.35717097915767226,0.47365735288195165,min_cost_max_flow,148,8,148,8,115,6
move,"['move', 15, 6, 2]",True,5554,0.971671784513031,0.0,1.6763682310804038,0.7046964465673727,1.3165658437355887,2.1188450901289175,min_cost_max_flow,116,15,116,6,41,2
move,"['move', 15, 0, 2]",True,5554,0.9296396222955148,0.0,1.6763682310804038,0.746728608784889,1.4224742575897835,1.5668395498592669,min_cost_max_flow,3,15,3,0,44,2
move,"['move', 15, 5, 7]",True,5554,1.3839848328643671,0.0,1.6763682310804038,0.29238339821603676,0.2874989232077496,0.9750448564616123,min_cost_max_flow,97,15,97,5,133,7
move,"['move', 15, 9, 4]",True,5554,0.9215716385197741,0.0,1.6763682310804038,0.7547965925606297,1.4420117802728782,1.9884640540307414,min_cost_max_flow,177,15,177,9,81,4
move,"['move', 8, 3, 8]",True,5564,2.6763404463648546,0.0,2.9529383086819188,0.27659786231706435,0.4760736554162577,0.4289495955485083,min_cost_max_flow,57,8,57,3,146,8
move,"['move', 8, 6, 9]",True,5564,2.663693508796242,0.0,2.9529383086819188,0.28924479988567675,0.5076884471200174,0.43065107406265474,min_cost_max_flow,110,8,110,6,177,9
move,"['move', 8, 2, 9]",True,5564,2.7867070151761233,0.0,2.9529383086819188,0.1662312935057955,0.20052044098702027,0.18681119625872666,min_cost_max_flow,37,8,37,2,163,9
move,"['move', 8, 6, 8]",True,5564,2.7486096432984253,0.0,2.9529383086819188,0.2043286653834933,0.2956291329173837,0.2766363721794704,min_cost_max_flow,115,8,115,6,147,8
move,"['move', 8, 0, 3]",True,5574,2.1060124135082994,0.0,2.4308202939156027,0.32480788040730313,0.5965650299694971,0.451396710453375,min_cost_max_flow,9,8,9,0,57,3
move,"['move', 8, 4, 0]",True,5574,2.0536096030007824,0.0,2.4308202939156027,0.3772106909148203,0.7275007235002704,0.49895186913312917,min_cost_max_flow,84,8,84,4,10,0
move,"['move', 8, 2, 0]",True,5574,2.1230504737689446,0.0,2.4308202939156027,0.3077698201466582,0.5542534375636023,0.2623578799751012,min_cost_max_flow,40,8,40,2,2,0
move,"['move', 8, 5, 6]",True,5574,2.205344926783109,0.0,2.4308202939156027,0.22547536713249347,0.3486027928374824,0.2053660071139588,min_cost_max_flow,106,8,106,5,109,6
move,"['move', 8, 1, 4]",True,5584,1.6622064964979346,0.0,1.9820338824805661,0.3198273859826315,0.5841593647637637,0.4210161398229553,min_cost_max_flow,24,8,24,1,90,4
move,"['move', 8, 6, 5]",True,5584,1.7604679030472417,0.0,1.9820338824805661,0.22156597943332437,0.3388503631504136,0.191339633211316,min_cost_max_flow,109,8,109,6,106,5
move,"['move', 8, 0, 2]",True,5584,1.6804375398927127,0.0,1.9820338824805661,0.3015963425878534,0.5387991967218113,0.2760558431610689,min_cost_max_flow,2,8,2,0,37,2
move,"['move', 8, 8, 2]",True,5584,1.6884867560613772,0.0,1.9820338824805661,0.2935471264191889,0.5183718107509776,0.4789528759427054,min_cost_max_flow,146,8,146,8,40,2
move,"['move', 15, 4, 8]",True,5594,0.944763210909989,0.0,1.6002298716875838,0.6554666607775947,1.1940666509108269,1.7353306570066622,min_cost_max_flow,81,15,81,4,146,8
move,"['move', 15, 6, 5]",True,5594,1.277813535274754,0.0,1.6002298716875838,0.32241633641282985,0.3632257179633598,0.5454120140433725,min_cost_max_flow,117,15,117,6,96,5
move,"['move', 15, 0, 5]",True,5594,0.9095317999236309,0.0,1.6002298716875838,0.6906980717639529,1.2807783827447565,2.6465277449838926,min_cost_max_flow,4,15,4,0,97,5
move,"['move', 15, 7, 8]",True,5594,1.1863937298571323,0.0,1.6002298716875838,0.4138361418304516,0.5913699476077454,0.8156012804891173,min_cost_max_flow,133,15,133,7,148,8
move,"['move', 22, 4, 7]",True,5604,1.8742257215712805,0.0,2.052250409173434,0.17802468760215368,0.2847646455920767,0.3459594965140929,min_cost_max_flow,77,22,77,4,133,7
move,"['move', 22, 0, 7]",True,5604,1.6835717101475478,0.0,2.052250409173434,0.3686786990258864,0.7613006241081166,0.4119928587086139,min_cost_max_flow,2,22,2,0,135,7
move,"['move', 22, 1, 7]",True,5604,1.7076565180012264,0.0,2.052250409173434,0.3445938911722076,0.7008078521612333,0.5991610671661667,min_cost_max_flow,23,22,23,1,136,7
move,"['move', 22, 4, 6]",True,5604,1.8435887793461299,0.0,2.052250409173434,0.2086616298273042,0.36141181314451387,0.3094181701402255,min_cost_max_flow,80,22,80,4,109,6
move,"['move', 22, 9, 4]",True,5614,2.153801074076578,0.0,2.3586380466623074,0.20483697258572944,0.3519775852182647,0.22447471834840962,min_cost_max_flow,172,22,172,9,80,4
move,"['move', 22, 3, 4]",True,5614,2.1198773098455606,0.0,2.3586380466623074,0.23876073681674695,0.4366089682371239,0.34315975747143157,min_cost_max_flow,57,22,57,3,81,4
move,"['move', 22, 6, 0]",True,5614,2.0594465847384376,0.0,2.3586380466623074,0.2991914619238699,0.5875786177348346,0.41460193753590474,min_cost_max_flow,109,22,109,6,2,0
move,"['move', 22, 2, 0]",True,5614,2.0771511369919042,0.0,2.3586380466623074,0.28148690967040313,0.5434354482858907,0.3357944810537694,min_cost_max_flow,47,22,47,2,8,0
move,"['move', 22, 0, 2]",True,5624,2.110757237975461,0.0,2.436096904555201,0.3546147299130731,0.72620321726572,0.370315565617562,min_cost_max_flow,2,22,2,0,45,2
move,"['move', 22, 1, 2]",True,5624,2.2599400915821817,0.0,2.436096904555201,0.17615681297301936,0.28044912988116266,0.10984558856625622,min_cost_max_flow,26,22,26,1,46,2
move,"['move', 22, 4, 2]",True,5624,2.2357195348217234,0.0,2.436096904555201,0.20037736973347778,0.3408152698248159,0.23334689356150742,min_cost_max_flow,80,22,80,4,47,2
move,"['move', 22, 1, 5]",True,5624,2.20845149673552,0.0,2.436096904555201,0.22764540781968093,0.4090344790456584,0.2006042233383709,min_cost_max_flow,28,22,28,1,98,5
move,"['move', 28, 2, 6]",True,5634,1.7926264537681726,0.0,2.357499773325862,0.564873319557689,0.9653984365068027,1.333386932192517,min_cost_max_flow,44,28,44,2,109,6
move,"['move', 28, 8, 3]",True,5634,1.7207125353409045,0.0,2.357499773325862,0.6367872379849573,1.1444477781478781,1.8236898835893065,min_cost_max_flow,151,28,151,8,57,3
move,"['move', 28, 9, 1]",True,5634,1.599568255764236,0.0,2.357499773325862,0.7579315175616259,1.4474666277383221,1.7182561177410176,min_cost_max_flow,178,28,178,9,26,1
move,"['move', 28, 9, 6]",True,5634,1.6954105651640374,0.0,2.357499773325862,0.6620892081618244,1.207955642406887,1.6550640056951464,min_cost_max_flow,179,28,179,9,115,6
move,"['move', 22, 4, 3]",True,5644,2.07204461149605,0.0,2.286693329476823,0.2146487179807731,0.3763448500612867,0.33254048140642717,min_cost_max_flow,81,22,81,4,58,3
move,"['move', 22, 5, 6]",True,5644,2.1765933885698097,0.0,2.286693329476823,0.11009994090701318,0.11530651703651529,0.11013404165422114,min_cost_max_flow,98,22,98,5,116,6
move,"['move', 22, 7, 9]",True,5644,2.163499548697709,0.0,2.286693329476823,0.1231937807791139,0.14806520239653764,0.09407692180717478,min_cost_max_flow,133,22,133,7,168,9
move,"['move', 22, 1, 9]",True,5644,2.0846561151447847,0.0,2.286693329476823,0.202037214332038,0.34483066974644316,0.32282127674371425,min_cost_max_flow,29,22,29,1,170,9
move,"['move', 20, 7, 6]",True,5654,2.416881781369129,0.0,2.731587824813239,0.31470604344410963,0.47861479171115207,0.4575281630986652,min_cost_max_flow,135,20,135,7,117,6
move,"['move', 20, 8, 6]",True,5654,2.413310511043222,0.0,2.731587824813239,0.3182773137700167,0.48677641832182417,0.9685609658290808,min_cost_max_flow,153,20,153,8,121,6
move,"['move', 20, 0, 1]",True,5654,2.2768851220762927,0.0,2.731587824813239,0.4547027027369463,0.8279385814093985,0.9027671856621384,min_cost_max_flow,18,20,18,0,28,1
move,"['move', 20, 3, 1]",True,5654,2.3808886988298252,0.0,2.731587824813239,0.3700428678584139,0.6168880656405236,0.5033862340247776,min_cost_max_flow,60,20,60,3,23,1
move,"['move', 8, 4, 1]",True,5664,2.0269087374113592,0.0,2.429528781203348,0.40262004379198907,0.7910016354944673,0.5139320016164528,min_cost_max_flow,90,8,90,4,26,1
move,"['move', 8, 9, 1]",True,5664,2.0743741050324696,0.0,2.429528781203348,0.3551546761708788,0.6722705271313316,0.5590582085232706,min_cost_max_flow,163,8,163,9,27,1
move,"['move', 8, 5, 1]",True,5664,2.11521134009856,0.0,2.429528781203348,0.3143174411047883,0.57035015434667,0.4439149548134998,min_cost_max_flow,106,8,106,5,28,1
move,"['move', 8, 3, 1]",True,5664,2.0721966269569787,0.0,2.429528781203348,0.35733215424636944,0.67768148992036,0.5808798083219989,min_cost_max_flow,57,8,57,3,29,1
move,"['move', 20, 1, 7]",True,5674,1.8723121330687666,0.0,2.4263802018136893,0.5540680687449226,1.076503402495291,0.8018298083611295,min_cost_max_flow,23,20,23,1,133,7
move,"['move', 20, 1, 2]",True,5674,1.8941319008376252,0.0,2.4263802018136893,0.532248300976064,1.0224816550544347,0.4500484875009188,min_cost_max_flow,28,20,28,1,42,2
move,"['move', 20, 6, 7]",True,5674,2.1284434717867535,0.0,2.4263802018136893,0.2979367300269359,0.43701571923156735,0.2413874541989539,min_cost_max_flow,117,20,117,6,135,7
move,"['move', 20, 5, 2]",True,5674,1.8090159070558287,0.0,2.4263802018136893,0.6173642947578605,1.233446883095894,1.666552762855607,min_cost_max_flow,94,20,94,5,44,2
move,"['move', 20, 2, 0]",True,5684,2.227233914245114,0.0,2.7331998178370163,0.5059659035919023,0.95591980653262,1.0206185284412368,min_cost_max_flow,42,20,42,2,18,0
move,"['move', 20, 2, 5]",True,5684,2.0529789118804915,0.0,2.7331998178370163,0.6802209059565245,1.3906169602123555,1.6475200163212798,min_cost_max_flow,44,20,44,2,106,5
move,"['move', 20, 6, 5]",True,5684,2.4047177583685384,0.0,2.7331998178370163,0.3284820594684777,0.5130298249132466,0.47419940231584945,min_cost_max_flow,121,20,121,6,107,5
move,"['move', 20, 7, 0]",True,5684,2.1867609465674622,0.0,2.7331998178370163,0.5464388712695541,1.057647929090308,0.6568162860689379,min_cost_max_flow,133,20,133,7,4,0
move,"['move', 20, 7, 6]",True,5694,2.2441552804186116,0.0,2.5030862781243197,0.2589309977057082,0.33956049164407887,0.20198531047855028,min_cost_max_flow,135,20,135,7,117,6
move,"['move', 20, 4, 1]",True,5694,2.0240306186002983,0.0,2.5030862781243197,0.5125932843990215,0.9720128200788167,1.3375775095087838,min_cost_max_flow,86,20,86,4,23,1
move,"['move', 20, 3, 6]",True,5694,2.092046194397872,0.0,2.5030862781243197,0.41104008372644807,0.7191029675741447,0.6888113916676145,min_cost_max_flow,71,20,71,3,120,6
move,"['move', 20, 4, 2]",True,5694,2.013404199978669,0.0,2.5030862781243197,0.4896820781456504,0.9151159058965277,1.0835098754162407,min_cost_max_flow,85,20,85,4,42,2
move,"['move', 20, 2, 3]",True,5704,2.348661746618161,0.0,2.799017219139443,0.4503554725212821,0.8174007569323294,0.6825998109346166,min_cost_max_flow,42,20,42,2,71,3
move,"['move', 20, 5, 3]",True,5704,2.3589382798327425,0.0,2.799017219139443,0.44007893930670045,0.79152816630085,0.8034382076181301,min_cost_max_flow,106,20,106,5,57,3
move,"['move', 20, 0, 3]",True,5704,2.385745570119462,0.0,2.799017219139443,0.4132716490199812,0.7246917845259304,0.6822089130324156,min_cost_max_flow,4,20,4,0,60,3
move,"['move', 20, 1, 3]",True,5704,2.403422149558327,0.0,2.799017219139443,0.39559506958111607,0.6804661399728502,0.7050062169773424,min_cost_max_flow,23,20,23,1,63,3
move,"['move', 22, 0, 4]",True,5714,1.8722774682388987,0.0,2.203159514392843,0.33088204615394423,0.6665938829100924,0.5553988708211776,min_cost_max_flow,8,22,8,0,86,4
move,"['move', 22, 6, 1]",True,5714,1.9513306072842929,0.0,2.203159514392843,0.25182890710855,0.46933850434288615,0.3037528399682443,min_cost_max_flow,116,22,116,6,23,1
move,"['move', 22, 7, 4]",True,5714,1.9068636972149906,0.0,2.203159514392843,0.2962958171778523,0.5803238630323904,0.42503049580268676,min_cost_max_flow,135,22,135,7,77,4
move,"['move', 22, 2, 1]",True,5714,1.9580102943926778,0.0,2.203159514392843,0.24514922000016495,0.4528137741363025,0.1874277970489823,min_cost_max_flow,45,22,45,2,24,1
move,"['move', 20, 6, 4]",True,5724,2.132695352714907,0.0,2.4298105705315933,0.2971152178166862,0.43434682416409487,0.6514638154310859,min_cost_max_flow,117,20,117,6,80,4
move,"['move', 20, 5, 4]",True,5724,1.9500156989377029,0.0,2.4298105705315933,0.4797948715938905,0.8904463804647094,1.051182577028564,min_cost_max_flow,107,20,107,5,81,4
move,"['move', 20, 8, 1]",True,5724,1.9906936100572172,0.0,2.4298105705315933,0.43911696047437604,0.789194185861561,0.7561271132700706,min_cost_max_flow,157,20,157,8,28,1
move,"['move', 20, 3, 1]",True,5724,1.925255394360416,0.0,2.4298105705315933,0.5045551761711773,0.9516113425052026,1.5417155121778616,min_cost_max_flow,57,20,57,3,30,1
move,"['move', 20, 4, 5]",True,5734,2.3638149584159027,0.0,2.8049169979770228,0.4411020395611202,0.7937514034856576,1.0264471751126016,min_cost_max_flow,80,20,80,4,106,5
move,"['move', 20, 6, 5]",True,5734,2.3022836012204304,0.0,2.8049169979770228,0.5026333967565922,0.9477472902217414,0.9147846768435524,min_cost_max_flow,120,20,120,6,94,5
move,"['move', 20, 8, 2]",True,5734,2.0929975533173195,0.0,2.8049169979770228,0.7119194446597035,1.4697578055929625,1.7178542678815873,min_cost_max_flow,160,20,160,8,42,2
move,"['move', 20, 1, 5]",True,5734,2.255744709057901,0.0,2.8049169979770228,0.5491722889191218,1.0633436214411631,1.4153841347783516,min_cost_max_flow,28,20,28,1,98,5
move,"['move', 22, 3, 0]",True,5744,2.643775770760627,0.0,2.8013481445716573,0.15757237381102998,0.23380489119153935,0.23193944499950558,min_cost_max_flow,58,22,58,3,3,0
move,"['move', 22, 9, 5]",True,5744,2.5147341530209646,0.0,2.8013481445716573,0.2866139915506929,0.5561766172613716,0.3868182978827957,min_cost_max_flow,168,22,168,9,103,5
move,"['move', 22, 9, 0]",True,5744,2.5673146642467044,0.0,2.8013481445716573,0.23403348032495305,0.4249840168267838,0.21436654470840374,min_cost_max_flow,170,22,170,9,4,0
move,"['move', 22, 7, 6]",True,5744,2.5176427674150874,0.0,2.8013481445716573,0.2837053771565696,0.5487169466723572,0.5122413670203173,min_cost_max_flow,136,22,136,7,110,6
move,"['move', 30, 5, 2]",True,5754,0.8612682241597805,0.0,1.6760524175907734,0.8147841934309928,1.5214627587847644,1.5402949421513707,min_cost_max_flow,95,30,95,5,44,2
move,"['move', 30, 6, 2]",True,5754,0.8489329204779873,0.0,1.6760524175907734,0.8271194971127861,1.5508858919274644,2.4837123166733375,min_cost_max_flow,111,30,111,6,48,2
move,"['move', 30, 7, 0]",True,5754,0.9770129228706866,0.0,1.6760524175907734,0.6990394947200868,1.2322290679221624,1.4549243323759156,min_cost_max_flow,129,30,129,7,8,0
move,"['move', 30, 8, 0]",True,5754,1.2221527898615423,0.0,1.6760524175907734,0.45389962772923115,0.6196779428864829,1.2558960380695265,min_cost_max_flow,154,30,154,8,9,0
move,"['move', 20, 2, 8]",True,5764,2.2239104032762698,0.0,2.8010473733305443,0.5771369700542747,1.1340549630331225,0.8822916320601057,min_cost_max_flow,42,20,42,2,150,8
move,"['move', 20, 1, 6]",True,5764,2.2474307486426315,0.0,2.8010473733305443,0.5536166246879127,1.0739659269966069,1.7410733791340889,min_cost_max_flow,30,20,30,1,111,6
move,"['move', 20, 0, 8]",True,5764,2.2864392849612654,0.0,2.8010473733305443,0.514608088369279,0.977238834137097,1.2115747544176076,min_cost_max_flow,18,20,18,0,151,8
move,"['move', 20, 3, 8]",True,5764,2.2572254383466817,0.0,2.8010473733305443,0.5438219349838628,1.049538083425432,1.7018195865007728,min_cost_max_flow,60,20,60,3,153,8
move,"['move', 20, 5, 7]",True,5774,2.226230733387279,0.0,2.4228696277686774,0.19663889438139828,0.18366258242167532,0.31375258489766855,min_cost_max_flow,94,20,94,5,129,7
move,"['move', 20, 5, 0]",True,5774,1.8387168096737672,0.0,2.4228696277686774,0.5841528180949103,1.1504973995615728,1.6137473474858823,min_cost_max_flow,98,20,98,5,18,0
move,"['move', 20, 3, 7]",True,5774,1.9878363210579515,0.0,2.4228696277686774,0.4350333067107259,0.7781958690466126,1.282248717152047,min_cost_max_flow,63,20,63,3,133,7
move,"['move', 20, 8, 7]",True,5774,2.216374115834258,0.0,2.4228696277686774,0.21239196968441978,0.2229434481851058,0.38163424764649917,min_cost_max_flow,153,20,153,8,136,7
add,"['add', 6, None, 5]",True,5784,1.4948675453285067,0.0,1.7362670418984856,0.2413994965699789,0.3661423051598831,0.2763098424597725,min_cost_max_flow,88,6,,,107,5
add,"['add', 6, None, 0]",True,5784,1.5091026153496983,0.0,1.7362670418984856,0.22716442654878732,0.33034208552271593,0.41800623191864544,min_cost_max_flow,33,6,,,11,0
add,"['add', 6, None, 3]",True,5784,1.5190299347592777,0.0,1.7362670418984856,0.2172371071392079,0.3056408172342344,0.33998607494054567,min_cost_max_flow,147,6,,,57,3
move,"['move', 15, 8, 6]",True,5784,1.0440299011966023,0.0,1.5998786181849907,0.5558487169883884,0.9456567541201366,1.3120222021231667,min_cost_max_flow,146,15,146,8,116,6
move,"['move', 22, 6, 8]",True,5794,2.6197538960241915,0.0,2.7304841535528186,0.11073025752862728,0.11689320361620048,0.10287069122090073,min_cost_max_flow,110,22,110,6,146,8
move,"['move', 22, 2, 8]",True,5794,2.4883662464521983,0.0,2.7304841535528186,0.24211790710062023,0.4450535766663961,0.30870461107873365,min_cost_max_flow,46,22,46,2,154,8
move,"['move', 22, 0, 3]",True,5794,2.5760373040887954,0.0,2.7304841535528186,0.15444684946402307,0.22612670103262644,0.14152563926324807,min_cost_max_flow,3,22,3,0,58,3
move,"['move', 22, 5, 3]",True,5794,2.524889027710058,0.0,2.7304841535528186,0.2055951258427605,0.3537466393390787,0.3086940661907771,min_cost_max_flow,103,22,103,5,60,3
move,"['move', 20, 5, 9]",True,5804,1.9217028913160736,0.0,2.5802021929770413,0.6584993016609677,1.3363486389571335,1.6237270272079987,min_cost_max_flow,106,20,106,5,166,9
move,"['move', 20, 7, 2]",True,5804,2.005922918754274,0.0,2.5802021929770413,0.5742792742227675,1.1259660456125857,1.5120768599059766,min_cost_max_flow,129,20,129,7,46,2
move,"['move', 20, 8, 9]",True,5804,2.3775402290439036,0.0,2.5802021929770413,0.2026619639331378,0.19866609798918944,0.34985812612078737,min_cost_max_flow,150,20,150,8,168,9
move,"['move', 20, 7, 1]",True,5804,2.144904338891649,0.0,2.5802021929770413,0.4352978540853923,0.7791432656740653,1.0915632566275362,min_cost_max_flow,133,20,133,7,30,1
move,"['move', 8, 7, 5]",True,5814,1.818298978338424,0.0,1.9882991989497714,0.17000022061134737,0.20975461466878187,0.31224058433744284,min_cost_max_flow,141,8,141,7,106,5
move,"['move', 8, 9, 4]",True,5814,1.5800819977307725,0.0,1.9882991989497714,0.40821720121899874,0.8044626395130763,0.8685250342265901,min_cost_max_flow,177,8,177,9,80,4
move,"['move', 8, 8, 5]",True,5814,1.776141430310816,0.0,1.9882991989497714,0.21215776863895533,0.3151938032970065,0.28202821153426544,min_cost_max_flow,147,8,147,8,94,5
move,"['move', 8, 2, 4]",True,5814,1.6869449066821631,0.0,1.9882991989497714,0.3013542922676083,0.5378262473459472,0.5212715599953192,min_cost_max_flow,37,8,37,2,84,4
move,"['move', 20, 9, 6]",True,5824,2.235279580192314,0.0,2.6538739924609804,0.41859441226866667,0.7382433729726472,0.5190886963637533,min_cost_max_flow,166,20,166,9,110,6
move,"['move', 20, 2, 6]",True,5824,2.2483050722880806,0.0,2.6538739924609804,0.40556892017289997,0.7052269271443947,0.8208990889208123,min_cost_max_flow,46,20,46,2,117,6
move,"['move', 20, 1, 6]",True,5824,2.2071838225854203,0.0,2.6538739924609804,0.44669016987555993,0.8078149165521609,0.9643223215100124,min_cost_max_flow,30,20,30,1,120,6
move,"['move', 20, 7, 6]",True,5824,2.3474502024419914,0.0,2.6538739924609804,0.30642379001898895,0.4579230974704842,0.448235281676163,min_cost_max_flow,136,20,136,7,121,6
move,"['move', 8, 0, 7]",True,5834,1.6675617919281172,0.0,1.9085484579393923,0.336191246386275,0.6253079276284552,0.2617415694345255,min_cost_max_flow,10,8,10,0,135,7
move,"['move', 8, 5, 7]",True,5834,1.624007753377124,0.0,1.9085484579393923,0.2845407045622684,0.4957923934052815,0.5211946782059774,min_cost_max_flow,94,8,94,5,129,7
move,"['move', 8, 4, 7]",True,5834,1.6638703921870834,0.0,1.9085484579393923,0.2446780657523089,0.39603867216646904,0.5859441541485482,min_cost_max_flow,80,8,80,4,133,7
move,"['move', 8, 2, 9]",True,5834,1.6011245982747593,0.0,1.9085484579393923,0.3074238596646331,0.5529022240225459,0.5865661039708806,min_cost_max_flow,40,8,40,2,177,9
move,"['move', 5, 9, 0]",True,5844,1.26018881397764,0.0,1.8937261793278828,0.6335373653502427,1.1769615251614596,1.3164353829157758,min_cost_max_flow,172,5,172,9,3,0
move,"['move', 5, 3, 0]",True,5844,1.2220379568001023,0.0,1.8937261793278828,0.6957542232777805,1.3314726666067145,2.0037709653086666,min_cost_max_flow,59,5,59,3,12,0
move,"['move', 5, 1, 0]",True,5844,1.0570928950962528,0.0,1.8937261793278828,0.83663328423163,1.6857472485062317,0.6191512887129754,min_cost_max_flow,27,5,27,1,13,0
move,"['move', 5, 3, 5]",True,5844,1.487405314741407,0.0,1.8937261793278828,0.4063208645864758,0.6095710818990483,0.8825629515784457,min_cost_max_flow,55,5,55,3,94,5
move,"['move', 28, 0, 9]",True,5854,1.0567935116049394,0.0,1.6058278633323564,0.549034351727417,0.9261142900868435,1.1245381617118857,min_cost_max_flow,7,28,7,0,172,9
move,"['move', 28, 1, 9]",True,5854,0.9122184568697966,0.0,1.6058278633323564,0.6936094064625598,1.2866961250038003,1.6950727756451742,min_cost_max_flow,26,28,26,1,163,9
move,"['move', 28, 3, 9]",True,5854,0.9231023362884365,0.0,1.6058278633323564,0.6827255270439199,1.2601278384536272,1.2674647780276405,min_cost_max_flow,57,28,57,3,166,9
move,"['move', 28, 5, 9]",True,5854,0.9178643073627802,0.0,1.6058278633323564,0.7028000232195761,1.310183686488017,1.354393047861359,min_cost_max_flow,95,28,95,5,170,9
move,"['move', 8, 5, 0]",True,5864,1.261269109199106,0.0,1.678826290517054,0.4175571813179479,0.8281525158308796,0.6419076539396807,min_cost_max_flow,106,8,106,5,2,0
move,"['move', 8, 4, 3]",True,5864,1.3749207423228795,0.0,1.678826290517054,0.30390554819417426,0.5443235076236306,0.44185791914970396,min_cost_max_flow,84,8,84,4,55,3
move,"['move', 8, 1, 0]",True,5864,1.3685778674338116,0.0,1.678826290517054,0.31024842308324235,0.5606198448003852,0.14909128309347833,min_cost_max_flow,26,8,26,1,10,0
move,"['move', 8, 9, 0]",True,5864,1.3018228490536137,0.0,1.678826290517054,0.3770034414634403,0.726669552954263,0.7076498141713398,min_cost_max_flow,177,8,177,9,7,0
move,"['move', 8, 0, 5]",True,5874,1.281818226872542,0.0,1.686645839155994,0.40482761228345193,0.7964152238419047,0.584153922429626,min_cost_max_flow,2,8,2,0,106,5
move,"['move', 8, 0, 6]",True,5874,1.2815859841936088,0.0,1.686645839155994,0.4050598549623851,0.79653732481529,0.8898244050613298,min_cost_max_flow,7,8,7,0,122,6
move,"['move', 8, 7, 6]",True,5874,1.3558348377059994,0.0,1.686645839155994,0.33081100144999465,0.6113130523081054,0.624583555867109,min_cost_max_flow,129,8,129,7,123,6
move,"['move', 8, 1, 4]",True,5874,1.2391253543169494,0.0,1.686645839155994,0.44752048483904466,0.9029009740697802,0.7484413631672656,min_cost_max_flow,27,8,27,1,90,4
move,"['move', 15, 8, 3]",True,5884,1.7394868223134932,0.0,2.349962470455605,0.6104756481421117,1.0819982340181014,1.4625875263520585,min_cost_max_flow,148,15,148,8,57,3
move,"['move', 15, 2, 7]",True,5884,1.7338947480478715,0.0,2.349962470455605,0.6160677224077334,1.0955143623359618,1.7719590904813343,min_cost_max_flow,41,15,41,2,129,7
move,"['move', 15, 2, 9]",True,5884,1.430138749119426,0.0,2.349962470455605,0.9198237213361787,1.8532965281847282,2.843846738712376,min_cost_max_flow,44,15,44,2,177,9
move,"['move', 15, 1, 7]",True,5884,1.586593133544285,0.0,2.349962470455605,0.7633693369113196,1.4631976341479458,2.152468721802174,min_cost_max_flow,23,15,23,1,135,7
move,"['move', 8, 3, 8]",True,5894,2.1527961601747636,0.0,2.430050674152978,0.2772545139782145,0.4776560298560071,0.46845273763244233,min_cost_max_flow,55,8,55,3,147,8
move,"['move', 8, 1, 2]",True,5894,2.125077506048716,0.0,2.430050674152978,0.3049731681042618,0.5469049715975416,0.5002484533548615,min_cost_max_flow,28,8,28,1,37,2
move,"['move', 8, 0, 8]",True,5894,2.0228547495464464,0.0,2.430050674152978,0.4071959246065314,0.8026512595752138,0.37398397202275746,min_cost_max_flow,10,8,10,0,148,8
move,"['move', 8, 6, 2]",True,5894,2.0397756102060276,0.0,2.430050674152978,0.3902750639469503,0.7596360121679027,0.8493811442615594,min_cost_max_flow,122,8,122,6,40,2
move,"['move', 22, 8, 5]",True,5904,1.2120232073928994,0.0,1.455542588450411,0.2435193810575116,0.44849845863791415,0.347906558219004,min_cost_max_flow,146,22,146,8,98,5
move,"['move', 22, 8, 6]",True,5904,1.2741704566552183,0.0,1.455542588450411,0.1813721317951926,0.2933379243768286,0.20951396174440343,min_cost_max_flow,154,22,154,8,122,6
move,"['move', 22, 3, 7]",True,5904,1.2349478756971166,0.0,1.455542588450411,0.2771362111282944,0.5325512909184908,0.34073515580580177,min_cost_max_flow,60,22,60,3,136,7
move,"['move', 22, 0, 6]",True,5904,1.2017186866539733,0.0,1.455542588450411,0.2565859749214376,0.48098313558875816,0.4691116975329024,min_cost_max_flow,4,22,4,0,109,6
move,"['move', 20, 9, 1]",True,5914,1.9736187208448541,0.0,2.21051591195308,0.23689719110822613,0.2838783393672202,0.6004091659141753,min_cost_max_flow,168,20,168,9,26,1
move,"['move', 20, 4, 5]",True,5914,1.8666628370257228,0.0,2.21051591195308,0.3438530749273573,0.5510730799505836,0.7303884755571173,min_cost_max_flow,81,20,81,4,103,5
move,"['move', 20, 8, 5]",True,5914,1.845134116018852,0.0,2.21051591195308,0.3653817959342282,0.6046368309835088,0.9024227983918384,min_cost_max_flow,151,20,151,8,104,5
move,"['move', 20, 0, 1]",True,5914,1.7030437399304783,0.0,2.21051591195308,0.507472172022602,0.9598093508757302,0.9380363508672028,min_cost_max_flow,18,20,18,0,27,1
move,"['move', 22, 7, 8]",True,5924,1.3163251538133305,0.0,1.6096311790536881,0.29330602524035776,0.5728789979330031,0.40528733290326907,min_cost_max_flow,136,22,136,7,146,8
move,"['move', 22, 6, 8]",True,5924,1.37993773905716,0.0,1.6096311790536881,0.229693439996528,0.4139583179130568,0.3314319398179401,min_cost_max_flow,109,22,109,6,151,8
move,"['move', 22, 4, 9]",True,5924,1.3706818861542893,0.0,1.6096311790536881,0.3141601938993987,0.6247337539680302,0.5923977412867356,min_cost_max_flow,86,22,86,4,168,9
move,"['move', 22, 1, 0]",True,5924,1.3692306212500873,0.0,1.6096311790536881,0.2921033536786009,0.5701387333829189,0.2276777633646685,min_cost_max_flow,24,22,24,1,10,0
move,"['move', 28, 7, 0]",True,5934,0.6660999383830744,0.0,1.3022122573589634,0.636112318975889,1.1430665314619546,1.6196559924245484,min_cost_max_flow,130,28,130,7,18,0
move,"['move', 28, 8, 0]",True,5934,0.8031468111347355,0.0,1.3022122573589634,0.4990654462242279,0.8011754484468838,1.1355900830365786,min_cost_max_flow,152,28,152,8,4,0
move,"['move', 28, 8, 4]",True,5934,0.67044263718754,0.0,1.3022122573589634,0.6317696201714234,1.1324491793275229,1.4600594079363283,min_cost_max_flow,156,28,156,8,80,4
move,"['move', 28, 9, 0]",True,5934,0.8965161991338598,0.0,1.3022122573589634,0.43903459822510355,0.6519563680267311,0.5635636979312442,min_cost_max_flow,166,28,166,9,7,0
move,"['move', 22, 6, 7]",True,5944,1.7421873233594956,0.0,2.056645706224881,0.31445838286538536,0.625511863581778,0.5706396087659863,min_cost_max_flow,122,22,122,6,130,7
move,"['move', 22, 1, 4]",True,5944,1.801437068585858,0.0,2.056645706224881,0.2552086376390228,0.4777950207790127,0.29895943333861286,min_cost_max_flow,23,22,23,1,81,4
move,"['move', 22, 9, 4]",True,5944,1.835853225197084,0.0,2.056645706224881,0.22079248102779683,0.39170578527409816,0.3315220845716682,min_cost_max_flow,168,22,168,9,83,4
move,"['move', 22, 2, 4]",True,5944,1.8615498291846333,0.0,2.056645706224881,0.19509587704024764,0.32756083353888243,0.2671499288002185,min_cost_max_flow,47,22,47,2,85,4
move,"['move', 22, 8, 2]",True,5954,1.6496880193909274,0.0,1.984853361186234,0.3351653417953067,0.6769872784934705,0.765294550839867,min_cost_max_flow,146,22,146,8,41,2
move,"['move', 22, 5, 2]",True,5954,1.8120008247037886,0.0,1.984853361186234,0.17285253648244542,0.2720804050768493,0.1818679738186254,min_cost_max_flow,98,22,98,5,44,2
move,"['move', 22, 3, 2]",True,5954,1.7504976808841641,0.0,1.984853361186234,0.2343556803020699,0.4257786343805492,0.2216214707261441,min_cost_max_flow,58,22,58,3,45,2
move,"['move', 22, 8, 1]",True,5954,1.7887781679629657,0.0,1.984853361186234,0.1960751932232683,0.32996950473898323,0.2935627671007359,min_cost_max_flow,151,22,151,8,23,1
move,"['move', 20, 1, 0]",True,5964,1.5116554420799129,0.0,2.043512178220231,0.5318567361403178,1.0208497233688831,0.885394884958262,min_cost_max_flow,26,20,26,1,15,0
move,"['move', 20, 6, 4]",True,5964,1.6999902844363401,0.0,2.043512178220231,0.41781206165889073,0.7356375919043785,0.9523583922495399,min_cost_max_flow,110,20,110,6,87,4
move,"['move', 20, 1, 4]",True,5964,1.4090670119353805,0.0,2.043512178220231,0.6344451662848501,1.2771113962153322,1.02499656154632,min_cost_max_flow,27,20,27,1,89,4
move,"['move', 20, 6, 7]",True,5964,1.8401722561896248,0.0,2.043512178220231,0.230931398030606,0.26940475264564157,0.30647851759974926,min_cost_max_flow,120,20,120,6,136,7
move,"['move', 22, 0, 5]",True,5974,2.04112946548565,0.0,2.3602018095416977,0.36726930505604743,0.7576855613806401,0.47304472729464786,min_cost_max_flow,10,22,10,0,98,5
move,"['move', 22, 2, 5]",True,5974,2.120623283189972,0.0,2.3602018095416977,0.2395785263517258,0.4386063550118706,0.3745511326049787,min_cost_max_flow,41,22,41,2,106,5
move,"['move', 22, 4, 5]",True,5974,2.1628247409284436,0.0,2.3602018095416977,0.19787083611325404,0.33456107170059113,0.22525627600513032,min_cost_max_flow,77,22,77,4,107,5
move,"['move', 22, 1, 6]",True,5974,2.0393263387361427,0.0,2.3602018095416977,0.32087547080555484,0.6416028869716683,0.5384372491215754,min_cost_max_flow,23,22,23,1,122,6
move,"['move', 5, 7, 8]",True,5984,1.6244176635733696,0.0,2.3474977867313065,0.7230801231579369,1.4014340382418595,0.9060230088058792,min_cost_max_flow,134,5,134,7,146,8
move,"['move', 5, 9, 8]",True,5984,1.8659855666417953,0.0,2.3474977867313065,0.4815122200895113,0.7968815253698267,1.3278598094519352,min_cost_max_flow,175,5,175,9,150,8
move,"['move', 5, 4, 8]",True,5984,1.752642136600683,0.0,2.3474977867313065,0.5948556501306234,1.081332278168702,0.5997413453885505,min_cost_max_flow,78,5,78,4,151,8
move,"['move', 5, 9, 6]",True,5984,1.8119581671182057,0.0,2.3474977867313065,0.5355396196131008,0.9324994356647949,0.9615854854556549,min_cost_max_flow,176,5,176,9,120,6
move,"['move', 22, 6, 3]",True,5994,2.351202249174089,0.0,2.5743959008786947,0.2231936517046055,0.39781200535799144,0.26265982332397875,min_cost_max_flow,122,22,122,6,55,3
move,"['move', 22, 2, 3]",True,5994,2.3073078818069193,0.0,2.5743959008786947,0.26708801907177543,0.5075669958969229,0.24994507598620397,min_cost_max_flow,44,22,44,2,58,3
move,"['move', 22, 4, 1]",True,5994,2.3163724536086963,0.0,2.5743959008786947,0.2580234472699985,0.48469636549270945,0.3894123425002691,min_cost_max_flow,81,22,81,4,23,1
move,"['move', 22, 7, 3]",True,5994,2.352737770542464,0.0,2.5743959008786947,0.2216581303362308,0.39399893726658775,0.24550293696860434,min_cost_max_flow,130,22,130,7,59,3
move,"['move', 8, 8, 9]",True,6004,1.7944012402815888,0.0,1.9792451059584721,0.1848438656768833,0.24703698742814595,0.1967338539879411,min_cost_max_flow,147,8,147,8,166,9
move,"['move', 8, 6, 9]",True,6004,1.5710673792792333,0.0,1.9792451059584721,0.40817772667923885,0.8045044239552226,0.774877839862568,min_cost_max_flow,123,8,123,6,168,9
move,"['move', 8, 5, 9]",True,6004,1.6263884703872615,0.0,1.9792451059584721,0.3528566355712105,0.6662531401016167,0.7405818955525838,min_cost_max_flow,106,8,106,5,171,9
move,"['move', 8, 7, 9]",True,6004,1.632833388995725,0.0,1.9792451059584721,0.34641171696274725,0.6502936198739917,0.638731033197242,min_cost_max_flow,133,8,133,7,175,9
move,"['move', 15, 5, 1]",True,6014,1.6018742472666812,0.0,2.4996156375769596,0.8977413903102784,1.7993354322752566,2.0140256351930925,min_cost_max_flow,96,15,96,5,26,1
move,"['move', 15, 3, 8]",True,6014,1.8596794168019524,0.0,2.4996156375769596,0.6399362207750071,1.154225507438241,2.4120263010845644,min_cost_max_flow,57,15,57,3,147,8
move,"['move', 15, 0, 1]",True,6014,1.8338784070108929,0.0,2.4996156375769596,0.6657372305660668,1.2210702947122627,0.8505177701697567,min_cost_max_flow,5,15,5,0,28,1
move,"['move', 15, 9, 1]",True,6014,1.7027445164633326,0.0,2.4996156375769596,0.7968711211136269,1.5468006790906657,2.2534124305011587,min_cost_max_flow,177,15,177,9,23,1
move,"['move', 22, 3, 6]",True,6024,1.970597066226137,0.0,2.1268973776254576,0.20890661123265417,0.3618440486388863,0.4295635161419004,min_cost_max_flow,55,22,55,3,110,6
move,"['move', 22, 5, 7]",True,6024,1.9210692560887652,0.0,2.1268973776254576,0.20582812153669247,0.3543850266651134,0.2714286720543227,min_cost_max_flow,98,22,98,5,130,7
move,"['move', 22, 2, 7]",True,6024,1.8157971072284695,0.0,2.1268973776254576,0.31110027039698795,0.6171788619758445,0.5291198987259687,min_cost_max_flow,45,22,45,2,133,7
move,"['move', 22, 3, 0]",True,6024,1.9805991642809138,0.0,2.1268973776254576,0.14629821334454382,0.20567350212513702,0.1959313784574626,min_cost_max_flow,58,22,58,3,5,0
move,"['move', 20, 0, 9]",True,6034,2.0650291457194014,0.0,2.4272713733423017,0.3622422276229004,0.5975519999774406,0.39302961689100147,min_cost_max_flow,15,20,15,0,177,9
move,"['move', 20, 4, 9]",True,6034,1.993532382226896,0.0,2.4272713733423017,0.4337389911154057,0.7753176268670359,1.0438841780029613,min_cost_max_flow,87,20,87,4,172,9
move,"['move', 20, 5, 9]",True,6034,2.122450522541369,0.0,2.4272713733423017,0.30482085080093246,0.45369616046809824,0.5946279198392856,min_cost_max_flow,103,20,103,5,176,9
move,"['move', 20, 3, 9]",True,6034,1.9715970422807039,0.0,2.4272713733423017,0.45567433106159777,0.8297200482847984,1.3345031431480228,min_cost_max_flow,71,20,71,3,178,9
move,"['move', 20, 5, 3]",True,6044,1.401781093859205,0.0,1.7594096224325861,0.35762852857338107,0.5856692704037414,0.6253509168249083,min_cost_max_flow,104,20,104,5,71,3
move,"['move', 20, 4, 3]",True,6044,1.3389860675148264,0.0,1.7594096224325861,0.4204235549177598,0.7426888787304051,0.6039892730135894,min_cost_max_flow,89,20,89,4,57,3
move,"['move', 20, 6, 3]",True,6044,1.4987859109399824,0.0,1.7594096224325861,0.2606237114926038,0.34325700320187025,0.5588339167769139,min_cost_max_flow,111,20,111,6,58,3
move,"['move', 20, 7, 3]",True,6044,1.2331220139226673,0.0,1.7594096224325861,0.5262876085099187,1.0057571864672354,1.665206768724995,min_cost_max_flow,136,20,136,7,60,3
move,"['move', 8, 9, 5]",True,6054,1.6474824897840452,0.0,1.9039739485224434,0.2564914587383982,0.4261618593955063,0.19280764493920582,min_cost_max_flow,166,8,166,9,95,5
move,"['move', 8, 4, 5]",True,6054,1.5604407189630483,0.0,1.9039739485224434,0.39583734039272833,0.7740212376083946,0.5296915935637319,min_cost_max_flow,90,8,90,4,96,5
move,"['move', 8, 8, 6]",True,6054,1.7669972560358065,0.0,1.9039739485224434,0.13697669248663685,0.1274068015991361,0.1715690895837687,min_cost_max_flow,148,8,148,8,111,6
move,"['move', 8, 1, 5]",True,6054,1.5778929578147078,0.0,1.9039739485224434,0.32608099070773544,0.5995254344379646,0.5996442321956067,min_cost_max_flow,29,8,29,1,98,5
