ablation,arrival_lambda_total_per_slot,arrival_mode,average_communication_delay_s,average_end_to_end_delay_s,average_energy_j,average_slot_crossings,chain_length_filter,deadline_acceptance_rate,delay_margin_jain_fairness,delay_margin_max,delay_margin_mean,failure_count,feasible_count,p95_end_to_end_delay_s,request_count,route_mode_local_count,route_mode_min_cost_max_flow_count,seed,slot_count,success_rate,task_completion_rate,template_count
ELARA,4.9,total_per_slot,1.7736725256825896,23.066053438689643,912.4917888096405,0.162666813114394,5,1.0,0.957707904413378,0.816770013042093,0.41938278979435695,1,3034,31.257990320143108,3035,230,17979,42,606,0.999670510708402,0.999670510708402,8
ELARA,4.9,total_per_slot,1.867266073395813,24.43453023849094,968.3119680550057,0.17586052248009867,5,1.0,0.959103246612935,0.8997139835531595,0.4442641861543796,0,2973,33.458333859771756,2973,374,17464,43,606,1.0,1.0,8
ELARA,4.9,total_per_slot,1.7103323973332099,22.61324716835699,881.8036132270033,0.16340668296658517,5,1.0,0.95439450318841,0.8248484762158155,0.4111499485155824,0,2863,31.66389918702589,2863,595,16583,44,606,1.0,1.0,8
ELARA,4.9,total_per_slot,1.6392701472087319,21.79425541718455,860.8108371459874,0.1537298387096774,5,1.0,0.9509654302675273,0.8430312431441053,0.39625918940335536,0,2976,30.422838721621943,2976,207,17649,45,606,1.0,1.0,8
